elapsed_time,steer_angle,wheel_speed_fl,wheel_speed_fr,wheel_speed_rl,wheel_speed_rr,yaw_rate,acc_x,acc_y,true_vx,true_x,true_y,true_yaw
0.01,-0.25,0.0,0.0,0.0,0.0,-0.017,0.057,-0.064,0.15,0.209,0.31,-0.022
0.03,-0.25,0.0,0.0,0.0,0.0,-0.019,0.043,-0.033,0.15,0.212,0.315,-0.022
0.05,-0.25,0.0,0.0,0.0,0.0,-0.016,-0.009,-0.041,0.151,0.215,0.319,-0.023
0.07,-0.25,0.0,0.0,0.0,0.0,-0.017,-0.016,-0.053,0.151,0.218,0.323,-0.023
0.09,-0.269,0.0,0.0,0.0,0.0,-0.015,0.038,-0.057,0.152,0.221,0.328,-0.023
0.11,-0.269,0.0,0.0,0.0,0.0,-0.016,0.059,-0.051,0.132,0.214,0.309,-0.024
0.12,-0.269,0.0,0.0,0.0,0.0,-0.017,0.037,-0.058,0.132,0.215,0.311,-0.024
0.14,-0.269,0.0,0.0,0.0,0.0,-0.016,0.021,-0.058,0.132,0.218,0.313,-0.024
0.16,-0.269,5.0,0.0,0.0,0.0,-0.017,0.099,-0.059,0.133,0.22,0.315,-0.025
0.18,-0.32,4.0,1.0,1.0,0.0,-0.017,1.913,0.045,0.134,0.223,0.317,-0.025
0.2,-0.32,11.0,3.0,4.0,2.0,-0.007,3.549,-0.143,0.118,0.215,0.302,-0.024
0.22,-0.32,11.0,7.0,7.0,6.0,-0.014,4.784,0.005,0.139,0.217,0.303,-0.025
0.24,-0.909,57.0,10.0,12.0,10.0,-0.024,3.464,0.388,0.178,0.22,0.304,-0.025
0.26,-0.909,57.0,14.0,12.0,14.0,-0.028,3.637,-0.054,0.233,0.224,0.304,-0.025
0.28,-1.6,142.0,17.0,17.0,18.0,-0.02,3.671,-0.036,0.302,0.229,0.305,-0.026
0.3,-1.6,142.0,24.0,20.0,21.0,-0.028,3.604,0.154,0.37,0.232,0.301,-0.025
0.32,-1.6,183.0,36.0,24.0,24.0,-0.026,3.515,-0.108,0.449,0.24,0.301,-0.026
0.34,-2.07,226.0,55.0,26.0,28.0,-0.017,3.147,0.072,0.523,0.25,0.301,-0.026
0.36,-2.07,266.0,72.0,30.0,32.0,-0.013,3.631,0.682,0.595,0.261,0.301,-0.027
0.38,-2.39,295.0,89.0,34.0,35.0,-0.016,3.333,0.056,0.667,0.273,0.301,-0.027
0.4,-2.39,327.0,110.0,37.0,38.0,-0.012,3.041,-0.126,0.728,0.283,0.301,-0.026
0.42,-2.39,368.0,141.0,40.0,42.0,-0.007,3.063,-0.138,0.798,0.298,0.301,-0.027
0.44,-2.675,405.0,173.0,43.0,45.0,-0.017,4.192,0.386,0.864,0.314,0.301,-0.027
0.46,-2.675,422.0,201.0,48.0,49.0,-0.029,4.528,-0.092,0.933,0.332,0.301,-0.027
0.48,-2.675,426.0,218.0,53.0,55.0,-0.034,4.886,-0.117,1.007,0.351,0.301,-0.028
0.5,-2.928,411.0,233.0,59.0,59.0,-0.041,4.628,-0.163,1.087,0.372,0.301,-0.027
0.52,-2.928,391.0,239.0,64.0,65.0,-0.05,4.817,-0.598,1.175,0.395,0.301,-0.028
0.54,-3.098,364.0,246.0,68.0,69.0,-0.056,4.859,-0.32,1.272,0.419,0.302,-0.028
0.56,-3.098,345.0,249.0,74.0,74.0,-0.052,5.365,-0.304,1.374,0.445,0.301,-0.029
0.58,-3.114,329.0,235.0,78.0,80.0,-0.049,5.936,0.552,1.478,0.473,0.301,-0.03
0.6,-3.114,308.0,204.0,85.0,86.0,-0.054,6.68,1.499,1.596,0.509,0.292,-0.029
0.62,-3.114,267.0,161.0,92.0,93.0,-0.055,6.931,0.642,1.709,0.541,0.291,-0.03
0.64,-2.474,221.0,108.0,100.0,100.0,-0.047,4.55,-0.433,1.831,0.576,0.289,-0.031
0.66,-2.474,181.0,100.0,104.0,105.0,-0.048,4.844,0.105,1.955,0.614,0.288,-0.032
0.68,-1.766,139.0,103.0,110.0,105.0,-0.032,4.568,0.902,2.077,0.654,0.287,-0.033
0.7,-1.766,109.0,110.0,115.0,113.0,0.003,5.313,0.535,2.172,0.687,0.285,-0.033
0.72,-1.766,113.0,116.0,118.0,119.0,0.028,5.193,-0.199,2.285,0.731,0.284,-0.033
0.74,-1.21,118.0,122.0,122.0,128.0,0.023,4.544,0.076,2.389,0.778,0.283,-0.034
0.76,-1.21,122.0,125.0,127.0,142.0,0.011,4.356,0.095,2.489,0.826,0.282,-0.034
0.78,-1.21,128.0,129.0,132.0,161.0,0.0,4.538,0.167,2.587,0.877,0.281,-0.034
0.8,-0.79,131.0,133.0,136.0,178.0,0.009,4.937,0.364,2.661,0.92,0.277,-0.033
0.82,-0.79,135.0,138.0,141.0,192.0,0.014,4.906,0.525,2.733,0.964,0.273,-0.031
0.84,-0.387,139.0,143.0,145.0,202.0,0.022,4.553,0.578,2.825,1.019,0.272,-0.031
0.86,-0.387,144.0,148.0,150.0,216.0,0.026,4.556,0.445,2.918,1.077,0.27,-0.031
0.88,0.029,149.0,152.0,154.0,231.0,0.026,4.655,0.243,3.012,1.136,0.269,-0.031
0.9,0.029,153.0,157.0,160.0,244.0,0.028,5.162,-0.51,3.122,1.204,0.274,-0.029
0.92,0.029,158.0,162.0,163.0,247.0,0.034,5.101,0.567,3.217,1.268,0.274,-0.028
0.94,0.333,163.0,167.0,167.0,242.0,0.049,5.294,1.301,3.315,1.333,0.273,-0.028
0.96,0.333,169.0,174.0,167.0,226.0,0.051,4.357,0.454,3.414,1.4,0.273,-0.027
0.98,0.333,173.0,177.0,172.0,209.0,0.056,4.181,-0.173,3.513,1.469,0.272,-0.026
1.0,0.547,177.0,182.0,176.0,180.0,0.046,2.731,0.722,3.589,1.531,0.277,-0.024
1.02,0.547,181.0,184.0,180.0,184.0,0.031,3.31,1.097,3.678,1.604,0.277,-0.023
1.04,0.685,185.0,188.0,184.0,188.0,0.025,3.614,0.302,3.76,1.678,0.278,-0.022
1.06,0.685,189.0,190.0,188.0,192.0,0.038,3.433,-0.032,3.835,1.754,0.279,-0.021
1.08,0.685,191.0,195.0,191.0,195.0,0.047,3.788,0.031,3.906,1.831,0.279,-0.02
1.1,0.835,194.0,199.0,194.0,199.0,0.056,3.99,0.641,3.957,1.902,0.275,-0.018
1.12,0.835,198.0,205.0,197.0,202.0,0.059,4.202,0.271,4.03,1.982,0.275,-0.017
1.14,0.96,202.0,208.0,201.0,207.0,0.054,4.672,-0.08,4.105,2.063,0.276,-0.016
1.16,0.96,207.0,211.0,206.0,213.0,0.054,4.973,0.696,4.185,2.146,0.277,-0.015
1.18,0.96,211.0,218.0,211.0,218.0,0.054,4.73,1.045,4.27,2.23,0.277,-0.014
1.2,1.05,216.0,221.0,216.0,222.0,0.05,4.518,0.656,4.344,2.309,0.273,-0.012
1.22,1.05,221.0,225.0,221.0,227.0,0.057,4.498,0.349,4.42,2.388,0.267,-0.01
1.24,1.142,226.0,230.0,224.0,231.0,0.062,4.711,0.446,4.516,2.477,0.267,-0.009
1.26,1.142,231.0,235.0,229.0,236.0,0.061,5.009,0.555,4.612,2.568,0.268,-0.008
1.28,1.142,236.0,239.0,234.0,243.0,0.064,5.237,0.315,4.708,2.661,0.268,-0.007
1.3,1.216,239.0,245.0,238.0,249.0,0.065,5.23,0.434,4.823,2.766,0.267,-0.004
1.32,1.216,244.0,248.0,245.0,254.0,0.068,5.362,0.13,4.921,2.863,0.268,-0.003
1.34,1.248,249.0,253.0,250.0,259.0,0.067,4.907,0.359,5.021,2.962,0.269,-0.001
1.36,1.248,253.0,259.0,255.0,263.0,0.075,4.683,1.266,5.121,3.063,0.27,-0.0
1.38,1.248,257.0,264.0,258.0,266.0,0.071,4.472,0.225,5.219,3.167,0.271,0.001
1.4,1.293,261.0,267.0,263.0,266.0,0.074,4.991,0.055,5.332,3.28,0.27,0.005
1.42,1.293,264.0,272.0,268.0,272.0,0.073,5.197,1.286,5.427,3.387,0.271,0.006
1.44,1.264,269.0,275.0,275.0,277.0,0.08,5.085,1.278,5.522,3.497,0.273,0.008
1.46,1.264,274.0,280.0,278.0,284.0,0.07,4.764,0.124,5.617,3.608,0.275,0.009
1.48,1.264,279.0,285.0,283.0,287.0,0.065,4.723,-0.024,5.713,3.721,0.278,0.011
1.5,1.232,284.0,289.0,289.0,292.0,0.068,4.486,0.183,5.787,3.826,0.282,0.013
1.52,1.232,289.0,294.0,292.0,299.0,0.069,4.973,1.156,5.861,3.932,0.286,0.015
1.54,1.187,294.0,298.0,298.0,302.0,0.067,5.077,0.689,5.956,4.05,0.289,0.016
1.56,1.187,299.0,303.0,302.0,308.0,0.062,5.068,0.498,6.05,4.17,0.293,0.018
1.58,1.187,304.0,308.0,307.0,312.0,0.058,4.691,0.487,6.146,4.292,0.297,0.019
1.6,1.094,309.0,313.0,311.0,314.0,0.05,4.685,0.236,6.243,4.415,0.308,0.021
1.62,1.094,314.0,318.0,316.0,318.0,0.048,4.469,0.821,6.34,4.541,0.32,0.023
1.64,0.989,319.0,322.0,321.0,323.0,0.05,4.309,0.779,6.437,4.668,0.326,0.024
1.66,0.989,324.0,327.0,325.0,327.0,0.04,4.262,0.187,6.532,4.798,0.332,0.025
1.68,0.989,330.0,332.0,329.0,331.0,0.032,4.515,0.476,6.625,4.929,0.338,0.026
1.7,0.835,336.0,338.0,329.0,335.0,0.03,4.855,0.529,6.76,5.083,0.342,0.028
1.72,0.835,340.0,341.0,333.0,339.0,0.027,4.5,-0.129,6.854,5.218,0.348,0.028
1.74,0.685,348.0,347.0,338.0,345.0,0.026,4.071,-0.084,6.948,5.356,0.355,0.029
1.76,0.685,355.0,354.0,343.0,349.0,0.026,3.834,0.814,7.042,5.496,0.362,0.03
1.78,0.685,361.0,366.0,347.0,351.0,0.019,4.542,0.383,7.135,5.637,0.369,0.03
1.8,0.531,361.0,368.0,350.0,356.0,0.019,4.628,-0.252,7.227,5.78,0.376,0.031
1.82,0.531,363.0,366.0,356.0,361.0,0.017,4.444,-0.014,7.238,5.888,0.368,0.033
1.84,0.394,370.0,370.0,361.0,366.0,0.024,4.442,0.363,7.33,6.034,0.374,0.034
1.86,0.394,377.0,375.0,366.0,370.0,0.022,4.806,0.896,7.422,6.181,0.38,0.034
1.88,0.394,382.0,378.0,369.0,374.0,0.009,4.109,1.415,7.515,6.33,0.387,0.034
1.9,0.288,385.0,385.0,374.0,379.0,0.005,4.199,-0.081,7.671,6.511,0.385,0.037
1.92,0.288,390.0,386.0,379.0,383.0,0.014,3.151,-0.903,7.762,6.665,0.391,0.037
1.94,0.182,387.0,388.0,379.0,382.0,0.017,0.587,0.055,7.85,6.82,0.398,0.037
1.96,0.182,382.0,385.0,381.0,384.0,0.019,-0.938,0.267,7.925,6.978,0.405,0.038
1.98,0.182,378.0,384.0,382.0,381.0,0.013,-2.708,0.34,7.981,7.137,0.412,0.038
2.0,0.09,374.0,379.0,378.0,379.0,0.014,-5.051,-0.154,8.057,7.32,0.407,0.04
2.02,0.09,369.0,374.0,374.0,373.0,0.014,-6.879,-0.313,8.051,7.481,0.413,0.041
2.04,0.013,365.0,367.0,367.0,365.0,0.015,-7.89,0.19,8.003,7.642,0.419,0.041
2.06,0.013,360.0,361.0,359.0,358.0,0.01,-7.631,0.667,7.918,7.801,0.425,0.041
2.08,0.013,353.0,354.0,350.0,349.0,0.008,-7.499,-0.481,7.804,7.959,0.431,0.041
2.1,-0.032,347.0,349.0,342.0,342.0,0.004,-7.234,-0.521,7.589,8.076,0.444,0.042
2.12,-0.032,337.0,339.0,333.0,342.0,0.006,-7.555,-0.081,7.362,8.188,0.459,0.043
2.14,-0.048,328.0,331.0,327.0,335.0,0.011,-8.027,0.243,7.211,8.334,0.466,0.043
2.16,-0.048,319.0,322.0,320.0,327.0,0.007,-8.429,-0.403,7.061,8.477,0.473,0.043
2.18,-0.048,315.0,315.0,312.0,319.0,0.003,-7.597,-0.515,6.907,8.617,0.48,0.044
2.2,-0.099,309.0,311.0,306.0,310.0,-0.001,-5.72,-0.267,6.742,8.749,0.491,0.045
2.22,-0.099,307.0,307.0,303.0,303.0,-0.009,-2.32,0.354,6.591,8.883,0.497,0.045
2.24,-0.182,306.0,307.0,307.0,303.0,-0.022,0.312,-0.74,6.459,9.013,0.504,0.045
2.26,-0.182,309.0,307.0,308.0,307.0,-0.03,3.65,-0.165,6.359,9.142,0.51,0.045
2.27,-0.182,313.0,312.0,313.0,310.0,-0.036,4.944,0.305,6.324,9.205,0.513,0.045
2.29,-0.269,326.0,322.0,318.0,316.0,-0.037,7.459,0.403,6.295,9.331,0.519,0.045
2.31,-0.269,363.0,343.0,330.0,323.0,-0.029,8.993,-0.418,6.293,9.441,0.527,0.045
2.33,-0.368,436.0,395.0,340.0,333.0,-0.013,10.175,0.038,6.373,9.568,0.533,0.044
2.35,-0.368,544.0,488.0,355.0,348.0,-0.013,10.733,0.574,6.5,9.696,0.54,0.044
2.37,-0.368,699.0,622.0,382.0,369.0,-0.022,9.982,0.505,6.661,9.827,0.546,0.043
2.39,-0.435,862.0,786.0,428.0,439.0,-0.058,8.574,1.797,6.846,9.961,0.553,0.043
2.41,-0.435,1023.0,967.0,495.0,529.0,-0.077,9.475,0.398,7.174,10.163,0.564,0.044
2.43,-0.57,1153.0,1115.0,558.0,588.0,-0.045,9.345,-0.877,7.365,10.307,0.572,0.044
2.45,-0.57,1227.0,1214.0,588.0,616.0,-0.027,9.699,0.214,7.556,10.456,0.58,0.043
2.47,-0.57,1210.0,1253.0,586.0,624.0,-0.036,12.05,0.676,7.747,10.608,0.588,0.042
2.49,-0.672,1141.0,1266.0,578.0,629.0,-0.057,9.95,0.612,7.944,10.764,0.597,0.041
2.51,-0.672,1059.0,1261.0,581.0,650.0,-0.102,10.769,1.186,8.239,10.971,0.598,0.042
2.53,-0.672,1046.0,1256.0,623.0,675.0,-0.09,10.548,-1.168,8.446,11.137,0.607,0.041
2.55,-0.774,1052.0,1231.0,668.0,690.0,-0.059,10.433,-1.258,8.658,11.307,0.616,0.04
2.57,-0.774,1007.0,1164.0,687.0,723.0,-0.061,11.193,1.759,8.868,11.481,0.625,0.039
2.59,-0.755,946.0,1095.0,665.0,782.0,-0.119,9.761,2.204,9.08,11.66,0.635,0.037
2.61,-0.755,912.0,1044.0,630.0,817.0,-0.141,10.093,-1.147,9.334,11.864,0.656,0.038
2.63,-0.723,892.0,989.0,630.0,788.0,-0.1,12.799,-1.507,9.541,12.052,0.667,0.036
2.65,-0.723,866.0,926.0,568.0,702.0,-0.06,10.821,-1.539,9.752,12.244,0.678,0.034
2.67,-0.723,815.0,867.0,488.0,595.0,0.06,9.973,-0.657,9.972,12.44,0.69,0.032
2.69,-0.64,724.0,805.0,495.0,504.0,0.08,4.473,2.903,10.18,12.641,0.701,0.03
2.71,-0.64,628.0,715.0,505.0,511.0,0.065,6.807,1.085,10.299,12.814,0.69,0.036
2.73,-0.57,559.0,596.0,508.0,518.0,0.085,6.519,-1.318,10.479,13.021,0.699,0.036
2.75,-0.57,525.0,527.0,517.0,526.0,0.072,0.353,0.08,10.64,13.232,0.709,0.036
2.77,-0.57,524.0,523.0,518.0,524.0,0.021,1.008,2.232,10.765,13.446,0.719,0.038
2.79,-0.522,522.0,524.0,522.0,525.0,-0.014,0.83,1.172,10.858,13.661,0.728,0.039
2.81,-0.522,523.0,525.0,525.0,526.0,-0.022,1.244,-0.774,10.847,13.841,0.749,0.038
2.83,-0.522,524.0,525.0,527.0,528.0,-0.012,1.521,-1.149,10.898,14.059,0.76,0.039
2.85,-0.435,526.0,528.0,526.0,530.0,-0.009,0.742,-0.626,10.928,14.277,0.772,0.039
2.87,-0.435,531.0,530.0,531.0,533.0,-0.013,2.025,0.836,10.951,14.495,0.784,0.039
2.89,-0.368,535.0,533.0,531.0,535.0,-0.021,3.704,0.244,10.98,14.714,0.795,0.039
2.91,-0.368,541.0,538.0,537.0,542.0,-0.02,4.511,-0.257,11.009,14.93,0.792,0.039
2.93,-0.285,545.0,547.0,541.0,546.0,-0.022,5.782,0.616,11.062,15.15,0.802,0.039
2.95,-0.285,556.0,556.0,546.0,553.0,-0.015,5.798,-0.081,11.132,15.372,0.813,0.039
2.97,-0.285,584.0,566.0,555.0,560.0,-0.009,6.608,-0.346,11.221,15.595,0.823,0.038
2.99,-0.32,610.0,582.0,563.0,571.0,0.0,10.006,1.755,11.362,15.835,0.829,0.039
3.01,-0.32,629.0,593.0,573.0,585.0,0.006,12.586,0.31,11.526,16.079,0.835,0.039
3.03,-0.32,646.0,599.0,585.0,599.0,0.033,14.581,-0.272,11.686,16.311,0.846,0.039
3.05,-0.301,675.0,613.0,601.0,617.0,0.041,14.461,0.671,11.882,16.546,0.856,0.039
3.07,-0.301,745.0,642.0,620.0,637.0,0.061,13.207,0.774,12.114,16.785,0.867,0.039
3.09,-0.301,827.0,697.0,645.0,666.0,0.052,12.92,1.389,12.372,17.029,0.878,0.04
3.11,-0.301,896.0,767.0,661.0,698.0,0.021,11.732,2.31,12.556,17.238,0.898,0.044
3.13,-0.301,959.0,767.0,662.0,720.0,0.003,12.341,0.458,12.826,17.491,0.911,0.044
3.15,-0.301,1010.0,867.0,666.0,681.0,0.052,13.586,-0.797,13.085,17.749,0.925,0.045
3.17,-0.301,988.0,867.0,677.0,689.0,0.029,17.091,3.667,13.336,18.012,0.939,0.046
3.19,-0.25,909.0,826.0,688.0,703.0,-0.019,15.174,2.228,13.592,18.28,0.955,0.047
3.21,-0.25,923.0,826.0,712.0,716.0,-0.014,9.885,-3.191,13.766,18.51,0.958,0.048
3.23,-0.25,966.0,879.0,739.0,731.0,0.01,9.813,2.281,14.034,18.787,0.974,0.048
3.25,-0.218,997.0,879.0,779.0,756.0,-0.005,12.358,1.527,14.292,19.069,0.99,0.049
3.27,-0.218,979.0,915.0,787.0,765.0,-0.03,15.852,0.937,14.543,19.357,1.007,0.049
3.29,-0.202,925.0,927.0,758.0,761.0,-0.042,12.641,1.824,14.795,19.649,1.024,0.049
3.31,-0.202,925.0,904.0,773.0,777.0,0.029,14.222,-4.089,15.2,20.023,1.048,0.049
3.33,-0.202,867.0,811.0,829.0,797.0,0.082,11.338,2.582,15.462,20.328,1.066,0.048
3.35,-0.15,867.0,788.0,880.0,816.0,-0.027,14.025,4.863,15.735,20.639,1.085,0.048
3.37,-0.15,798.0,812.0,842.0,815.0,-0.088,10.393,3.35,16.019,20.955,1.104,0.049
3.39,-0.202,798.0,849.0,824.0,825.0,-0.055,12.01,-8.096,16.288,21.277,1.124,0.048
3.41,-0.202,817.0,816.0,878.0,839.0,0.013,8.212,-2.383,16.54,21.605,1.138,0.047
3.43,-0.202,817.0,822.0,965.0,848.0,0.041,9.862,5.602,16.769,21.937,1.158,0.047
3.45,-0.218,825.0,828.0,962.0,858.0,-0.004,9.409,1.94,16.988,22.274,1.179,0.047
3.47,-0.218,833.0,840.0,910.0,863.0,-0.042,10.032,-1.597,17.191,22.614,1.2,0.046
3.49,-0.25,839.0,851.0,864.0,868.0,0.005,7.411,-7.732,17.391,22.959,1.221,0.046
3.51,-0.25,846.0,860.0,868.0,875.0,0.067,8.135,3.633,17.64,23.341,1.234,0.048
3.53,-0.25,859.0,872.0,873.0,883.0,0.051,9.143,4.088,17.821,23.695,1.255,0.048
3.55,-0.234,864.0,877.0,875.0,883.0,0.048,6.203,1.967,17.993,24.052,1.276,0.048
3.57,-0.234,881.0,887.0,886.0,888.0,0.041,3.842,1.486,18.151,24.412,1.298,0.049
3.59,-0.234,899.0,897.0,887.0,891.0,0.036,4.344,-0.827,18.287,24.776,1.319,0.05
3.61,-0.234,910.0,898.0,890.0,892.0,0.013,2.568,0.44,18.433,25.155,1.322,0.054
3.63,-0.234,919.0,911.0,893.0,894.0,0.007,5.602,2.875,18.537,25.524,1.344,0.054
3.65,-0.234,913.0,909.0,892.0,896.0,0.005,4.627,3.244,18.627,25.894,1.366,0.055
3.67,-0.234,903.0,905.0,898.0,900.0,-0.006,4.69,-2.005,18.711,26.267,1.389,0.055
3.69,-0.285,907.0,907.0,907.0,907.0,-0.005,3.908,-3.007,18.798,26.641,1.413,0.056
3.71,-0.285,916.0,911.0,911.0,912.0,-0.007,2.33,1.999,18.67,26.919,1.425,0.058
3.73,-0.285,914.0,914.0,914.0,914.0,-0.043,2.016,1.034,18.751,27.293,1.448,0.058
3.75,-0.387,910.0,912.0,916.0,915.0,-0.057,0.358,-1.265,18.823,27.667,1.472,0.057
3.77,-0.387,917.0,910.0,919.0,915.0,-0.056,1.591,-1.636,18.878,28.044,1.496,0.057
3.79,-0.387,916.0,914.0,915.0,917.0,-0.06,2.308,-1.435,18.917,28.421,1.519,0.056
3.81,-0.387,912.0,914.0,916.0,918.0,-0.078,-0.027,-2.337,19.015,28.83,1.563,0.057
3.83,-0.387,917.0,913.0,921.0,917.0,-0.07,0.289,1.464,19.042,29.21,1.589,0.056
3.85,-0.454,919.0,912.0,920.0,919.0,-0.087,-0.169,1.107,19.064,29.59,1.614,0.055
3.87,-0.454,916.0,912.0,919.0,917.0,-0.122,0.509,-5.256,19.082,29.971,1.639,0.053
3.89,-0.589,917.0,912.0,920.0,916.0,-0.123,-0.42,-4.503,19.099,30.352,1.663,0.052
3.91,-0.589,919.0,909.0,917.0,917.0,-0.11,-0.575,-0.521,18.968,30.668,1.68,0.05
3.93,-0.589,918.0,907.0,916.0,914.0,-0.141,0.297,-2.951,18.968,31.047,1.702,0.048
3.95,-0.755,914.0,910.0,917.0,912.0,-0.139,0.185,-2.626,18.966,31.426,1.724,0.046
3.97,-0.755,921.0,912.0,917.0,911.0,-0.142,-0.227,-1.034,18.961,31.804,1.745,0.044
3.99,-0.941,920.0,914.0,918.0,910.0,-0.169,-0.546,-3.381,18.952,32.183,1.765,0.041
4.01,-0.941,915.0,908.0,920.0,909.0,-0.183,-2.038,-6.55,19.013,32.595,1.767,0.04
4.03,-0.941,912.0,907.0,916.0,908.0,-0.151,-3.436,-0.876,19.002,32.975,1.784,0.037
4.05,-1.075,910.0,905.0,915.0,905.0,-0.136,-3.039,1.756,18.979,33.354,1.799,0.034
4.07,-1.075,905.0,900.0,912.0,899.0,-0.138,-2.847,-3.444,18.945,33.733,1.814,0.031
4.09,-1.075,903.0,898.0,907.0,896.0,-0.133,-2.449,-3.909,18.905,34.112,1.827,0.027
4.11,-1.075,904.0,896.0,902.0,894.0,-0.105,-2.428,-1.147,18.749,34.438,1.854,0.028
4.13,-1.075,898.0,895.0,898.0,889.0,-0.103,-2.429,-1.266,18.696,34.812,1.867,0.025
4.15,-1.178,893.0,892.0,895.0,890.0,-0.084,-3.431,-1.009,18.645,35.186,1.88,0.022
4.17,-1.178,895.0,889.0,895.0,887.0,-0.07,-4.692,-0.086,18.593,35.558,1.892,0.02
4.19,-1.178,890.0,886.0,889.0,885.0,-0.054,-3.765,-3.296,18.534,35.929,1.903,0.018
4.21,-1.178,880.0,882.0,884.0,883.0,-0.038,-5.129,-0.607,18.441,36.286,1.91,0.019
4.23,-1.178,879.0,875.0,880.0,877.0,-0.014,-5.347,2.109,18.367,36.654,1.92,0.018
4.25,-1.126,875.0,869.0,875.0,877.0,-0.021,-4.378,-1.47,18.283,37.02,1.929,0.016
4.27,-1.126,868.0,871.0,866.0,874.0,-0.03,-4.255,-3.557,18.192,37.385,1.938,0.016
4.29,-1.043,864.0,865.0,861.0,868.0,-0.004,-4.352,1.801,18.103,37.748,1.947,0.015
4.31,-1.043,863.0,862.0,859.0,863.0,0.001,-5.158,3.291,18.13,38.164,1.938,0.016
4.33,-1.043,856.0,855.0,854.0,858.0,-0.03,-4.988,-2.98,18.039,38.526,1.945,0.016
4.35,-0.96,843.0,850.0,851.0,855.0,-0.039,-5.812,-2.488,17.947,38.886,1.952,0.016
4.37,-0.96,833.0,844.0,847.0,851.0,-0.009,-7.066,1.902,17.851,39.244,1.958,0.015
4.39,-0.842,835.0,838.0,840.0,844.0,-0.006,-5.479,1.145,17.744,39.6,1.965,0.015
4.41,-0.842,832.0,834.0,833.0,837.0,-0.024,-4.354,-1.167,17.637,39.957,1.976,0.016
4.42,-0.842,825.0,829.0,827.0,830.0,-0.023,-4.938,-1.033,17.581,40.134,1.979,0.016
4.44,-0.755,823.0,823.0,823.0,825.0,-0.003,-5.103,0.866,17.471,40.484,1.986,0.016
4.46,-0.755,815.0,817.0,817.0,822.0,-0.014,-5.475,-1.272,17.361,40.833,1.993,0.015
4.48,-0.707,807.0,812.0,814.0,817.0,-0.046,-4.688,-1.677,17.256,41.179,2.0,0.015
4.5,-0.707,808.0,807.0,811.0,811.0,-0.066,-5.006,-0.486,17.111,41.501,2.006,0.015
4.52,-0.707,812.0,804.0,807.0,803.0,-0.09,-4.021,-0.842,16.965,41.82,2.013,0.016
4.54,-0.806,809.0,801.0,802.0,798.0,-0.146,-3.163,-4.754,16.867,42.159,2.019,0.015
4.56,-0.806,804.0,795.0,798.0,793.0,-0.197,-2.749,-5.379,16.775,42.495,2.025,0.013
4.58,-0.806,807.0,788.0,800.0,788.0,-0.239,-3.215,-3.415,16.694,42.83,2.03,0.011
4.6,-1.059,806.0,781.0,800.0,787.0,-0.277,-3.868,-2.557,16.645,43.176,2.033,0.006
4.62,-1.059,801.0,779.0,801.0,781.0,-0.342,-3.01,-7.579,16.574,43.508,2.035,0.002
4.64,-1.482,797.0,774.0,800.0,777.0,-0.4,-2.939,-8.937,16.508,43.839,2.036,-0.002
4.66,-1.482,804.0,772.0,800.0,773.0,-0.423,-1.482,-5.294,16.446,44.169,2.035,-0.008
4.68,-1.482,801.0,770.0,801.0,774.0,-0.464,-0.737,-6.521,16.388,44.497,2.032,-0.014
4.71,-1.92,796.0,769.0,800.0,773.0,-0.511,2.278,-9.653,16.406,45.024,2.001,-0.028
4.72,-1.92,799.0,771.0,803.0,777.0,-0.501,1.397,-9.182,16.395,45.188,1.996,-0.032
4.74,-2.355,807.0,774.0,808.0,780.0,-0.486,2.505,-5.034,16.388,45.515,1.983,-0.041
4.76,-2.355,807.0,776.0,811.0,783.0,-0.5,2.188,-6.65,16.403,45.843,1.966,-0.05
4.78,-2.355,804.0,778.0,813.0,782.0,-0.523,3.19,-10.506,16.434,46.17,1.947,-0.06
4.8,-2.829,809.0,779.0,813.0,785.0,-0.5,2.384,-8.258,16.466,46.495,1.932,-0.068
4.82,-2.829,812.0,781.0,814.0,787.0,-0.471,1.32,-5.358,16.515,46.824,1.908,-0.078
4.84,-3.299,810.0,782.0,814.0,787.0,-0.481,1.567,-9.345,16.561,47.153,1.88,-0.088
4.86,-3.299,808.0,783.0,817.0,787.0,-0.512,2.053,-10.874,16.6,47.483,1.85,-0.098
4.88,-3.738,817.0,782.0,818.0,788.0,-0.526,1.755,-6.378,16.637,47.814,1.816,-0.108
4.9,-3.738,819.0,782.0,821.0,790.0,-0.54,1.438,-5.623,16.627,48.126,1.791,-0.117
4.92,-3.738,817.0,782.0,820.0,788.0,-0.575,0.703,-10.736,16.614,48.438,1.766,-0.125
4.94,-4.09,817.0,784.0,821.0,788.0,-0.568,0.288,-11.62,16.642,48.768,1.725,-0.136
4.96,-4.09,821.0,784.0,824.0,788.0,-0.525,0.776,-6.199,16.668,49.098,1.68,-0.147
4.98,-4.09,820.0,786.0,821.0,788.0,-0.517,0.861,-5.471,16.688,49.428,1.632,-0.158
5.0,-4.294,817.0,789.0,823.0,789.0,-0.533,1.948,-10.342,16.773,49.785,1.563,-0.165
5.02,-4.294,821.0,792.0,819.0,790.0,-0.496,1.419,-11.15,16.789,50.116,1.507,-0.176
5.04,-4.227,821.0,793.0,824.0,795.0,-0.433,1.078,-3.228,16.809,50.447,1.447,-0.187
5.06,-4.227,818.0,793.0,821.0,797.0,-0.403,0.362,-5.124,16.831,50.777,1.384,-0.197
5.08,-4.227,810.0,793.0,818.0,796.0,-0.39,-2.362,-8.177,16.854,51.107,1.318,-0.207
5.1,-4.074,808.0,787.0,811.0,790.0,-0.32,-6.121,-7.584,16.825,51.42,1.263,-0.213
5.12,-4.074,801.0,782.0,798.0,786.0,-0.243,-7.267,-2.61,16.767,51.732,1.207,-0.218
5.14,-3.805,790.0,778.0,788.0,770.0,-0.232,-7.479,-2.44,16.716,52.059,1.136,-0.225
5.16,-3.805,783.0,773.0,778.0,763.0,-0.222,-7.823,-3.54,16.63,52.385,1.063,-0.232
5.18,-3.469,777.0,767.0,773.0,765.0,-0.174,-7.349,-1.891,16.511,52.709,0.989,-0.237
5.2,-3.469,770.0,761.0,766.0,759.0,-0.125,-6.575,0.348,16.33,53.012,0.92,-0.239
5.22,-3.469,758.0,748.0,760.0,755.0,-0.105,-7.126,-1.348,16.185,53.329,0.845,-0.243
5.24,-3.014,746.0,745.0,750.0,750.0,-0.081,-7.608,-2.89,16.039,53.643,0.77,-0.247
5.26,-3.014,743.0,740.0,742.0,745.0,-0.007,-7.161,0.985,15.894,53.954,0.695,-0.249
5.28,-2.442,736.0,740.0,735.0,740.0,0.053,-6.203,1.993,15.752,54.261,0.619,-0.252
5.3,-2.442,728.0,734.0,725.0,738.0,0.088,-5.674,0.828,15.535,54.532,0.559,-0.251
5.32,-2.442,718.0,731.0,716.0,730.0,0.115,-5.489,2.244,15.322,54.798,0.501,-0.249
5.34,-1.734,715.0,727.0,711.0,727.0,0.168,-5.287,3.38,15.195,55.095,0.429,-0.248
5.36,-1.734,710.0,726.0,707.0,724.0,0.212,-5.178,4.973,15.076,55.39,0.359,-0.247
5.38,-1.734,705.0,722.0,707.0,723.0,0.231,-4.165,4.242,14.966,55.682,0.289,-0.244
5.4,-1.008,698.0,721.0,701.0,718.0,0.265,-3.256,4.437,14.858,55.971,0.227,-0.239
5.42,-1.008,697.0,718.0,694.0,717.0,0.309,-3.112,3.778,14.76,56.258,0.167,-0.233
5.44,-0.301,695.0,715.0,692.0,716.0,0.34,-2.838,7.675,14.674,56.546,0.104,-0.229
5.46,-0.301,690.0,714.0,689.0,715.0,0.346,-2.613,5.797,14.598,56.832,0.043,-0.223
5.48,-0.301,685.0,714.0,687.0,714.0,0.358,-1.718,4.099,14.532,57.118,-0.016,-0.218
5.5,0.365,680.0,712.0,686.0,716.0,0.357,-0.884,3.241,14.475,57.405,-0.056,-0.21
5.52,0.365,683.0,710.0,689.0,714.0,0.389,-0.275,10.29,14.429,57.692,-0.091,-0.202
5.54,0.944,685.0,712.0,686.0,715.0,0.397,-0.285,8.79,14.396,57.976,-0.139,-0.195
5.56,0.944,683.0,715.0,684.0,713.0,0.413,0.219,4.639,14.375,58.26,-0.186,-0.188
5.58,0.944,676.0,713.0,683.0,713.0,0.419,-0.728,3.956,14.365,58.544,-0.23,-0.18
5.6,1.491,674.0,709.0,680.0,712.0,0.428,-1.409,4.074,14.507,58.89,-0.32,-0.172
5.62,1.491,674.0,708.0,678.0,711.0,0.426,-2.47,9.361,14.499,59.177,-0.364,-0.163
5.64,1.994,679.0,706.0,680.0,709.0,0.434,-2.242,9.653,14.485,59.464,-0.404,-0.155
5.66,1.994,672.0,708.0,676.0,707.0,0.439,-1.543,5.505,14.462,59.751,-0.443,-0.147
5.68,1.994,668.0,708.0,670.0,707.0,0.473,-2.866,4.253,14.433,60.038,-0.478,-0.138
5.7,2.422,672.0,709.0,668.0,705.0,0.52,-2.257,10.378,14.394,60.324,-0.511,-0.129
5.72,2.422,668.0,706.0,662.0,699.0,0.547,-3.208,6.979,14.097,60.491,-0.567,-0.121
5.74,2.755,662.0,705.0,653.0,698.0,0.559,-3.449,6.886,14.046,60.77,-0.598,-0.112
5.76,2.755,656.0,701.0,649.0,693.0,0.56,-5.282,7.559,13.99,61.05,-0.625,-0.101
5.78,2.755,647.0,695.0,645.0,690.0,0.546,-6.738,8.942,13.922,61.328,-0.65,-0.091
5.8,3.107,655.0,688.0,644.0,685.0,0.573,-6.045,13.52,13.874,61.621,-0.668,-0.079
5.82,3.107,649.0,686.0,639.0,685.0,0.58,-4.884,4.824,13.815,61.913,-0.683,-0.067
5.84,3.411,639.0,678.0,614.0,682.0,0.596,-4.055,3.0,13.713,62.189,-0.696,-0.056
5.86,3.411,635.0,673.0,590.0,679.0,0.639,-4.697,8.225,13.61,62.462,-0.707,-0.045
5.88,3.411,632.0,666.0,576.0,674.0,0.66,-5.096,11.265,13.506,62.733,-0.714,-0.033
5.9,3.67,627.0,664.0,602.0,668.0,0.683,-7.128,12.783,13.409,63.003,-0.718,-0.021
5.92,3.67,621.0,662.0,612.0,665.0,0.646,-4.795,6.947,13.178,63.21,-0.73,-0.008
5.94,3.914,612.0,657.0,596.0,660.0,0.624,-3.342,3.488,12.945,63.411,-0.742,0.004
5.96,3.914,609.0,657.0,580.0,658.0,0.644,-3.464,7.359,12.846,63.669,-0.738,0.017
5.98,3.914,611.0,653.0,581.0,652.0,0.71,-3.684,12.186,12.75,63.925,-0.731,0.03
6.0,4.144,605.0,653.0,592.0,649.0,0.737,-4.171,11.298,13.064,64.366,-0.719,0.048
6.02,4.144,598.0,648.0,591.0,647.0,0.723,-3.593,7.334,12.984,64.626,-0.704,0.062
6.04,4.355,590.0,645.0,586.0,645.0,0.69,-3.358,7.926,12.911,64.884,-0.687,0.075
6.06,4.355,585.0,641.0,587.0,639.0,0.671,-3.541,10.025,12.841,65.141,-0.666,0.089
6.08,4.355,583.0,635.0,590.0,639.0,0.628,-4.494,11.406,12.772,65.396,-0.641,0.103
6.1,4.554,591.0,631.0,590.0,632.0,0.618,-3.678,13.24,12.818,65.694,-0.572,0.117
6.12,4.554,589.0,631.0,587.0,629.0,0.628,-2.394,5.214,12.746,65.947,-0.536,0.131
6.14,4.784,582.0,629.0,579.0,629.0,0.664,-2.178,6.327,12.677,66.198,-0.497,0.144
6.16,4.784,581.0,625.0,566.0,626.0,0.711,-3.422,10.992,12.613,66.448,-0.453,0.157
6.18,4.784,581.0,623.0,570.0,625.0,0.711,-3.104,8.525,12.55,66.695,-0.407,0.17
6.2,4.982,576.0,621.0,570.0,621.0,0.698,-3.821,6.795,12.481,66.935,-0.356,0.184
6.22,4.982,570.0,620.0,563.0,617.0,0.698,-3.871,9.46,12.414,67.172,-0.302,0.199
6.24,5.072,566.0,615.0,568.0,614.0,0.66,-3.755,9.867,12.356,67.413,-0.245,0.213
6.26,5.072,560.0,612.0,564.0,608.0,0.618,-4.053,7.402,12.291,67.653,-0.186,0.227
6.28,5.072,562.0,606.0,560.0,604.0,0.6,-4.777,7.89,12.223,67.89,-0.124,0.241
6.3,5.149,558.0,601.0,559.0,596.0,0.59,-4.874,6.486,12.138,68.124,-0.068,0.253
6.32,5.149,554.0,597.0,555.0,591.0,0.6,-5.317,8.43,12.048,68.355,-0.011,0.265
6.34,5.21,557.0,597.0,547.0,589.0,0.619,-2.899,7.627,11.965,68.585,0.058,0.277
6.36,5.21,550.0,596.0,537.0,590.0,0.654,-3.616,5.396,11.883,68.813,0.129,0.289
6.38,5.21,544.0,595.0,516.0,590.0,0.671,-4.361,3.548,11.806,69.038,0.203,0.301
6.4,5.331,542.0,576.0,486.0,592.0,0.686,-5.439,12.433,11.777,69.292,0.268,0.318
6.42,5.331,540.0,576.0,468.0,585.0,0.717,-3.027,11.406,11.694,69.514,0.345,0.331
6.44,5.501,539.0,583.0,432.0,580.0,0.779,-1.696,9.227,11.614,69.733,0.424,0.344
6.46,5.501,530.0,583.0,379.0,581.0,0.819,-5.001,10.495,11.539,69.95,0.506,0.358
6.48,5.501,522.0,577.0,387.0,582.0,0.867,-6.741,8.067,11.462,70.165,0.59,0.372
6.5,5.667,518.0,577.0,443.0,581.0,0.854,-5.329,7.943,11.461,70.398,0.717,0.394
6.52,5.667,510.0,571.0,483.0,571.0,0.842,-3.179,7.039,11.376,70.607,0.811,0.41
6.54,5.773,509.0,567.0,494.0,562.0,0.827,-3.952,10.064,11.292,70.812,0.907,0.426
6.55,5.773,509.0,565.0,498.0,563.0,0.8,-3.431,8.659,11.248,70.914,0.956,0.435
6.58,5.773,506.0,561.0,499.0,557.0,0.718,-3.354,14.412,11.115,71.214,1.106,0.46
6.59,5.85,506.0,553.0,500.0,554.0,0.685,-3.417,12.194,11.074,71.313,1.158,0.468
6.61,5.85,505.0,552.0,491.0,549.0,0.65,-2.403,5.175,10.987,71.512,1.244,0.482
6.63,5.987,504.0,548.0,486.0,545.0,0.671,-2.283,8.401,10.922,71.704,1.35,0.497
6.65,5.987,504.0,546.0,489.0,544.0,0.712,-1.282,9.917,10.864,71.894,1.458,0.511
6.67,5.987,500.0,547.0,495.0,545.0,0.744,-2.59,7.807,10.815,72.08,1.568,0.525
6.69,6.368,494.0,546.0,492.0,547.0,0.808,-1.619,12.881,10.774,72.264,1.682,0.539
6.71,6.368,495.0,548.0,492.0,549.0,0.827,-0.947,7.935,10.762,72.443,1.819,0.556
6.73,6.781,487.0,549.0,491.0,548.0,0.85,-1.043,8.556,10.732,72.621,1.94,0.57
6.75,6.781,486.0,546.0,489.0,548.0,0.837,-1.28,13.155,10.706,72.797,2.063,0.586
6.77,6.781,491.0,544.0,488.0,546.0,0.816,-1.1,10.185,10.681,72.97,2.189,0.602
6.79,7.114,491.0,544.0,488.0,545.0,0.811,-0.439,7.919,10.661,73.14,2.318,0.619
6.81,7.114,489.0,544.0,487.0,545.0,0.853,0.194,8.099,10.667,73.319,2.451,0.637
6.83,7.405,489.0,546.0,487.0,547.0,0.889,0.222,8.939,10.658,73.484,2.586,0.653
6.85,7.405,485.0,546.0,487.0,546.0,0.893,-0.698,10.306,10.655,73.647,2.724,0.67
6.87,7.405,491.0,545.0,488.0,547.0,0.879,-0.585,12.193,10.654,73.808,2.864,0.687
6.89,7.709,490.0,545.0,487.0,545.0,0.864,-0.484,9.538,10.656,73.966,3.007,0.704
6.91,7.709,489.0,546.0,486.0,548.0,0.88,-0.36,8.03,10.674,74.126,3.159,0.724
6.93,7.709,486.0,546.0,488.0,548.0,0.9,-1.016,11.173,10.676,74.279,3.308,0.741
6.95,8.09,487.0,547.0,488.0,548.0,0.909,-0.83,12.033,10.675,74.43,3.46,0.759
6.97,8.09,485.0,546.0,485.0,547.0,0.902,-0.673,7.496,10.673,74.577,3.615,0.777
6.99,8.531,482.0,543.0,485.0,547.0,0.926,-0.458,9.84,10.67,74.721,3.772,0.794
7.01,8.531,485.0,545.0,483.0,549.0,0.964,-0.492,12.548,10.643,74.88,3.91,0.814
7.03,9.034,487.0,547.0,482.0,551.0,1.006,-0.874,10.976,10.636,75.02,4.071,0.833
7.05,9.034,486.0,551.0,482.0,552.0,1.047,-0.356,12.431,10.629,75.157,4.234,0.852
7.07,9.034,485.0,552.0,483.0,553.0,1.081,-0.144,13.705,10.624,75.29,4.399,0.871
7.09,9.28,483.0,552.0,481.0,553.0,1.077,-0.618,11.362,10.622,75.42,4.568,0.891
7.11,9.28,483.0,553.0,482.0,555.0,1.049,-0.087,9.997,10.551,75.532,4.712,0.914
7.13,9.462,482.0,552.0,484.0,554.0,1.023,0.208,10.435,10.554,75.654,4.884,0.935
7.15,9.462,485.0,549.0,484.0,555.0,1.025,0.199,9.742,10.559,75.772,5.059,0.956
7.17,9.462,488.0,551.0,485.0,553.0,1.037,0.355,10.283,10.565,75.887,5.237,0.978
7.19,9.523,488.0,553.0,488.0,554.0,1.021,-0.088,12.239,10.574,75.998,5.417,0.998
7.21,9.523,487.0,551.0,487.0,555.0,0.972,-0.154,13.5,10.484,76.1,5.555,1.017
7.23,9.523,489.0,551.0,489.0,553.0,0.933,0.132,9.492,10.489,76.204,5.736,1.037
7.25,9.523,494.0,549.0,491.0,553.0,0.907,1.026,10.928,10.493,76.305,5.92,1.057
7.27,9.523,495.0,551.0,494.0,554.0,0.9,1.392,9.652,10.502,76.402,6.107,1.077
7.29,9.475,495.0,552.0,497.0,555.0,0.903,1.519,8.349,10.515,76.495,6.295,1.096
7.31,9.475,496.0,553.0,500.0,557.0,0.882,1.179,10.583,10.618,76.599,6.519,1.113
7.33,9.386,499.0,556.0,500.0,557.0,0.873,1.412,9.799,10.646,76.686,6.713,1.131
7.35,9.386,499.0,558.0,503.0,560.0,0.866,1.192,8.973,10.68,76.768,6.91,1.149
7.37,9.386,503.0,558.0,501.0,560.0,0.849,0.429,12.128,10.716,76.848,7.108,1.167
7.39,9.216,504.0,557.0,502.0,558.0,0.837,-0.574,11.149,10.748,76.924,7.309,1.185
7.41,9.216,504.0,557.0,501.0,558.0,0.845,-0.129,9.092,10.897,77.026,7.563,1.204
7.43,8.973,502.0,559.0,500.0,558.0,0.872,0.161,8.107,10.914,77.096,7.77,1.221
7.45,8.973,500.0,562.0,497.0,560.0,0.897,-0.114,7.318,10.927,77.162,7.978,1.238
7.47,8.973,498.0,560.0,501.0,561.0,0.881,-1.514,12.596,10.933,77.225,8.188,1.255
7.49,8.714,503.0,558.0,498.0,558.0,0.844,-0.977,11.977,10.932,77.284,8.398,1.272
7.51,8.714,505.0,557.0,498.0,555.0,0.814,-0.788,7.149,10.937,77.356,8.614,1.294
7.53,8.714,504.0,556.0,500.0,554.0,0.8,-0.787,8.161,10.929,77.408,8.827,1.311
7.55,8.394,503.0,555.0,499.0,554.0,0.811,-0.588,9.445,10.917,77.457,9.04,1.328
7.57,8.394,500.0,552.0,496.0,554.0,0.81,-1.19,7.725,10.902,77.502,9.253,1.345
7.59,8.166,499.0,550.0,496.0,551.0,0.787,-2.092,6.58,10.886,77.543,9.468,1.361
7.61,8.166,498.0,548.0,493.0,547.0,0.772,-2.26,9.108,10.918,77.577,9.706,1.38
7.63,8.166,499.0,544.0,489.0,544.0,0.752,-3.075,10.639,10.892,77.61,9.922,1.396
7.65,7.968,495.0,542.0,488.0,538.0,0.729,-3.54,8.38,10.857,77.641,10.137,1.411
7.67,7.968,492.0,539.0,485.0,535.0,0.716,-3.775,7.05,10.811,77.667,10.353,1.427
7.69,7.709,489.0,536.0,479.0,528.0,0.704,-3.914,6.403,10.757,77.69,10.567,1.442
7.71,7.709,484.0,531.0,475.0,523.0,0.693,-4.384,5.576,10.639,77.718,10.758,1.457
7.73,7.709,479.0,523.0,464.0,513.0,0.691,-5.51,5.739,10.566,77.735,10.97,1.471
7.75,7.45,474.0,521.0,460.0,509.0,0.692,-5.117,6.277,10.485,77.75,11.18,1.485
7.77,7.45,470.0,517.0,449.0,505.0,0.703,-5.107,6.273,10.396,77.761,11.389,1.499
7.79,7.206,463.0,511.0,442.0,502.0,0.705,-6.404,8.08,10.302,77.77,11.596,1.513
7.81,7.206,458.0,506.0,444.0,502.0,0.686,-6.724,9.103,10.189,77.766,11.796,1.529
7.83,7.206,453.0,501.0,445.0,489.0,0.644,-6.403,7.201,10.079,77.768,11.999,1.543
7.85,7.04,447.0,493.0,438.0,489.0,0.63,-6.238,6.932,9.965,77.768,12.2,1.557
7.87,7.04,440.0,485.0,432.0,479.0,0.674,-5.536,8.403,9.847,77.765,12.398,1.571
7.89,7.024,435.0,483.0,423.0,465.0,0.721,-5.521,5.786,9.726,77.758,12.594,1.584
7.91,7.024,429.0,478.0,410.0,469.0,0.775,-5.499,6.822,9.603,77.749,12.786,1.599
7.93,7.024,423.0,475.0,403.0,468.0,0.838,-4.853,7.908,9.488,77.737,12.976,1.613
7.95,7.222,417.0,473.0,388.0,467.0,0.859,-4.645,7.084,9.379,77.722,13.165,1.627
7.97,7.222,412.0,467.0,382.0,464.0,0.882,-6.351,10.289,9.277,77.705,13.351,1.642
7.99,7.555,407.0,463.0,395.0,460.0,0.886,-5.299,11.12,9.176,77.684,13.535,1.658
8.01,7.555,404.0,458.0,391.0,456.0,0.873,-4.034,9.852,9.056,77.629,13.699,1.678
8.03,7.555,400.0,454.0,380.0,450.0,0.903,-3.196,7.644,8.963,77.6,13.878,1.695
8.05,8.106,395.0,453.0,362.0,450.0,0.945,-2.464,7.194,8.877,77.567,14.053,1.713
8.07,8.106,392.0,450.0,347.0,448.0,0.989,-2.954,8.167,8.799,77.53,14.227,1.73
8.09,8.79,388.0,450.0,364.0,445.0,1.027,-3.887,10.14,8.733,77.491,14.398,1.749
8.11,8.79,383.0,448.0,374.0,445.0,1.022,-3.195,9.57,8.661,77.486,14.575,1.771
8.13,8.79,379.0,445.0,372.0,442.0,1.001,-2.784,8.669,8.604,77.444,14.743,1.79
8.15,9.645,376.0,443.0,373.0,441.0,1.016,-1.995,11.115,8.551,77.398,14.909,1.81
8.17,9.645,378.0,443.0,372.0,441.0,1.047,-0.998,11.635,8.499,77.35,15.072,1.83
8.19,10.65,378.0,443.0,372.0,441.0,1.089,-0.692,10.003,8.457,77.298,15.234,1.851
8.21,10.65,374.0,446.0,369.0,443.0,1.164,-0.0,10.111,8.437,77.241,15.398,1.873
8.23,10.65,376.0,448.0,369.0,446.0,1.249,0.675,10.24,8.421,77.181,15.556,1.895
8.25,11.747,375.0,452.0,370.0,450.0,1.285,0.462,9.148,8.418,77.118,15.712,1.917
8.27,11.747,373.0,452.0,369.0,453.0,1.268,0.054,11.076,8.426,77.051,15.867,1.94
8.29,12.675,374.0,452.0,371.0,449.0,1.216,0.029,11.823,8.438,76.98,16.02,1.964
8.31,12.675,379.0,451.0,372.0,451.0,1.195,0.682,9.497,8.482,76.896,16.184,1.993
8.33,12.675,384.0,451.0,375.0,453.0,1.176,1.883,7.933,8.498,76.817,16.334,2.018
8.35,13.165,385.0,455.0,380.0,455.0,1.144,2.614,8.77,8.519,76.734,16.483,2.043
8.37,13.165,388.0,455.0,383.0,459.0,1.104,3.226,8.625,8.55,76.648,16.63,2.067
8.39,13.469,392.0,455.0,389.0,460.0,1.052,3.884,8.368,8.591,76.557,16.776,2.09
8.41,13.469,394.0,458.0,397.0,462.0,1.003,3.71,9.696,8.673,76.455,16.928,2.112
8.43,13.469,399.0,462.0,399.0,464.0,0.983,3.675,9.012,8.74,76.357,17.073,2.134
8.45,13.501,404.0,464.0,403.0,468.0,0.955,3.51,9.657,8.813,76.256,17.216,2.155
8.47,13.501,410.0,467.0,407.0,471.0,0.942,4.482,10.354,8.889,76.151,17.358,2.176
8.49,13.453,414.0,471.0,411.0,477.0,0.957,4.816,9.108,8.967,76.042,17.5,2.195
8.51,13.453,418.0,476.0,417.0,477.0,0.981,4.667,7.727,9.064,75.912,17.631,2.213
8.53,13.453,421.0,483.0,420.0,481.0,0.999,4.286,8.152,9.153,75.794,17.769,2.232
8.55,13.181,424.0,488.0,426.0,487.0,1.004,3.832,9.555,9.246,75.672,17.907,2.252
8.57,13.181,428.0,490.0,429.0,490.0,0.984,3.332,9.226,9.341,75.546,18.044,2.271
8.59,12.614,433.0,493.0,433.0,495.0,0.922,3.476,8.354,9.435,75.417,18.18,2.291
8.61,12.614,442.0,494.0,438.0,498.0,0.877,3.795,8.642,9.462,75.307,18.305,2.311
8.63,12.614,444.0,495.0,444.0,500.0,0.847,4.2,8.756,9.546,75.172,18.439,2.33
8.65,11.808,448.0,501.0,448.0,503.0,0.835,4.18,7.999,9.63,75.034,18.571,2.349
8.67,11.808,453.0,505.0,454.0,507.0,0.848,4.521,7.827,9.714,74.891,18.702,2.367
8.69,11.03,454.0,509.0,459.0,511.0,0.861,3.807,9.031,9.801,74.746,18.832,2.385
8.71,11.03,457.0,514.0,462.0,517.0,0.86,2.503,9.188,9.824,74.611,18.928,2.4
8.73,11.03,460.0,515.0,461.0,517.0,0.847,0.475,9.439,9.91,74.459,19.053,2.417
8.74,10.65,458.0,514.0,458.0,517.0,0.852,-0.405,10.556,9.949,74.381,19.116,2.425
8.76,10.65,462.0,517.0,455.0,515.0,0.889,-1.039,9.21,10.013,74.224,19.239,2.442
8.78,10.346,460.0,519.0,451.0,517.0,0.928,-0.619,8.425,10.056,74.064,19.36,2.459
8.8,10.346,461.0,519.0,454.0,518.0,0.979,-0.46,9.332,10.088,73.891,19.474,2.48
8.82,10.346,456.0,521.0,453.0,522.0,1.002,-0.461,9.288,10.097,73.725,19.589,2.498
8.84,10.176,452.0,518.0,453.0,522.0,0.984,-0.967,9.552,10.098,73.557,19.701,2.516
8.86,10.176,451.0,514.0,454.0,518.0,0.924,-1.0,9.471,10.096,73.387,19.81,2.535
8.88,10.054,452.0,511.0,456.0,516.0,0.886,-0.849,10.428,10.092,73.214,19.916,2.554
8.9,10.054,463.0,520.0,452.0,516.0,0.916,0.023,12.313,10.046,73.058,20.015,2.572
8.92,10.054,461.0,523.0,452.0,520.0,0.991,1.008,7.853,9.998,72.903,20.111,2.59
8.94,9.994,456.0,523.0,454.0,522.0,1.033,-0.462,10.649,9.998,72.727,20.207,2.609
8.96,9.994,452.0,521.0,454.0,523.0,1.022,-0.82,11.567,10.002,72.55,20.3,2.628
8.98,10.208,450.0,520.0,455.0,522.0,0.995,-0.202,8.288,10.008,72.37,20.389,2.647
9.0,10.208,447.0,520.0,456.0,523.0,0.999,-0.089,8.818,10.034,72.179,20.474,2.672
9.02,10.208,457.0,525.0,457.0,526.0,1.063,0.714,11.699,10.045,71.996,20.555,2.692
9.04,10.589,458.0,528.0,457.0,530.0,1.135,0.422,10.982,10.054,71.81,20.634,2.712
9.06,10.589,457.0,530.0,455.0,533.0,1.149,-0.57,14.796,10.066,71.623,20.708,2.733
9.08,10.893,458.0,527.0,456.0,531.0,1.134,0.066,13.411,10.079,71.434,20.779,2.754
9.1,10.893,457.0,529.0,459.0,532.0,1.123,1.501,9.211,10.066,71.252,20.833,2.777
9.12,10.893,460.0,532.0,463.0,536.0,1.105,1.701,10.502,10.061,71.069,20.881,2.801
9.14,10.941,468.0,531.0,464.0,539.0,1.091,2.213,10.471,10.087,70.875,20.937,2.823
9.16,10.941,469.0,532.0,468.0,540.0,1.052,2.198,10.637,10.119,70.68,20.989,2.846
9.18,10.941,474.0,537.0,470.0,540.0,1.0,2.483,7.868,10.161,70.482,21.036,2.868
9.2,10.832,479.0,538.0,484.0,544.0,0.958,4.7,7.25,10.27,70.26,21.102,2.888
9.22,10.832,483.0,540.0,492.0,544.0,0.891,4.921,10.442,10.329,70.059,21.144,2.909
9.24,10.467,492.0,543.0,495.0,548.0,0.782,4.597,11.115,10.402,69.855,21.183,2.929
9.26,10.467,503.0,545.0,498.0,549.0,0.703,4.708,8.954,10.483,69.649,21.218,2.948
9.28,10.102,509.0,550.0,509.0,553.0,0.684,5.955,6.399,10.574,69.441,21.25,2.966
9.3,10.102,516.0,556.0,519.0,557.0,0.702,6.176,5.023,10.698,69.223,21.315,2.976
9.32,10.102,516.0,562.0,536.0,563.0,0.736,7.029,7.716,10.808,69.01,21.344,2.992
9.34,9.674,519.0,574.0,531.0,573.0,0.774,6.837,10.965,10.925,68.795,21.371,3.006
9.36,9.674,528.0,580.0,532.0,580.0,0.788,5.835,9.721,11.052,68.576,21.395,3.021
9.38,9.142,537.0,583.0,543.0,588.0,0.791,5.692,7.821,11.185,68.355,21.416,3.035
9.4,9.142,542.0,590.0,552.0,595.0,0.786,6.274,8.037,11.309,68.134,21.434,3.052
9.42,9.142,548.0,594.0,558.0,602.0,0.786,5.413,7.182,11.432,67.91,21.449,3.07
9.44,8.515,553.0,602.0,573.0,613.0,0.783,6.656,7.543,11.559,67.681,21.46,3.085
9.46,8.515,559.0,607.0,566.0,610.0,0.738,4.828,9.724,11.681,67.449,21.468,3.101
9.48,7.907,565.0,610.0,568.0,615.0,0.723,4.291,11.766,11.798,67.215,21.473,3.117
9.5,7.907,570.0,617.0,572.0,619.0,0.732,5.474,13.032,11.908,66.979,21.466,3.132
9.52,7.907,573.0,617.0,573.0,622.0,0.728,4.027,9.57,12.014,66.741,21.454,3.147
9.54,7.466,579.0,623.0,581.0,626.0,0.726,3.946,7.724,12.115,66.5,21.447,3.161
9.56,7.466,585.0,624.0,585.0,631.0,0.746,3.488,7.166,12.208,66.257,21.435,3.176
9.58,7.222,582.0,624.0,579.0,632.0,0.738,0.351,9.619,12.296,66.013,21.42,3.191
9.6,7.222,580.0,629.0,578.0,629.0,0.753,-1.125,11.855,12.438,65.73,21.421,3.209
9.62,7.222,578.0,629.0,573.0,632.0,0.801,-0.591,11.514,12.489,65.482,21.4,3.224
9.64,7.251,575.0,632.0,573.0,634.0,0.876,0.086,8.736,12.519,65.233,21.375,3.239
9.66,7.251,571.0,632.0,573.0,636.0,0.936,-0.053,9.277,12.533,64.984,21.346,3.254
9.68,7.251,569.0,633.0,572.0,639.0,0.955,-0.705,10.596,12.533,64.736,21.313,3.27
9.7,7.296,570.0,631.0,570.0,635.0,0.934,-1.363,13.01,12.482,64.508,21.27,3.291
9.72,7.296,571.0,632.0,571.0,636.0,0.918,-1.221,15.278,12.431,64.282,21.223,3.312
9.74,7.421,573.0,632.0,569.0,635.0,0.937,-0.65,11.725,12.423,64.038,21.176,3.33
9.76,7.421,568.0,636.0,572.0,637.0,0.96,-0.747,10.427,12.414,63.795,21.125,3.349
9.78,7.421,565.0,636.0,570.0,637.0,0.945,-0.733,11.148,12.403,63.553,21.069,3.368
9.8,7.434,571.0,633.0,571.0,634.0,0.927,-0.76,11.342,12.486,63.286,20.962,3.389
9.82,7.434,576.0,629.0,572.0,635.0,0.907,0.201,11.444,12.48,63.046,20.893,3.407
9.84,7.421,574.0,627.0,571.0,633.0,0.896,0.275,7.811,12.479,62.808,20.819,3.426
9.86,7.421,573.0,634.0,572.0,638.0,0.902,-0.412,14.018,12.481,62.57,20.741,3.445
9.88,7.421,572.0,633.0,573.0,636.0,0.878,-0.338,11.937,12.483,62.335,20.659,3.463
9.9,7.434,572.0,634.0,574.0,635.0,0.847,-0.587,8.047,12.441,62.119,20.578,3.48
9.92,7.434,572.0,629.0,574.0,634.0,0.815,-0.141,11.432,12.399,61.906,20.494,3.497
9.94,7.51,575.0,628.0,573.0,634.0,0.806,0.183,11.338,12.399,61.676,20.401,3.515
9.96,7.51,575.0,627.0,576.0,634.0,0.827,0.55,8.518,12.398,61.448,20.303,3.532
9.98,7.51,573.0,633.0,577.0,634.0,0.854,0.312,12.033,12.398,61.221,20.202,3.548
10.0,7.51,573.0,634.0,578.0,635.0,0.844,0.217,12.646,12.388,61.0,20.103,3.565
10.02,7.51,579.0,632.0,579.0,638.0,0.833,1.256,9.66,12.379,60.78,20.002,3.581
10.04,7.466,579.0,633.0,581.0,636.0,0.852,1.832,9.576,12.389,60.559,19.891,3.597
10.06,7.466,581.0,636.0,587.0,641.0,0.919,2.042,9.651,12.405,60.34,19.775,3.614
10.08,7.466,581.0,641.0,586.0,644.0,0.926,1.512,12.379,12.429,60.122,19.655,3.631
10.1,7.328,580.0,641.0,587.0,648.0,0.875,1.197,11.306,12.468,59.901,19.53,3.65
10.12,7.328,585.0,639.0,592.0,650.0,0.822,1.97,10.455,12.511,59.682,19.402,3.669
10.14,7.008,591.0,643.0,594.0,648.0,0.801,3.351,9.251,12.547,59.469,19.27,3.686
10.16,7.008,597.0,646.0,604.0,654.0,0.742,4.552,8.64,12.59,59.257,19.134,3.704
10.18,7.008,600.0,651.0,607.0,657.0,0.684,3.782,11.484,12.643,59.047,18.994,3.72
10.2,6.733,604.0,650.0,614.0,659.0,0.613,3.671,7.836,12.804,58.788,18.844,3.734
10.22,6.733,621.0,652.0,622.0,659.0,0.577,5.208,6.416,12.876,58.577,18.697,3.748
10.24,6.461,641.0,655.0,624.0,664.0,0.559,5.535,7.917,12.959,58.368,18.546,3.762
10.26,6.461,634.0,659.0,632.0,667.0,0.576,5.383,7.671,13.052,58.159,18.391,3.775
10.28,6.461,629.0,668.0,636.0,673.0,0.619,5.342,8.497,13.148,57.951,18.232,3.787
10.3,6.154,632.0,672.0,638.0,682.0,0.64,4.4,10.09,13.278,57.714,18.078,3.801
10.32,6.154,640.0,678.0,649.0,687.0,0.632,4.657,8.194,13.383,57.505,17.913,3.813
10.34,5.805,644.0,681.0,645.0,690.0,0.599,2.714,6.485,13.488,57.296,17.744,3.825
10.36,5.805,650.0,686.0,645.0,691.0,0.575,3.043,4.992,13.584,57.088,17.571,3.837
10.38,5.805,655.0,687.0,653.0,695.0,0.532,2.005,8.433,13.672,56.88,17.395,3.849
10.4,5.347,658.0,687.0,655.0,694.0,0.458,2.498,8.129,13.715,56.693,17.216,3.861
10.42,5.347,661.0,687.0,659.0,693.0,0.4,2.79,8.577,13.746,56.508,17.034,3.872
10.44,5.347,664.0,689.0,661.0,693.0,0.379,3.238,1.825,13.802,56.306,16.848,3.883
10.46,5.347,667.0,692.0,668.0,695.0,0.36,2.743,1.581,13.856,56.105,16.658,3.892
10.48,5.347,663.0,690.0,669.0,693.0,0.317,-1.528,6.308,13.908,55.904,16.466,3.901
10.5,4.112,665.0,687.0,665.0,688.0,0.279,-4.863,3.599,14.03,55.677,16.248,3.907
10.52,4.112,661.0,680.0,660.0,678.0,0.25,-7.317,3.068,14.045,55.477,16.05,3.914
10.54,3.565,655.0,677.0,650.0,668.0,0.252,-8.288,2.157,14.021,55.278,15.852,3.921
10.56,3.565,649.0,669.0,638.0,658.0,0.23,-8.93,2.26,13.952,55.081,15.653,3.927
10.58,3.565,637.0,659.0,635.0,645.0,0.195,-9.661,1.803,13.837,54.886,15.455,3.932
10.6,3.014,639.0,650.0,626.0,634.0,0.157,-9.715,1.821,13.66,54.701,15.267,3.938
10.62,3.014,632.0,642.0,620.0,627.0,0.12,-7.56,-0.876,13.493,54.512,15.071,3.942
10.64,2.39,623.0,634.0,607.0,621.0,0.107,-8.529,0.764,13.319,54.326,14.878,3.946
10.66,2.39,612.0,622.0,603.0,611.0,0.075,-8.229,0.03,13.145,54.143,14.686,3.949
10.68,2.39,605.0,610.0,599.0,611.0,0.022,-7.458,-1.59,12.972,53.962,14.497,3.952
10.7,1.734,603.0,600.0,578.0,603.0,-0.017,-8.933,-0.763,12.757,53.799,14.326,3.954
10.72,1.734,594.0,594.0,588.0,591.0,-0.067,-9.276,-0.777,12.545,53.64,14.158,3.955
10.74,0.944,588.0,582.0,582.0,581.0,-0.127,-8.344,-2.499,12.378,53.468,13.977,3.956
10.76,0.944,576.0,572.0,577.0,572.0,-0.173,-8.371,-3.263,12.212,53.298,13.799,3.956
10.78,0.944,574.0,562.0,568.0,555.0,-0.239,-6.771,-4.053,12.047,53.13,13.623,3.954
10.8,0.106,571.0,553.0,562.0,537.0,-0.298,-6.62,-4.559,11.912,52.957,13.443,3.95
10.82,0.106,569.0,549.0,559.0,513.0,-0.354,-6.046,-4.375,11.759,52.792,13.273,3.947
10.84,-0.755,565.0,542.0,552.0,502.0,-0.407,-5.02,-6.108,11.618,52.628,13.106,3.942
10.86,-0.755,559.0,536.0,545.0,503.0,-0.447,-4.922,-4.213,11.488,52.464,12.942,3.936
10.88,-0.755,556.0,528.0,543.0,501.0,-0.47,-4.668,-4.612,11.37,52.301,12.781,3.93
10.9,-1.667,554.0,523.0,540.0,482.0,-0.5,-5.641,-5.514,11.294,52.134,12.608,3.92
10.92,-1.667,548.0,513.0,541.0,475.0,-0.523,-5.077,-5.553,11.189,51.972,12.452,3.912
10.93,-2.643,543.0,509.0,534.0,467.0,-0.531,-5.301,-7.607,11.137,51.891,12.375,3.907
10.95,-2.643,538.0,503.0,533.0,481.0,-0.575,-4.548,-10.388,11.034,51.728,12.223,3.898
10.97,-2.643,533.0,498.0,530.0,483.0,-0.608,-4.594,-8.082,10.933,51.566,12.075,3.888
10.99,-3.754,531.0,490.0,527.0,484.0,-0.63,-4.974,-5.912,10.834,51.403,11.93,3.877
11.01,-3.754,522.0,483.0,519.0,481.0,-0.626,-4.335,-10.294,10.664,51.276,11.799,3.867
11.03,-4.899,527.0,485.0,520.0,477.0,-0.699,-2.565,-9.336,10.571,51.114,11.66,3.855
11.05,-4.899,529.0,478.0,520.0,471.0,-0.783,-2.54,-6.153,10.489,50.952,11.526,3.842
11.07,-4.899,528.0,477.0,524.0,471.0,-0.833,-1.414,-12.002,10.419,50.789,11.395,3.829
11.09,-6.029,524.0,476.0,524.0,473.0,-0.855,-0.241,-10.568,10.364,50.625,11.267,3.815
11.11,-6.029,528.0,470.0,525.0,473.0,-0.857,-0.143,-4.408,10.33,50.458,11.143,3.8
11.13,-6.029,527.0,466.0,522.0,469.0,-0.852,0.329,-6.699,10.306,50.29,11.022,3.784
11.15,-7.123,524.0,464.0,524.0,467.0,-0.898,0.18,-7.54,10.292,50.121,10.904,3.768
11.17,-7.123,524.0,467.0,521.0,468.0,-0.915,-0.964,-11.661,10.286,49.951,10.789,3.751
11.19,-8.099,521.0,468.0,524.0,464.0,-0.902,-0.947,-14.603,10.28,49.778,10.677,3.733
11.21,-8.099,519.0,468.0,521.0,461.0,-0.929,-0.811,-9.776,10.36,49.577,10.532,3.717
11.23,-8.976,523.0,464.0,521.0,462.0,-0.968,-0.659,-12.064,10.351,49.401,10.423,3.699
11.25,-8.976,522.0,465.0,520.0,459.0,-0.963,0.044,-9.127,10.341,49.223,10.318,3.681
11.27,-8.976,522.0,462.0,519.0,457.0,-0.968,0.03,-6.544,10.332,49.042,10.217,3.662
11.29,-8.976,520.0,459.0,518.0,455.0,-0.997,-0.25,-9.392,10.327,48.86,10.12,3.643
11.31,-8.976,521.0,461.0,521.0,455.0,-1.043,0.043,-11.487,10.281,48.698,10.024,3.627
11.33,-8.976,523.0,459.0,521.0,453.0,-1.065,-0.215,-10.667,10.282,48.514,9.933,3.607
11.35,-10.509,527.0,458.0,520.0,453.0,-1.082,-0.593,-11.245,10.283,48.328,9.846,3.587
11.37,-10.509,525.0,457.0,522.0,453.0,-1.097,-0.375,-11.19,10.283,48.14,9.761,3.567
11.39,-11.13,523.0,453.0,520.0,452.0,-1.099,-0.383,-11.313,10.281,47.951,9.681,3.546
11.41,-11.13,521.0,455.0,520.0,451.0,-1.096,0.021,-10.383,10.31,47.741,9.617,3.524
11.43,-11.635,518.0,453.0,518.0,449.0,-1.124,-0.394,-10.726,10.307,47.547,9.546,3.502
11.45,-11.635,520.0,451.0,520.0,447.0,-1.135,-0.621,-11.39,10.303,47.352,9.479,3.48
11.47,-11.635,520.0,453.0,517.0,447.0,-1.111,-0.79,-12.409,10.299,47.156,9.417,3.458
11.49,-12.006,518.0,452.0,515.0,447.0,-1.063,-1.078,-8.229,10.293,46.958,9.358,3.435
11.51,-12.006,515.0,453.0,511.0,444.0,-1.06,-0.071,-8.501,10.242,46.778,9.295,3.415
11.53,-12.074,513.0,452.0,514.0,440.0,-1.06,0.454,-11.64,10.232,46.58,9.244,3.393
11.55,-12.074,512.0,451.0,512.0,442.0,-1.048,-0.329,-8.976,10.224,46.381,9.196,3.371
11.57,-12.074,513.0,452.0,509.0,443.0,-1.02,-0.948,-8.06,10.217,46.181,9.153,3.349
11.59,-12.042,512.0,451.0,507.0,443.0,-0.995,-0.72,-10.153,10.211,45.981,9.114,3.328
11.61,-12.042,510.0,449.0,506.0,441.0,-0.968,-0.785,-9.803,10.018,45.863,9.115,3.314
11.63,-11.939,506.0,445.0,501.0,443.0,-0.938,-1.298,-8.717,10.011,45.665,9.084,3.294
11.65,-11.939,501.0,443.0,500.0,444.0,-0.891,-1.34,-8.748,9.998,45.467,9.057,3.274
11.67,-11.939,497.0,440.0,496.0,445.0,-0.845,-2.341,-10.135,9.979,45.268,9.035,3.254
11.69,-11.738,496.0,441.0,487.0,442.0,-0.818,-2.97,-9.37,9.955,45.07,9.015,3.236
11.71,-11.738,494.0,442.0,486.0,438.0,-0.807,-2.479,-7.211,9.878,44.891,8.992,3.223
11.73,-11.469,490.0,441.0,484.0,434.0,-0.806,-2.849,-6.703,9.836,44.694,8.978,3.206
11.75,-11.469,485.0,436.0,477.0,429.0,-0.814,-3.129,-7.127,9.786,44.498,8.969,3.189
11.77,-11.469,481.0,431.0,477.0,420.0,-0.819,-2.979,-5.852,9.731,44.303,8.962,3.173
11.79,-11.114,476.0,427.0,477.0,409.0,-0.834,-3.683,-6.349,9.671,44.109,8.959,3.156
11.81,-11.114,473.0,420.0,472.0,405.0,-0.851,-4.357,-8.067,9.668,43.892,8.972,3.14
11.83,-11.114,471.0,413.0,468.0,397.0,-0.868,-4.876,-8.25,9.603,43.699,8.976,3.123
11.85,-10.928,469.0,411.0,464.0,388.0,-0.912,-4.76,-9.59,9.53,43.507,8.982,3.107
11.87,-10.928,465.0,408.0,461.0,387.0,-0.936,-4.635,-10.344,9.451,43.318,8.991,3.09
11.89,-10.829,461.0,402.0,455.0,392.0,-0.936,-4.087,-10.647,9.365,43.13,9.003,3.072
11.91,-10.829,453.0,399.0,453.0,390.0,-0.926,-4.439,-7.988,9.14,43.001,9.006,3.054
11.93,-10.829,449.0,394.0,449.0,384.0,-0.909,-3.875,-7.576,9.05,42.82,9.023,3.035
11.95,-10.947,448.0,390.0,442.0,374.0,-0.914,-3.462,-7.345,8.962,42.641,9.044,3.017
11.97,-10.947,445.0,387.0,439.0,364.0,-0.948,-2.839,-7.311,8.879,42.464,9.069,2.998
11.99,-11.165,443.0,383.0,436.0,353.0,-0.973,-2.946,-7.464,8.804,42.289,9.097,2.98
12.01,-11.165,439.0,380.0,435.0,346.0,-0.994,-3.033,-7.381,8.711,42.142,9.165,2.964
12.03,-11.165,435.0,376.0,432.0,350.0,-1.006,-3.184,-9.213,8.649,41.972,9.201,2.945
12.05,-11.45,431.0,374.0,429.0,355.0,-0.993,-2.939,-9.003,8.59,41.804,9.24,2.925
12.07,-11.45,429.0,372.0,427.0,355.0,-0.966,-3.215,-7.66,8.533,41.638,9.282,2.906
12.09,-11.789,426.0,368.0,422.0,350.0,-0.943,-3.768,-7.237,8.476,41.473,9.327,2.886
12.11,-11.789,422.0,365.0,417.0,350.0,-0.933,-3.775,-8.367,8.397,41.326,9.383,2.87
12.13,-11.789,417.0,361.0,412.0,350.0,-0.916,-3.766,-7.41,8.335,41.166,9.434,2.85
12.15,-12.192,412.0,357.0,408.0,344.0,-0.909,-3.847,-7.343,8.272,41.009,9.488,2.831
12.17,-12.192,408.0,354.0,402.0,337.0,-0.918,-3.925,-7.34,8.205,40.854,9.544,2.812
12.19,-12.682,403.0,350.0,400.0,330.0,-0.961,-4.148,-6.935,8.135,40.701,9.602,2.794
12.21,-12.682,403.0,344.0,398.0,323.0,-0.989,-4.38,-7.219,8.094,40.554,9.695,2.777
12.23,-12.682,402.0,340.0,393.0,314.0,-1.01,-4.752,-8.413,8.022,40.406,9.761,2.758
12.25,-13.136,398.0,334.0,391.0,313.0,-1.031,-4.773,-9.534,7.946,40.261,9.829,2.739
12.27,-13.136,393.0,330.0,384.0,319.0,-1.018,-4.07,-8.083,7.866,40.119,9.899,2.72
12.29,-13.69,388.0,327.0,381.0,314.0,-1.017,-3.521,-7.466,7.785,39.98,9.971,2.7
12.31,-13.69,385.0,324.0,377.0,300.0,-1.058,-3.111,-7.973,7.589,39.883,10.013,2.681
12.33,-13.69,384.0,320.0,375.0,285.0,-1.099,-2.943,-7.659,7.513,39.751,10.087,2.661
12.35,-14.33,381.0,317.0,375.0,278.0,-1.131,-3.295,-6.947,7.444,39.622,10.163,2.64
12.37,-14.33,380.0,312.0,373.0,274.0,-1.144,-4.198,-8.198,7.383,39.496,10.241,2.619
12.39,-15.123,378.0,307.0,370.0,287.0,-1.163,-3.69,-9.437,7.324,39.372,10.321,2.597
12.41,-15.123,376.0,305.0,368.0,292.0,-1.165,-3.199,-9.117,7.268,39.259,10.416,2.574
12.43,-15.123,373.0,303.0,366.0,285.0,-1.188,-2.437,-9.292,7.209,39.142,10.501,2.551
12.45,-16.016,373.0,302.0,364.0,281.0,-1.223,-1.651,-9.452,7.152,39.027,10.588,2.528
12.47,-16.016,372.0,300.0,364.0,280.0,-1.252,-1.022,-9.027,7.1,38.916,10.678,2.504
12.49,-17.043,372.0,299.0,364.0,284.0,-1.271,-0.544,-7.904,7.059,38.807,10.769,2.48
12.51,-17.043,371.0,295.0,365.0,285.0,-1.283,-0.759,-7.395,6.973,38.735,10.857,2.458
12.53,-17.043,370.0,295.0,366.0,286.0,-1.274,-0.979,-9.042,6.957,38.634,10.953,2.434
12.55,-18.154,370.0,298.0,364.0,286.0,-1.249,-0.772,-9.142,6.948,38.535,11.051,2.409
12.57,-18.154,371.0,297.0,363.0,286.0,-1.258,-0.565,-10.284,6.943,38.439,11.152,2.383
12.59,-19.2,373.0,297.0,361.0,284.0,-1.304,-0.325,-8.32,6.94,38.346,11.255,2.358
12.61,-19.2,375.0,298.0,364.0,282.0,-1.358,0.145,-6.835,6.941,38.255,11.361,2.334
12.63,-19.2,375.0,293.0,365.0,281.0,-1.375,-0.261,-7.359,6.944,38.167,11.469,2.309
12.65,-20.243,373.0,294.0,365.0,281.0,-1.373,-0.337,-9.807,6.95,38.081,11.578,2.283
12.67,-20.243,372.0,293.0,366.0,282.0,-1.363,-0.511,-11.185,6.959,37.998,11.69,2.256
12.69,-21.354,372.0,296.0,367.0,282.0,-1.373,-1.254,-10.395,6.965,37.917,11.804,2.229
12.71,-21.354,375.0,294.0,366.0,281.0,-1.412,-1.525,-8.454,6.923,37.866,11.91,2.205
12.73,-21.354,377.0,291.0,368.0,276.0,-1.474,-1.673,-9.428,6.922,37.793,12.028,2.177
12.75,-22.467,379.0,294.0,366.0,272.0,-1.533,-0.659,-10.052,6.916,37.723,12.148,2.149
12.77,-22.467,381.0,291.0,370.0,268.0,-1.578,0.077,-9.792,6.91,37.657,12.269,2.121
12.79,-23.51,381.0,291.0,372.0,269.0,-1.604,-0.367,-11.19,6.906,37.594,12.393,2.092
12.81,-23.51,380.0,292.0,372.0,269.0,-1.594,-0.688,-10.807,6.833,37.547,12.492,2.06
12.83,-23.51,378.0,291.0,371.0,273.0,-1.59,-1.11,-11.541,6.832,37.492,12.617,2.029
12.85,-24.486,379.0,291.0,373.0,271.0,-1.569,-1.037,-11.99,6.831,37.44,12.744,1.998
12.87,-24.486,381.0,293.0,371.0,272.0,-1.553,0.271,-10.339,6.829,37.392,12.872,1.966
12.89,-25.229,381.0,293.0,370.0,274.0,-1.552,0.143,-8.861,6.827,37.349,13.002,1.934
12.91,-25.229,383.0,293.0,370.0,275.0,-1.58,0.103,-7.718,6.781,37.325,13.114,1.907
12.93,-25.229,384.0,292.0,373.0,275.0,-1.59,0.268,-10.198,6.787,37.29,13.245,1.876
12.95,-25.782,384.0,296.0,374.0,276.0,-1.567,0.228,-10.421,6.799,37.259,13.378,1.845
12.97,-25.782,383.0,297.0,374.0,278.0,-1.532,0.579,-11.022,6.816,37.232,13.511,1.813
12.99,-26.272,383.0,298.0,375.0,281.0,-1.507,0.685,-9.766,6.834,37.208,13.646,1.782
13.01,-26.272,383.0,298.0,375.0,283.0,-1.491,0.398,-9.166,6.816,37.195,13.766,1.754
13.03,-26.272,383.0,298.0,376.0,285.0,-1.475,0.826,-9.948,6.836,37.179,13.901,1.724
13.05,-26.675,385.0,301.0,376.0,286.0,-1.518,0.59,-11.62,6.856,37.167,14.038,1.693
13.07,-26.675,386.0,301.0,379.0,287.0,-1.58,0.538,-10.264,6.876,37.159,14.175,1.663
13.09,-26.912,390.0,302.0,382.0,288.0,-1.635,0.413,-9.497,6.897,37.154,14.313,1.633
13.11,-26.912,393.0,302.0,385.0,286.0,-1.647,0.255,-10.615,6.932,37.185,14.45,1.603
13.12,-26.912,394.0,301.0,384.0,285.0,-1.641,0.431,-11.396,6.944,37.188,14.519,1.587
13.15,-27.014,392.0,301.0,388.0,286.0,-1.608,0.066,-11.985,6.979,37.202,14.728,1.54
13.16,-27.014,393.0,303.0,386.0,286.0,-1.589,0.094,-11.691,6.99,37.209,14.798,1.524
13.18,-27.014,394.0,304.0,390.0,291.0,-1.553,0.137,-10.548,7.01,37.226,14.937,1.491
13.2,-27.014,395.0,307.0,387.0,293.0,-1.568,0.628,-9.186,7.031,37.257,15.072,1.461
13.22,-27.014,397.0,307.0,387.0,293.0,-1.568,0.596,-11.119,7.056,37.295,15.208,1.431
13.24,-26.829,397.0,307.0,389.0,296.0,-1.558,0.902,-11.75,7.081,37.326,15.346,1.4
13.26,-26.829,397.0,311.0,393.0,297.0,-1.589,1.31,-9.665,7.109,37.362,15.483,1.368
13.28,-26.778,400.0,312.0,393.0,299.0,-1.622,1.178,-10.663,7.142,37.402,15.62,1.337
13.3,-26.778,401.0,312.0,397.0,300.0,-1.623,1.644,-9.484,7.167,37.454,15.748,1.306
13.32,-26.778,403.0,311.0,399.0,303.0,-1.576,0.954,-13.055,7.196,37.51,15.874,1.275
13.34,-26.726,403.0,317.0,400.0,306.0,-1.562,0.929,-13.167,7.237,37.564,16.009,1.243
13.36,-26.726,407.0,321.0,398.0,309.0,-1.611,0.495,-9.707,7.276,37.622,16.142,1.211
13.38,-26.576,411.0,319.0,405.0,314.0,-1.66,1.919,-9.768,7.311,37.685,16.274,1.179
13.4,-26.576,413.0,319.0,413.0,314.0,-1.682,2.575,-9.086,7.358,37.764,16.4,1.148
13.42,-26.576,415.0,321.0,421.0,315.0,-1.69,2.677,-10.61,7.412,37.849,16.524,1.117
13.44,-26.272,416.0,325.0,420.0,321.0,-1.68,2.512,-10.287,7.463,37.926,16.651,1.084
13.46,-26.272,418.0,325.0,421.0,322.0,-1.633,2.218,-12.273,7.52,38.007,16.778,1.051
13.48,-25.901,421.0,327.0,418.0,326.0,-1.551,1.811,-11.55,7.583,38.092,16.903,1.018
13.5,-25.901,420.0,329.0,420.0,326.0,-1.514,1.751,-12.869,7.643,38.181,17.026,0.985
13.52,-25.901,422.0,334.0,420.0,330.0,-1.522,1.922,-11.665,7.624,38.25,17.125,0.96
13.54,-25.395,423.0,337.0,424.0,337.0,-1.563,2.744,-10.904,7.677,38.346,17.245,0.929
13.56,-25.395,427.0,338.0,427.0,339.0,-1.543,2.207,-14.903,7.729,38.445,17.363,0.897
13.58,-25.395,427.0,342.0,427.0,335.0,-1.511,1.796,-11.512,7.784,38.549,17.478,0.867
13.6,-24.909,427.0,345.0,429.0,341.0,-1.497,1.799,-9.697,7.855,38.661,17.596,0.836
13.62,-24.909,432.0,347.0,433.0,348.0,-1.513,2.592,-9.993,7.927,38.777,17.713,0.807
13.64,-24.202,435.0,350.0,435.0,353.0,-1.507,2.99,-11.384,7.984,38.893,17.821,0.776
13.66,-24.202,439.0,353.0,438.0,348.0,-1.493,3.001,-12.63,8.044,39.014,17.927,0.746
13.68,-23.29,441.0,357.0,441.0,356.0,-1.476,3.429,-9.485,8.103,39.138,18.03,0.716
13.7,-23.29,443.0,359.0,443.0,364.0,-1.45,3.615,-9.635,8.155,39.266,18.122,0.687
13.72,-23.29,444.0,362.0,452.0,370.0,-1.424,3.919,-9.409,8.213,39.397,18.212,0.658
13.74,-22.246,446.0,367.0,457.0,371.0,-1.389,4.501,-10.08,8.286,39.532,18.306,0.629
13.76,-22.246,451.0,371.0,455.0,373.0,-1.327,3.848,-9.396,8.364,39.671,18.398,0.6
13.78,-21.085,454.0,376.0,454.0,381.0,-1.258,3.827,-8.459,8.446,39.813,18.488,0.571
13.8,-21.085,455.0,382.0,458.0,394.0,-1.218,5.084,-9.917,8.543,39.966,18.565,0.546
13.82,-21.085,457.0,389.0,461.0,393.0,-1.142,5.968,-10.074,8.648,40.124,18.639,0.522
13.84,-19.654,458.0,395.0,462.0,400.0,-1.056,5.673,-8.469,8.746,40.278,18.72,0.496
13.86,-19.654,460.0,402.0,467.0,412.0,-1.008,6.193,-8.124,8.848,40.435,18.799,0.472
13.88,-19.654,466.0,411.0,467.0,416.0,-0.95,6.186,-5.743,8.957,40.596,18.875,0.449
13.9,-18.102,475.0,418.0,476.0,437.0,-0.904,7.204,-4.93,9.107,40.774,18.944,0.432
13.92,-18.102,480.0,426.0,476.0,447.0,-0.846,8.569,-7.368,9.234,40.943,19.016,0.412
13.94,-16.285,493.0,434.0,486.0,440.0,-0.739,7.873,-6.728,9.372,41.114,19.086,0.392
13.96,-16.285,518.0,448.0,486.0,452.0,-0.619,7.978,-4.017,9.518,41.29,19.155,0.374
13.98,-16.285,561.0,463.0,488.0,461.0,-0.565,10.582,-2.223,9.671,41.469,19.222,0.358
14.0,-14.246,557.0,481.0,495.0,470.0,-0.536,8.318,-3.48,9.806,41.64,19.276,0.347
14.02,-14.246,559.0,516.0,503.0,476.0,-0.485,7.27,-4.419,9.951,41.813,19.329,0.338
14.04,-12.259,577.0,555.0,510.0,487.0,-0.453,6.839,-3.01,10.122,42.003,19.393,0.326
14.06,-12.259,589.0,594.0,513.0,492.0,-0.433,6.519,-2.211,10.289,42.196,19.457,0.315
14.08,-12.259,588.0,642.0,518.0,498.0,-0.412,5.761,-2.727,10.447,42.393,19.521,0.305
14.1,-10.355,590.0,682.0,521.0,504.0,-0.362,3.815,-3.538,10.566,42.586,19.569,0.297
14.12,-10.355,619.0,733.0,527.0,510.0,-0.31,7.423,-0.475,10.665,42.782,19.614,0.289
14.14,-8.301,609.0,737.0,530.0,517.0,-0.279,8.064,2.152,10.782,42.988,19.674,0.281
14.16,-8.301,548.0,731.0,535.0,526.0,-0.186,6.272,-1.153,10.9,43.196,19.734,0.273
14.18,-8.301,539.0,675.0,534.0,534.0,-0.017,2.971,-1.426,11.018,43.406,19.794,0.267
14.2,-6.163,538.0,583.0,529.0,537.0,0.118,-3.095,5.803,11.111,43.612,19.847,0.265
14.22,-6.163,524.0,537.0,524.0,537.0,0.213,-4.859,6.263,11.185,43.82,19.9,0.265
14.24,-4.176,516.0,533.0,511.0,534.0,0.282,-5.138,4.274,11.234,44.036,19.96,0.264
14.26,-4.176,511.0,534.0,487.0,525.0,0.344,-5.685,3.03,11.232,44.252,20.021,0.265
14.28,-4.176,504.0,531.0,476.0,527.0,0.388,-6.719,5.338,11.182,44.467,20.084,0.269
14.3,-2.323,498.0,525.0,481.0,523.0,0.399,-6.207,6.198,11.087,44.681,20.139,0.28
14.32,-2.323,492.0,519.0,483.0,518.0,0.396,-5.556,4.368,10.974,44.892,20.203,0.287
14.34,-0.656,488.0,515.0,466.0,512.0,0.42,-5.596,5.794,10.858,45.101,20.269,0.294
14.36,-0.656,483.0,511.0,470.0,509.0,0.481,-4.923,7.983,10.742,45.306,20.336,0.301
14.38,-0.656,475.0,508.0,468.0,505.0,0.511,-4.312,5.868,10.628,45.509,20.404,0.31
14.4,0.851,470.0,504.0,460.0,503.0,0.549,-3.824,5.554,10.522,45.709,20.474,0.318
14.42,0.851,465.0,504.0,445.0,500.0,0.59,-2.653,5.406,10.203,45.806,20.515,0.328
14.44,2.224,458.0,501.0,443.0,498.0,0.635,-3.81,6.959,10.118,45.997,20.587,0.338
14.46,2.224,454.0,498.0,452.0,495.0,0.638,-3.173,9.083,10.041,46.185,20.661,0.349
14.48,2.224,454.0,495.0,451.0,495.0,0.636,-2.888,8.469,9.97,46.37,20.736,0.36
14.5,3.549,451.0,494.0,447.0,492.0,0.629,-2.475,6.478,9.892,46.55,20.807,0.373
14.52,3.549,450.0,491.0,444.0,490.0,0.649,-2.27,7.155,9.818,46.727,20.879,0.387
14.54,4.602,447.0,491.0,442.0,489.0,0.659,-2.082,7.011,9.762,46.906,20.959,0.399
14.56,4.602,443.0,488.0,440.0,486.0,0.667,-1.611,6.6,9.712,47.082,21.042,0.412
14.58,4.602,439.0,486.0,436.0,484.0,0.693,-1.805,6.104,9.668,47.256,21.127,0.425
14.6,5.469,437.0,486.0,432.0,485.0,0.721,-1.663,6.48,9.62,47.428,21.208,0.438
14.62,5.469,437.0,486.0,432.0,485.0,0.756,-1.284,11.888,9.575,47.598,21.29,0.452
14.64,6.202,440.0,485.0,433.0,485.0,0.768,-1.583,8.635,9.541,47.767,21.38,0.466
14.66,6.202,437.0,486.0,433.0,484.0,0.776,-1.819,6.183,9.511,47.933,21.473,0.48
14.68,6.202,433.0,484.0,430.0,484.0,0.796,-1.052,7.188,9.482,48.098,21.568,0.495
14.7,6.963,430.0,483.0,426.0,482.0,0.828,-1.096,6.836,9.458,48.263,21.664,0.511
14.72,6.963,424.0,482.0,423.0,483.0,0.834,-1.567,9.263,9.436,48.426,21.762,0.527
14.74,7.664,424.0,482.0,423.0,481.0,0.839,-1.689,10.596,9.413,48.585,21.865,0.543
14.76,7.664,428.0,481.0,425.0,481.0,0.862,-1.637,9.661,9.388,48.741,21.969,0.559
14.78,7.664,429.0,482.0,421.0,482.0,0.887,-1.724,9.823,9.365,48.895,22.076,0.576
14.8,8.304,425.0,483.0,421.0,481.0,0.899,-1.615,8.594,9.341,49.053,22.18,0.594
14.82,8.304,422.0,480.0,420.0,479.0,0.906,-0.802,8.486,9.315,49.209,22.285,0.612
14.84,8.822,421.0,481.0,418.0,479.0,0.92,-0.391,8.108,9.291,49.357,22.399,0.629
14.86,8.822,418.0,480.0,420.0,480.0,0.922,-0.467,8.137,9.273,49.502,22.515,0.647
14.88,8.822,418.0,481.0,416.0,481.0,0.95,-0.285,9.243,9.261,49.644,22.634,0.665
14.9,9.325,422.0,480.0,417.0,482.0,0.981,-0.305,11.773,9.264,49.786,22.76,0.684
14.92,9.325,424.0,483.0,418.0,483.0,0.991,-0.645,9.554,9.272,49.926,22.888,0.703
14.94,9.827,423.0,484.0,416.0,483.0,0.984,-0.959,10.008,9.272,50.061,23.015,0.722
14.96,9.827,420.0,484.0,417.0,482.0,0.977,-0.918,8.526,9.27,50.194,23.145,0.741
14.98,9.827,416.0,481.0,413.0,481.0,0.976,-1.074,10.709,9.265,50.324,23.277,0.761
15.0,10.208,418.0,481.0,414.0,480.0,0.973,-1.077,10.346,9.258,50.451,23.413,0.78
15.02,10.208,418.0,479.0,412.0,479.0,0.968,-1.162,7.397,9.18,50.564,23.52,0.799
15.04,10.544,415.0,479.0,412.0,479.0,0.96,-1.811,9.581,9.167,50.685,23.658,0.818
15.06,10.544,415.0,477.0,414.0,477.0,0.947,-1.849,11.163,9.152,50.803,23.799,0.838
15.08,10.544,416.0,476.0,410.0,474.0,0.935,-1.622,8.739,9.134,50.918,23.941,0.857
15.1,10.771,417.0,474.0,410.0,473.0,0.935,-1.523,7.535,9.123,51.044,24.084,0.877
15.12,10.771,414.0,476.0,405.0,473.0,0.959,-1.381,7.556,9.11,51.168,24.228,0.897
15.14,10.893,411.0,473.0,398.0,470.0,0.981,-2.544,8.66,9.085,51.275,24.375,0.915
15.16,10.893,408.0,470.0,402.0,470.0,0.978,-3.374,10.555,9.059,51.379,24.524,0.934
15.18,10.893,404.0,468.0,397.0,466.0,0.94,-3.622,8.112,9.027,51.48,24.674,0.954
15.2,11.03,407.0,461.0,386.0,461.0,0.957,-1.994,8.599,8.998,51.577,24.832,0.974
15.22,11.03,405.0,464.0,375.0,459.0,1.009,-2.527,9.136,8.964,51.67,24.991,0.994
15.24,11.152,403.0,466.0,375.0,460.0,1.044,-3.689,10.776,8.916,51.76,25.146,1.013
15.26,11.152,397.0,462.0,387.0,458.0,1.023,-4.045,10.64,8.862,51.847,25.301,1.033
15.28,11.152,390.0,457.0,383.0,455.0,0.977,-4.255,8.919,8.805,51.93,25.457,1.053
15.29,11.29,379.0,452.0,377.0,449.0,0.944,-3.732,7.565,8.776,51.97,25.536,1.063
15.31,11.29,362.0,446.0,376.0,443.0,0.919,-4.16,7.282,8.751,52.019,25.719,1.085
15.33,11.456,374.0,443.0,370.0,438.0,0.94,-4.264,10.724,8.687,52.09,25.879,1.104
15.35,11.456,386.0,443.0,370.0,436.0,1.026,-2.197,9.8,8.617,52.157,26.039,1.124
15.37,11.456,380.0,446.0,362.0,440.0,1.07,-2.696,6.779,8.553,52.219,26.2,1.143
15.39,11.642,375.0,443.0,364.0,440.0,1.082,-3.454,10.022,8.496,52.278,26.36,1.163
15.41,11.642,372.0,437.0,365.0,435.0,1.043,-3.347,11.606,8.463,52.36,26.528,1.188
15.43,11.914,370.0,436.0,362.0,431.0,1.012,-2.633,9.528,8.408,52.413,26.688,1.209
15.45,11.914,368.0,433.0,358.0,428.0,1.011,-2.062,7.631,8.359,52.462,26.849,1.23
15.47,11.914,367.0,432.0,353.0,428.0,1.06,-1.819,8.331,8.312,52.507,27.01,1.251
15.49,12.25,364.0,432.0,348.0,429.0,1.092,-2.347,8.42,8.269,52.549,27.171,1.271
15.51,12.25,364.0,432.0,349.0,428.0,1.129,-2.587,10.622,8.264,52.588,27.345,1.293
15.53,12.25,362.0,432.0,352.0,428.0,1.147,-2.659,12.757,8.232,52.622,27.507,1.314
15.55,12.784,360.0,432.0,351.0,429.0,1.158,-2.344,10.949,8.202,52.652,27.669,1.336
15.57,12.784,355.0,432.0,352.0,427.0,1.154,-1.572,9.024,8.172,52.678,27.831,1.358
15.59,13.347,352.0,428.0,350.0,426.0,1.163,-1.441,9.886,8.143,52.7,27.993,1.381
15.61,13.347,354.0,427.0,349.0,425.0,1.186,-1.011,10.754,8.1,52.715,28.149,1.405
15.63,14.186,355.0,428.0,348.0,425.0,1.202,-1.317,9.428,8.081,52.728,28.311,1.428
15.65,14.186,353.0,429.0,346.0,426.0,1.232,-1.159,10.09,8.067,52.737,28.473,1.452
15.67,14.186,355.0,430.0,342.0,426.0,1.282,-1.076,10.776,8.059,52.743,28.634,1.475
15.69,15.024,354.0,431.0,343.0,428.0,1.334,-1.2,11.497,8.053,52.744,28.796,1.5
15.71,15.024,353.0,433.0,341.0,430.0,1.357,-0.806,10.59,7.972,52.74,28.925,1.525
15.73,15.741,351.0,433.0,340.0,430.0,1.382,-0.81,10.48,7.966,52.733,29.085,1.551
15.75,15.741,351.0,433.0,340.0,431.0,1.385,-0.414,12.005,7.962,52.722,29.244,1.577
15.77,15.741,351.0,432.0,340.0,430.0,1.355,-0.416,11.022,7.96,52.707,29.403,1.604
15.79,16.381,351.0,434.0,341.0,430.0,1.355,0.076,9.41,7.96,52.687,29.561,1.631
15.81,16.381,352.0,435.0,342.0,431.0,1.376,-0.005,11.339,7.932,52.678,29.71,1.657
15.83,16.851,351.0,434.0,342.0,432.0,1.338,-0.877,11.689,7.938,52.651,29.867,1.685
15.85,16.851,350.0,432.0,345.0,430.0,1.271,-1.054,11.592,7.945,52.62,30.023,1.712
15.87,16.851,352.0,431.0,348.0,428.0,1.236,-0.349,11.241,7.949,52.585,30.179,1.739
15.89,17.309,354.0,431.0,348.0,427.0,1.249,-0.081,10.701,7.954,52.545,30.333,1.766
15.91,17.309,354.0,432.0,348.0,428.0,1.265,0.134,9.876,7.909,52.532,30.478,1.789
15.93,17.674,355.0,434.0,346.0,430.0,1.292,-0.054,11.765,7.912,52.487,30.63,1.815
15.95,17.674,358.0,436.0,346.0,432.0,1.327,0.045,11.773,7.919,52.438,30.78,1.84
15.97,17.674,354.0,439.0,345.0,435.0,1.364,-1.298,7.23,7.929,52.385,30.93,1.866
15.99,17.981,351.0,438.0,344.0,436.0,1.373,-1.15,10.431,7.939,52.327,31.078,1.891
16.01,17.981,350.0,435.0,343.0,434.0,1.341,-1.049,13.345,7.984,52.248,31.236,1.922
16.03,18.115,355.0,434.0,345.0,432.0,1.349,-0.709,11.415,7.983,52.181,31.381,1.949
16.05,18.115,354.0,435.0,345.0,435.0,1.393,-0.321,9.22,7.98,52.11,31.525,1.976
16.07,18.115,354.0,438.0,343.0,436.0,1.432,-0.38,11.878,7.977,52.036,31.667,2.003
16.09,18.131,353.0,439.0,343.0,438.0,1.46,-0.624,12.54,7.977,51.958,31.806,2.031
16.11,18.131,353.0,441.0,343.0,439.0,1.45,-0.971,11.829,7.947,51.898,31.946,2.06
16.13,18.131,352.0,441.0,345.0,439.0,1.427,-0.11,10.998,7.951,51.814,32.081,2.088
16.15,18.147,354.0,438.0,346.0,440.0,1.391,0.315,11.71,7.957,51.726,32.214,2.117
16.17,18.147,358.0,438.0,348.0,438.0,1.361,-0.16,13.293,7.963,51.635,32.345,2.146
16.19,18.208,361.0,438.0,350.0,438.0,1.322,0.14,12.928,7.971,51.539,32.472,2.174
16.21,18.208,364.0,441.0,353.0,439.0,1.309,1.042,9.097,7.97,51.434,32.584,2.2
16.23,18.208,362.0,441.0,356.0,442.0,1.315,1.106,8.676,7.987,51.331,32.705,2.228
16.25,18.07,362.0,443.0,359.0,447.0,1.306,1.234,9.894,8.01,51.223,32.824,2.255
16.27,18.07,365.0,444.0,363.0,448.0,1.277,1.647,11.334,8.04,51.112,32.941,2.281
16.29,17.92,367.0,445.0,364.0,447.0,1.252,1.558,10.826,8.076,50.998,33.054,2.307
16.31,17.92,365.0,446.0,372.0,451.0,1.232,2.93,8.207,8.14,50.872,33.17,2.333
16.33,17.92,364.0,449.0,380.0,454.0,1.192,2.986,10.598,8.19,50.75,33.28,2.358
16.35,17.536,379.0,451.0,378.0,454.0,1.162,3.076,12.686,8.247,50.626,33.387,2.383
16.37,17.536,386.0,455.0,384.0,456.0,1.159,3.681,10.829,8.309,50.497,33.492,2.408
16.39,17.082,388.0,460.0,394.0,460.0,1.184,3.578,8.721,8.377,50.365,33.594,2.432
16.41,17.082,388.0,464.0,405.0,464.0,1.222,3.319,8.568,8.471,50.226,33.706,2.455
16.43,17.082,391.0,468.0,415.0,471.0,1.242,3.75,9.656,8.549,50.087,33.805,2.478
16.45,16.515,393.0,470.0,409.0,476.0,1.214,3.708,10.81,8.63,49.945,33.901,2.502
16.47,16.515,398.0,475.0,410.0,480.0,1.185,3.221,11.169,8.714,49.799,33.995,2.526
16.49,15.968,400.0,476.0,411.0,482.0,1.162,3.215,10.988,8.798,49.649,34.086,2.551
16.51,15.968,408.0,480.0,418.0,486.0,1.17,2.716,11.03,8.91,49.494,34.206,2.576
16.53,15.968,413.0,485.0,420.0,490.0,1.178,3.469,12.477,8.986,49.338,34.294,2.6
16.55,15.36,416.0,487.0,421.0,493.0,1.176,2.936,10.856,9.06,49.179,34.38,2.624
16.57,15.36,416.0,490.0,430.0,495.0,1.179,3.247,10.212,9.13,49.017,34.462,2.647
16.59,14.72,420.0,495.0,435.0,500.0,1.177,3.476,9.639,9.201,48.852,34.541,2.67
16.61,14.72,420.0,497.0,448.0,504.0,1.163,3.298,9.031,9.299,48.667,34.604,2.696
16.63,14.72,419.0,499.0,444.0,510.0,1.13,3.78,11.842,9.375,48.494,34.675,2.719
16.65,14.275,428.0,504.0,440.0,512.0,1.093,3.025,11.932,9.452,48.318,34.743,2.743
16.67,14.275,435.0,507.0,452.0,512.0,1.092,3.693,10.353,9.53,48.14,34.807,2.766
16.69,13.712,438.0,511.0,454.0,516.0,1.098,3.984,12.357,9.608,47.958,34.868,2.788
16.71,13.712,443.0,516.0,455.0,522.0,1.089,3.833,11.548,9.633,47.797,34.917,2.809
16.73,13.712,448.0,520.0,468.0,524.0,1.096,3.433,8.723,9.66,47.635,34.962,2.829
16.75,13.21,448.0,520.0,468.0,529.0,1.091,3.871,10.062,9.743,47.447,35.012,2.851
16.77,13.21,451.0,526.0,478.0,535.0,1.039,3.297,9.579,9.829,47.257,35.058,2.873
16.79,12.784,452.0,526.0,470.0,536.0,1.003,3.277,10.95,9.916,47.064,35.1,2.895
16.81,12.784,460.0,530.0,474.0,535.0,0.973,2.881,11.458,10.082,46.832,35.152,2.918
16.83,12.784,465.0,530.0,476.0,537.0,0.986,3.468,13.279,10.16,46.633,35.188,2.938
16.85,12.294,471.0,541.0,481.0,543.0,1.032,3.329,12.96,10.234,46.431,35.22,2.959
16.87,12.294,475.0,541.0,479.0,548.0,1.053,2.529,7.914,10.305,46.228,35.248,2.979
16.89,11.792,475.0,547.0,486.0,552.0,1.025,2.661,10.52,10.373,46.022,35.271,2.999
16.91,11.792,475.0,547.0,484.0,554.0,1.001,2.447,11.959,10.431,45.819,35.271,3.022
16.93,11.792,483.0,547.0,492.0,560.0,1.019,3.676,9.767,10.499,45.61,35.284,3.042
16.95,11.411,489.0,552.0,499.0,560.0,1.059,3.239,9.698,10.57,45.4,35.293,3.063
16.97,11.411,489.0,559.0,503.0,566.0,1.059,3.141,12.968,10.641,45.188,35.298,3.084
16.99,10.97,494.0,562.0,499.0,568.0,0.997,2.419,11.161,10.714,44.974,35.299,3.104
17.01,10.97,495.0,563.0,504.0,567.0,0.909,2.288,8.578,10.901,44.702,35.307,3.129
17.03,10.97,498.0,561.0,507.0,568.0,0.853,2.841,9.501,10.967,44.484,35.3,3.15
17.05,10.573,505.0,560.0,516.0,571.0,0.889,3.826,12.031,11.031,44.264,35.288,3.169
17.07,10.573,512.0,567.0,517.0,571.0,0.949,3.49,13.352,11.094,44.044,35.273,3.188
17.09,10.269,514.0,572.0,517.0,577.0,0.988,3.42,9.876,11.158,43.822,35.252,3.207
17.11,10.269,515.0,579.0,524.0,581.0,0.991,3.177,9.711,11.079,43.657,35.254,3.224
17.13,10.269,517.0,582.0,523.0,586.0,0.956,2.599,9.995,11.149,43.437,35.228,3.243
17.15,9.994,523.0,582.0,525.0,592.0,0.909,3.215,9.628,11.219,43.215,35.197,3.262
17.17,9.994,528.0,584.0,533.0,591.0,0.892,2.431,11.137,11.286,42.993,35.162,3.281
17.19,9.69,530.0,586.0,536.0,592.0,0.895,2.424,13.125,11.349,42.77,35.123,3.3
17.21,9.69,532.0,589.0,536.0,594.0,0.913,2.672,12.489,11.454,42.522,35.088,3.318
17.23,9.69,533.0,593.0,538.0,596.0,0.92,2.394,9.086,11.509,42.297,35.041,3.336
17.25,9.414,535.0,596.0,542.0,600.0,0.926,2.433,8.564,11.564,42.072,34.99,3.354
17.27,9.414,540.0,600.0,549.0,604.0,0.947,2.62,11.108,11.619,41.847,34.934,3.372
17.29,9.216,543.0,600.0,547.0,609.0,0.934,1.542,12.636,11.674,41.623,34.874,3.391
17.31,9.216,545.0,603.0,550.0,611.0,0.935,1.929,12.182,11.756,41.383,34.807,3.413
17.33,9.216,547.0,607.0,551.0,611.0,0.954,2.025,10.168,11.806,41.158,34.738,3.432
17.35,8.989,548.0,608.0,553.0,616.0,0.969,2.002,10.515,11.854,40.933,34.664,3.45
17.37,8.989,551.0,615.0,557.0,617.0,0.969,1.806,12.093,11.901,40.709,34.586,3.469
17.39,8.822,555.0,614.0,558.0,622.0,0.959,1.413,12.586,11.945,40.485,34.503,3.488
17.41,8.822,557.0,617.0,562.0,622.0,0.953,2.103,9.685,11.998,40.259,34.411,3.509
17.43,8.822,560.0,618.0,562.0,624.0,0.926,1.762,10.115,12.042,40.037,34.318,3.528
17.44,8.563,559.0,619.0,567.0,627.0,0.907,1.763,10.582,12.064,39.927,34.271,3.538
17.46,8.563,561.0,623.0,567.0,628.0,0.862,1.529,12.045,12.106,39.706,34.172,3.557
17.49,8.349,567.0,621.0,569.0,627.0,0.823,1.631,13.047,12.167,39.377,34.016,3.585
17.5,8.349,572.0,625.0,573.0,629.0,0.832,1.985,14.24,12.194,39.267,33.958,3.593
17.52,8.349,574.0,626.0,573.0,630.0,0.832,2.276,8.54,12.24,39.049,33.843,3.61
17.54,8.166,574.0,628.0,575.0,634.0,0.857,2.239,8.048,12.28,38.833,33.726,3.628
17.56,8.166,574.0,631.0,584.0,638.0,0.876,2.707,9.123,12.322,38.619,33.605,3.644
17.58,8.013,580.0,636.0,583.0,642.0,0.905,1.432,13.051,12.369,38.406,33.48,3.661
17.6,8.013,582.0,639.0,583.0,642.0,0.879,0.936,13.576,12.411,38.203,33.344,3.68
17.62,8.013,584.0,639.0,583.0,643.0,0.867,0.655,11.548,12.45,38.003,33.203,3.699
17.64,7.83,583.0,640.0,584.0,645.0,0.849,1.435,9.026,12.492,37.795,33.064,3.716
17.66,7.83,582.0,641.0,589.0,646.0,0.853,2.092,9.21,12.53,37.59,32.921,3.734
17.68,7.83,586.0,641.0,591.0,649.0,0.802,1.278,8.745,12.565,37.387,32.774,3.751
17.7,7.482,593.0,642.0,598.0,651.0,0.756,2.297,12.018,12.599,37.185,32.623,3.768
17.72,7.482,598.0,642.0,602.0,653.0,0.719,3.814,10.628,12.562,37.008,32.495,3.783
17.74,7.053,603.0,648.0,606.0,660.0,0.701,4.779,6.448,12.612,36.81,32.339,3.799
17.76,7.053,606.0,651.0,619.0,660.0,0.66,6.061,7.898,12.677,36.615,32.179,3.814
17.78,7.053,616.0,659.0,622.0,669.0,0.636,5.861,7.635,12.757,36.42,32.015,3.829
17.8,6.656,626.0,663.0,633.0,669.0,0.611,6.862,9.461,12.853,36.227,31.847,3.843
17.82,6.656,633.0,668.0,641.0,677.0,0.59,7.348,8.413,12.966,36.038,31.673,3.854
17.84,6.246,640.0,677.0,651.0,683.0,0.583,7.964,7.067,13.092,35.846,31.498,3.867
17.86,6.246,646.0,682.0,659.0,692.0,0.561,7.3,6.536,13.23,35.654,31.318,3.879
17.88,5.834,666.0,690.0,664.0,698.0,0.53,6.682,7.162,13.375,35.462,31.134,3.891
17.9,5.834,680.0,696.0,671.0,704.0,0.478,7.319,8.975,13.578,35.24,30.94,3.903
17.92,5.834,676.0,702.0,679.0,711.0,0.445,7.995,7.492,13.78,35.015,30.742,3.914
17.94,5.242,680.0,706.0,692.0,719.0,0.423,8.05,2.289,13.933,34.819,30.546,3.924
17.96,5.242,694.0,716.0,700.0,726.0,0.412,8.683,4.917,14.086,34.623,30.346,3.934
17.98,4.586,702.0,720.0,710.0,735.0,0.397,9.219,9.712,14.243,34.427,30.142,3.943
18.0,4.586,710.0,732.0,717.0,749.0,0.366,10.071,5.022,14.408,34.231,29.934,3.952
18.02,4.586,718.0,739.0,728.0,753.0,0.347,8.184,2.158,14.551,34.05,29.728,3.96
18.04,3.93,745.0,750.0,732.0,758.0,0.33,6.797,2.168,14.731,33.853,29.511,3.968
18.06,3.93,788.0,754.0,741.0,761.0,0.29,7.135,6.248,14.904,33.656,29.291,3.976
18.08,3.29,793.0,762.0,747.0,766.0,0.204,7.864,7.288,15.067,33.457,29.067,3.983
18.1,3.29,763.0,762.0,757.0,769.0,0.139,6.857,1.565,15.225,33.258,28.839,3.989
18.12,3.29,762.0,770.0,760.0,772.0,0.11,6.257,-2.006,15.418,33.052,28.585,3.994
18.14,2.65,773.0,774.0,769.0,777.0,0.107,6.62,4.238,15.554,32.852,28.349,3.999
18.16,2.65,777.0,783.0,774.0,783.0,0.071,6.122,2.303,15.691,32.651,28.11,4.002
18.18,2.65,779.0,785.0,783.0,787.0,0.023,3.858,-2.952,15.825,32.449,27.868,4.005
18.2,2.026,793.0,791.0,786.0,790.0,0.013,2.985,-0.949,16.004,32.231,27.604,4.007
18.22,2.026,798.0,790.0,792.0,795.0,-0.013,3.1,2.663,16.169,32.01,27.337,4.009
18.24,1.341,794.0,792.0,795.0,795.0,-0.075,1.665,-1.83,16.27,31.804,27.087,4.01
18.26,1.341,788.0,788.0,797.0,793.0,-0.134,-1.315,-4.199,16.351,31.596,26.835,4.01
18.28,0.608,791.0,783.0,787.0,786.0,-0.166,-3.66,-3.27,16.404,31.388,26.583,4.009
18.3,0.608,793.0,776.0,785.0,777.0,-0.196,-4.152,-3.55,16.422,31.159,26.347,4.007
18.32,0.608,789.0,773.0,782.0,761.0,-0.276,-5.724,-5.517,16.406,30.926,26.114,4.004
18.34,-0.099,779.0,764.0,777.0,759.0,-0.336,-5.673,-7.253,16.359,30.712,25.866,4.001
18.36,-0.099,781.0,757.0,775.0,753.0,-0.346,-4.812,-3.767,16.281,30.497,25.62,3.997
18.38,-0.099,778.0,749.0,775.0,749.0,-0.363,-3.654,-5.658,16.185,30.283,25.376,3.992
18.4,-0.874,772.0,747.0,770.0,745.0,-0.404,-2.394,-10.227,16.064,30.08,25.137,3.987
18.42,-0.874,770.0,745.0,771.0,745.0,-0.436,-1.28,-8.925,15.946,29.879,24.9,3.98
18.44,-1.648,779.0,744.0,770.0,744.0,-0.448,0.157,-6.235,15.867,29.665,24.664,3.973
18.46,-1.648,775.0,741.0,774.0,746.0,-0.466,0.462,-6.728,15.812,29.45,24.431,3.965
18.48,-1.648,772.0,740.0,773.0,745.0,-0.521,0.734,-8.732,15.779,29.234,24.201,3.956
18.5,-2.458,769.0,736.0,776.0,743.0,-0.547,-0.226,-6.985,15.765,29.023,23.965,3.948
18.52,-2.458,775.0,736.0,777.0,742.0,-0.565,-0.187,-10.588,15.761,28.812,23.73,3.939
18.54,-3.165,777.0,734.0,776.0,740.0,-0.592,1.015,-9.027,15.757,28.591,23.505,3.929
18.56,-3.165,774.0,737.0,777.0,739.0,-0.657,1.326,-14.808,15.755,28.368,23.283,3.918
18.58,-3.165,777.0,738.0,777.0,738.0,-0.686,0.993,-10.861,15.759,28.143,23.062,3.907
18.6,-3.84,782.0,736.0,777.0,736.0,-0.703,0.646,-6.147,15.844,27.871,22.841,3.894
18.62,-3.84,779.0,732.0,778.0,737.0,-0.688,-0.514,-6.759,15.856,27.637,22.627,3.882
18.64,-4.461,771.0,730.0,778.0,736.0,-0.666,-0.459,-9.222,15.871,27.4,22.416,3.868
18.66,-4.461,768.0,729.0,779.0,735.0,-0.62,-0.942,-15.686,15.88,27.16,22.208,3.855
18.68,-4.461,768.0,734.0,773.0,735.0,-0.591,-0.069,-14.13,15.879,26.918,22.003,3.841
18.7,-5.034,769.0,730.0,772.0,733.0,-0.633,0.844,-5.175,15.872,26.673,21.8,3.828
18.72,-5.034,772.0,730.0,770.0,734.0,-0.734,2.081,-7.471,15.562,26.558,21.66,3.824
18.74,-5.44,778.0,727.0,777.0,731.0,-0.821,1.306,-13.612,15.56,26.317,21.463,3.811
18.76,-5.44,781.0,727.0,781.0,730.0,-0.837,0.945,-13.531,15.569,26.073,21.271,3.798
18.78,-5.44,780.0,728.0,781.0,730.0,-0.83,1.0,-11.336,15.585,25.825,21.081,3.784
18.8,-5.859,777.0,725.0,780.0,730.0,-0.833,-0.012,-10.5,15.645,25.562,20.878,3.767
18.82,-5.859,778.0,724.0,783.0,730.0,-0.777,-1.107,-13.364,15.703,25.296,20.678,3.749
18.84,-6.262,777.0,726.0,781.0,728.0,-0.765,-0.119,-14.818,15.711,25.039,20.497,3.732
18.86,-6.262,775.0,723.0,778.0,728.0,-0.76,-0.09,-16.764,15.713,24.779,20.319,3.716
18.88,-6.262,773.0,728.0,775.0,730.0,-0.783,0.868,-14.368,15.714,24.517,20.146,3.7
18.9,-6.448,779.0,726.0,776.0,730.0,-0.796,1.272,-8.827,15.746,24.239,19.979,3.686
18.92,-6.448,781.0,727.0,778.0,730.0,-0.802,0.232,-6.796,15.784,23.957,19.817,3.672
18.94,-6.534,778.0,729.0,780.0,731.0,-0.788,1.203,-11.717,15.803,23.685,19.657,3.656
18.96,-6.534,776.0,729.0,781.0,732.0,-0.798,3.001,-13.623,15.826,23.41,19.502,3.64
18.98,-6.534,783.0,732.0,782.0,737.0,-0.785,3.225,-13.569,15.855,23.132,19.349,3.624
19.0,-6.634,784.0,735.0,787.0,741.0,-0.783,4.192,-8.959,15.864,22.862,19.202,3.61
19.02,-6.634,785.0,738.0,789.0,749.0,-0.8,4.128,-9.5,15.881,22.59,19.058,3.595
19.04,-6.566,785.0,740.0,794.0,754.0,-0.79,4.413,-11.586,15.934,22.306,18.916,3.579
19.06,-6.566,793.0,743.0,791.0,750.0,-0.723,2.508,-12.011,15.997,22.018,18.778,3.563
19.08,-6.566,790.0,747.0,792.0,749.0,-0.66,1.799,-10.445,16.058,21.727,18.643,3.548
19.1,-6.448,787.0,754.0,790.0,750.0,-0.624,2.316,-7.806,16.105,21.436,18.522,3.535
19.12,-6.448,787.0,764.0,790.0,753.0,-0.584,3.335,-10.813,16.148,21.142,18.406,3.522
19.14,-6.262,794.0,756.0,791.0,756.0,-0.567,4.031,-13.011,16.195,20.843,18.283,3.509
19.16,-6.262,795.0,760.0,794.0,759.0,-0.545,3.056,-6.847,16.245,20.541,18.163,3.496
19.18,-6.262,793.0,764.0,796.0,762.0,-0.539,2.174,-5.383,16.298,20.237,18.048,3.484
19.2,-5.91,796.0,774.0,794.0,765.0,-0.525,1.667,-5.321,16.355,19.931,17.935,3.472
19.22,-5.91,803.0,768.0,798.0,770.0,-0.488,1.524,-10.575,16.241,19.692,17.873,3.465
19.24,-5.507,799.0,770.0,794.0,769.0,-0.44,0.076,-10.181,16.294,19.384,17.768,3.454
19.26,-5.507,788.0,764.0,791.0,767.0,-0.419,-1.19,-3.205,16.333,19.074,17.666,3.444
19.28,-5.507,782.0,762.0,781.0,760.0,-0.418,-4.126,-2.675,16.355,18.763,17.567,3.434
19.3,-5.12,781.0,752.0,778.0,740.0,-0.406,-6.993,-4.771,16.365,18.445,17.477,3.427
19.32,-5.12,769.0,749.0,766.0,733.0,-0.422,-7.78,-8.655,16.341,18.126,17.391,3.42
19.34,-4.682,760.0,742.0,766.0,729.0,-0.402,-7.803,-5.459,16.265,17.812,17.3,3.411
19.36,-4.682,757.0,734.0,755.0,707.0,-0.384,-8.286,-4.498,16.158,17.5,17.212,3.403
19.38,-4.682,750.0,726.0,749.0,696.0,-0.353,-8.544,-4.118,16.024,17.189,17.127,3.395
19.4,-4.176,739.0,716.0,743.0,700.0,-0.312,-8.693,-4.133,15.869,16.88,17.045,3.387
19.42,-4.176,725.0,710.0,731.0,704.0,-0.278,-8.446,-8.247,15.507,16.664,16.988,3.382
19.44,-3.686,718.0,702.0,719.0,700.0,-0.23,-8.016,-3.445,15.343,16.364,16.912,3.375
19.46,-3.686,710.0,691.0,709.0,694.0,-0.188,-8.429,-0.593,15.176,16.068,16.838,3.368
19.48,-3.686,700.0,683.0,702.0,689.0,-0.16,-7.851,-2.975,15.007,15.774,16.767,3.363
19.5,-3.2,687.0,680.0,692.0,682.0,-0.145,-6.876,-3.206,14.845,15.482,16.696,3.36
19.52,-3.2,682.0,676.0,684.0,677.0,-0.113,-6.029,-1.863,14.691,15.193,16.626,3.359
19.54,-2.694,674.0,667.0,674.0,670.0,-0.073,-7.097,1.897,14.539,14.908,16.561,3.355
19.56,-2.694,661.0,661.0,670.0,662.0,-0.04,-7.361,0.358,14.391,14.625,16.497,3.352
19.58,-2.694,649.0,656.0,661.0,656.0,0.009,-7.611,-0.979,14.246,14.345,16.434,3.35
19.6,-2.154,638.0,651.0,650.0,649.0,0.026,-7.355,-0.006,14.103,14.068,16.373,3.349
19.61,-2.154,624.0,642.0,643.0,649.0,0.034,-7.747,1.624,13.895,13.991,16.373,3.352
19.64,-1.565,624.0,638.0,634.0,641.0,0.088,-7.564,3.339,13.671,13.586,16.285,3.351
19.65,-1.565,619.0,632.0,624.0,632.0,0.115,-7.538,3.471,13.594,13.453,16.256,3.351
19.67,-1.565,610.0,627.0,610.0,623.0,0.154,-6.66,1.695,13.44,13.189,16.198,3.352
19.69,-0.96,600.0,622.0,597.0,619.0,0.188,-6.359,0.48,13.288,12.927,16.14,3.353
19.71,-0.96,595.0,612.0,592.0,614.0,0.222,-6.471,4.104,13.08,12.7,16.081,3.358
19.73,-0.32,587.0,607.0,584.0,607.0,0.229,-6.268,4.0,12.939,12.446,16.022,3.361
19.75,-0.32,585.0,602.0,577.0,599.0,0.266,-6.409,5.076,12.804,12.195,15.963,3.364
19.77,-0.32,576.0,601.0,571.0,597.0,0.289,-5.859,4.053,12.673,11.947,15.903,3.368
19.79,0.256,570.0,595.0,564.0,593.0,0.319,-5.166,3.71,12.546,11.702,15.843,3.373
19.81,0.256,565.0,589.0,557.0,589.0,0.336,-5.206,4.384,12.409,11.467,15.78,3.38
19.83,0.944,558.0,585.0,552.0,583.0,0.36,-5.07,5.77,12.293,11.228,15.717,3.385
19.85,0.944,551.0,582.0,544.0,579.0,0.412,-4.283,5.58,12.183,10.991,15.654,3.392
19.87,0.944,546.0,583.0,537.0,576.0,0.481,-4.599,6.017,12.082,10.757,15.589,3.398
19.89,1.722,540.0,578.0,534.0,575.0,0.539,-4.237,8.771,11.986,10.526,15.523,3.406
19.91,1.722,534.0,578.0,529.0,575.0,0.582,-3.412,6.873,11.958,10.264,15.462,3.418
19.93,2.544,531.0,575.0,526.0,573.0,0.619,-3.418,7.61,11.871,10.035,15.393,3.427
19.95,2.544,530.0,575.0,523.0,573.0,0.657,-2.795,9.501,11.79,9.809,15.322,3.438
19.97,2.544,525.0,574.0,519.0,571.0,0.701,-2.44,8.837,11.716,9.586,15.249,3.449
19.99,3.35,525.0,574.0,521.0,572.0,0.73,-1.843,7.792,11.652,9.364,15.174,3.461
20.01,3.35,518.0,568.0,521.0,576.0,0.748,-0.088,10.518,11.523,9.176,15.11,3.475
20.03,4.189,517.0,568.0,521.0,572.0,0.759,-0.237,7.65,11.407,8.993,15.046,3.489
20.05,4.189,517.0,570.0,520.0,575.0,0.749,-0.375,8.367,11.38,8.78,14.964,3.504
20.07,4.189,517.0,570.0,522.0,575.0,0.772,-0.095,11.64,11.363,8.569,14.878,3.518
20.09,5.056,521.0,572.0,523.0,575.0,0.815,0.511,12.295,11.355,8.36,14.79,3.533
20.11,5.056,519.0,573.0,522.0,577.0,0.838,0.851,8.809,11.389,8.139,14.69,3.549
20.13,5.866,514.0,574.0,520.0,578.0,0.882,1.072,7.438,11.394,7.932,14.594,3.565
20.15,5.866,513.0,578.0,521.0,581.0,0.891,0.156,10.344,11.405,7.727,14.494,3.581
20.17,5.866,513.0,577.0,518.0,579.0,0.881,-0.506,9.757,11.419,7.523,14.391,3.597
20.19,6.582,519.0,576.0,519.0,578.0,0.871,-0.468,11.473,11.431,7.321,14.284,3.614
20.21,6.582,524.0,576.0,518.0,577.0,0.829,-0.158,7.422,11.407,7.129,14.187,3.633
20.23,6.749,523.0,575.0,518.0,573.0,0.741,-0.59,7.427,11.41,6.93,14.074,3.65
20.25,6.749,523.0,572.0,523.0,573.0,0.644,0.206,7.357,11.405,6.734,13.958,3.667
20.27,6.749,528.0,568.0,529.0,573.0,0.567,2.09,5.139,11.4,6.539,13.839,3.683
20.29,6.672,533.0,567.0,533.0,571.0,0.509,2.415,5.803,11.404,6.346,13.718,3.698
20.31,6.672,540.0,568.0,539.0,570.0,0.426,1.715,5.58,11.497,6.135,13.564,3.706
20.33,6.202,543.0,569.0,543.0,570.0,0.352,1.835,1.371,11.524,5.944,13.436,3.718
20.35,6.202,542.0,564.0,540.0,568.0,0.286,-1.128,1.573,11.559,5.754,13.305,3.728
20.37,6.202,535.0,560.0,539.0,564.0,0.243,-3.838,1.413,11.59,5.564,13.173,3.737
20.39,5.606,534.0,553.0,534.0,556.0,0.23,-8.244,3.125,11.599,5.375,13.039,3.744
20.41,5.606,532.0,547.0,527.0,547.0,0.189,-8.262,1.257,11.584,5.172,12.91,3.747
20.43,4.752,523.0,537.0,522.0,537.0,0.172,-7.514,1.295,11.512,4.984,12.776,3.753
20.45,4.752,518.0,529.0,511.0,521.0,0.131,-7.637,-1.893,11.402,4.797,12.642,3.757
20.47,4.752,512.0,521.0,504.0,519.0,0.063,-6.756,-2.776,11.264,4.613,12.509,3.761
20.49,3.67,505.0,514.0,496.0,507.0,0.005,-7.517,0.133,11.114,4.432,12.377,3.765
20.51,3.67,503.0,500.0,492.0,497.0,-0.044,-7.897,-1.214,10.879,4.287,12.266,3.767
20.53,3.67,497.0,493.0,491.0,488.0,-0.107,-7.485,-2.202,10.73,4.112,12.138,3.769
20.55,2.301,492.0,483.0,486.0,477.0,-0.173,-6.759,-3.627,10.58,3.94,12.012,3.769
20.57,2.301,487.0,475.0,480.0,463.0,-0.255,-5.414,-4.513,10.433,3.769,11.889,3.768
20.59,0.762,484.0,467.0,478.0,438.0,-0.341,-4.821,-4.814,10.291,3.6,11.768,3.766
20.61,0.762,479.0,459.0,476.0,418.0,-0.427,-5.921,-6.242,10.112,3.451,11.664,3.761
20.63,0.762,479.0,450.0,472.0,418.0,-0.503,-5.198,-6.312,9.99,3.286,11.549,3.756
20.65,-0.79,477.0,444.0,472.0,417.0,-0.567,-4.368,-7.057,9.877,3.122,11.436,3.75
20.67,-0.79,475.0,438.0,468.0,410.0,-0.637,-3.96,-8.275,9.773,2.959,11.327,3.741
20.69,-2.49,472.0,430.0,466.0,411.0,-0.708,-3.739,-6.124,9.676,2.796,11.22,3.732
20.71,-2.49,474.0,428.0,465.0,408.0,-0.761,-2.5,-7.388,9.556,2.645,11.126,3.719
20.73,-2.49,467.0,423.0,463.0,416.0,-0.781,-2.483,-9.775,9.479,2.482,11.026,3.706
20.75,-4.022,467.0,418.0,463.0,416.0,-0.768,-2.237,-7.448,9.415,2.319,10.93,3.693
20.77,-4.022,467.0,414.0,463.0,415.0,-0.759,-0.707,-6.314,9.36,2.156,10.837,3.678
20.79,-5.622,465.0,411.0,463.0,415.0,-0.792,-0.248,-9.241,9.318,1.992,10.747,3.663
20.81,-5.622,464.0,417.0,461.0,413.0,-0.82,0.082,-9.538,9.278,1.839,10.648,3.652
20.83,-5.622,465.0,415.0,464.0,413.0,-0.839,0.085,-6.578,9.259,1.674,10.562,3.636
20.85,-7.174,463.0,413.0,463.0,412.0,-0.876,-0.002,-6.78,9.251,1.508,10.48,3.621
20.87,-7.174,463.0,410.0,464.0,411.0,-0.899,0.315,-7.564,9.253,1.341,10.401,3.604
20.89,-8.89,465.0,409.0,465.0,410.0,-0.934,0.242,-11.362,9.26,1.172,10.324,3.587
20.91,-8.89,466.0,410.0,466.0,409.0,-0.989,0.675,-9.899,9.217,1.027,10.255,3.572
20.93,-8.89,470.0,411.0,468.0,413.0,-1.101,0.962,-7.813,9.174,0.882,10.189,3.557
20.95,-10.272,474.0,410.0,473.0,419.0,-1.176,1.93,-8.765,9.186,0.711,10.121,3.538
20.97,-10.272,475.0,409.0,476.0,417.0,-1.169,3.241,-10.058,9.205,0.539,10.055,3.517
20.99,-11.248,475.0,413.0,480.0,414.0,-1.074,2.66,-10.816,9.237,0.366,9.993,3.496
21.01,-11.248,476.0,415.0,479.0,420.0,-0.971,2.797,-7.757,9.331,0.166,9.925,3.472
21.03,-11.248,477.0,421.0,477.0,420.0,-0.903,4.129,-6.018,9.38,-0.013,9.87,3.45
21.05,-11.635,479.0,427.0,483.0,429.0,-0.839,5.875,-5.223,9.44,-0.194,9.817,3.429
21.07,-11.635,482.0,434.0,486.0,437.0,-0.779,6.595,-6.566,9.516,-0.376,9.768,3.409
21.09,-11.603,485.0,443.0,489.0,443.0,-0.721,6.919,-6.355,9.605,-0.562,9.721,3.39
21.11,-11.603,490.0,452.0,493.0,450.0,-0.677,6.394,-5.016,9.715,-0.748,9.675,3.384
21.13,-11.603,502.0,469.0,498.0,455.0,-0.625,5.957,-2.992,9.835,-0.938,9.632,3.368
21.15,-11.267,518.0,511.0,501.0,464.0,-0.586,7.574,-4.507,9.964,-1.131,9.59,3.353
21.17,-11.267,529.0,543.0,507.0,470.0,-0.546,9.759,-6.397,10.096,-1.327,9.549,3.34
21.19,-10.861,527.0,526.0,515.0,481.0,-0.519,9.905,-5.301,10.244,-1.527,9.51,3.327
21.21,-10.861,533.0,507.0,525.0,492.0,-0.506,9.392,-3.12,10.333,-1.697,9.483,3.319
21.23,-10.861,544.0,507.0,533.0,501.0,-0.496,7.286,-3.398,10.432,-1.869,9.457,3.311
21.25,-10.189,580.0,524.0,538.0,509.0,-0.477,8.501,-4.071,10.61,-2.076,9.422,3.3
21.27,-10.189,621.0,530.0,547.0,522.0,-0.454,8.82,-3.026,10.791,-2.287,9.389,3.29
21.29,-9.094,647.0,536.0,555.0,542.0,-0.433,9.163,-2.671,10.968,-2.502,9.356,3.28
21.31,-9.094,662.0,547.0,562.0,548.0,-0.392,7.616,-4.206,11.145,-2.723,9.336,3.273
21.33,-9.094,674.0,557.0,566.0,544.0,-0.359,7.512,-5.895,11.315,-2.945,9.306,3.264
21.35,-7.914,688.0,558.0,572.0,551.0,-0.34,7.609,-2.175,11.484,-3.171,9.277,3.255
21.37,-7.914,671.0,570.0,579.0,558.0,-0.36,8.605,-1.473,11.648,-3.4,9.249,3.247
21.39,-6.835,624.0,576.0,589.0,565.0,-0.373,7.507,-4.954,11.81,-3.633,9.222,3.24
21.41,-6.835,593.0,578.0,593.0,572.0,-0.345,6.099,-4.223,11.899,-3.84,9.218,3.234
21.43,-6.835,595.0,583.0,595.0,577.0,-0.317,5.133,-2.209,12.048,-4.078,9.195,3.227
21.45,-5.91,602.0,590.0,599.0,582.0,-0.282,4.727,-2.389,12.188,-4.319,9.173,3.22
21.47,-5.91,605.0,592.0,599.0,588.0,-0.244,3.859,-3.106,12.317,-4.563,9.153,3.213
21.49,-5.069,606.0,596.0,601.0,591.0,-0.193,3.422,-1.799,12.429,-4.809,9.133,3.207
21.51,-5.069,604.0,596.0,604.0,597.0,-0.145,2.013,0.272,12.453,-5.026,9.131,3.204
21.53,-5.069,602.0,598.0,603.0,595.0,-0.109,-1.038,-0.633,12.534,-5.276,9.115,3.199
21.55,-4.31,600.0,594.0,595.0,591.0,-0.081,-3.575,0.848,12.59,-5.526,9.099,3.195
21.57,-4.31,595.0,589.0,593.0,588.0,-0.056,-5.193,0.467,12.612,-5.778,9.083,3.192
21.59,-3.45,584.0,585.0,588.0,580.0,-0.029,-6.886,-2.158,12.598,-6.03,9.068,3.189
21.61,-3.45,572.0,577.0,578.0,572.0,-0.013,-8.436,0.08,12.531,-6.276,9.061,3.19
21.63,-3.45,559.0,572.0,569.0,563.0,0.025,-9.029,1.508,12.435,-6.525,9.047,3.189
21.65,-2.608,543.0,563.0,558.0,553.0,0.068,-9.493,2.048,12.308,-6.773,9.032,3.188
21.67,-2.608,540.0,555.0,551.0,544.0,0.093,-8.876,2.024,12.157,-7.017,9.018,3.188
21.69,-1.834,536.0,550.0,538.0,535.0,0.117,-9.271,1.037,11.991,-7.259,9.003,3.189
21.71,-1.834,528.0,540.0,530.0,530.0,0.13,-8.736,1.112,11.741,-7.464,9.008,3.193
21.73,-1.834,516.0,533.0,519.0,522.0,0.136,-8.945,1.209,11.559,-7.697,8.994,3.194
21.74,-1.11,508.0,524.0,507.0,522.0,0.138,-9.113,1.582,11.468,-7.812,8.987,3.195
21.76,-1.11,501.0,514.0,493.0,513.0,0.156,-8.374,2.367,11.287,-8.039,8.973,3.198
21.78,-0.403,495.0,508.0,482.0,500.0,0.178,-7.552,3.427,11.109,-8.263,8.958,3.2
21.8,-0.403,488.0,504.0,468.0,482.0,0.208,-7.392,1.875,10.898,-8.466,8.952,3.204
21.82,-0.403,480.0,494.0,453.0,474.0,0.228,-8.061,2.123,10.694,-8.664,8.947,3.207
21.84,0.195,468.0,487.0,450.0,470.0,0.24,-8.893,2.272,10.533,-8.876,8.932,3.211
21.86,0.195,457.0,480.0,441.0,470.0,0.238,-8.42,1.648,10.372,-9.085,8.917,3.215
21.88,0.195,450.0,471.0,424.0,462.0,0.26,-8.014,2.95,10.209,-9.29,8.901,3.219
21.9,0.762,445.0,465.0,409.0,449.0,0.301,-7.869,4.426,10.043,-9.493,8.884,3.224
21.92,0.762,437.0,460.0,409.0,428.0,0.344,-7.959,3.066,9.747,-9.631,8.875,3.23
21.94,1.232,427.0,451.0,396.0,413.0,0.34,-7.793,0.897,9.579,-9.823,8.857,3.236
21.96,1.232,418.0,442.0,375.0,415.0,0.337,-8.006,3.095,9.415,-10.013,8.839,3.242
21.98,1.734,408.0,434.0,359.0,406.0,0.361,-7.544,3.388,9.254,-10.199,8.82,3.248
22.0,1.734,399.0,427.0,330.0,391.0,0.375,-7.414,1.556,9.091,-10.378,8.794,3.255
22.02,1.734,394.0,421.0,295.0,386.0,0.398,-6.921,2.699,8.93,-10.554,8.766,3.263
22.04,2.163,387.0,415.0,272.0,373.0,0.444,-7.154,4.59,8.777,-10.73,8.743,3.27
22.06,2.163,378.0,410.0,256.0,367.0,0.479,-8.135,4.115,8.626,-10.902,8.72,3.278
22.08,2.163,366.0,403.0,238.0,380.0,0.506,-8.591,5.46,8.477,-11.072,8.696,3.286
22.1,2.787,359.0,396.0,218.0,387.0,0.563,-7.505,6.443,8.326,-11.239,8.671,3.295
22.12,2.787,347.0,391.0,179.0,383.0,0.593,-6.651,7.082,8.134,-11.381,8.644,3.307
22.14,3.715,341.0,386.0,125.0,377.0,0.621,-6.196,7.346,7.983,-11.54,8.616,3.317
22.16,3.715,329.0,381.0,125.0,371.0,0.659,-6.345,6.898,7.836,-11.696,8.587,3.328
22.18,4.934,325.0,376.0,71.0,368.0,0.729,-6.835,8.482,7.698,-11.848,8.555,3.34
22.2,4.934,320.0,372.0,47.0,369.0,0.812,-6.306,8.228,7.566,-12.003,8.538,3.355
22.22,4.934,315.0,373.0,44.0,368.0,0.9,-4.66,7.613,7.438,-12.155,8.521,3.371
22.24,6.49,311.0,373.0,43.0,368.0,0.98,-3.7,8.186,7.318,-12.299,8.486,3.386
22.26,6.49,303.0,371.0,54.0,367.0,1.038,-3.588,8.204,7.209,-12.439,8.449,3.402
22.28,8.349,299.0,370.0,88.0,368.0,1.101,-4.079,8.749,7.11,-12.577,8.409,3.419
22.3,8.349,295.0,368.0,128.0,365.0,1.161,-4.176,9.546,7.036,-12.712,8.351,3.441
22.32,8.349,292.0,368.0,165.0,363.0,1.222,-3.669,10.239,6.974,-12.844,8.288,3.465
22.34,10.512,288.0,368.0,200.0,362.0,1.269,-2.485,9.337,6.906,-12.974,8.237,3.487
22.36,10.512,287.0,366.0,216.0,362.0,1.322,-2.76,9.96,6.844,-13.1,8.183,3.51
22.38,12.829,287.0,369.0,232.0,362.0,1.377,-2.487,10.112,6.787,-13.225,8.126,3.534
22.4,12.829,284.0,369.0,249.0,361.0,1.418,-2.921,10.594,6.748,-13.345,8.054,3.56
22.42,12.829,284.0,369.0,270.0,360.0,1.421,-2.179,11.593,6.717,-13.462,7.977,3.588
22.44,15.296,282.0,367.0,269.0,359.0,1.393,-2.701,10.424,6.682,-13.578,7.909,3.615
22.46,15.296,279.0,366.0,270.0,357.0,1.372,-2.777,9.657,6.647,-13.691,7.837,3.643
22.48,17.734,278.0,363.0,268.0,357.0,1.391,-2.466,10.313,6.615,-13.801,7.762,3.671
22.5,17.734,277.0,365.0,263.0,355.0,1.433,-2.016,9.41,6.577,-13.904,7.686,3.698
22.52,17.734,277.0,365.0,263.0,355.0,1.492,-1.47,9.569,6.541,-14.005,7.607,3.726
22.54,20.112,274.0,366.0,261.0,357.0,1.53,-1.817,9.543,6.516,-14.106,7.523,3.754
22.56,20.112,270.0,365.0,258.0,356.0,1.555,-2.31,10.244,6.494,-14.204,7.437,3.783
22.58,20.112,268.0,364.0,257.0,358.0,1.553,-2.344,10.76,6.474,-14.3,7.348,3.812
22.6,22.4,270.0,362.0,255.0,355.0,1.566,-2.912,12.078,6.444,-14.387,7.255,3.844
22.62,22.4,269.0,362.0,252.0,355.0,1.576,-2.623,11.705,6.411,-14.471,7.16,3.876
22.64,24.41,271.0,362.0,249.0,353.0,1.615,-2.802,11.007,6.382,-14.555,7.064,3.907
22.66,24.41,267.0,363.0,243.0,353.0,1.67,-2.621,8.851,6.349,-14.637,6.964,3.939
22.68,24.41,266.0,362.0,238.0,353.0,1.707,-2.426,9.221,6.316,-14.714,6.863,3.97
22.7,26.131,266.0,362.0,239.0,353.0,1.72,-2.712,10.837,6.261,-14.779,6.765,4.004
22.72,26.131,264.0,361.0,237.0,352.0,1.713,-3.29,11.195,6.207,-14.84,6.666,4.039
22.74,27.504,264.0,360.0,234.0,350.0,1.727,-3.391,11.557,6.177,-14.905,6.56,4.072
22.76,27.504,264.0,358.0,228.0,348.0,1.741,-2.788,11.705,6.144,-14.965,6.452,4.106
22.78,27.504,260.0,361.0,221.0,348.0,1.754,-2.854,9.812,6.11,-15.022,6.342,4.141
22.8,28.662,259.0,356.0,216.0,347.0,1.763,-2.942,9.83,6.073,-15.061,6.228,4.174
22.82,28.662,259.0,356.0,224.0,348.0,1.777,-2.567,10.326,6.039,-15.093,6.112,4.207
22.84,29.651,259.0,356.0,227.0,345.0,1.749,-2.188,9.882,6.01,-15.135,5.998,4.242
22.86,29.651,257.0,354.0,231.0,344.0,1.719,-2.317,10.56,5.985,-15.173,5.883,4.278
22.88,29.651,257.0,353.0,231.0,341.0,1.689,-2.091,10.732,5.963,-15.207,5.767,4.313
22.9,30.461,257.0,353.0,232.0,341.0,1.683,-1.792,9.934,5.929,-15.242,5.657,4.347
22.92,30.461,256.0,351.0,231.0,343.0,1.675,-1.176,9.389,5.898,-15.274,5.547,4.381
22.94,30.992,256.0,349.0,231.0,342.0,1.679,-0.949,10.904,5.888,-15.296,5.43,4.415
22.96,30.992,260.0,349.0,234.0,343.0,1.669,-1.063,11.644,5.883,-15.315,5.313,4.449
22.98,30.992,260.0,351.0,238.0,346.0,1.663,0.047,10.569,5.883,-15.329,5.195,4.483
23.0,31.206,260.0,353.0,240.0,345.0,1.657,0.2,9.3,5.892,-15.339,5.077,4.516
23.02,31.206,260.0,351.0,243.0,348.0,1.645,0.753,8.823,5.844,-15.342,4.986,4.545
23.04,31.328,262.0,352.0,247.0,351.0,1.647,0.885,10.788,5.868,-15.345,4.868,4.578
23.06,31.328,264.0,352.0,248.0,354.0,1.648,0.809,11.469,5.9,-15.344,4.749,4.612
23.08,31.328,267.0,355.0,250.0,356.0,1.666,0.842,9.898,5.938,-15.338,4.63,4.645
23.1,31.36,270.0,360.0,256.0,359.0,1.709,0.89,9.106,5.989,-15.327,4.506,4.677
23.12,31.36,271.0,363.0,265.0,369.0,1.756,1.59,9.626,6.042,-15.313,4.381,4.71
23.14,31.389,270.0,366.0,268.0,380.0,1.779,2.149,9.949,6.089,-15.295,4.26,4.744
23.16,31.389,273.0,368.0,265.0,383.0,1.789,2.416,10.195,6.14,-15.273,4.139,4.778
23.18,31.389,274.0,372.0,267.0,383.0,1.758,1.598,10.832,6.198,-15.247,4.017,4.813
23.2,31.421,274.0,374.0,271.0,377.0,1.698,1.71,11.417,6.261,-15.217,3.896,4.848
23.22,31.421,277.0,374.0,278.0,380.0,1.658,1.841,10.45,6.308,-15.195,3.775,4.882
23.24,31.434,277.0,377.0,289.0,381.0,1.652,2.118,9.399,6.373,-15.158,3.653,4.917
23.26,31.434,279.0,377.0,298.0,389.0,1.672,2.761,9.59,6.438,-15.117,3.532,4.951
23.28,31.434,283.0,379.0,297.0,399.0,1.689,2.493,10.976,6.501,-15.071,3.41,4.985
23.3,31.421,288.0,381.0,291.0,403.0,1.701,1.487,11.979,6.565,-15.022,3.289,5.019
23.32,31.421,291.0,385.0,294.0,396.0,1.693,0.311,12.629,6.583,-14.99,3.173,5.05
23.34,31.162,294.0,388.0,300.0,395.0,1.682,0.478,11.665,6.636,-14.934,3.053,5.084
23.36,31.162,295.0,391.0,308.0,398.0,1.669,0.917,10.827,6.683,-14.873,2.933,5.118
23.38,31.162,297.0,393.0,315.0,404.0,1.681,1.424,11.011,6.726,-14.809,2.816,5.151
23.4,30.72,301.0,396.0,313.0,413.0,1.719,1.546,11.756,6.766,-14.74,2.699,5.185
23.42,30.72,306.0,398.0,305.0,415.0,1.754,0.735,10.773,6.825,-14.674,2.567,5.219
23.44,29.926,307.0,403.0,312.0,414.0,1.761,0.555,10.149,6.866,-14.597,2.454,5.253
23.46,29.926,307.0,407.0,321.0,413.0,1.75,0.663,10.564,6.905,-14.516,2.342,5.287
23.48,29.926,304.0,408.0,319.0,417.0,1.727,1.267,12.802,6.943,-14.431,2.232,5.322
23.5,28.874,309.0,409.0,309.0,420.0,1.681,0.423,14.154,7.017,-14.335,2.109,5.358
23.52,28.874,315.0,409.0,311.0,415.0,1.646,0.277,14.04,7.086,-14.234,1.987,5.395
23.54,27.594,319.0,412.0,315.0,415.0,1.627,0.659,11.026,7.113,-14.138,1.883,5.429
23.56,27.594,318.0,413.0,320.0,415.0,1.602,1.04,10.567,7.14,-14.037,1.782,5.463
23.58,27.594,317.0,413.0,321.0,418.0,1.578,1.221,10.262,7.166,-13.932,1.684,5.496
23.6,26.147,320.0,414.0,321.0,420.0,1.53,1.13,13.066,7.207,-13.818,1.586,5.529
23.62,26.147,324.0,414.0,317.0,418.0,1.486,-0.001,13.814,7.248,-13.7,1.492,5.562
23.64,24.486,326.0,414.0,317.0,414.0,1.439,0.268,10.621,7.274,-13.585,1.404,5.593
23.66,24.486,328.0,413.0,322.0,412.0,1.404,0.554,9.788,7.298,-13.466,1.319,5.624
23.68,24.486,324.0,416.0,326.0,415.0,1.36,0.418,10.692,7.32,-13.344,1.238,5.654
23.7,22.656,327.0,414.0,327.0,420.0,1.318,1.386,11.205,7.374,-13.208,1.156,5.683
23.72,22.656,335.0,413.0,328.0,415.0,1.27,0.906,11.476,7.429,-13.067,1.079,5.711
23.74,20.89,341.0,414.0,332.0,415.0,1.231,1.155,7.684,7.456,-12.936,1.008,5.738
23.76,20.89,345.0,415.0,337.0,415.0,1.185,1.443,7.272,7.486,-12.802,0.941,5.765
23.78,20.89,343.0,416.0,341.0,416.0,1.118,1.415,10.264,7.522,-12.666,0.877,5.79
23.8,19.168,345.0,413.0,343.0,416.0,1.042,1.588,9.397,7.56,-12.527,0.817,5.815
23.82,19.168,349.0,415.0,347.0,417.0,0.999,2.311,7.829,7.568,-12.404,0.743,5.836
23.84,17.645,352.0,414.0,354.0,419.0,0.981,3.141,7.125,7.608,-12.263,0.687,5.859
23.86,17.645,359.0,416.0,358.0,422.0,0.959,3.581,6.612,7.654,-12.12,0.633,5.88
23.88,17.645,364.0,420.0,364.0,422.0,0.927,4.28,7.198,7.706,-11.975,0.582,5.901
23.9,16.227,369.0,424.0,369.0,429.0,0.901,4.047,6.517,7.81,-11.81,0.536,5.921
23.91,16.227,371.0,426.0,375.0,430.0,0.895,3.626,6.136,7.887,-11.717,0.516,5.931
23.94,14.902,376.0,429.0,384.0,434.0,0.861,4.806,7.528,8.008,-11.487,0.451,5.959
23.95,14.902,379.0,435.0,387.0,440.0,0.843,4.823,7.956,8.052,-11.409,0.43,5.968
23.97,14.902,385.0,438.0,396.0,446.0,0.824,5.962,6.095,8.146,-11.252,0.391,5.986
23.99,14.902,389.0,443.0,420.0,455.0,0.821,6.425,4.288,8.248,-11.093,0.354,6.004
24.01,14.902,400.0,451.0,453.0,468.0,0.833,7.78,5.422,8.41,-10.909,0.305,6.021
24.03,12.371,408.0,459.0,479.0,498.0,0.837,8.686,5.145,8.533,-10.743,0.271,6.038
24.05,12.371,416.0,468.0,482.0,532.0,0.828,9.264,5.615,8.672,-10.574,0.238,6.055
24.07,12.371,423.0,476.0,501.0,556.0,0.84,9.898,4.249,8.828,-10.402,0.207,6.071
24.09,11.136,430.0,487.0,532.0,566.0,0.852,9.368,4.132,8.999,-10.227,0.177,6.088
24.11,11.136,438.0,497.0,586.0,579.0,0.884,8.855,4.735,9.236,-10.024,0.142,6.107
24.13,11.136,446.0,506.0,642.0,600.0,0.92,8.544,4.876,9.427,-9.84,0.115,6.124
24.15,9.872,458.0,518.0,697.0,628.0,0.947,8.921,4.458,9.618,-9.651,0.089,6.142
24.17,9.872,467.0,528.0,746.0,651.0,0.989,10.247,6.18,9.804,-9.459,0.064,6.159
24.19,8.608,477.0,539.0,765.0,659.0,0.99,9.889,5.076,9.988,-9.263,0.041,6.177
24.21,8.608,488.0,552.0,784.0,653.0,1.003,10.335,5.615,10.114,-9.085,0.003,6.199
24.23,8.608,504.0,560.0,777.0,615.0,0.979,8.958,9.28,10.298,-8.882,-0.019,6.219
24.25,7.267,517.0,568.0,755.0,584.0,0.88,6.458,8.838,10.484,-8.676,-0.039,6.238
24.27,7.267,537.0,568.0,713.0,577.0,0.754,4.596,9.643,10.66,-8.465,-0.056,6.258
24.29,5.955,542.0,562.0,641.0,571.0,0.601,5.02,11.816,10.818,-8.251,-0.071,6.276
24.31,5.955,530.0,561.0,565.0,566.0,0.455,2.303,11.863,10.894,-8.06,-0.09,6.29
24.33,5.955,535.0,561.0,536.0,563.0,0.313,0.797,8.846,10.939,-7.867,-0.108,6.302
24.35,4.541,539.0,559.0,537.0,560.0,0.161,0.744,8.348,11.014,-7.648,-0.114,6.315
24.37,4.541,542.0,555.0,542.0,555.0,0.03,-0.156,6.672,11.066,-7.427,-0.116,6.325
24.39,3.274,548.0,550.0,547.0,552.0,-0.029,-0.221,5.302,11.099,-7.205,-0.114,6.332
24.41,3.274,553.0,550.0,548.0,548.0,-0.044,0.552,3.271,11.18,-6.961,-0.09,6.327
24.43,2.253,554.0,554.0,548.0,551.0,-0.021,2.129,-0.169,11.186,-6.737,-0.08,6.33
24.45,2.253,555.0,555.0,552.0,554.0,0.024,2.576,-1.408,11.195,-6.514,-0.067,6.33
24.47,2.253,559.0,565.0,552.0,557.0,0.064,3.015,0.297,11.211,-6.29,-0.053,6.33
24.49,1.462,590.0,573.0,557.0,562.0,0.115,2.843,-0.967,11.241,-6.066,-0.038,6.33
24.51,1.462,668.0,582.0,558.0,569.0,0.147,5.111,3.311,11.316,-5.825,-0.033,6.338
24.53,0.883,723.0,598.0,565.0,576.0,0.148,7.275,4.255,11.378,-5.599,-0.017,6.34
24.55,0.883,789.0,615.0,572.0,584.0,0.152,6.182,1.185,11.462,-5.371,-0.001,6.341
24.57,0.883,883.0,641.0,577.0,588.0,0.149,5.302,0.645,11.56,-5.142,0.015,6.344
24.59,0.426,985.0,669.0,585.0,594.0,0.142,6.726,2.389,11.667,-4.91,0.032,6.347
24.61,0.426,1073.0,720.0,596.0,604.0,0.084,9.136,3.727,11.856,-4.644,0.051,6.354
24.63,-0.016,1136.0,762.0,607.0,613.0,0.059,8.848,1.369,11.988,-4.407,0.07,6.357
24.65,-0.016,1165.0,798.0,617.0,621.0,0.051,8.487,-0.314,12.131,-4.167,0.091,6.359
24.67,-0.016,1098.0,838.0,629.0,632.0,0.03,10.694,0.858,12.283,-3.924,0.112,6.361
24.69,-0.522,1023.0,855.0,643.0,639.0,0.037,10.693,-3.391,12.454,-3.678,0.135,6.363
24.71,-0.522,954.0,835.0,656.0,653.0,0.025,14.609,1.812,12.795,-3.358,0.158,6.365
24.73,-0.522,878.0,796.0,670.0,668.0,-0.044,14.207,2.22,13.006,-3.102,0.181,6.366
24.75,-0.688,823.0,774.0,689.0,679.0,-0.077,11.116,-1.875,13.241,-2.841,0.205,6.367
24.77,-0.688,786.0,775.0,693.0,690.0,-0.098,11.37,-0.149,13.489,-2.576,0.23,6.367
24.79,-0.941,737.0,764.0,710.0,705.0,-0.1,12.871,-1.541,13.743,-2.305,0.255,6.366
24.81,-0.941,698.0,722.0,724.0,723.0,-0.107,12.606,-3.001,14.204,-1.933,0.283,6.365
24.83,-0.941,706.0,708.0,735.0,732.0,-0.122,10.417,-1.951,14.458,-1.648,0.309,6.364
24.85,-1.178,718.0,715.0,743.0,748.0,-0.143,10.021,-0.01,14.697,-1.358,0.334,6.362
24.87,-1.178,731.0,722.0,761.0,784.0,-0.168,9.151,-0.637,14.927,-1.064,0.36,6.359
24.89,-1.482,739.0,731.0,761.0,850.0,-0.207,9.384,-0.699,15.147,-0.765,0.385,6.357
24.91,-1.482,747.0,740.0,794.0,908.0,-0.233,9.545,-2.953,15.392,-0.442,0.413,6.356
24.93,-1.482,760.0,747.0,794.0,959.0,-0.247,9.467,-1.623,15.589,-0.133,0.438,6.352
24.95,-1.834,773.0,755.0,797.0,1033.0,-0.274,8.456,-1.76,15.782,0.179,0.463,6.349
24.97,-1.834,781.0,767.0,797.0,1114.0,-0.292,10.005,-5.113,15.969,0.495,0.487,6.344
24.99,-2.054,790.0,776.0,821.0,1159.0,-0.298,9.168,-5.38,16.156,0.815,0.511,6.339
25.01,-2.054,804.0,783.0,821.0,1192.0,-0.286,8.656,-1.639,16.35,1.145,0.518,6.335
25.03,-2.054,812.0,794.0,827.0,1207.0,-0.276,8.786,-3.314,16.535,1.472,0.539,6.33
25.05,-2.003,819.0,806.0,827.0,1200.0,-0.252,10.977,-5.508,16.717,1.804,0.559,6.324
25.07,-2.003,839.0,818.0,832.0,1156.0,-0.174,11.788,-5.235,16.904,2.139,0.577,6.318
25.09,-1.834,854.0,840.0,839.0,1096.0,-0.097,8.944,-1.004,17.1,2.478,0.594,6.313
25.11,-1.834,858.0,874.0,846.0,1036.0,-0.047,9.939,-0.925,17.128,2.744,0.619,6.315
25.13,-1.834,867.0,877.0,849.0,909.0,0.048,8.838,-3.288,17.324,3.087,0.635,6.312
25.15,-1.683,880.0,864.0,855.0,866.0,0.019,5.042,1.314,17.525,3.435,0.65,6.309
25.17,-1.683,866.0,865.0,853.0,862.0,0.003,3.431,2.767,17.7,3.787,0.664,6.308
25.19,-1.446,867.0,872.0,861.0,864.0,-0.055,3.518,-1.046,17.843,4.142,0.677,6.308
25.21,-1.446,880.0,872.0,866.0,868.0,-0.082,4.301,-2.821,17.954,4.498,0.674,6.311
25.23,-1.446,884.0,879.0,872.0,875.0,-0.08,3.782,1.553,18.051,4.858,0.687,6.311
25.25,-1.312,888.0,898.0,881.0,878.0,-0.083,3.731,2.72,18.127,5.219,0.699,6.31
25.27,-1.312,900.0,944.0,883.0,881.0,-0.095,4.538,-4.17,18.2,5.582,0.712,6.309
25.29,-1.229,903.0,910.0,891.0,886.0,-0.08,2.37,-4.186,18.278,5.946,0.725,6.308
25.31,-1.229,883.0,884.0,897.0,887.0,-0.07,3.513,2.042,18.245,6.262,0.75,6.306
25.33,-1.229,881.0,885.0,896.0,892.0,-0.078,3.134,0.987,18.309,6.627,0.763,6.305
25.35,-1.094,891.0,884.0,898.0,893.0,-0.101,3.329,-3.195,18.368,6.993,0.776,6.303
25.37,-1.094,892.0,887.0,900.0,898.0,-0.093,2.309,-1.468,18.424,7.361,0.789,6.301
25.39,-0.992,888.0,889.0,903.0,901.0,-0.065,1.364,-0.594,18.471,7.73,0.801,6.3
25.41,-0.992,862.0,881.0,902.0,901.0,-0.05,-1.844,-1.414,18.463,8.075,0.792,6.299
25.43,-0.992,790.0,763.0,898.0,901.0,-0.035,-3.206,-1.638,18.499,8.445,0.801,6.297
25.45,-0.874,874.0,825.0,895.0,901.0,-0.004,-0.198,1.524,18.512,8.815,0.81,6.296
25.47,-0.874,897.0,903.0,889.0,898.0,-0.032,9.557,-5.008,18.506,9.185,0.818,6.295
25.49,-0.822,929.0,915.0,903.0,899.0,-0.048,6.595,-1.166,18.532,9.555,0.826,6.294
25.51,-0.822,958.0,972.0,908.0,905.0,-0.055,3.148,4.176,18.442,9.861,0.834,6.295
25.53,-0.822,960.0,1016.0,911.0,909.0,-0.081,4.37,0.23,18.368,10.163,0.842,6.295
25.55,-0.774,990.0,989.0,918.0,913.0,-0.04,7.521,-5.043,18.46,10.531,0.85,6.294
25.57,-0.774,1010.0,967.0,920.0,917.0,0.042,9.865,1.846,18.579,10.901,0.858,6.293
25.59,-0.688,1010.0,1006.0,925.0,926.0,0.056,6.262,2.382,18.698,11.273,0.865,6.293
25.61,-0.688,1086.0,1077.0,933.0,938.0,0.069,3.95,-2.382,18.867,11.671,0.875,6.296
25.63,-0.688,1154.0,1113.0,935.0,942.0,0.079,5.242,2.692,18.988,12.049,0.884,6.296
25.65,-0.522,1147.0,1090.0,941.0,946.0,0.083,7.181,3.913,19.112,12.429,0.892,6.297
25.67,-0.522,1091.0,1068.0,947.0,956.0,0.055,6.434,2.995,19.242,12.813,0.9,6.298
25.69,-0.368,1048.0,1046.0,953.0,957.0,0.036,7.986,1.287,19.364,13.198,0.909,6.299
25.71,-0.368,1033.0,1011.0,962.0,965.0,0.062,4.481,0.449,19.661,13.668,0.921,6.301
25.73,-0.368,1031.0,992.0,965.0,976.0,0.066,5.926,2.966,19.792,14.062,0.932,6.303
25.75,-0.285,987.0,981.0,973.0,978.0,0.027,3.234,1.49,19.922,14.459,0.944,6.304
25.77,-0.285,977.0,984.0,978.0,981.0,0.04,1.607,-0.039,20.043,14.858,0.957,6.305
25.79,-0.202,980.0,985.0,975.0,984.0,0.067,1.784,2.556,20.145,15.26,0.97,6.306
25.81,-0.202,980.0,981.0,976.0,984.0,0.054,0.108,0.099,20.144,15.626,0.969,6.307
25.83,-0.202,978.0,986.0,978.0,985.0,0.051,0.25,-1.477,20.124,15.991,0.967,6.308
25.85,-0.202,978.0,985.0,976.0,988.0,0.045,0.666,4.638,20.166,16.394,0.979,6.309
25.87,-0.202,978.0,982.0,976.0,981.0,0.021,-0.24,2.17,20.192,16.797,0.993,6.31
25.89,-0.202,973.0,982.0,978.0,983.0,0.026,-1.413,-2.826,20.211,17.201,1.006,6.311
25.91,-0.202,976.0,981.0,977.0,987.0,0.04,-1.878,1.275,20.472,17.727,1.036,6.313
25.93,-0.202,972.0,981.0,974.0,980.0,0.034,-2.134,2.164,20.466,18.136,1.052,6.314
25.95,-0.032,959.0,976.0,973.0,978.0,0.038,-2.913,1.736,20.45,18.545,1.068,6.314
25.97,-0.032,967.0,976.0,971.0,971.0,0.049,-2.629,3.919,20.421,18.953,1.084,6.315
25.99,-0.048,962.0,972.0,964.0,969.0,0.056,-3.942,0.462,20.379,19.361,1.101,6.316
26.01,-0.048,946.0,968.0,966.0,969.0,0.06,-3.421,-2.876,20.44,19.821,1.136,6.319
26.03,-0.048,947.0,968.0,958.0,962.0,0.084,-6.343,7.033,20.379,20.229,1.156,6.32
26.05,-0.115,952.0,957.0,952.0,957.0,0.075,-6.172,7.554,20.303,20.635,1.176,6.321
26.07,-0.115,940.0,942.0,947.0,951.0,0.016,-6.478,-6.803,20.214,21.04,1.197,6.322
26.09,-0.182,943.0,945.0,939.0,949.0,0.011,-5.011,-3.671,20.111,21.443,1.219,6.323
26.1,-0.182,943.0,940.0,926.0,939.0,0.015,-6.112,1.648,19.981,21.61,1.224,6.324
26.12,-0.182,936.0,932.0,930.0,927.0,0.016,-5.67,4.493,19.791,21.972,1.239,6.325
26.14,-0.202,924.0,917.0,921.0,927.0,-0.006,-8.723,-1.123,19.67,22.367,1.26,6.326
26.16,-0.202,911.0,915.0,914.0,921.0,-0.01,-8.95,-5.447,19.543,22.759,1.282,6.326
26.18,-0.285,906.0,918.0,905.0,912.0,0.013,-6.9,-0.852,19.405,23.148,1.304,6.326
26.2,-0.285,901.0,908.0,897.0,903.0,-0.01,-6.524,2.64,19.228,23.521,1.313,6.327
26.22,-0.285,895.0,900.0,890.0,883.0,-0.018,-7.205,1.764,19.077,23.904,1.333,6.327
26.24,-0.32,886.0,884.0,881.0,872.0,-0.047,-8.844,-0.225,18.921,24.284,1.352,6.327
26.26,-0.32,865.0,876.0,875.0,879.0,-0.047,-9.403,-2.61,18.761,24.661,1.371,6.327
26.28,-0.32,859.0,869.0,867.0,871.0,-0.041,-8.804,-0.208,18.6,25.034,1.389,6.326
26.3,-0.352,854.0,858.0,854.0,864.0,-0.028,-8.258,1.733,18.455,25.413,1.384,6.327
26.32,-0.352,855.0,854.0,843.0,845.0,-0.03,-5.964,1.147,18.284,25.781,1.4,6.326
26.34,-0.403,849.0,852.0,837.0,826.0,-0.026,-6.135,-1.045,18.116,26.145,1.416,6.325
26.36,-0.403,844.0,845.0,830.0,824.0,-0.032,-7.798,-3.364,17.957,26.506,1.432,6.325
26.38,-0.403,830.0,839.0,820.0,825.0,-0.03,-8.806,-1.255,17.804,26.863,1.448,6.324
26.4,-0.47,817.0,824.0,820.0,817.0,-0.034,-9.635,1.85,17.661,27.219,1.471,6.326
26.42,-0.47,814.0,820.0,815.0,812.0,-0.031,-9.568,0.899,17.51,27.571,1.487,6.325
26.44,-0.57,806.0,809.0,802.0,805.0,-0.026,-9.282,-1.579,17.347,27.919,1.503,6.325
26.46,-0.57,801.0,803.0,788.0,797.0,-0.023,-7.045,-2.22,17.171,28.265,1.518,6.324
26.48,-0.589,793.0,795.0,781.0,779.0,-0.019,-8.345,0.613,16.993,28.606,1.533,6.323
26.5,-0.589,782.0,785.0,773.0,778.0,-0.034,-9.266,-0.493,16.789,28.931,1.549,6.326
26.52,-0.589,774.0,771.0,759.0,767.0,-0.033,-8.637,-0.542,16.614,29.265,1.564,6.325
26.54,-0.64,768.0,763.0,756.0,757.0,-0.038,-8.408,0.918,16.441,29.596,1.579,6.324
26.56,-0.64,761.0,754.0,756.0,749.0,-0.059,-8.12,-1.076,16.271,29.923,1.592,6.324
26.58,-0.688,751.0,746.0,749.0,742.0,-0.086,-8.371,-4.756,16.096,30.247,1.606,6.323
26.6,-0.688,745.0,738.0,735.0,735.0,-0.084,-7.594,-1.782,15.92,30.567,1.619,6.322
26.62,-0.688,739.0,727.0,720.0,726.0,-0.079,-7.931,0.141,15.546,30.785,1.634,6.322
26.64,-0.739,732.0,722.0,716.0,717.0,-0.084,-7.291,-1.29,15.378,31.095,1.646,6.321
26.66,-0.739,721.0,720.0,710.0,708.0,-0.082,-7.244,-1.403,15.215,31.401,1.658,6.319
26.68,-0.739,720.0,714.0,707.0,695.0,-0.068,-6.757,-0.409,15.058,31.704,1.669,6.318
26.7,-0.806,711.0,709.0,701.0,687.0,-0.071,-6.512,-1.133,14.918,32.008,1.678,6.318
26.72,-0.806,703.0,699.0,695.0,672.0,-0.077,-7.821,-0.732,14.781,32.31,1.688,6.317
26.74,-0.806,690.0,693.0,687.0,672.0,-0.099,-7.98,-2.659,14.636,32.604,1.697,6.316
26.76,-0.806,674.0,683.0,679.0,673.0,-0.078,-9.665,-1.515,14.489,32.895,1.706,6.314
26.78,-0.874,670.0,674.0,672.0,664.0,-0.061,-9.096,1.468,14.334,33.184,1.714,6.313
26.8,-0.874,668.0,665.0,665.0,653.0,-0.059,-8.275,-0.076,14.283,33.52,1.728,6.314
26.82,-0.874,657.0,657.0,654.0,635.0,-0.065,-7.108,-1.422,14.114,33.804,1.736,6.312
26.84,-0.89,649.0,650.0,646.0,610.0,-0.052,-7.593,-1.764,13.946,34.085,1.744,6.311
26.86,-0.89,641.0,642.0,634.0,586.0,-0.051,-7.845,-1.251,13.781,34.363,1.751,6.309
26.88,-0.89,633.0,636.0,625.0,586.0,-0.046,-8.781,-1.156,13.621,34.637,1.758,6.308
26.9,-0.909,625.0,626.0,620.0,572.0,-0.042,-9.023,0.409,13.508,34.927,1.769,6.31
26.92,-0.909,616.0,619.0,611.0,564.0,-0.053,-9.198,-0.772,13.349,35.196,1.776,6.309
26.94,-0.925,609.0,610.0,603.0,564.0,-0.058,-9.821,-1.099,13.182,35.462,1.782,6.308
26.96,-0.925,602.0,599.0,593.0,574.0,-0.051,-9.853,-0.317,13.004,35.724,1.788,6.307
26.98,-0.925,593.0,591.0,581.0,573.0,-0.055,-10.176,-1.523,12.819,35.983,1.793,6.306
27.0,-0.874,583.0,580.0,569.0,568.0,-0.045,-9.659,-0.388,12.605,36.226,1.814,6.306
27.02,-0.874,572.0,572.0,555.0,555.0,-0.042,-9.442,-0.55,12.413,36.477,1.82,6.305
27.04,-0.822,561.0,561.0,542.0,543.0,-0.03,-11.165,-0.222,12.221,36.723,1.826,6.304
27.06,-0.822,554.0,551.0,539.0,534.0,-0.03,-11.077,0.211,12.027,36.966,1.832,6.303
27.08,-0.822,546.0,540.0,530.0,533.0,-0.032,-10.51,-1.336,11.828,37.205,1.837,6.303
27.1,-0.774,534.0,533.0,517.0,525.0,-0.036,-9.896,-2.103,11.583,37.419,1.848,6.304
27.12,-0.774,523.0,521.0,507.0,519.0,-0.029,-9.738,0.191,11.379,37.649,1.853,6.303
27.14,-0.723,511.0,512.0,501.0,509.0,-0.028,-9.478,-0.007,11.173,37.875,1.858,6.302
27.16,-0.723,504.0,501.0,495.0,498.0,-0.021,-8.975,0.157,10.972,38.097,1.863,6.302
27.18,-0.723,493.0,491.0,489.0,489.0,-0.016,-9.319,0.237,10.777,38.314,1.867,6.301
27.2,-0.672,484.0,483.0,480.0,482.0,-0.018,-8.977,-1.451,10.522,38.498,1.888,6.303
27.22,-0.672,472.0,476.0,472.0,474.0,-0.018,-9.046,-0.644,10.334,38.707,1.894,6.302
27.24,-0.64,464.0,467.0,463.0,466.0,-0.023,-9.114,-0.327,10.151,38.913,1.899,6.302
27.26,-0.64,455.0,459.0,455.0,457.0,-0.026,-9.27,-0.438,9.968,39.114,1.904,6.301
27.28,-0.64,446.0,449.0,455.0,448.0,-0.022,-9.379,-0.007,9.786,39.312,1.909,6.301
27.3,-0.621,431.0,439.0,447.0,438.0,-0.018,-10.276,0.054,9.604,39.506,1.913,6.3
27.32,-0.621,428.0,432.0,437.0,427.0,-0.013,-9.674,-0.625,9.141,39.564,1.917,6.301
27.34,-0.589,421.0,425.0,425.0,413.0,-0.018,-9.376,-1.086,8.952,39.745,1.921,6.301
27.36,-0.589,414.0,415.0,414.0,397.0,-0.018,-9.038,0.392,8.762,39.923,1.925,6.3
27.38,-0.589,406.0,406.0,404.0,376.0,-0.028,-9.453,-0.849,8.571,40.096,1.929,6.3
27.4,-0.589,394.0,395.0,393.0,362.0,-0.047,-10.083,-1.629,8.543,40.34,1.938,6.301
27.42,-0.589,384.0,387.0,382.0,357.0,-0.053,-10.418,-0.483,8.352,40.509,1.942,6.3
27.44,-0.672,377.0,376.0,376.0,343.0,-0.043,-9.686,-0.178,8.157,40.675,1.945,6.3
27.46,-0.672,371.0,367.0,365.0,307.0,-0.036,-8.549,-0.845,7.96,40.837,1.949,6.299
27.48,-0.672,362.0,360.0,354.0,259.0,-0.044,-8.54,-1.815,7.764,40.994,1.951,6.298
27.5,-0.774,355.0,353.0,340.0,221.0,-0.059,-8.843,-1.853,7.671,41.192,1.949,6.299
27.52,-0.774,346.0,343.0,325.0,185.0,-0.056,-9.665,-0.084,7.484,41.344,1.951,6.298
27.54,-0.941,337.0,334.0,325.0,141.0,-0.046,-8.956,-0.17,7.302,41.492,1.952,6.297
27.56,-0.941,327.0,325.0,319.0,92.0,-0.057,-8.24,-1.118,7.123,41.637,1.953,6.296
27.58,-0.941,319.0,319.0,301.0,92.0,-0.079,-6.843,-1.925,6.947,41.778,1.953,6.295
27.6,-1.11,314.0,310.0,257.0,65.0,-0.073,-6.849,-0.596,6.776,41.916,1.953,6.294
27.62,-1.11,308.0,305.0,217.0,55.0,-0.059,-7.742,0.07,6.561,42.024,1.951,6.294
27.64,-1.312,302.0,298.0,195.0,48.0,-0.04,-7.895,-0.227,6.406,42.154,1.95,6.293
27.66,-1.312,294.0,289.0,173.0,46.0,-0.053,-8.253,-1.232,6.257,42.281,1.949,6.291
27.68,-1.312,287.0,280.0,134.0,55.0,-0.098,-8.206,-1.597,6.108,42.405,1.947,6.29
27.7,-1.549,281.0,268.0,90.0,63.0,-0.145,-8.388,0.126,6.036,42.562,1.95,6.29
27.72,-1.549,274.0,257.0,67.0,66.0,-0.185,-8.805,1.268,5.876,42.682,1.948,6.289
27.74,-1.901,267.0,249.0,63.0,83.0,-0.234,-8.898,0.132,5.712,42.798,1.946,6.287
27.76,-1.901,258.0,241.0,56.0,136.0,-0.284,-9.076,-0.457,5.543,42.911,1.944,6.284
27.78,-1.901,250.0,230.0,51.0,204.0,-0.291,-6.709,-2.133,5.372,43.021,1.941,6.28
27.8,-2.221,243.0,221.0,55.0,229.0,-0.232,-7.255,-2.452,5.213,43.13,1.949,6.274
27.82,-2.221,233.0,212.0,64.0,226.0,-0.169,-8.154,-1.248,5.048,43.233,1.948,6.269
27.84,-2.509,224.0,202.0,77.0,217.0,-0.126,-8.655,-1.679,4.887,43.333,1.946,6.264
27.86,-2.509,212.0,193.0,96.0,211.0,-0.104,-9.583,-2.443,4.726,43.43,1.943,6.26
27.88,-2.509,203.0,192.0,138.0,203.0,-0.084,-9.812,-2.029,4.564,43.523,1.94,6.256
27.9,-2.71,193.0,189.0,190.0,194.0,-0.074,-7.95,-0.405,4.378,43.606,1.942,6.256
27.92,-2.71,185.0,179.0,184.0,184.0,-0.093,-7.983,0.923,4.188,43.685,1.945,6.257
27.94,-2.829,177.0,172.0,178.0,177.0,-0.105,-7.976,-0.041,4.012,43.768,1.941,6.255
27.96,-2.829,168.0,164.0,169.0,170.0,-0.097,-7.878,-0.453,3.84,43.847,1.937,6.253
27.98,-2.829,160.0,158.0,162.0,161.0,-0.09,-7.955,-0.523,3.673,43.922,1.933,6.251
28.0,-2.947,153.0,151.0,162.0,153.0,-0.072,-8.374,-0.224,3.548,44.008,1.923,6.251
28.02,-2.947,147.0,143.0,152.0,144.0,-0.074,-8.127,-0.574,3.388,44.078,1.919,6.249
28.04,-3.046,140.0,137.0,145.0,135.0,-0.075,-8.195,-0.967,3.227,44.144,1.914,6.247
28.06,-3.046,131.0,128.0,138.0,128.0,-0.077,-8.441,-0.7,3.064,44.208,1.91,6.246
28.08,-3.046,122.0,122.0,130.0,120.0,-0.074,-8.256,-0.332,2.899,44.267,1.905,6.244
28.1,-3.114,115.0,112.0,122.0,112.0,-0.069,-8.411,0.064,2.742,44.327,1.909,6.244
28.12,-3.114,106.0,104.0,113.0,103.0,-0.067,-8.408,-0.123,2.576,44.381,1.904,6.243
28.14,-3.03,99.0,97.0,104.0,95.0,-0.063,-8.016,-0.422,2.41,44.431,1.9,6.241
28.16,-3.03,92.0,90.0,96.0,88.0,-0.056,-7.609,-0.326,2.244,44.478,1.896,6.24
28.18,-3.03,85.0,83.0,87.0,79.0,-0.053,-7.92,-0.266,2.081,44.521,1.892,6.239
28.2,-2.963,78.0,76.0,80.0,73.0,-0.052,-7.61,-0.242,1.911,44.557,1.896,6.238
28.22,-2.963,71.0,69.0,73.0,67.0,-0.045,-7.367,-0.554,1.743,44.589,1.902,6.238
28.24,-2.896,63.0,62.0,65.0,59.0,-0.038,-6.842,-0.499,1.589,44.622,1.9,6.237
28.26,-2.896,57.0,55.0,58.0,53.0,-0.037,-6.391,-0.006,1.438,44.653,1.897,6.236
28.28,-2.896,50.0,49.0,51.0,53.0,-0.035,-5.873,0.239,1.292,44.681,1.895,6.235
28.29,-2.88,45.0,44.0,45.0,47.0,-0.035,-5.936,-0.019,1.222,44.693,1.894,6.235
28.31,-2.88,38.0,38.0,38.0,40.0,-0.029,-6.325,-0.158,1.082,44.714,1.891,6.235
28.33,-2.896,32.0,32.0,33.0,35.0,-0.023,-5.725,-0.204,0.947,44.732,1.888,6.236
28.35,-2.896,27.0,27.0,28.0,29.0,-0.021,-5.112,-0.244,0.82,44.75,1.886,6.235
28.37,-2.896,22.0,22.0,23.0,25.0,-0.025,-4.565,-0.543,0.699,44.766,1.884,6.235
28.39,-2.912,18.0,18.0,18.0,19.0,-0.03,-4.257,-0.225,0.584,44.779,1.882,6.234
28.41,-2.912,15.0,12.0,17.0,16.0,-0.027,-3.194,0.014,0.501,44.8,1.882,6.236
28.43,-2.912,12.0,11.0,11.0,13.0,-0.023,-2.562,-0.164,0.405,44.809,1.88,6.235
28.45,-2.912,11.0,9.0,9.0,11.0,-0.009,-2.062,0.028,0.325,44.817,1.878,6.235
28.47,-2.912,10.0,9.0,6.0,8.0,-0.014,-1.044,0.046,0.257,44.822,1.876,6.234
28.49,-2.896,6.0,1.0,8.0,5.0,-0.018,-1.854,0.207,0.205,44.827,1.874,6.234
28.51,-2.896,0.0,1.0,2.0,1.0,-0.017,-7.321,-0.196,0.189,44.842,1.877,6.235
28.53,-2.912,0.0,0.0,-1.0,0.0,-0.009,-2.413,-0.509,0.07,44.845,1.876,6.235
28.55,-2.912,-1.0,0.0,0.0,0.0,-0.01,3.878,-0.162,0.0,44.845,1.876,6.235
28.57,-2.912,0.0,0.0,0.0,0.0,-0.019,2.925,0.128,0.0,44.845,1.876,6.235
28.59,-2.896,0.0,1.0,0.0,0.0,-0.02,-0.712,-0.009,0.0,44.845,1.876,6.235
