elapsed_time,true_x,true_y,true_vx,acc_x,acc_y,yaw_rate,steer_angle,wheel_speed_rr,wheel_speed_rl,wheel_speed_fr,wheel_speed_fl,true_yaw
2.8382920089999955,0.0105531331567388,-0.0096731303050089,0.0,0.1491408199071884,-0.1491212695837021,-0.0014420564984902,1.5039990234375002,0.0846740050804403,-0.0846740050804403,0.0846740050804403,0.0,-0.0002661808966570134
2.8482920089999952,0.0110920466195256,-0.0101738491068302,0.0,0.1519416123628616,-0.142885759472847,-0.0032056160271167,1.5039990234375002,0.0846740050804403,0.0,0.0,-0.0846740050804403,-0.00029821562656124495
2.858292008999995,0.0116433553633313,-0.0106871405717025,0.0,0.1503981202840805,-0.1473745852708816,-0.0033952230587601,1.472001953125,0.0846740050804403,0.0,0.0,-0.0846740050804403,-0.00033199540462270196
2.868292008999995,0.012216975028634,-0.011221991464823,0.0,0.156186431646347,-0.1530009806156158,-0.0040959445759654,1.472001953125,0.0,0.0,0.0,-0.0846740050804403,-0.0003731999251911753
2.8782920089999946,0.0128002591254792,-0.011766017482925,0.0,0.145426794886589,-0.138782188296318,0.0004988025757484,1.5039990234375002,0.0,0.0,0.0,-0.0846740050804403,-0.0003682189206950094
2.8882920089999944,0.0133974423297952,-0.0123244001540157,0.0,0.1590161770582199,-0.1587559729814529,-0.0005870810127817,1.5039990234375002,0.0,-0.0846740050804403,0.0,-0.0846740050804403,-0.00037405669206292574
2.898292008999994,0.0140177714272223,-0.0129052964903795,0.0,0.1563185602426529,-0.1552195101976395,-0.0017061764374375,1.5039990234375002,0.0846740050804403,-0.0846740050804403,0.0,0.0,-0.0003912311193789056
2.908292008999994,0.0146488370240895,-0.0134968838595468,0.0,0.1593892425298691,-0.1563025265932083,-0.0002909474424086,1.5039990234375002,0.0846740050804403,0.0,0.0846740050804403,0.0,-0.00039413518038068163
2.9182920089999937,0.015293306555035,-0.0141008716406244,0.0,0.1512946486473083,-0.1429535746574401,-0.000359475496225,1.472001953125,0.0846740050804403,0.0,0.0846740050804403,0.0,-0.0003977164761296564
2.9282920089999935,0.0159626831142378,-0.0147266311356537,0.0,0.1722459644079208,-0.1512351483106613,0.0014450545422732,1.472001953125,0.0,0.0,0.0,0.0,-0.0003831780898861789
2.9382920089999933,0.0135446487932183,-0.0114972246869711,0.0,0.1565286517143249,-0.142150193452835,-0.001147762988694,1.472001953125,0.0846740050804403,0.0,0.0,-0.0846740050804403,-9.216718021002254e-05
2.948292008999993,0.0141586316684018,-0.0120319844320242,0.0,0.1577659398317337,-0.1485919207334518,0.0007432120619341,1.472001953125,0.0846740050804403,-0.0846740050804403,0.0846740050804403,0.0,-8.478680778319648e-05
2.958292008999993,0.0147985040812277,-0.0125901953230796,0.0,0.1659666746854782,-0.1542226821184158,-0.0003825847525149,1.472001953125,0.0846740050804403,-0.0846740050804403,0.0,-0.0846740050804403,-8.863883045461758e-05
2.9682920089999927,0.0154485331093901,-0.0131589238535142,0.0,0.1527467221021652,-0.1476415246725082,-0.0029776250012218,1.472001953125,0.0,0.0,0.0846740050804403,0.0,-0.00011841221238537962
2.9782920089999925,0.0161130098304095,-0.013739015563222,0.0,0.1719277203083038,-0.1465743780136108,-0.0042907991446554,1.5039990234375002,0.0,0.0,0.0,-0.0846740050804403,-0.00016108691749016848
2.9882920089999923,0.0167989769483456,-0.0143404557899328,0.0,0.1510747671127319,-0.1473323702812194,0.0013831938849762,1.5039990234375002,0.0846740050804403,-0.0846740050804403,0.0,0.0,-0.00014718079152944408
2.998292008999992,0.0174957026609139,-0.0149519579192593,0.0,0.1565685868263244,-0.1465821862220764,-0.0002440091484459,1.5039990234375002,0.0846740050804403,-0.0846740050804403,0.0,-0.0846740050804403,-0.0001496158775237474
3.008292008999992,0.0182063266233758,-0.0155779588643964,0.0,0.1569010019302368,-0.1561943888664245,9.6874364317e-06,1.5039990234375002,0.0,-0.0846740050804403,0.0,-0.0846740050804403,-0.0001495194305398777
3.0182920089999916,0.0182063266233758,-0.0155779588643964,0.0,0.1587157994508743,-0.1407711356878281,-0.0024966862984001,1.5039990234375002,0.0846740050804403,0.0,0.0846740050804403,0.0,-0.0001495194305398777
3.0282920089999914,0.018941859968408,-0.0162251196040188,0.0,0.1452901661396026,-0.1430162191390991,-0.0009577666060067,1.5039990234375002,0.0,-0.0846740050804403,0.0,-0.0846740050804403,-0.00017467675176147213
3.038292008999991,0.0150393751269178,-0.0126785512583362,0.0,0.1485776007175445,-0.1371214389801025,-0.0028658779338002,1.472001953125,0.0,-0.0846740050804403,0.0,-0.0846740050804403,-3.4328180026285546e-05
3.048292008999991,0.0156880695418351,-0.0132413346597259,0.0,0.1611644327640533,-0.1572043001651764,0.0007085759425535,1.472001953125,0.0,-0.0846740050804403,0.0,0.0,-2.7202389130638707e-05
3.0582920089999908,0.0156880695418351,-0.0132413346597259,0.0,0.1591987758874893,-0.1447542160749435,-0.0021543174516409,1.472001953125,0.0846740050804403,0.0,0.0846740050804403,-0.0846740050804403,-2.7202389130638707e-05
3.0682920089999905,0.0170223899261687,-0.0143999956324726,0.0,0.1645902097225189,-0.1508372128009796,-0.0014632638776674,1.472001953125,0.0846740050804403,-0.0846740050804403,0.0846740050804403,0.0,-6.329518569596576e-05
3.0782920089999903,0.0177175619354004,-0.0150058364920029,0.0,0.1563987880945206,-0.1499795168638229,-0.001117562293075,1.472001953125,0.0846740050804403,0.0,0.0,0.0,-7.450943287283544e-05
3.08829200899999,0.0177175619354004,-0.0150058364920029,0.0,0.1583905220031738,-0.1428438425064087,-0.0034451561514288,1.472001953125,0.0846740050804403,0.0,0.0,0.0,-7.450943287283544e-05
3.09829200899999,0.0191480573244941,-0.0162531542823933,0.0,0.1581205576658249,-0.1432008296251297,0.0013336545089259,1.472001953125,0.0846740050804403,0.0,0.0846740050804403,-0.0846740050804403,-9.575529744218283e-05
3.1082920089999897,0.0198923537409656,-0.0169015219917171,0.0,0.1658289134502411,-0.1403244733810424,-0.0005479914834722,1.472001953125,0.0846740050804403,-0.0846740050804403,0.0,0.0,-0.00010125598061545642
3.1182920089999895,0.0198923537409656,-0.0169015219917171,0.0,0.1594265252351761,-0.1487978845834732,-0.0018011913634836,1.472001953125,0.0846740050804403,-0.0846740050804403,0.0846740050804403,0.0,-0.00010125598061545642
3.1282920089999893,0.0214188730473082,-0.0182362483646989,0.0,0.1589890867471695,-0.1524279564619064,-0.0005602992605417,1.472001953125,0.0846740050804403,-0.0846740050804403,0.0,-0.0846740050804403,-0.0001248644937779158
3.138292008999989,0.0152193314973467,-0.0104747772030343,0.0,0.1662729084491729,-0.1531018316745758,-0.0012848576297983,1.472001953125,0.0,0.0,0.0846740050804403,-0.0846740050804403,-9.718188747238241e-06
3.148292008999989,0.0158708286459788,-0.0109831580445276,0.0,0.1652240455150604,-0.1525940299034118,-0.0011038093362003,1.472001953125,0.0,0.0,0.0846740050804403,0.0,-2.076048228077282e-05
3.1582920089999886,0.0165316762649182,-0.0115013629488849,0.0,0.1514068245887756,-0.1433171033859253,-0.0031214226037263,1.472001953125,0.0,-0.0846740050804403,0.0846740050804403,0.0,-5.175439382797605e-05
3.1682920089999884,0.0172154317928913,-0.0120422168908135,0.0,0.1570144146680832,-0.1621494740247726,-0.0013571227900683,1.472001953125,0.0,0.0,0.0846740050804403,-0.0846740050804403,-6.536767201343799e-05
3.178292008999988,0.0179150096720188,-0.0125974273823451,0.0,0.1595071107149124,-0.1509195417165756,8.79178405739e-05,1.472001953125,0.0,-0.0846740050804403,0.0846740050804403,0.0,-6.448618870897349e-05
3.188292008999988,0.0186224530698853,-0.0131621096539722,0.0,0.1421658843755722,-0.142723485827446,0.0002276273880852,1.472001953125,0.0846740050804403,0.0,0.0846740050804403,0.0,-6.2221205283437e-05
3.198292008999988,0.0193537762867075,-0.0137482581372379,0.0,0.1595052033662796,-0.1529406458139419,-0.0010020901681855,1.472001953125,0.0,0.0,0.0846740050804403,0.0,-7.228868620693982e-05
3.2082920089999876,0.0200947963836302,-0.0143420995242498,0.0,0.1679188162088394,-0.1425099223852158,-0.0012922787573188,1.44,0.0846740050804403,0.0,0.0846740050804403,0.0,-8.514275442771769e-05
3.2182920089999874,0.0208564720523562,-0.0149543235993679,0.0,0.1610452681779861,-0.1437366753816605,5.21653419127e-05,1.472001953125,0.0846740050804403,0.0,0.0846740050804403,0.0,-8.462050452124733e-05
3.228292008999987,0.0216377918048058,-0.0155849217121152,0.0,0.1593021899461746,-0.1501311212778091,-0.0040147532708942,1.472001953125,0.0,-0.0846740050804403,0.0846740050804403,-0.0846740050804403,-0.00012500155373438326
3.238292008999987,0.0138255315700842,-0.0088314512027285,0.0,0.1460722833871841,-0.1573285609483719,-0.000199305039132,1.472001953125,0.0,-0.0846740050804403,0.0,-0.0846740050804403,2.1319279538003744e-05
3.2482920089999867,0.0144516496825363,-0.0093232367806343,0.0,0.1580964475870132,-0.1461736708879471,0.0012427713954821,1.472001953125,0.0846740050804403,0.0,0.0,-0.0846740050804403,3.365749910418867e-05
3.2582920089999865,0.0151036465546755,-0.0098365091115407,0.0,0.1650679558515549,-0.1445231586694717,0.0012744052801281,1.472001953125,0.0,-0.0846740050804403,0.0,-0.0846740050804403,4.648540011518541e-05
3.2682920089999863,0.0151036465546755,-0.0098365091115407,0.0,0.1609186083078384,-0.1529637724161148,0.0007282952428795,1.472001953125,0.0846740050804403,-0.0846740050804403,0.0846740050804403,0.0,4.648540011518541e-05
3.278292008999986,0.0164423509396026,-0.0108991175169235,0.0,0.1577443480491638,-0.1489455103874206,-0.0003132731944788,1.472001953125,0.0846740050804403,0.0,0.0,0.0,5.066064487701753e-05
3.288292008999986,0.0171415316683065,-0.0114583375710972,0.0,0.1581068933010101,-0.1537560820579528,-0.0006884139729663,1.472001953125,0.0846740050804403,0.0,0.0,0.0,4.373580730348578e-05
3.2982920089999856,0.0171415316683065,-0.0114583375710972,0.0,0.1598963439464569,-0.1448636353015899,-0.0002164433390134,1.472001953125,0.0,0.0,0.0,0.0,4.373580730348578e-05
3.3082920089999854,0.0185754809801865,-0.012609711295072,0.0,0.1618899554014206,-0.1496122628450394,-0.0017344786319881,1.44,0.0,0.0,0.0,-0.0846740050804403,2.431825198019922e-05
3.318292008999985,0.0193242519766467,-0.0132140653190488,0.0,0.1609423458576202,-0.1494610011577606,-0.0026591285131871,1.44,0.0846740050804403,-0.0846740050804403,0.0,-0.0846740050804403,-2.4606675420006207e-06
3.328292008999985,0.0193242519766467,-0.0132140653190488,0.0,0.1604126691818237,-0.1417583525180816,-0.0004098104254808,1.44,0.0,0.0,0.0,0.0,-2.4606675420006207e-06
3.338292008999985,0.0129177018095798,-0.0077183170509538,0.0,0.1513983607292175,-0.1290090382099151,-0.0001463725493522,1.44,0.0,-0.0846740050804403,0.0,0.0,3.9103061565291264e-05
3.3482920089999846,0.0129177018095798,-0.0077183170509538,0.0,0.153407871723175,-0.1475806534290313,0.0002678557648323,1.44,0.0846740050804403,0.0,0.0,0.0,3.9103061565291264e-05
3.3582920089999844,0.0142084311210593,-0.0087369651585613,0.0,0.1545378267765045,-0.1502479016780853,-0.0008046764996834,1.472001953125,0.0846740050804403,-0.0846740050804403,0.0846740050804403,-0.0846740050804403,3.378241270580642e-05
3.368292008999984,0.0148735722657448,-0.0092671558210496,0.0,0.1528339385986328,-0.1556890308856964,-0.0015139423776417,1.472001953125,0.0,0.0,0.0,-0.0846740050804403,1.868992712627203e-05
3.378292008999984,0.0148735722657448,-0.0092671558210496,0.0,0.1682178825139999,-0.1431918293237686,0.0002570735814515,1.472001953125,0.0,-0.0846740050804403,0.0,-0.0846740050804403,1.868992712627203e-05
3.3882920089999837,0.0162613300725909,-0.0103754730156552,0.0,0.1537461429834366,-0.1438527554273605,-0.0013779760338366,1.472001953125,0.0,0.0,0.0846740050804403,-0.0846740050804403,7.4990189088175715e-06
3.3982920089999835,0.0169733212086027,-0.0109477311044449,0.0,0.1565229594707489,-0.1475736200809478,-0.0029608567710965,1.472001953125,0.0846740050804403,0.0,0.0846740050804403,-0.0846740050804403,-2.1974689221442142e-05
3.4082920089999833,0.0177082540986786,-0.0115390461514383,0.0,0.1602405458688736,-0.1397931426763534,0.0005219000740908,1.472001953125,0.0846740050804403,-0.0846740050804403,0.0,-0.0846740050804403,-1.6731802768395174e-05
3.418292008999983,0.0177082540986786,-0.0115390461514383,0.0,0.1582633256912231,-0.158668965101242,-0.0017616967670619,1.472001953125,0.0846740050804403,-0.0846740050804403,0.0,0.0,-1.6731802768395174e-05
3.428292008999983,0.019217975302932,-0.0127634927491457,0.0,0.1598309874534607,-0.1488829851150512,0.0006191403954289,1.472001953125,0.0,0.0,0.0846740050804403,0.0,-2.814911492092936e-05
3.4382920089999827,0.0095919998260288,-0.0104121276420908,0.0,0.1612706929445267,-0.1383121460676193,-0.0015434108208864,1.472001953125,0.0,-0.0846740050804403,0.0846740050804403,0.0,0.0002971437854677725
3.4482920089999824,0.0101923358155713,-0.0109974111278271,0.0,0.1471374630928039,-0.1366114020347595,-0.0005301132332533,1.472001953125,0.0,0.0,0.0,0.0,0.00029184152069109055
3.4582920089999822,0.0108042964288783,-0.011594506042505,0.0,0.1572448909282684,-0.1541717052459716,0.0011898691300302,1.5039990234375002,0.0,0.0,0.0846740050804403,0.0,0.00030365708038024574
3.468292008999982,0.0108042964288783,-0.011594506042505,0.0,0.1554255038499832,-0.1517468839883804,0.0015262697124853,1.5039990234375002,0.0846740050804403,-0.0846740050804403,0.0,0.0,0.00030365708038024574
3.478292008999982,0.0114396172970743,-0.0122143658225194,0.0,0.1577102541923523,-0.1481178700923919,-0.0014428264694288,1.5039990234375002,0.0,0.0,0.0,0.0,0.00031900236621920343
3.4882920089999816,0.0127470142039986,-0.013486828255253,0.0,0.1573394536972046,-0.1428047716617584,-0.0002607652859296,1.5039990234375002,0.0,0.0,0.0846740050804403,-0.0846740050804403,0.00030197600230897676
3.4982920089999814,0.0134292012256364,-0.014147815262243,0.0,0.1616645008325577,-0.1384301334619522,0.0010006029624491,1.5039990234375002,0.0,0.0,0.0846740050804403,-0.0846740050804403,0.0003120163753672713
3.508292008999981,0.0134292012256364,-0.014147815262243,0.0,0.159809798002243,-0.1481101810932159,0.0006209949497133,1.5039990234375002,0.0846740050804403,-0.0846740050804403,0.0,-0.0846740050804403,0.0003120163753672713
3.518292008999981,0.0148358407305342,-0.0155086946679254,0.0,0.1638981103897094,-0.1444724202156067,4.76839632028e-05,1.5039990234375002,0.0846740050804403,0.0,0.0,0.0,0.00031869719116452513
3.5282920089999807,0.0155624965869117,-0.0162130742681984,0.0,0.1529033184051513,-0.1585611402988433,-0.0016085638199001,1.5039990234375002,0.0,-0.0846740050804403,0.0,0.0,0.0003026200055589333
3.5382920089999805,0.0102728240865881,-0.0087727362458821,0.0,0.1679911762475967,-0.1517612487077713,-0.0010602187830954,1.5039990234375002,0.0846740050804403,0.0,0.0,0.0,0.0003384110057388128
3.5482920089999803,0.010921808349141,-0.0093400291578638,0.0,0.1534799933433532,-0.1540161073207855,-0.0020809371490031,1.5039990234375002,0.0846740050804403,0.0,0.0,-0.0846740050804403,0.00031761306517800797
3.55829200899998,0.0115892426443895,-0.0099209889019086,0.0,0.1726287305355072,-0.1411327421665191,-0.001643989002332,1.5039990234375002,0.0,0.0,0.0846740050804403,0.0,0.0003011763264930856
3.56829200899998,0.0115892426443895,-0.0099209889019086,0.0,0.1579509526491165,-0.1442796140909195,5.40189175808e-05,1.472001953125,0.0846740050804403,-0.0846740050804403,0.0,0.0,0.0003011763264930856
3.5782920089999797,0.0129687327422665,-0.0111259815954606,0.0,0.1526450216770172,-0.1438759267330169,-0.0030573576223105,1.472001953125,0.0846740050804403,-0.0846740050804403,0.0846740050804403,0.0,0.0002712388238242656
3.5882920089999795,0.0136851761623424,-0.0117528336701473,0.0,0.1620502471923828,-0.1477735340595245,-0.0014290128601714,1.472001953125,0.0,0.0,0.0,0.0,0.0002569071430585083
3.5982920089999793,0.0144139385299273,-0.0123928929279336,0.0,0.1505683958530426,-0.1498152315616607,0.0006016123807057,1.472001953125,0.0,0.0,0.0846740050804403,0.0,0.00026292283082130993
3.608292008999979,0.0144139385299273,-0.0123928929279336,0.0,0.1675320267677307,-0.1556713581085205,-0.0001121365276048,1.44,0.0,-0.0846740050804403,0.0846740050804403,0.0,0.00026292283082130993
3.618292008999979,0.0151583402345055,-0.0130470673039705,0.0,0.157258465886116,-0.1590824574232101,-0.0009044986218214,1.44,0.0,-0.0846740050804403,0.0,0.0,0.00026180440751228664
3.6282920089999786,0.0166987376542527,-0.0144058878230608,0.0,0.161516472697258,-0.1471906453371048,-0.0018879815470427,1.44,0.0,-0.0846740050804403,0.0,-0.0846740050804403,0.00023389638688276214
3.6382920089999784,0.0166987376542527,-0.0144058878230608,0.0,0.1650376915931701,-0.1538466513156891,0.0003974974388256,1.44,0.0846740050804403,-0.0846740050804403,0.0,-0.0846740050804403,0.00023389638688276214
3.648292008999978,0.0108302013157227,-0.0113949041210571,0.0,0.1485380828380584,-0.1406043767929077,0.000809115357697,1.44,0.0,0.0,0.0,-0.0846740050804403,0.00037486738465613537
3.658292008999978,0.0108302013157227,-0.0113949041210571,0.0,0.154381737112999,-0.1493432372808456,0.0009238909115083,1.472001953125,0.0,-0.0846740050804403,0.0,-0.0846740050804403,0.00037486738465613537
3.6682920089999778,0.0115202530409977,-0.0120346884887824,0.0,0.1642574816942215,-0.1541105657815933,-0.002639373531565,1.472001953125,0.0846740050804403,-0.0846740050804403,0.0846740050804403,0.0,0.0003840869009574981
3.6782920089999775,0.0129521583039277,-0.0133617617596539,0.0,0.1604737490415573,-0.1469216197729111,0.0005044181016273,1.472001953125,0.0,-0.0846740050804403,0.0,-0.0846740050804403,0.00036264677631719374
3.6882920089999773,0.0129521583039277,-0.0133617617596539,0.0,0.163631334900856,-0.1472169607877731,-0.001236776355654,1.5039990234375002,0.0846740050804403,0.0,0.0,0.0,0.00036264677631719374
3.698292008999977,0.0136964372627517,-0.0140507678602174,0.0,0.1450617611408233,-0.1460012793540954,-0.0011786908144131,1.5039990234375002,0.0,0.0,0.0846740050804403,0.0,0.00035022329403827966
3.708292008999977,0.0152194231327106,-0.0154652121654096,0.0,0.1588610410690307,-0.1554538607597351,-0.0021446638274937,1.5039990234375002,0.0,-0.0846740050804403,0.0846740050804403,-0.0846740050804403,0.000317049647032316
3.7182920089999767,0.0152194231327106,-0.0154652121654096,0.0,0.1999785453081131,-0.0998520106077194,0.0029310684185475,1.5039990234375002,3.8103302286198137,2.2861981371718882,4.318374259102455,4.318374259102455,0.000317049647032316
3.7282920089999765,0.0160150376406717,-0.0161911286375306,0.0,2.72500991821289,-0.2256747484207153,0.003748380113393,1.5039990234375002,4.5723962743437765,4.995766299745978,3.979678238780694,4.741744284504657,0.00034645184883807617
3.7382920089999763,0.0117192443279794,-0.0130999001774798,0.0,6.379419326782227,-0.3037397861480713,0.0047353929840028,1.44,5.249788314987299,7.959356477561388,5.58848433530906,6.350550381033022,0.0007163854546627512
3.748292008999976,0.0117192443279794,-0.0130999001774798,0.1199999973177909,9.448911666870115,-0.4954895973205566,0.0006363851134665,1.44,14.563928873835732,11.685012701100762,12.447078746824724,13.88653683319221,0.0007163854546627512
3.758292008999976,0.0189844352608226,-0.0146630950004383,0.2299999892711639,12.01654815673828,-0.6286649703979492,-0.0009246475528925,1.2480029296875,19.390347163420827,21.507197290431836,22.015241320914477,28.28111769686706,0.000713521969626589
3.7682920089999756,0.0246027783387497,-0.0154890058616754,0.3499999940395355,12.709976196289062,-0.2678151130676269,0.0014024858828634,1.2480029296875,21.337849280270955,23.03132938187976,24.97883149872989,35.64775613886537,0.0007275665434228828
3.7782920089999754,0.0313563112996074,-0.016455938554989,0.4799999892711639,11.801855087280272,-1.0332465171813965,0.0071860128082335,1.152001953125,28.87383573243014,26.672311600338695,54.78408128704488,88.90770533446232,0.0007995037005274539
3.788292008999975,0.0313563112996074,-0.016455938554989,0.5899999737739563,10.477367401123049,-0.1482219696044922,0.0100888786837458,0.8960009765625,30.143945808636747,28.3657917019475,80.35563082133784,109.48348856900931,0.0007995037005274539
3.798292008999975,0.0476475983653247,-0.018306639507411,0.6800000071525574,9.105446815490724,0.0791149139404296,0.0075413486920297,0.8960009765625,33.107535986452156,35.139712108382724,85.35139712108382,113.54784081287045,0.0009756938031984422
3.8082920089999748,0.0476475983653247,-0.018306639507411,0.7599999904632568,7.488637924194336,0.0721964836120605,0.003680404741317,0.7680029296874998,43.353090601185436,45.977984758679085,85.18204911092295,109.0601185436071,0.0009756938031984422
3.8182920089999746,0.0568995016699304,-0.0192155738688643,0.8399999737739563,9.592947959899904,-0.4348421096801758,0.006192316301167,0.512001953125,48.179508890770535,46.48602878916172,64.0982218458933,99.74597798475868,0.0010125530965551831
3.8282920089999743,0.078545761418549,-0.0212555361865451,0.959999978542328,10.243931770324709,-0.7510871887207031,0.0107153877615928,0.512001953125,51.31244707874682,49.3649449618967,58.17104149026249,94.49618966977138,0.0011815694963659997
3.838292008999974,0.078545761418549,-0.0212555361865451,1.069999933242798,11.185602188110352,-0.6574063301086426,0.0125837614759802,0.4160009765625,59.271803556308214,58.50973751058425,60.37256562235393,77.7307366638442,0.0011815694963659997
3.848292008999974,0.0738186283932927,-0.0148213166572931,1.1799999475479126,10.468714714050297,-0.9287166595458984,0.0082238018512725,0.2880029296875,69.09398814563929,66.29974597798476,81.03302286198137,76.12193056731583,0.0014208707529184716
3.8582920089999737,0.087977233044959,-0.0158891687600603,1.2999999523162842,11.20546054840088,-0.4305667877197265,0.0024652178399264,0.2880029296875,74.76714648602879,65.19898391193904,83.91193903471634,79.0008467400508,0.0014455481812182332
3.8682920089999735,0.087977233044959,-0.0158891687600603,1.4199999570846558,10.169055938720703,-0.1061339378356933,-0.0029377616010606,0.2239990234375,86.28281117696866,78.83149872988992,96.18966977138018,102.20152413209145,0.0014455481812182332
3.8782920089999733,0.1192339977766917,-0.018047737307867,1.5199999809265137,10.36336898803711,-0.3299250602722168,-0.0154018038883805,0.16,81.87976291278576,81.03302286198137,90.43183742591025,101.43945808636748,0.0012623006042201874
3.888292008999973,0.1192339977766917,-0.018047737307867,1.6200000047683716,9.764519691467289,-0.555302619934082,-0.0213528275489807,0.16,84.41998306519898,74.00508044030482,87.72226926333616,95.42760372565623,0.0012623006042201874
3.898292008999973,0.1363391216474541,-0.0192127879615499,1.71999990940094,9.704235076904297,-1.0041108131408691,-0.0220617856830358,0.16,90.43183742591025,90.93988145639288,92.80270956816257,92.37933954276036,0.0010487267141697123
3.9082920089999726,0.173593470305859,-0.0218784425858119,1.829999923706055,10.637937545776367,-0.9481220245361328,-0.0178714245557785,0.16,102.5402201524132,94.41151566469094,100.33869602032176,107.53598645215918,0.0006492876500615286
3.9182920089999724,0.173593470305859,-0.0218784425858119,1.9299999475479128,10.463769912719728,-0.7206125259399414,-0.0115868663415312,0.16,106.18120237087214,93.14140558848433,102.62489415749364,113.0397967823878,0.0006492876500615286
3.928292008999972,0.1938532785153648,-0.0233212687239592,2.0299999713897705,10.219335556030272,-0.6974048614501953,-0.0075132097117602,0.192001953125,103.47163420829804,101.01608806096527,114.64860287891617,120.06773920406435,0.0005331925701621841
3.938292008999972,0.2150740793128527,-0.0248295090381446,2.129999876022339,9.761388778686523,-0.3142437934875488,-0.0046267556026577,0.192001953125,100.0,96.95173581710415,109.65283657917018,113.97121083827264,0.0004580874140278888
3.948292008999972,0.2096289192202325,-0.0194685431738495,2.220000028610229,8.790945053100586,-0.6659369468688965,-0.0002867826260626,0.2560009765625,107.3666384419983,103.30228619813717,109.14479254868755,116.17273497036409,0.0013542532753848277
3.9582920089999716,0.2321553957693543,-0.0209162313534925,2.299999952316284,7.91107988357544,-0.6306109428405762,0.0012457673437893,0.2880029296875,110.92294665537679,105.33446232006773,109.22946655376799,119.5596951735817,0.0013513842894959049
3.9682920089999714,0.2554413124658061,-0.0224253474387114,2.369999885559082,7.727127552032472,-0.7008090019226074,0.0009867699118331,0.2880029296875,115.91871295512277,116.08806096528366,116.34208298052498,122.60795935647755,0.0013638529405741902
3.978292008999971,0.2794759794531877,-0.0240059941363913,2.4600000381469727,7.727127552032472,-0.7008090019226074,0.0009867699118331,0.32,120.32176121930567,121.50719729043183,124.809483488569,135.98645215918714,0.00137372298292474
3.988292008999971,0.3308754337608477,-0.0272476201551469,2.5799999237060547,10.263893127441406,-0.2745976448059082,0.0096693709492683,0.38399902343750003,128.95850973751058,127.18035563082134,129.72057578323455,143.268416596105,0.0015071102299642424
3.9982920089999707,0.3581726493095628,-0.028832028681591,2.679999828338623,10.421668052673342,0.2137470245361328,0.0082812178879976,0.38399902343750003,130.73666384419982,127.43437764606266,130.65198983911938,142.50635055038103,0.0015899993313202084
4.0082920089999705,0.3581726493095628,-0.028832028681591,2.7799999713897705,9.807788848876951,0.0647788047790527,0.0114121371880173,0.5439990234375001,137.08721422523286,132.09144792548688,135.9017781541067,146.57070279424215,0.0015899993313202084
4.01829200899997,0.386428745966913,-0.0304170479287305,2.869999885559082,9.370466232299805,0.2174000740051269,0.0152959879487752,0.6080029296874999,144.45385266723116,142.50635055038103,144.5385266723116,153.42929720575782,0.001704253916776902
4.02829200899997,0.4456438744656135,-0.0335158358520598,2.9600000381469727,10.022808074951172,0.0833959579467773,0.0172295626252889,0.6080029296874999,143.43776460626586,139.62743437764607,146.57070279424215,150.71972904318375,0.0020290095025068716
4.03829200899997,0.4626815220112274,-0.0196491094872435,3.059999942779541,9.101743698120115,-0.3490376472473144,0.0164994057267904,0.7360009765625,150.46570702794241,147.6714648602879,151.56646909398813,161.81202370872143,0.001356870801286857
4.04829200899997,0.494259167222956,-0.0209436223970896,3.139999866485596,8.301124572753906,-0.0757422447204589,0.0174620356410741,0.9920019531250001,153.42929720575782,147.16342082980523,151.31244707874683,150.6350550381033,0.00153149931771412
4.0582920089999694,0.5264589183159278,-0.0222679906023996,3.220000028610229,7.014346122741699,-0.2304039001464843,0.0198388323187828,0.9920019531250001,152.83657917019474,149.70364098221845,152.41320914479255,150.29635901778153,0.0017298070426184206
4.068292008999969,0.5264589183159278,-0.0222679906023996,3.2799999713897705,5.209683418273926,-0.2653963565826416,0.027210047468543,1.12,156.39288738357322,155.12277730736662,159.10245554614733,153.5986452159187,0.0017298070426184206
4.078292008999969,0.5924324878975543,-0.0249456247361058,3.3299999237060547,6.411099910736085,0.0990991592407226,0.0219061188399791,1.3439990234375003,164.77561388653683,161.3886536833192,165.45300592718036,162.32006773920406,0.002220900782089924
4.088292008999969,0.5924324878975543,-0.0249456247361058,3.4099998474121094,9.227636337280272,-0.0334029197692871,0.0281954631209373,1.3439990234375003,172.14225232853514,166.72311600338696,168.9246401354784,169.68670618120237,0.002220900782089924
4.098292008999969,0.6624502278366079,-0.0276014665128692,3.509999990463257,11.135881423950195,0.0227971076965332,0.0231758542358875,1.4080029296875,177.05334462320067,170.78746824724809,171.97290431837425,176.2912785774767,0.0027347598276205457
4.108292008999968,0.6624502278366079,-0.0276014665128692,3.619999885559082,10.022908210754396,-0.4149694442749023,0.02098492346704,1.5360009765625,176.7146486028789,176.0372565622354,175.52921253175273,177.39204064352242,0.0027347598276205457
4.118292008999968,0.7366784150766793,-0.0303994075502171,3.7200000286102295,9.744989395141602,-0.3405871391296386,0.019010616466403,1.5360009765625,184.2506350550381,182.1337849280271,185.18204911092295,180.52497883149871,0.0031354089609470187
4.128292008999968,0.7554630043103937,-0.0311034364373643,3.819999933242798,10.750516891479492,-0.397712230682373,0.0211220942437648,1.5680029296875,187.89161727349702,177.81541066892464,191.1939034716342,190.26248941574934,0.003240261428543488
4.138292008999968,0.8109034315882295,-0.0333116693099935,3.919999837875366,9.599050521850586,-0.7794399261474609,0.0281602852046489,1.5680029296875,190.43183742591023,183.06519898391193,190.93988145639287,192.04064352243861,0.0036346044116690028
4.1482920089999675,0.8360902720597654,-0.0247476785040691,4.009999752044678,8.619142532348633,-0.3130669593811035,0.0396507754921913,1.5680029296875,195.25825571549532,193.48010160880608,193.98814563928872,195.25825571549532,0.004171200549068197
4.158292008999967,0.8767392296262623,-0.0261155117203064,4.089999675750732,7.553608894348144,-0.197465181350708,0.041918721050024,1.5680029296875,198.5605419136325,193.22607959356478,201.01608806096527,200.33869602032175,0.004590367371396619
4.168292008999967,0.9181755754019504,-0.0274857263428101,4.170000076293945,7.950833320617676,-0.1056816577911377,0.0449809059500694,1.6,210.24555461473327,204.31837425910246,212.44707874682473,210.66892464013546,0.0050398649976990595
4.178292008999967,0.9606807562379812,-0.0288875721281929,4.25,9.519428253173828,-0.259134292602539,0.0504209920763969,1.6,208.97544453852666,203.64098221845893,212.70110076206603,223.9627434377646,0.0055441826293225705
4.188292008999967,1.0039489406246047,-0.0302869947401993,4.339999675750732,8.322021484375,-0.0825037956237793,0.0575273856520652,1.6,215.24132091447925,209.14479254868755,218.37425910245554,230.56731583403894,0.006119455937219364
4.1982920089999665,1.048237016227432,-0.031677038590586,4.429999828338623,8.742480278015138,0.0240745544433593,0.0581390336155891,1.632001953125,213.7171888230313,212.0237087214225,212.95512277730737,223.87806943268416,0.006702439782883439
4.208292008999966,1.0931044227612154,-0.0331228888899745,4.509999752044678,7.587934494018555,-0.4436037540435791,0.0507824309170246,1.632001953125,218.03556308213376,218.03556308213376,221.2531752751905,218.03556308213376,0.007210263607754681
4.218292008999966,1.1391379257228846,-0.0345262331609741,4.579999923706055,10.16141128540039,0.0769362449645996,0.0487784296274185,1.6639990234375004,236.5791701947502,223.70872142252327,223.1160033869602,225.6562235393734,0.007698268402835439
4.228292008999966,1.1862302612308055,-0.0359601908696222,4.679999828338623,9.654413223266602,-0.1912822723388672,0.0531112924218177,1.6960009765625,243.35309060118541,229.8899237933954,229.46655376799322,233.78492802709567,0.008230913009528369
4.238292008999966,1.2215612847594042,-0.0200296293203314,4.789999961853027,11.179929733276367,-0.2454118728637695,0.050318282097578,1.6960009765625,245.80863674851818,234.4623200677392,233.70025402201523,233.70025402201523,0.00829161546077787
4.248292008999965,1.270451208201068,-0.0211403681861543,4.900000095367432,10.310821533203123,-0.2128205299377441,0.0563123524188995,1.7280029296875001,236.66384419983063,235.81710414902625,239.03471634208296,237.8492802709568,0.008854510207442573
4.258292008999965,1.320332738652443,-0.0220821158489078,4.989999771118164,9.84205436706543,0.9873161315917968,0.0518262833356857,1.7280029296875001,251.39712108382724,240.1354784081287,251.9051651143099,253.34462320067738,0.009372896110033677
4.268292008999965,1.3712833446797272,-0.0230175521790899,5.099999904632568,10.52064323425293,0.2765278816223144,0.0447589680552482,1.792001953125,254.78408128704487,243.18374259102455,261.89669771380187,259.9491955969517,0.009820442678253199
4.278292008999965,1.4231830226983906,-0.0239316789517791,5.190000057220459,9.616374015808107,0.1896162033081054,0.0486843772232532,1.792001953125,257.91701947502116,251.4817950889077,271.12616426756983,257.0702794242168,0.01030754134591618
4.2882920089999645,1.4762329654051378,-0.0248860991564505,5.289999961853027,11.254413604736328,-0.2746443748474121,0.0553979836404323,1.792001953125,266.72311600338696,253.85266723116,272.311600338696,276.9686706181202,0.010861216872107766
4.298292008999964,1.5302753603496846,-0.0259687439875367,5.400000095367432,10.073767662048342,-1.0029563903808594,0.0578012093901634,1.7280029296875001,271.38018628281117,265.79170194750213,275.27519051651143,278.15410668924636,0.011439366223596141
4.308292008999964,1.5853507129872424,-0.0270932756711857,5.5,10.265320777893068,-0.6567897796630859,0.0686812326312065,1.7280029296875001,272.311600338696,263.42082980524975,277.81541066892464,283.8272650296359,0.012126292519086212
4.318292008999964,1.641489807614957,-0.0282398893821226,5.609999656677246,9.65142822265625,-0.4036359786987304,0.0747647434473037,1.6960009765625,289.0770533446232,273.4123624047417,297.03640982218457,297.9678238780694,0.012875739596241033
4.328292008999964,1.6987616339654494,-0.0294566284315874,5.710000038146973,10.30947494506836,-0.6500906944274902,0.0841414332389831,1.6,297.9678238780694,277.5613886536833,298.81456392887384,298.8992379339543,0.013720082014815258
4.3382920089999635,1.7411971844248202,-0.0195148080364555,5.809999942779541,10.838781356811523,-0.3953232765197754,0.0878306850790977,1.6,292.54868755292125,281.20237087214224,295.5969517358171,294.4115156646909,0.014355983823944339
4.348292008999963,1.8001012118481932,-0.0205538815518567,5.909999847412109,10.457765579223633,-0.5112147331237793,0.0813276693224907,1.5360009765625,300.8467400508044,286.7061812023709,291.8712955122777,293.39542760372564,0.015168910721075655
4.358292008999963,1.8600774242713696,-0.0214844139386746,6.009999752044678,9.840133666992188,0.4586501121520996,0.0792603120207786,1.3760009765625,305.16511430990687,294.5808636748518,300.0,296.8670618120237,0.015962741398911285
4.368292008999963,1.9208236432459451,-0.022373748542519,6.099999904632568,9.633310317993164,0.2732472419738769,0.0709922388195991,1.3760009765625,313.54784081287045,296.10499576629974,304.4877222692633,301.2701100762066,0.016671647557950076
4.378292008999963,1.983007742992262,-0.0232420381905819,6.210000038146973,11.239756584167482,0.0654058456420898,0.0581040866672992,1.312001953125,341.9983065198984,315.49534292972055,317.35817104149027,319.1363251481795,0.01725401776750257
4.388292008999962,2.0458947535902414,-0.0241542923975686,6.319999694824219,10.37624740600586,-0.4416518211364746,0.0518688932061195,1.12,345.13124470787466,313.6325148179509,323.1160033869602,329.6359017781541,0.017771506653645082
4.398292008999962,2.109908430518074,-0.0250932908353484,6.420000076293945,9.828617095947266,-0.4666199684143066,0.0413305833935737,1.12,348.68755292125314,308.9754445385267,328.11176968670617,328.5351397121084,0.018184959903106236
4.408292008999962,2.174776831481621,-0.0260320994246072,6.509999752044678,9.201196670532228,-0.2530007362365722,0.0445970669388771,1.0239990234375,321.1685012701101,320.575783234547,344.5385266723116,339.79678238780696,0.018630855717798787
4.418292008999962,2.240735042866421,-0.027032790991195,6.589999675750732,9.214778900146484,-0.611137866973877,0.0407975129783153,0.8,319.30567315834037,325.0635055038103,352.5825571549534,356.9009314140559,0.01903977396635891
4.428292008999962,2.307403357782472,-0.0280828786631527,6.679999828338623,9.511493682861328,-0.7296285629272461,0.0304182227700948,0.8,330.05927180355627,329.3818797629128,357.32430143945805,357.15495342929717,0.01934349175872417
4.438292008999961,2.35735033010148,-0.0184196176866204,6.789999961853027,11.412841796875,-0.9941754341125488,0.0208016093820333,0.6080029296874999,337.76460626587635,334.1236240474174,345.30059271803555,355.6308213378493,0.021103486632004495
4.448292008999961,2.4260726671624826,-0.0193756116543154,6.899999618530273,10.82041358947754,-1.1793537139892578,0.0217225030064582,0.32,332.6841659610499,341.91363251481795,345.9779847586791,356.05419136325145,0.021320649306327454
4.458292008999961,2.4958339717361038,-0.0203903977064854,7.0,10.45838260650635,-0.9551563262939452,0.0163806639611721,0.32,342.9297205757832,339.03471634208296,345.9779847586791,360.88060965283654,0.021484432356993165
4.468292008999961,2.566756352342778,-0.0213251503121963,7.109999656677246,10.718385696411133,0.0103116035461425,0.0042016822844743,0.16,361.9813717188823,348.3488569009314,367.8238780694327,380.86367485182046,0.021526488208373235
4.4782920089999605,2.638744292346343,-0.0222113070842336,7.109999656677246,10.724740982055664,0.1091804504394531,-0.0093710338696837,-0.0639990234375,358.59441151566466,355.6308213378493,384.3353090601185,382.9805249788315,0.02143270199527385
4.48829200899996,2.711711099385567,-0.0230892892035035,7.309999942779541,10.383755683898928,-0.1019906997680664,-0.0186755694448947,-0.0639990234375,363.6748518204911,360.03386960203215,385.69009314140555,383.0651989839119,0.021245906405504406
4.49829200899996,2.78559431434701,-0.0239932622885778,7.419999599456787,10.413676261901855,-0.4003057479858398,-0.0261434633284807,-0.19199707031250002,381.3717188823031,361.64267569856054,395.1735817104149,394.66553767993224,0.020984858472960728
4.50829200899996,2.860677097271556,-0.0250596604371941,7.539999961853027,10.89251232147217,-1.3785171508789062,-0.0288564004004001,-0.4160009765625,379.59356477561386,369.3480101608806,390.8552074513124,393.1414055884843,0.020696397942682528
4.51829200899996,2.9370374774402435,-0.0263792233774043,7.649999618530273,11.164941787719728,-2.252254009246826,-0.0223885234445333,-0.4160009765625,373.83573243014393,370.0254022015241,387.3835732430144,394.32684165961047,0.02047218197567403
4.528292008999959,3.014338710264603,-0.0278497313655148,7.759999752044678,11.080402374267578,-1.9212937355041504,-0.0209367591887712,-0.5439990234375001,381.2870448772227,381.62574089754446,382.47248094834885,408.55207451312447,0.020262954351401418
4.538292008999959,3.092875832534283,-0.029360907935621,7.869999885559082,11.260915756225586,-1.0438456535339355,-0.0195456501096487,-0.7360009765625,388.0609652836579,387.4682472480948,387.97629127857743,407.112616426757,0.02006738153555361
4.548292008999959,3.158177492882804,-0.0162645080890347,7.980000019073486,10.613919258117678,-1.380549430847168,-0.0317683033645153,-0.7360009765625,385.774767146486,391.27857747671464,393.1414055884843,407.95935647756136,0.020935045202693348
4.558292008999959,3.238486469922332,-0.0175868542752706,8.079999923706055,9.487455368041992,-0.8646173477172852,-0.0415639132261276,-0.8,396.4436917866215,398.3065198983912,400.42337002540216,407.95935647756136,0.0205186929749588
4.568292008999959,3.3193579873564087,-0.0188615136343229,8.15999984741211,9.082435607910156,-0.184762954711914,-0.0530470386147499,-0.8639990234375,395.4276037256562,399.4072819644369,408.29805249788313,409.9068585944115,0.0199894245976665
4.578292008999958,3.401339910161884,-0.020215300314181,8.239999771118164,8.829043388366701,-0.7321681976318359,-0.0630133226513862,-0.8960009765625,407.62066045723964,412.701100762066,425.6562235393734,425.74089754445384,0.01935888633632967
4.588292008999958,3.484664648518556,-0.0216398669949805,8.34000015258789,10.916364669799805,-0.894829273223877,-0.0712134540081024,-0.927998046875,430.7366638441998,422.0999153259949,420.15241320914475,441.91363251481795,0.018645088571562374
4.598292008999958,3.5691456898737437,-0.0232756318563742,8.449999809265137,11.36823272705078,-1.7838349342346191,-0.0603478737175464,-0.927998046875,434.038950042337,427.01100762066045,417.9508890770533,458.2557154953429,0.018040286708913018
4.608292008999958,3.65439158288653,-0.0251111050603546,8.579999923706055,11.616071701049805,-2.080721855163574,-0.0522676333785057,-0.927998046875,435.9017781541067,426.84165961049956,420.9991532599492,469.68670618120234,0.01751896918525331
4.6182920089999575,3.740914430064575,-0.0269884025437832,8.6899995803833,10.565996170043944,-1.0761561393737793,-0.0572800375521183,-0.927998046875,434.71634208298053,419.7290431837426,427.3497036409822,462.0660457239627,0.016945855253618313
4.628292008999957,3.8284784140315393,-0.0289448338176239,8.789999961853027,10.147466659545898,-1.0262842178344729,-0.0637756958603859,-0.927998046875,425.2328535139712,423.7933954276037,438.86536833192207,454.10668924640134,0.016307429869552158
4.638292008999957,3.903641868932089,-0.0092319996889787,8.889999389648438,10.39883804321289,-0.3710322380065918,-0.0693715363740921,-0.927998046875,441.91363251481795,436.7485182049111,451.82049110922947,442.42167654530056,0.015664244245925104
4.648292008999957,3.9932172936195607,-0.0108468475263091,9.010000228881836,12.06965446472168,-1.138017654418945,-0.0763610675930977,-0.927998046875,450.38103302286197,435.22438611346314,451.6511430990686,447.1634208298052,0.014900688915921707
4.658292008999957,4.083945165081994,-0.0125975054229027,9.130000114440918,11.708106994628906,-1.3899002075195312,-0.0751788616180419,-0.927998046875,462.32006773920403,445.30059271803555,451.6511430990686,452.66723116003385,0.014148972712852132
4.668292008999956,4.175947582532758,-0.0145929008173129,9.239999771118164,12.214611053466797,-2.182789802551269,-0.0712890475988388,-0.96,473.7510584250635,450.38103302286197,451.3124470787468,464.7756138865368,0.01343596394029511
4.678292008999956,4.269129718330477,-0.0166308513742701,9.369999885559082,11.943666458129885,-1.1316351890563965,-0.074124738574028,-0.96,479.5088907705334,458.4250635055038,458.59441151566466,476.2912785774767,0.012694611225174414
4.688292008999956,4.363417175576591,-0.0188583511907788,9.489999771118164,11.377185821533203,-1.738598346710205,-0.0750563517212867,-0.96,486.6215071972904,463.1668077900084,459.61049957662993,486.1981371718882,0.011943994739268469
4.698292008999956,4.458738174641847,-0.0211780826669288,9.59999942779541,10.444496154785156,-1.2277522087097168,-0.0689553990960121,-0.96,497.88314987298895,472.311600338696,473.9204064352244,518.289585097375,0.011254145481449226
4.708292008999956,4.554942411046519,-0.0235075596964244,9.699999809265137,10.016683578491213,-0.5250606536865234,-0.0632162094116211,-0.9919970703125001,502.03217612193055,479.2548687552921,487.6375952582557,534.1236240474174,0.010622345716261694
4.718292008999955,4.652339425130075,-0.0259146779615527,9.789999961853027,10.004273414611818,-0.7684545516967773,-0.0692662075161934,-0.9919970703125001,511.68501270110073,481.20237087214224,495.8509737510584,535.7324301439457,0.009928726469328691
4.728292008999955,4.750722172383254,-0.028531684271361,9.899999618530272,11.492961883544922,-1.8089537620544436,-0.0745605826377868,-0.9919970703125001,507.70533446232,502.20152413209144,499.237933954276,528.5351397121084,0.009183903525655394
4.738292008999955,4.834486447125165,-0.0261015901420109,10.010000228881836,11.82855987548828,-1.7092738151550293,-0.0651217550039291,-1.0239990234375,496.4436917866215,513.5478408128704,503.3869602032176,534.3776460626588,0.008386722145955136
4.748292008999955,4.934954982106002,-0.0288885107340302,10.139999389648438,11.142466545104982,-1.323735237121582,-0.0665349811315536,-1.0239990234375,497.88314987298895,509.39881456392885,506.7739204064352,547.4174428450466,0.007721484011396285
4.7582920089999545,5.036772782449558,-0.0317259064630882,10.239999771118164,11.426372528076172,-0.8390555381774902,-0.0725685730576515,-1.0239990234375,501.18543607112616,505.7578323454699,514.9872988992379,554.1066892464013,0.006994570552466369
4.768292008999954,5.139475279994218,-0.0347766389787384,10.359999656677246,11.980688095092772,-1.8440032005310056,-0.0757443681359291,-1.0239990234375,505.58848433530903,510.66892464013546,521.5071972904318,560.2878916172734,0.006238355596256147
4.778292008999954,5.24356193552419,-0.0379332050565262,10.489999771118164,11.426342010498049,-1.3212618827819824,-0.0774267837405204,-1.0239990234375,510.66892464013546,514.1405588484336,527.1803556308213,553.4292972057578,0.005463350097899698
4.788292008999954,5.348553852040331,-0.041041269495628,10.59000015258789,11.05109405517578,-0.2324151992797851,-0.0837324857711792,-1.0239990234375,512.9551227773073,511.00762066045723,530.9060118543607,554.2760372565622,0.0046266648668921604
4.798292008999954,5.45480403138259,-0.0441450148941522,10.6899995803833,10.900523185729982,-0.0561847686767578,-0.0852218866348266,-1.0239990234375,527.6037256562236,519.3903471634208,547.502116850127,569.6867061812023,0.0037736950294817813
4.8082920089999535,5.562082315998406,-0.047451325469987,10.809999465942385,11.078363418579102,-1.3285140991210938,-0.0734536945819854,-1.0239990234375,524.2167654530059,528.9585097375106,556.3928873835732,584.419983065199,0.00303912375871999
4.818292008999953,5.670451334322334,-0.0509413059372767,10.90999984741211,10.265287399291992,-1.5699419975280762,-0.0604875423014164,-1.0239990234375,529.2125317527518,528.1964436917866,560.5419136325148,591.7866215071973,0.0024336432156966178
4.828292008999953,5.779589933070567,-0.0544670597536561,11.010000228881836,10.494891166687012,-0.8109855651855469,-0.0564747788012027,-1.0239990234375,547.3327688399661,537.5952582557155,565.5376799322607,611.0922946655377,0.0018698250261897035
4.838292008999953,5.886375661231961,-0.0366209101692843,11.109999656677246,10.691822052001951,-1.438955307006836,-0.0479991286993026,-1.0560009765625,561.2193056731583,543.1837425910245,564.0982218458932,612.7857747671464,0.0014574996675650567
4.848292008999953,5.997877445747991,-0.0402216497848516,11.219999313354492,11.56201171875,-2.620935440063477,-0.0332469046115875,-1.0560009765625,562.9127857747671,550.2116850127011,566.2997459779847,613.0397967823877,0.0011251419120330247
4.858292008999952,6.110438044186238,-0.0438410456833775,11.34999942779541,10.936038970947266,-0.9888577461242676,-0.0309820510447025,-1.0239990234375,574.3437764606266,560.965283657917,569.8560541913632,618.2049110922947,0.0008154324975027023
4.868292008999952,6.224571373336799,-0.0476104021809311,11.460000038146973,12.587024688720703,-1.356447696685791,-0.0408163145184516,-0.9919970703125001,583.2345469940728,558.3403895004234,565.198983911939,623.7933954276037,0.00040659827720082104
4.878292008999952,6.339574722615735,-0.0514316000893572,11.59000015258789,12.367417335510256,-0.9048233032226562,-0.044365718960762,-0.9919970703125001,582.2184589331075,560.7959356477561,564.8602878916173,624.6401354784081,-3.642383260161348e-05
4.888292008999952,6.456062336862612,-0.0554732673070142,11.719999313354492,12.875984191894531,-1.7317309379577637,-0.0444163307547569,-0.96,576.2912785774766,574.1744284504657,565.4530059271804,622.0152413209145,-0.0004806078959189295
4.8982920089999515,6.573648903778448,-0.0596339244485257,11.84999942779541,11.294570922851562,-1.3959708213806152,-0.0499093793332576,-0.8960009765625,576.8839966130398,577.3920406435224,569.9407281964436,631.2447078746825,-0.0009799273004214059
4.908292008999951,6.692149775558225,-0.0638608746185546,11.949999809265137,10.654096603393556,-1.0017142295837402,-0.0595355331897735,-0.8960009765625,580.186282811177,575.952582557155,573.9204064352243,635.6477561388654,-0.0015749555938678412
4.918292008999951,6.81191427724477,-0.0680839462520556,12.050000190734863,10.134391784667969,-0.2482151985168457,-0.0616376250982284,-0.8639990234375,590.008467400508,585.9441151566468,592.3793395427604,651.9898391193904,-0.002192404032542529
4.928292008999951,6.932348951354388,-0.072335125008932,12.139999389648438,10.306188583374023,-0.372342586517334,-0.0659845769405365,-0.7679980468750001,599.5766299745977,588.48433530906,594.4961896697714,669.602032176122,-0.002851383915470766
4.938292008999951,7.045008736865749,-0.0478491024601734,12.229999542236328,10.214123725891117,-1.086874008178711,-0.0661055073142051,-0.7679980468750001,604.1490262489416,595.0889077053345,593.1414055884843,675.2751905165114,-0.0032544778906319163
4.9482920089999505,7.167592863748073,-0.0519101010674584,12.329999923706056,10.19867706298828,-2.076710700988769,-0.0644898191094398,-0.7360009765625,622.3539373412362,610.1608806096528,597.2057578323454,672.3116003386959,-0.003899959738402783
4.95829200899995,7.290992537901426,-0.0562216917814274,12.420000076293944,9.745773315429688,-2.344029903411865,-0.0616992972791195,-0.7360009765625,633.7849280270957,609.9068585944115,605.5038103302286,666.1303979678238,-0.004516834440713408
4.96829200899995,7.415712045561739,-0.060525163188588,12.519999504089355,9.587322235107422,-0.6742219924926758,-0.0693109184503555,-0.7360009765625,638.4419983065198,610.7535986452159,611.6850127011007,668.7552921253175,-0.005211843340446196
4.97829200899995,7.541054461858773,-0.0649104472321096,12.59999942779541,9.815370559692385,-0.8202104568481445,-0.0696711987257003,-0.7360009765625,661.2193056731583,612.3624047417443,621.2531752751905,695.9356477561388,-0.005908405165093084
4.98829200899995,7.667588360272976,-0.0695166078857846,12.699999809265137,10.211523056030272,-1.6073708534240725,-0.0626832097768783,-0.7679980468750001,666.1303979678238,616.6807790008468,621.3378492802709,714.1405588484336,-0.0065358494035823115
4.998292008999949,7.794907819712463,-0.0742826446497579,12.809999465942385,11.185129165649414,-1.4976820945739746,-0.0451635867357254,-0.7679980468750001,658.9331075359864,619.9830651989839,622.692633361558,719.4750211685013,-0.006986591109657365
5.008292008999949,7.9236161585091,-0.0791875759098454,12.929999351501465,11.056965827941896,-1.21722412109375,-0.0353916771709919,-0.7679980468750001,637.2565622353937,625.6562235393734,624.5554614733277,714.6486028789161,-0.007340608800246506
5.018292008999949,8.05360439264254,-0.0843615240836163,13.039999961853027,10.124134063720703,-1.9807219505310056,-0.0257490612566471,-0.8,635.8171041490262,631.8374259102455,629.043183742591,715.3259949195597,-0.007598792880420453
5.028292008999949,8.183802895189054,-0.089536306270104,13.130000114440918,9.105880737304688,-0.8084897994995117,-0.02729800529778,-0.8,638.6960203217612,634.4623200677391,630.9906858594411,719.3903471634208,-0.007871154379658903
5.038292008999949,8.315361823860846,-0.0948696374816709,13.219999313354492,10.428179740905763,-1.305215835571289,-0.0393804498016834,-0.8,652.9212531752752,644.0304826418289,632.4301439458086,731.8374259102455,-0.008264827055681948
5.048292008999948,8.43652273496202,-0.0893120844095449,13.31999969482422,10.76638698577881,-2.8824083805084237,-0.0471215993165969,-0.8319970703125,654.0220152413209,653.3446232006773,641.0668924640136,724.5554614733277,-0.009631908222856866
5.058292008999948,8.569925467107893,-0.0949427854590111,13.449999809265137,10.68381690979004,-1.7387661933898926,-0.0662740916013717,-0.8319970703125,656.4775613886536,655.8848433530906,643.0143945808636,721.5918712955122,-0.010293905861018172
5.068292008999948,8.704587242338931,-0.1006663317445726,13.539999961853027,10.585367202758787,-1.2272725105285645,-0.0845579952001571,-0.8639990234375,663.7595258255715,662.4894157493649,654.4453852667231,725.1481795088907,-0.011139827729962028
5.078292008999948,8.84005596420305,-0.1064460133101595,13.630000114440918,10.49435043334961,-0.9154973030090332,-0.1009506955742836,-0.927998046875,672.5656223539373,664.5215918712955,658.0016934801016,725.402201524132,-0.012147985885765721
5.0882920089999475,8.9770553832035,-0.1123191131202731,13.739999771118164,10.599160194396974,-0.8959827423095703,-0.1220131739974022,-0.927998046875,679.0855207451312,669.602032176122,661.9813717188823,722.0999153259949,-0.013370618219983069
5.098292008999947,9.114643403534718,-0.1183288730017445,13.859999656677246,10.917158126831056,-1.36285400390625,-0.134121760725975,-0.927998046875,685.2667231160034,677.4767146486029,669.4326841659611,721.5918712955122,-0.014709564172665108
5.108292008999947,9.25342294191008,-0.1245554793664823,13.960000038146973,9.683897018432615,-1.722963571548462,-0.1339779496192932,-0.96,694.0728196443691,681.541066892464,681.8797629127857,729.4665537679932,-0.016049853476462723
5.118292008999947,9.39310307818585,-0.1308935627753603,14.059999465942385,9.34931182861328,-1.2496118545532229,-0.1372406929731369,-0.96,697.6291278577477,682.133784928027,683.7425910245554,737.3412362404741,-0.017422619025405962
5.128292008999947,9.533916424091798,-0.1376775911115291,14.149999618530272,10.562213897705078,-3.185654878616333,-0.1307387799024582,-0.9919970703125001,695.0889077053345,691.363251481795,681.9644369178662,748.1795088907705,-0.018730566647582856
5.138292008999946,9.533916424091798,-0.1376775911115291,14.239999771118164,10.047281265258787,-3.416258811950684,-0.1210451945662498,-0.9919970703125001,695.7662997459779,698.1371718882302,687.4682472480948,757.0702794242168,-0.018730566647582856
5.148292008999946,9.808269204042512,-0.1378675644397737,14.329999923706056,9.71603870391846,-1.8021996021270752,-0.1210713908076286,-0.9919970703125001,693.9034716342082,700.592718035563,688.7383573243014,760.3725656223539,-0.018555401856992178
5.158292008999946,9.951645687848757,-0.1450320690372855,14.429999351501465,9.341909408569336,-2.883950710296631,-0.1266267299652099,-0.9919970703125001,693.7341236240474,700.2540220152413,696.8670618120237,775.3598645215918,-0.019821215096562265
5.168292008999946,10.096052424124316,-0.1525160396491554,14.529999732971191,9.358038902282717,-2.8510439395904545,-0.1183609291911125,-0.9919970703125001,695.4276037256562,705.3344623200677,699.0685859441152,775.02116850127,-0.02100521833191926
5.178292008999946,10.241647504245094,-0.1600640771653315,14.619999885559082,10.59674072265625,-1.2582263946533203,-0.1252157688140869,-0.9919970703125001,704.1490262489416,704.9957662997459,701.0160880609652,772.142252328535,-0.02225836000017711
5.188292008999945,10.387993189259031,-0.1678058797368062,14.739999771118164,9.774543762207031,-1.7239842414855957,-0.1348538845777512,-0.96,712.9551227773073,713.46316680779,708.0440304826418,765.3683319220999,-0.023606286678128263
5.198292008999945,10.53536435522462,-0.1758350299171909,14.829999923706056,9.71742916107178,-2.328756332397461,-0.1365667134523392,-0.96,714.817950889077,719.5596951735816,709.6528365791702,761.55800169348,-0.02497191995020834
5.208292008999945,10.683852176262803,-0.1841028810154518,14.90999984741211,9.838467597961428,-2.170503854751588,-0.1387468129396439,-0.927998046875,727.5190516511431,724.2167654530059,714.817950889077,751.2277730736663,-0.02636057762985981
5.218292008999945,10.833220754740918,-0.1928174537522365,15.029999732971191,10.127635002136232,-3.62872052192688,-0.1450313180685043,-0.8639990234375,730.9060118543607,737.3412362404741,716.0880609652836,746.9093988145639,-0.027810820271096978
5.2282920089999445,10.983312593622951,-0.2018242266746083,15.09999942779541,8.827524185180664,-3.1013748645782475,-0.1514086574316025,-0.8639990234375,735.7324301439457,739.5427603725656,720.4911092294665,747.2480948348857,-0.029323966836906287
5.238292008999944,10.983312593622951,-0.2018242266746083,15.1899995803833,9.205592155456545,-3.0301084518432617,-0.1493836790323257,-0.8319970703125,733.8696020321761,738.1879762912786,732.0067739204064,758.8484335309059,-0.029323966836906287
5.248292008999944,11.279152281196586,-0.1945097832625243,15.279999732971191,9.096712112426758,-3.192624568939209,-0.1445483863353729,-0.7679980468750001,737.6799322607959,737.4259102455546,733.3615580016934,761.8120237087214,-0.03212072683354229
5.258292008999944,11.431890854325554,-0.2038748410608979,15.369999885559082,8.808696746826172,-2.156544923782349,-0.1412769258022308,-0.7679980468750001,741.744284504657,743.1837425910245,737.2565622353937,761.3886536833191,-0.03353342737815515
5.268292008999944,11.585683243914168,-0.2134160639094462,15.469999313354492,9.455764770507812,-1.5775747299194336,-0.1353939324617386,-0.7360009765625,748.09483488569,744.3691786621507,737.1718882303132,754.0220152413209,-0.03488801102013516
5.278292008999943,11.74013541073838,-0.2231254845317066,15.559999465942385,8.229551315307617,-1.3914103507995603,-0.124091200530529,-0.64,755.3767993226079,749.7883149872989,750.381033022862,747.9254868755291,-0.036128744328128314
5.288292008999943,11.895383349940865,-0.2329716967053918,15.630000114440918,7.8069658279418945,-1.1033430099487305,-0.1172749996185302,-0.64,758.4250635055038,750.2116850127011,751.6511430990686,744.9618966977138,-0.03730163300858597
5.298292008999943,12.05136846373814,-0.2431497582799847,15.710000038146973,8.076182365417482,-2.204307317733765,-0.097760759294033,-0.5760009765625,755.9695173581711,760.7112616426757,751.9051651143099,745.8086367485182,-0.038278913357468504
5.308292008999943,12.208027963154525,-0.2536679244238847,15.789999961853027,6.82508134841919,-2.7285943031311035,-0.0895081460475921,-0.48,759.5258255715495,758.4250635055038,759.0177815410668,753.3446232006773,-0.03917407932594826
5.318292008999943,12.365534769815346,-0.2645455460940273,15.869999885559082,7.360243797302246,-2.924254179000855,-0.0765153765678405,-0.48,759.61049957663,760.7959356477561,760.7959356477561,757.0702794242168,-0.03993977964253996
5.328292008999942,12.523599051007524,-0.2757243124413189,15.969999313354492,7.535969257354737,-2.800182819366455,-0.069868765771389,-0.4160009765625,767.8238780694327,766.9771380186282,759.7798475867909,758.9331075359864,-0.04063811681568429
5.338292008999942,12.676594175479584,-0.2655491718502065,16.03999900817871,7.774060249328613,-2.557574033737183,-0.0613102354109287,-0.2560009765625,769.3480101608806,767.5698560541913,763.3361558001693,762.7434377646063,-0.04297169356006977
5.348292008999942,12.836502218338362,-0.2769290106310732,16.1299991607666,7.419670104980469,-1.7264785766601562,-0.0497595742344856,-0.2560009765625,770.1100762066045,769.5173581710415,764.6909398814564,767.5698560541913,-0.04347047518856897
5.358292008999942,12.996625818663954,-0.288343385764693,16.19999885559082,6.106871128082276,-0.8016810417175293,-0.0496935620903968,-0.19199707031250002,774.428450465707,775.9525825571549,772.3116003386959,763.4208298052498,-0.04396757620571659
5.3682920089999415,13.157294147638405,-0.2996730842975376,16.25,6.35399055480957,0.3420248031616211,-0.0587738677859306,-0.0639990234375,782.7265029635902,778.4081287044877,770.6181202370872,767.7392040643522,-0.04455511814411592
5.378292008999941,13.318798131371596,-0.3111119383440831,16.31999969482422,6.32308053970337,-0.3115162849426269,-0.0572338551282882,-0.0639990234375,779.7629127857747,782.5571549534293,768.3319220999153,768.5012701100761,-0.04512800197415102
5.388292008999941,13.480424327663805,-0.3225643120163919,16.369998931884766,5.274097442626953,-0.3136439323425293,-0.0664044469594955,0.0,783.657917019475,785.6900931414056,779.1701947502116,777.900084674005,-0.045791238375715394
5.398292008999941,13.642845990393964,-0.3342294188776072,16.40999984741211,6.011268615722656,-1.279918193817139,-0.0691355317831039,0.1280029296875,780.1016088060965,783.9966130397968,781.7104149026248,778.3234546994072,-0.046482461168656605
5.408292008999941,13.805930834726682,-0.3460767032038995,16.469999313354492,5.539462089538574,-1.3745648860931396,-0.0659815892577171,0.1280029296875,779.5935647756138,786.6215071972904,779.6782387806943,776.7146486028789,-0.047142716906613424
5.4182920089999405,13.969668573579924,-0.3581990433314981,16.520000457763672,4.578076362609863,-2.042616367340088,-0.0667392835021019,0.192001953125,786.9602032176122,789.0770533446232,778.0694326841659,782.133784928027,-0.04781158891047736
5.42829200899994,14.13314131351961,-0.370412298533576,16.56999969482422,4.364964962005616,-1.4223756790161133,-0.060375802218914,0.352001953125,785.9441151566468,795.3429297205757,780.8636748518204,785.4360711261643,-0.04841416599041381
5.43829200899994,14.297265547497132,-0.3826763823610652,16.600000381469727,4.507843971252441,-0.5523998737335205,-0.0589744001626968,0.352001953125,789.8391193903472,793.9881456392887,783.657917019475,783.9966130397968,-0.04900345949065103
5.44829200899994,14.465494173596957,-0.3683848182895918,16.6299991607666,4.424463272094727,-1.3024513721466064,-0.0562561228871345,0.4480029296875,789.8391193903472,798.3065198983911,786.1134631668077,780.8636748518204,-0.049093216981024514
5.45829200899994,14.630669621759829,-0.3803655744193028,16.670000076293945,3.579655170440674,-0.7524662017822266,-0.0503693930804729,0.6080029296874999,794.4115156646909,793.9034716342082,792.0406435224386,781.1176968670618,-0.0495972466834449
5.468292008999939,14.795825337978084,-0.3924446539256938,16.68000030517578,2.0963950157165527,-0.8842375874519349,-0.0457899086177349,0.6080029296874999,795.2582557154954,793.4801016088061,791.8712955122777,782.9805249788315,-0.050055036161286086
5.478292008999939,14.961256516223932,-0.4045054033926588,16.69999885559082,2.533242702484131,0.1640577316284179,-0.0236160606145858,0.672001953125,792.8027095681625,793.9034716342082,792.8027095681625,782.3031329381879,-0.050291140237135566
5.488292008999939,15.127020715349753,-0.4164452752887046,16.719999313354492,2.3166394233703613,1.3754584789276123,0.0116364285349845,0.96,799.3226079593564,790.9398814563929,790.8552074513124,781.9644369178662,-0.05017472889896642
5.498292008999939,15.293067735689894,-0.4282197727323679,16.770000457763672,2.6092479228973398,2.1223175525665288,0.0540938191115856,0.96,800.1693480101609,787.0448772226925,795.004233700254,777.0533446232007,-0.04963357197521404
5.5082920089999385,15.458964458474382,-0.4397456843994704,16.779998779296875,0.9344145059585572,2.7214550971984863,0.0929585620760917,1.12,806.0965283657916,788.5690093141405,801.4394580863675,778.662150719729,-0.048704563480230466
5.518292008999938,15.625206940684464,-0.4510700659796611,16.78999900817871,1.368741512298584,2.926723957061768,0.1419143825769424,1.5039990234375002,802.2861981371718,784.0812870448772,801.0160880609652,770.0254022015241,-0.04728477814237859
5.528292008999938,15.791600355464364,-0.4623247545939768,16.779998779296875,0.8930462002754213,2.0672922134399414,0.1932551860809326,1.5039990234375002,803.7256562235393,780.0169348010161,800.8467400508043,774.2591024555461,-0.04535038509951959
5.538292008999938,15.971418784090714,-0.4548105659431936,16.770000457763672,-0.0574085116386413,2.0187666416168217,0.2393644750118255,1.76,810.7535986452159,780.2709568162574,802.9635901778154,762.6587637595258,-0.04662407809898188
5.548292008999938,16.138174008885795,-0.4657334282364442,16.770000457763672,0.9516138434410096,2.000784158706665,0.2807456254959106,2.272001953125,803.8950042337002,778.3234546994072,807.8746824724809,758.086367485182,-0.04381361244763143
5.5582920089999375,16.30467688553017,-0.4762921392090329,16.779998779296875,0.234561800956726,3.3829779624938965,0.3169305622577668,2.272001953125,803.8103302286198,774.5131244707875,803.0482641828958,756.2235393734123,-0.04064574552809141
5.568292008999937,16.4711509612899,-0.486292948570011,16.770000457763672,-0.8140637874603271,5.212257385253906,0.3493758738040924,2.5280029296874997,805.6731583403895,753.4292972057578,804.233700254022,747.7561388653683,-0.037151823526559644
5.578292008999937,16.63724715515053,-0.4954812667377237,16.729999542236328,-3.529973030090332,7.550043106079102,0.3924319744110107,3.04,801.4394580863675,757.0702794242168,803.471634208298,745.8086367485182,-0.033225355574276465
5.588292008999937,16.80294868318691,-0.5035389002610319,16.670000076293945,-3.87677812576294,10.57050895690918,0.4474757015705109,3.04,807.112616426757,762.6587637595258,807.1972904318374,746.0626587637595,-0.028748789155176112
5.598292008999937,16.968274106207488,-0.5106387785790356,16.6299991607666,-2.757960796356201,10.46116065979004,0.5052960515022279,3.36,802.0321761219305,748.9415749364945,803.8103302286198,741.4055884843352,-0.023699327146064594
5.608292008999936,17.133087868327113,-0.5168505572438103,16.56999969482422,-4.229042053222656,9.87282371520996,0.553481161594391,4.0,803.3022861981372,736.3251481795089,806.1812023708721,738.1033022861981,-0.018169535295828525
5.618292008999936,17.298188229750963,-0.522372159607665,16.529998779296875,-3.134578943252564,8.416502952575685,0.5923163294792176,4.0,804.4877222692633,733.1075359864521,805.7578323454699,732.2607959356477,-0.012232538166475071
5.628292008999936,17.46252462716758,-0.5272880121988779,16.469999313354492,-3.597430944442749,7.173954963684082,0.6330177783966064,4.2880029296875,797.9678238780695,714.1405588484336,801.0160880609652,721.930567315834,-0.005902517342636262
5.638292008999936,17.626492711759667,-0.5314898566334573,16.440000534057617,-2.534435987472534,7.663904190063477,0.6825979351997377,4.8,803.3869602032175,694.8348856900931,800.5080440304826,718.8823031329382,0.0009161320182584186
5.6482920089999356,17.80571761296488,-0.5150070105316166,16.369998931884766,-3.304666519165039,8.551074981689453,0.7293936014175415,4.8,804.9110922946655,683.5732430143945,798.5605419136325,718.6282811176968,0.00234810927062201
5.658292008999935,17.969582409919997,-0.5177106581392426,16.309999465942383,-2.327949762344361,8.07032108306885,0.7661830186843872,5.0560009765625,801.6088060965284,660.7112616426757,805.1651143099068,703.3022861981372,0.010009018789241916
5.668292008999935,18.132727735530143,-0.5194484692974978,16.279998779296875,-3.697438478469849,9.49302387237549,0.797147572040558,5.3439990234375,804.0643522438611,658.5097375105843,797.2904318374259,695.5122777307366,0.017966232798096272
5.678292008999935,18.29548019243534,-0.5200250211871968,16.190000534057617,-5.523385047912598,11.407170295715334,0.8313594460487367,5.3439990234375,796.0203217612193,659.3564775613886,794.24216765453,701.5241320914479,0.026278828272432903
5.688292008999935,18.45775775141052,-0.5194214053665946,16.100000381469727,-6.918889999389648,12.151239395141602,0.861966907978058,5.4080029296875,785.012701100762,678.7468247248095,783.9966130397968,709.9068585944115,0.034914518828040184
5.6982920089999345,18.61868487288245,-0.517717151557231,16.029998779296875,-7.292275428771973,11.827506065368654,0.8821311593055726,5.6000000000000005,772.3116003386959,689.5004233700254,781.2023708721422,704.233700254022,0.043721310172864424
5.708292008999934,18.77919021665388,-0.5147949639137741,15.929999351501465,-6.398316860198976,12.28952407836914,0.8850669860839844,5.6000000000000005,770.4487722269263,686.7908552074513,778.3234546994072,698.9839119390347,0.05256986142891543
5.718292008999934,18.939072093650893,-0.5107621929041303,15.84999942779541,-6.863126754760742,11.7633056640625,0.8854830265045166,5.6960009765625,768.2472480948348,680.2709568162574,771.1261642675698,691.8712955122777,0.06143059448627628
5.728292008999934,19.09803678644893,-0.5055888654450419,15.769999504089355,-7.251989364624023,11.695598602294922,0.8682334423065186,5.888002929687501,766.723116003387,670.956816257409,770.7874682472481,676.4606265876375,0.07011312763220591
5.738292008999934,19.25642282751133,-0.4994260032949885,15.699999809265137,-7.343265533447266,10.577220916748049,0.8456940054893495,5.888002929687501,765.6223539373412,661.2193056731583,772.2269263336156,671.4648602878916,0.07858256063004765
5.748292008999933,19.42832825937793,-0.4603094223708281,15.639999389648438,-7.144662380218507,11.361246109008787,0.8282371163368226,5.9839990234375,760.965283657917,638.4419983065198,762.7434377646063,656.3082133784927,0.08607629832062567
5.758292008999933,19.58538374081648,-0.4514036310791917,15.559999465942385,-6.230181694030762,10.827731132507326,0.8099656105041504,6.1120019531250005,751.9051651143099,611.7696867061812,754.1913632514818,655.1227773073666,0.09418058136163271
5.768292008999933,19.74165789533858,-0.4417431841032564,15.539999961853027,-6.051438331604004,9.217561721801758,0.8216030597686768,6.1120019531250005,739.8814563928873,594.7502116850127,756.8162574089754,656.6469093988145,0.10239542881129748
5.778292008999933,19.89699596536632,-0.4308751686245985,15.449999809265137,-8.153157234191896,12.071778297424318,0.8503120541572572,6.1439990234375,740.7281964436918,580.6943268416596,748.09483488569,662.1507197290432,0.11090360949845607
5.788292008999933,20.051164951875545,-0.4190361315621074,15.34999942779541,-7.665251731872559,11.502894401550297,0.8728904724121094,6.1439990234375,726.5029635901777,574.0897544453852,734.2082980524979,666.4690939881456,0.11962001909967622
5.798292008999932,20.204352525821182,-0.405974727906182,15.25999927520752,-9.37057971954346,13.07344150543213,0.8989223837852479,6.1439990234375,714.3945808636748,571.7188823031329,729.3818797629127,670.194750211685,0.1286077341261547
5.808292008999932,20.356682844458028,-0.3918976214058966,15.15999984741211,-8.406343460083008,12.05756378173828,0.91897052526474,6.1439990234375,711.6850127011007,575.5292125317527,727.0956816257409,667.9932260795936,0.1378002789102255
5.818292008999932,20.507970659007803,-0.3769622955705605,15.029999732971191,-9.302428245544435,11.012486457824709,0.9509296417236328,6.1439990234375,694.4115156646909,583.1498729889923,726.5029635901777,659.8645215918713,0.14731636783751015
5.828292008999932,20.658115134695127,-0.3610756131371091,14.90999984741211,-9.06043338775635,11.302943229675297,0.9750466346740724,6.1439990234375,700.0,579.8475867908552,723.9627434377646,645.4699407281964,0.15706752229318105
5.8382920089999315,20.658115134695127,-0.3610756131371091,14.799999237060549,-9.55130386352539,9.95281982421875,0.9850803017616272,6.1439990234375,698.3911939034716,573.3276883996613,720.4911092294665,638.0186282811177,0.15706752229318105
5.848292008999931,20.963621762638105,-0.300149627888973,14.699999809265137,-8.34330940246582,10.41069221496582,0.9729071259498596,6.1439990234375,696.0203217612193,558.6790855207452,710.9229466553768,622.0999153259949,0.1775822046885256
5.858292008999931,21.110872375087038,-0.2813675112538478,14.609999656677246,-8.06246566772461,8.613649368286133,0.956604301929474,6.08,697.5444538526672,550.7197290431837,701.5241320914479,575.5292125317527,0.18714436135687754
5.868292008999931,21.257094316681,-0.2616273547065961,14.50999927520752,-8.680620193481445,10.247705459594728,0.9331055879592896,6.08,690.1778154106689,547.6714648602879,696.9517358171041,567.9932260795936,0.1964756308073905
5.878292008999931,21.40218602203862,-0.2410371692918311,14.420000076293944,-9.127748489379885,10.288299560546877,0.9145458936691284,6.1120019531250005,675.4445385266723,539.0347163420829,685.6900931414056,551.3124470787468,0.20562064493282756
5.88829200899993,21.54609806880205,-0.2195471745662957,14.309999465942385,-10.17067050933838,10.836981773376468,0.9001040458679199,6.1439990234375,666.2150719729043,541.9983065198984,678.0694326841659,542.8450465707027,0.21462725644716468
5.89829200899993,21.688653760207377,-0.1971411784586889,14.15999984741211,-10.64900875091553,11.493855476379396,0.8979631662368774,6.1439990234375,659.3564775613886,546.9093988145639,677.2226926333615,544.0304826418289,0.22360987682131983
5.90829200899993,21.82969840358464,-0.1737340714067736,14.00999927520752,-10.8951416015625,12.633146286010742,0.9067896008491516,6.1439990234375,645.4699407281964,559.9491955969518,668.5012701100762,553.0906011854361,0.23267127831734666
5.91829200899993,21.969590131359887,-0.1492794215920669,13.889999389648438,-10.881673812866213,13.030580520629885,0.919979214668274,6.208002929687502,639.2040643522438,569.8560541913632,658.2557154953429,571.4648602878916,0.241878080574813
5.92829200899993,22.10796383366036,-0.1238055813746245,13.729999542236328,-10.459156036376951,13.433895111083984,0.9329948425292968,6.208002929687502,631.5834038950042,571.549534292972,659.1024555461473,573.5817104149025,0.2512015692465387
5.938292008999929,22.10796383366036,-0.1238055813746245,13.619999885559082,-10.183718681335453,12.649962425231935,0.9310821294784546,6.272001953125,625.1481795088907,570.3640982218459,656.2235393734123,573.9204064352243,0.2512015692465387
5.948292008999929,22.389252330179808,-0.0592725735721112,13.489999771118164,-9.039850234985352,11.996786117553713,0.9340441226959229,6.336000976562499,623.0313293818797,556.3928873835732,654.1913632514818,559.8645215918713,0.2733813754668004
5.958292008999929,22.524357471894795,-0.0308155573273486,13.380000114440918,-8.40135383605957,10.753774642944336,0.94859117269516,6.336000976562499,618.7976291278577,550.7197290431837,656.5622353937341,554.5300592718036,0.28286818279431974
5.968292008999929,22.658585577909022,-0.0017271464034615,13.31999969482422,-7.281252384185792,9.516139030456545,0.973601222038269,6.336000976562499,608.467400508044,510.584250635055,652.0745131244707,536.4098221845893,0.2926055784774374
5.9782920089999285,22.791916109967925,0.0279505835898852,13.25,-6.936991214752198,8.901661872863771,0.9980132579803468,6.336000976562499,597.4597798475868,479.76291278577474,642.4216765453006,513.2091447925486,0.30258617742925054
5.988292008999928,22.924308198437025,0.0582388228662898,13.15999984741211,-7.159938812255859,8.925764083862305,1.0171557664871218,6.336000976562499,598.6452159187129,471.12616426756983,637.0872142252329,502.3708721422523,0.31275918044676393
5.998292008999928,23.05585995130996,0.0891597075766965,13.06999969482422,-7.970554351806641,8.983331680297852,1.0294588804244995,6.368002929687501,580.3556308213379,471.2955122777307,626.6723116003386,487.8069432684166,0.3230731493610816
6.008292008999928,23.185567350496708,0.1206226286853545,12.960000038146973,-9.523197174072266,10.13791275024414,1.0416040420532229,6.432001953125,572.3962743437764,488.3149872988992,616.342082980525,487.29889923793394,0.33346583609906844
6.018292008999928,23.314398884404568,0.1529881231878397,12.869999885559082,-9.446983337402344,11.405410766601562,1.0553736686706543,6.432001953125,565.7070279424216,494.1574936494496,612.6164267569856,486.02878916172733,0.3440286210658056
6.0282920089999275,23.44159500748249,0.1861550838338498,12.769999504089355,-10.44439697265625,12.510734558105469,1.0635939836502075,6.496000976562499,547.1634208298052,517.1888230313293,601.7781541066893,492.0406435224386,0.3546594791477586
6.038292008999927,23.561963565068385,0.2264103120547392,12.6899995803833,-10.260032653808594,12.990955352783203,1.058974266052246,6.688002929687501,544.9618966977138,525.1481795088907,603.3022861981372,496.6977138018628,0.36349632314549535
6.048292008999927,23.686319414845112,0.2614129112179184,12.579999923706056,-10.112554550170898,13.13019561767578,1.0441091060638428,6.688002929687501,546.4860287891617,523.454699407282,603.3869602032175,494.66553767993224,0.3739364085086955
6.058292008999927,23.809712809348603,0.2973601005826289,12.469999313354492,-9.24169921875,12.719770431518556,1.0336610078811648,6.7839990234375005,559.1024555461473,514.9872988992379,608.0440304826418,492.12531752751903,0.38429888534856843
6.068292008999927,23.93123497497026,0.334093401286027,12.369999885559082,-8.454834938049318,13.326327323913576,1.0253725051879885,6.976000976562499,568.8399661303979,506.18120237087214,605.2497883149873,477.3920406435224,0.3945266870290261
6.078292008999926,24.051932809672728,0.3718478608904951,12.25999927520752,-7.207519054412843,13.007335662841797,1.0173544883728027,6.976000976562499,574.6824724809484,500.16934801016083,602.3708721422523,470.61812023708717,0.40469779664839006
6.088292008999926,24.171620807009404,0.41052715383295,12.170000076293944,-7.088192462921144,12.80876922607422,1.022181510925293,7.0720019531250005,564.436917866215,479.76291278577474,596.7823878069432,460.88060965283654,0.41492861917070695
6.098292008999926,24.29009807619575,0.4499581620512772,12.109999656677246,-6.565502643585206,12.060779571533203,1.0273886919021609,7.136000976562499,555.207451312447,464.436917866215,591.0245554614733,440.98221845893306,0.42519710742364
6.108292008999926,24.40769082505765,0.4900432970490508,12.029999732971191,-6.564830780029297,10.635828018188477,1.039440393447876,7.136000976562499,548.5182049110923,458.59441151566466,586.8755292125318,438.10330228619813,0.4355962100613742
6.1182920089999255,24.5243547494325,0.5307587949626695,11.949999809265137,-6.481183052062988,10.031054496765138,1.0391682386398318,7.168002929687502,531.2447078746825,443.6071126164267,579.0008467400507,425.2328535139712,0.4459982883321179
6.128292008999925,24.63994227811914,0.5721504612765115,11.859999656677246,-7.156019687652589,10.67250156402588,1.0514979362487793,7.232001953125,510.3302286198137,451.56646909398813,574.0897544453852,425.3175275190516,0.4565300543418806
6.138292008999925,24.75412853250868,0.6141312881911857,11.809999465942385,-7.194354534149171,11.261480331420898,1.0807279348373415,7.232001953125,495.6816257408975,452.49788314987296,571.8035563082134,428.11176968670617,0.4673301087463079
6.148292008999925,24.85622104609009,0.6512219919103823,11.699999809265137,-7.951698303222656,12.965312957763672,1.10927152633667,7.2639990234375,480.77900084674,471.71888230313294,568.670618120237,439.62743437764607,0.47960897034243016
6.158292008999925,24.96766367455346,0.6949845143482727,11.59999942779541,-7.455002784729004,14.370915412902834,1.1379624605178835,7.4239990234375,476.4606265876376,479.76291278577474,567.9085520745131,460.1185436071126,0.4909983513052981
6.1682920089999245,25.077748118160528,0.7395543870285758,11.50999927520752,-6.700777053833008,13.840404510498049,1.155832052230835,7.4239990234375,467.8238780694327,483.4038950042337,570.6181202370872,459.9491955969517,0.5025486692215011
6.178292008999924,25.18657284705704,0.7848657590812239,11.40999984741211,-6.773319244384766,13.04574203491211,1.1631025075912478,7.552001953125,494.49618966977135,481.1176968670618,570.194750211685,458.4250635055038,0.5141649860271017
6.188292008999924,25.29473023040933,0.8312926115249281,11.329999923706056,-6.6272902488708505,13.518383026123049,1.1654446125030518,7.68,513.7171888230313,471.71888230313294,568.077900084674,441.15156646909395,0.5258674914487829
6.198292008999924,25.400853942389805,0.8782117551241047,11.219999313354492,-6.8486833572387695,13.506409645080568,1.1612532138824463,7.68,516.6807790008468,465.45300592718036,567.9085520745131,437.08721422523286,0.5374456813347209
6.208292008999924,25.506204694822312,0.926188776502733,11.149999618530272,-4.942279338836671,13.519704818725586,1.1681041717529297,7.7439990234375005,527.2650296359018,456.3928873835732,563.5901778154107,424.047417442845,0.5491203064643928
6.218292008999923,25.61068669308643,0.9750680275079774,11.079999923706056,-4.889872074127198,12.936233520507812,1.1792534589767458,7.776000976562499,519.7290431837425,447.5867908552074,569.7713801862828,417.696867061812,0.560928855696166
6.228292008999923,25.713987795969864,1.0247173126237994,11.010000228881836,-4.272892951965332,12.811856269836428,1.1929618120193484,7.84,513.3784928027095,444.2845046570703,564.5215918712955,414.3099068585944,0.572854480499747
6.238292008999923,25.80144510939615,1.0681229707532705,10.969999313354492,-4.070096492767335,11.209720611572266,1.205435633659363,7.84,503.8950042337002,436.32514817950886,554.4453852667231,410.584250635055,0.5836559369233234
6.248292008999923,25.90268136884881,1.119016382499824,10.899999618530272,-4.05694580078125,11.677115440368654,1.2166476249694824,7.84,496.10499576629974,433.4462320067739,556.5622353937341,411.26164267569857,0.5958241419985503
6.2582920089999226,26.00282683789017,1.1706524700134715,10.84999942779541,-4.436415195465089,12.094749450683594,1.2191197872161863,7.84,484.9280270956816,438.7806943268416,551.3124470787468,415.2413209144792,0.6080144562618577
6.268292008999922,26.10164740800548,1.2230880299628326,10.789999961853027,-5.435965538024902,13.467961311340334,1.2207268476486208,7.903999023437501,478.15410668924636,449.618966977138,549.7036409822184,429.72057578323455,0.6202167653492572
6.278292008999922,26.199161622546505,1.2766203601918589,10.739999771118164,-4.816279888153077,15.672630310058594,1.2362515926361084,7.903999023437501,467.23116003386957,454.78408128704484,546.3166807790009,438.6960203217612,0.6325775010137153
6.288292008999922,26.29551900686208,1.3313760016028289,10.670000076293944,-4.104801177978516,16.615657806396484,1.2507836818695068,7.936000976562499,459.7798475867908,457.15495342929717,543.0990685859441,448.85690093141403,0.6451029202980314
6.298292008999922,26.390416695172597,1.3871134861179375,10.609999656677246,-3.5117459297180176,16.458692550659183,1.2542212009429932,8.032001953125,480.77900084674,456.64690939881456,545.8086367485182,447.1634208298052,0.6576337572200847
6.3082920089999215,26.484216665524198,1.443741057161765,10.550000190734863,-3.957311630249024,14.770654678344728,1.255147933959961,8.192001953125,504.14902624894154,452.5825571549534,544.5385266723116,445.30059271803555,0.670184626088487
6.318292008999921,26.57705804286065,1.501429992276364,10.469999313354492,-3.040892601013184,14.452363014221191,1.2383040189743044,8.192001953125,508.80609652836574,457.2396274343776,540.8128704487722,444.5385266723116,0.6825859590192941
6.328292008999921,26.668725693212977,1.5598333552692674,10.429999351501465,-2.4709277153015137,13.138803482055664,1.2215378284454346,8.2880029296875,515.1566469093988,455.6308213378493,538.4419983065198,444.1151566469094,0.6947917148229145
6.338292008999921,26.759470409550364,1.619165547943959,10.389999389648438,-1.640054702758789,12.952945709228516,1.200559496879578,8.2880029296875,509.8221845893311,452.9212531752752,532.3454699407282,435.1397121083827,0.7067884250359121
6.348292008999921,26.827127700577552,1.664867514686872,10.34000015258789,-2.203916072845459,11.275251388549805,1.183976650238037,8.2880029296875,504.40304826418287,453.1752751905165,532.8535139712108,430.7366638441998,0.718277672889611
6.35829200899992,26.915697450696385,1.7253328065105518,10.300000190734863,-2.076259136199951,11.507610321044922,1.1639469861984255,8.256000976562499,503.30228619813715,449.11092294665536,531.5834038950043,426.84165961049956,0.7299113040130132
6.36829200899992,27.00339215960271,1.7865683041682705,10.279999732971191,-1.709575653076172,11.535132408142092,1.157392501831055,8.16,496.78238780694323,448.01016088060965,531.4987298899238,428.7044877222692,0.7414808028915566
6.37829200899992,27.09004568394357,1.848796747352976,10.25,-1.7352442741394043,13.453695297241213,1.1518182754516602,8.16,488.653683319221,447.41744284504654,529.8899237933954,427.2650296359018,0.7530030938846275
6.38829200899992,27.175536806885297,1.91200580192675,10.219999313354492,-1.4097533226013184,14.436641693115234,1.1401499509811404,8.0639990234375,493.5647756138865,448.01016088060965,539.6274343776461,437.08721422523286,0.764402951523534
6.39829200899992,27.259916164347853,1.976394968678145,10.1899995803833,-0.3114752769470215,15.599592208862305,1.1367816925048828,7.9680029296875015,497.03640982218457,450.12701100762064,543.0990685859441,443.7764606265876,0.7757683183385049
6.408292008999919,27.343168216419397,2.042271059600068,10.199999809265137,0.3422727584838867,17.64670181274414,1.1355870962142949,7.9680029296875015,494.4115156646909,454.0220152413209,543.0143945808636,445.6392887383573,0.7871404231745609
6.418292008999919,27.425109528497373,2.1093532113584943,10.1899995803833,0.9348039627075196,17.614700317382812,1.137298583984375,8.0,508.29805249788313,452.9212531752752,529.6359017781541,444.1998306519898,0.7985090597184815
6.428292008999919,27.50600012292755,2.1775111682269594,10.1899995803833,0.7835140228271484,15.970443725585938,1.149303913116455,8.0639990234375,515.2413209144793,453.76799322607957,529.1278577476714,440.2201524132091,0.8099944154576643
6.438292008999919,27.54760515704664,2.233682975305362,10.1899995803833,0.355961799621582,14.418880462646484,1.142247557640076,8.0639990234375,510.584250635055,452.7519051651143,526.4182895850973,439.9661303979678,0.823565038940736
6.4482920089999185,27.62604725126344,2.303553857326241,10.170000076293944,1.1823935508728027,12.249467849731444,1.1296147108078003,8.096000976562499,521.7612193056731,455.88484335309056,525.4022015241321,440.64352243861134,0.8348617139182369
6.458292008999918,27.70363883725628,2.374267067535472,10.170000076293944,0.9805431365966796,12.008548736572266,1.125826120376587,8.1280029296875,522.4386113463166,459.18712955122777,524.9788314987298,436.91786621507197,0.8461167433709209
6.468292008999918,27.78046073482494,2.4459975886455614,10.149999618530272,2.028206348419189,12.38360595703125,1.1322638988494873,8.1280029296875,520.3217612193057,459.18712955122777,524.9788314987298,432.4301439458086,0.8574358621755569
6.478292008999918,27.85627726640126,2.518940978631499,10.170000076293944,2.292221069335937,14.561697006225586,1.1411099433898926,8.096000976562499,525.6562235393734,457.15495342929717,525.8255715495343,430.56731583403894,0.8688455904179267
6.488292008999918,27.93120165869073,2.592894188013169,10.179999351501465,1.8380398750305176,13.779970169067385,1.1436872482299805,7.9680029296875015,523.6240474174429,456.9009314140559,528.1964436917866,434.9703640982218,0.8802849060797729
6.498292008999917,28.005160970604145,2.6679555638449144,10.1899995803833,2.1499462127685547,14.232498168945312,1.1403756141662598,7.9680029296875015,522.4386113463166,454.95342929720573,529.1278577476714,433.27688399661304,0.8916921858735029
6.508292008999917,28.07808844296989,2.7440663832299013,10.199999809265137,2.258163452148437,14.35370635986328,1.1267222166061404,7.903999023437501,532.1761219305673,459.6951735817104,531.6680779000847,432.7688399661304,0.9029561737161848
6.518292008999917,28.150301246957586,2.8217920896579605,10.1899995803833,2.846738338470459,15.234512329101562,1.0988237857818604,7.872001953125,531.8374259102455,459.5258255715495,536.8331922099915,432.34546994072815,0.9139944392758897
6.528292008999917,28.22134185695087,2.900132229928692,10.1899995803833,3.026699542999268,13.284177780151367,1.0788094997406006,7.84,534.1236240474174,458.59441151566466,535.0550381033023,434.20829805249787,0.9247760937792654
6.538292008999917,28.29139214200014,2.9795083142104857,10.199999809265137,2.7701048851013184,13.73740005493164,1.0630632638931277,7.903999023437501,526.8416596104995,460.2878916172735,537.1718882303132,433.7002540220152,0.9353970850267862
6.548292008999916,28.334466654918465,3.030086147365329,10.210000038146973,2.979152202606201,14.288705825805664,1.045337796211243,8.1280029296875,530.0592718035563,460.88060965283654,531.2447078746825,434.2929720575783,0.9464627370707221
6.558292008999916,28.402260494474326,3.1111553081442453,10.219999313354492,3.0084362030029297,13.190563201904297,1.0290309190750124,8.1280029296875,538.0186282811177,461.727349703641,531.4987298899238,435.3090601185436,0.9567599059703769
6.568292008999916,28.46918652201901,3.1932008218774506,10.260000228881836,3.5881447792053223,12.678485870361328,1.0093269348144531,8.2880029296875,531.0753598645216,463.25148179508886,528.5351397121084,432.5994919559695,0.9668512405544805
6.578292008999916,28.53512602100832,3.2761885780754354,10.289999961853027,3.2966599464416504,13.116275787353516,1.002561450004578,8.7039990234375,535.4784081287045,462.6587637595258,528.281117696867,428.3657917019475,0.9768656111173656
6.5882920089999155,28.60040768792724,3.3603980058525966,10.31999969482422,3.8234219551086426,12.583145141601562,0.9912712574005128,8.7039990234375,536.5791701947502,460.88060965283654,525.9949195596952,427.01100762066045,0.9867891857621671
6.598292008999915,28.66455834526221,3.4454369105184632,10.34000015258789,3.112257957458496,13.432785987854006,0.9911113381385804,8.832001953125,536.5791701947502,462.4894157493649,532.3454699407282,425.74089754445384,0.9966920192140849
6.608292008999915,28.727879221442816,3.531613761479474,10.34999942779541,3.5396461486816406,13.179235458374023,0.9752678871154784,9.0560009765625,534.4623200677391,459.7798475867908,535.9864521591871,415.32599491955966,1.0064484091361026
6.618292008999915,28.790390000931712,3.6187117621421057,10.380000114440918,2.434561252593994,12.127204895019531,0.9532448053359984,9.0560009765625,531.4987298899238,456.9009314140559,537.8492802709568,411.26164267569857,1.0159983479865573
6.628292008999915,28.85182499789285,3.706305026945135,10.399999618530272,2.47943115234375,11.40635871887207,0.9103546738624574,9.120000000000001,537.3412362404741,458.5097375105842,542.1676545300593,410.66892464013546,1.0250847394514055
6.6382920089999145,28.89080938901008,3.768044148897983,10.40999984741211,2.3374361991882324,10.93992805480957,0.8774975538253784,9.120000000000001,533.5309060118543,460.5419136325148,542.7603725656223,394.5808636748518,1.0362864332606394
6.648292008999914,28.950313542518096,3.856878498319532,10.420000076293944,2.3051862716674805,10.050013542175297,0.8368765711784364,9.120000000000001,530.9060118543607,459.61049957662993,547.1634208298052,394.0728196443692,1.0446609772721134
6.658292008999914,29.008980613873668,3.9460491543722793,10.4399995803833,0.8017630577087402,8.94428825378418,0.7941130995750428,9.1839990234375,532.2607959356477,447.3327688399661,567.8238780694327,391.95596951735814,1.05259736741169
6.668292008999914,29.066838734888112,4.035941454720707,10.449999809265137,0.5541625022888184,10.00433349609375,0.7784035205841064,9.28,536.0711261642675,449.1955969517358,571.8882303132938,408.2133784928027,1.0603901177295798
6.678292008999914,29.12355796129961,4.126269938608938,10.429999351501465,0.347074031829834,11.3656005859375,0.786603569984436,9.408002929687502,535.3090601185436,440.64352243861134,573.4123624047418,442.42167654530056,1.0682503321597185
6.688292008999913,29.179269166818877,4.217586531621476,10.4399995803833,2.061575412750244,13.270881652832031,0.8416975736618042,9.792001953125,533.6155800169348,433.27688399661304,563.4208298052498,460.4572396274344,1.07666850392732
6.698292008999913,29.2338488521178,4.309692873160854,10.460000038146973,2.448124885559082,13.99202632904053,0.9062766432762148,9.792001953125,539.796782387807,429.6359017781541,560.8806096528366,463.1668077900084,1.085724131301899
6.708292008999913,29.28751374511732,4.40290968452426,10.489999771118164,3.41446304321289,14.074440002441406,0.9805480837821962,10.0480029296875,542.3370025402202,414.5639288738357,543.9458086367486,460.62658763759526,1.0955375513384353
6.718292008999913,29.340464909607498,4.496972328379627,10.529999732971191,3.545562744140625,12.002785682678224,1.0517120361328125,10.4960009765625,542.5910245554614,401.86282811176966,540.1354784081287,457.8323454699407,1.1060697065312126
6.7282920089999125,29.392408813786638,4.591504466483979,10.550000190734863,3.030241012573242,11.71054458618164,1.1074708700180056,10.4960009765625,536.6638441998306,386.7908552074513,540.38950042337,456.22353937341234,1.117128826213485
6.738292008999912,29.392408813786638,4.591504466483979,10.579999923706056,1.5049066543579102,11.77013111114502,1.1551072597503662,10.6239990234375,548.6028789161727,346.6553767993226,542.5063505503811,453.51397121083824,1.117128826213485
6.748292008999912,29.464804348470448,4.758761309646634,10.579999923706056,2.0177130699157715,11.104730606079102,1.1977784633636477,10.752001953125001,549.8729889923793,333.27688399661304,545.7239627434377,450.71972904318375,1.1373420971838306
6.758292008999912,29.513815929307423,4.854763211543488,10.579999923706056,1.3392930030822754,10.624885559082031,1.2361184358596804,10.752001953125001,542.675698560542,337.08721422523286,546.740050804403,449.11092294665536,1.1497135847299214
6.768292008999912,29.561587606854197,4.950868549043644,10.56999969482422,-0.3562617301940918,11.469791412353516,1.261139512062073,10.752001953125001,548.0101608806096,359.2718035563082,549.4496189669771,445.2159187129551,1.1623012141752278
6.7782920089999115,29.6082251779133,5.047567580345383,10.529999732971191,-0.9665074348449708,12.637544631958008,1.290323853492737,10.6880029296875,549.9576629974598,385.85944115156644,552.2438611346316,443.69178662150716,1.1752069015021056
6.788292008999911,29.653642458933152,5.144650871804784,10.519999504089355,-1.2902235984802246,12.958335876464844,1.3235687017440798,10.6880029296875,549.618966977138,399.4072819644369,549.9576629974598,446.74005080440304,1.188448887164396
6.798292008999911,29.697938004172244,5.242000355196303,10.489999771118164,-1.1389813423156738,12.027029037475586,1.3410356044769287,10.6880029296875,546.6553767993225,419.8983911939035,542.0829805249788,457.7476714648603,1.201857312053233
6.808292008999911,29.7409317356006,5.339852815364323,10.469999313354492,-0.4042778015136719,13.2431116104126,1.3302744626998904,10.72,541.151566469094,442.3370025402201,541.151566469094,453.51397121083824,1.21515845818301
6.818292008999911,29.782963426446347,5.4383818378667055,10.429999351501465,-0.3615689277648926,11.935583114624023,1.3071228265762331,10.7839990234375,541.151566469094,444.45385266723116,537.9339542760372,457.91701947502116,1.2282686292789555
6.82829200899991,29.823701388861195,5.536878689717599,10.4399995803833,0.2364730834960937,11.695701599121094,1.289072632789612,10.88,540.8128704487722,445.8933107535986,537.3412362404741,460.5419136325148,1.2411347562040596
6.83829200899991,29.824907067767,5.62761470288014,10.429999351501465,-0.1174511909484863,11.469573974609377,1.268409848213196,10.976000976562501,538.8653683319221,443.6071126164267,534.9703640982218,462.32006773920403,1.2516289224181265
6.84829200899991,29.86286812543104,5.726966669553149,10.420000076293944,0.3040022850036621,11.743453979492188,1.2598249912261963,11.1360009765625,538.4419983065198,446.90939881456393,530.6519898391193,469.51735817104145,1.2642283617784984
6.85829200899991,29.89969198258214,5.826706970546532,10.40999984741211,-0.098116397857666,11.877885818481444,1.2507411241531374,11.1360009765625,536.0711261642675,443.6071126164267,533.1922099915325,471.8882303132938,1.2767435142899957
6.8682920089999095,29.93497168115964,5.927010217625909,10.399999618530272,0.6340031623840332,14.802593231201172,1.2393671274185185,11.200000000000001,537.1718882303132,449.95766299745975,537.7646062658764,461.2193056731583,1.2891439699720935
6.878292008999909,29.968690702861387,6.027482873551636,10.399999618530272,0.0290064811706542,15.14092254638672,1.2335923910140991,11.072001953125,537.7646062658764,451.39712108382724,537.0025402201524,453.6833192209991,1.3014584119895916
6.888292008999909,30.0009787139971,6.128644505568491,10.389999389648438,0.4244370460510254,15.48463249206543,1.2248486280441286,11.072001953125,537.0025402201524,448.01016088060965,537.8492802709568,451.1430990685859,1.3137112669890088
6.898292008999909,30.03214858746561,6.23045163150559,10.389999389648438,0.4673280715942383,13.524903297424318,1.2250078916549685,10.976000976562501,533.4462320067739,446.74005080440304,534.2082980524979,449.0262489415749,1.325999302626292
6.908292008999909,30.062039088884102,6.332298044669635,10.389999389648438,0.6281890869140625,12.6640043258667,1.2177690267562868,10.72,533.6155800169348,446.14733276883993,531.5834038950043,451.05842506350547,1.3381752392477382
6.9182920089999085,30.0908428087826,6.434511402354819,10.389999389648438,0.3048696517944336,11.813143730163576,1.2108349800109863,10.72,538.7806943268416,447.84081287044876,533.3615580016934,450.0423370025402,1.3502922380670896
6.928292008999908,30.11845826755643,6.536982136145761,10.389999389648438,0.8794617652893066,11.9276123046875,1.200975060462952,10.592001953125001,535.9864521591871,448.01016088060965,530.7366638441998,446.57070279424215,1.3622962505229794
6.938292008999908,30.144951998673683,6.6397293388044565,10.359999656677246,0.5441932678222656,11.686767578125,1.201651096343994,10.4,533.4462320067739,448.85690093141403,535.3090601185436,445.8933107535986,1.3743070201076422
6.948292008999908,30.13817145407101,6.724304566118406,10.359999656677246,-0.0615491867065429,12.640234947204592,1.1898853778839111,10.4,539.3734123624047,448.01016088060965,533.4462320067739,448.17950889077053,1.3895052941856099
6.958292008999908,30.16147741314113,6.827390266285688,10.359999656677246,0.389594554901123,11.938199996948242,1.1708717346191406,10.3360009765625,537.7646062658764,449.44961896697714,532.8535139712108,448.264182895851,1.4012262832988107
6.968292008999907,30.183609521350892,6.930599943580752,10.359999656677246,1.0444746017456057,11.708651542663576,1.163477897644043,10.272001953125,538.3573243014395,454.6994072819644,529.5512277730736,444.45385266723116,1.412849677994827
6.978292008999907,30.204733042484,7.034217575260481,10.34000015258789,0.7947521209716797,11.008188247680664,1.160307049751282,10.272001953125,538.272650296359,454.10668924640134,531.9220999153259,443.9458086367485,1.424460759950775
6.988292008999907,30.22483897848026,7.137906163981529,10.34000015258789,1.0108065605163574,10.372428894042969,1.1585440635681152,10.272001953125,540.4741744284504,450.2116850127011,532.0914479254868,443.5224386113463,1.4360332072715345
6.998292008999907,30.24390867734141,7.2419856798073585,10.34000015258789,0.9103236198425292,10.682762145996094,1.1540091037750244,10.272001953125,542.1676545300593,452.07451312447074,530.8213378492802,442.1676545300593,1.4475779646363796
7.008292008999907,30.26179448231469,7.346390574185996,10.329999923706056,1.3669614791870115,11.648804664611818,1.1531289815902712,10.272001953125,538.6113463166807,455.54614733276884,532.0067739204064,443.0990685859441,1.459115841712147
7.018292008999906,30.27822872867022,7.451047367178494,10.34000015258789,1.1567955017089844,13.689109802246094,1.1557704210281374,10.272001953125,540.6435224386113,454.95342929720573,533.4462320067739,441.2362404741744,1.4706784949286904
7.028292008999906,30.292720307500755,7.5558464826297,10.34000015258789,0.7479372024536133,17.43700408935547,1.1444432735443115,10.24,537.3412362404741,457.66299745977983,532.2607959356477,445.30059271803555,1.4821166410494717
7.038292008999906,30.279049704621915,7.647087618440703,10.34000015258789,0.8548259735107422,16.24915313720703,1.1267356872558594,10.24,537.6799322607959,456.3928873835732,531.6680779000847,447.84081287044876,1.4954238403416293
7.048292008999906,30.28988078871629,7.752042642202914,10.34999942779541,1.237539291381836,15.116365432739258,1.1081411838531494,10.2080029296875,538.4419983065198,459.7798475867908,532.68416596105,448.7722269263336,1.5064909747339918
7.0582920089999055,30.299568008200225,7.857343428717799,10.34000015258789,1.3432002067565918,12.634963989257812,1.08026385307312,10.1439990234375,537.7646062658764,455.6308213378493,529.7205757832345,442.6756985605419,1.5172930878525785
7.068292008999905,30.308045441609245,7.963060096279145,10.359999656677246,1.859273910522461,12.384880065917969,1.0743627548217771,10.1439990234375,539.6274343776461,455.8001693480101,530.8213378492802,438.1879762912786,1.5280502810010712
7.078292008999905,30.31546521009368,8.068708004925375,10.389999389648438,1.2035818099975586,11.072952270507812,1.0699877738952637,10.08,537.1718882303132,450.8044030482642,529.805249788315,439.37341236240474,1.5387432607017781
7.088292008999905,30.321714283404496,8.174606445892602,10.380000114440918,1.3505539894104004,11.557424545288086,1.0693982839584353,9.92,542.675698560542,449.78831498729886,533.4462320067739,443.0990685859441,1.5494374883072053
7.098292008999905,30.32690238309678,8.280500624451742,10.389999389648438,0.8760128021240234,10.9252405166626,1.0718001127243044,9.92,544.1151566469093,450.4657070279424,530.6519898391193,444.5385266723116,1.5601465354158672
7.108292008999904,30.331064008735453,8.386691520709002,10.399999618530272,1.4191274642944336,10.579190254211428,1.0785751342773438,9.856000976562498,555.9695173581711,456.81625740897545,533.9542760372566,443.0990685859441,1.570935105148407
7.118292008999904,30.334331333240875,8.493180926152968,10.389999389648438,1.510021686553955,9.618091583251951,1.0942207574844365,9.792001953125,561.7273497036409,459.86452159187127,533.4462320067739,444.1998306519898,1.5818947814193502
7.128292008999904,30.336574825117093,8.599679601694632,10.420000076293944,2.2643160820007324,10.07982063293457,1.1120609045028689,9.6960009765625,559.1871295512277,460.1185436071126,534.8010160880609,445.46994072819643,1.5930076909154987
7.138292008999904,30.33787872859687,8.706389144647423,10.429999351501465,1.906261920928955,9.758064270019531,1.1332985162734988,9.632001953125,563.5901778154107,463.5055038103302,533.3615580016934,447.9254868755292,1.604339044073725
7.148292008999904,30.316522198448133,8.790107678450157,10.449999809265137,2.5914344787597656,10.224214553833008,1.1591135263442995,9.568002929687502,559.0177815410668,460.2878916172735,533.7002540220152,451.6511430990686,1.616962606688094
7.158292008999903,30.31517075454505,8.896963664752857,10.469999313354492,2.785038471221924,11.173213958740234,1.1790066957473757,9.568002929687502,560.965283657917,464.18289585097375,537.2565622353937,450.2963590177815,1.628758846537909
7.168292008999903,30.312759725632475,9.004021159581011,10.489999771118164,2.741219997406006,10.803277969360352,1.1963167190551758,9.5360009765625,558.086367485182,457.15495342929717,543.0990685859441,449.28027095681625,1.6407271363538771
7.178292008999903,30.309194789852683,9.111221449316604,10.510000228881836,2.312340259552002,11.288930892944336,1.2090187072753906,9.5039990234375,557.4936494496189,451.98983911939035,543.7764606265877,448.6028789161727,1.652823941704543
7.188292008999903,30.30433827626541,9.218219628594047,10.529999732971191,2.063910484313965,12.399987220764162,1.2118986845016482,9.5039990234375,554.3607112616427,453.1752751905165,544.623200677392,451.22777307366636,1.6649169124673793
7.1982920089999025,30.2981119878688,9.325589940463562,10.539999961853027,1.8634452819824217,12.986639976501468,1.1974560022354128,9.472001953125,557.0702794242168,454.78408128704484,543.0143945808636,445.8933107535986,1.6769017389172123
7.208292008999902,30.2906593101099,9.432879880789647,10.559999465942385,1.065241813659668,12.36855697631836,1.1794451475143437,9.343999023437501,557.324301439458,451.05842506350547,545.6392887383573,444.62320067739205,1.68870433399174
7.218292008999902,30.28180498196317,9.540135765149646,10.56999969482422,1.3137869834899902,13.311450958251951,1.1656328439712529,9.343999023437501,552.2438611346316,455.969517358171,543.6071126164268,444.45385266723116,1.7003673211197454
7.228292008999902,30.271647297093537,9.647184491015324,10.579999923706056,1.1961908340454102,13.043943405151367,1.1450960636138916,9.312001953125,554.2760372565622,455.7154953429297,545.5546147332768,448.264182895851,1.7118087154092223
7.238292008999902,30.260208853961046,9.754424340303856,10.59999942779541,1.8285322189331052,12.530079841613771,1.1270188093185427,9.2160009765625,552.497883149873,457.66299745977983,543.1837425910245,451.6511430990686,1.7230856103098977
7.2482920089999014,30.23888465512352,9.839008390715032,10.59999942779541,1.5848240852355957,12.807842254638672,1.102142333984375,9.2160009765625,555.9695173581711,453.93734123624046,543.4377646062659,452.7519051651143,1.733705069031962
7.258292008999901,30.22485372846014,9.945738483748007,10.630000114440918,1.737435817718506,11.644113540649414,1.097025752067566,9.2160009765625,555.0381033022862,453.4292972057578,540.7281964436918,451.56646909398813,1.7446761007445477
7.268292008999901,30.20977473920592,10.05239228997546,10.609999656677246,1.5738611221313477,10.849868774414062,1.0987138748168943,9.1839990234375,552.497883149873,458.5097375105842,542.9297205757832,455.1227773073666,1.7556595616613528
7.278292008999901,30.193637623130098,10.15886291229285,10.619999885559082,1.442330837249756,10.788122177124023,1.1038212776184082,9.1839990234375,550.5503810330229,456.98560541913633,543.6917866215072,455.37679932260795,1.76668144727764
7.288292008999901,30.176453582169103,10.265835561677834,10.619999885559082,1.4597315788269043,9.975711822509766,1.110288500785828,9.1839990234375,556.0541913632514,457.4089754445385,547.1634208298052,457.5783234546994,1.7778242934213813
7.2982920089999,30.15822566137773,10.37225224361118,10.619999885559082,1.6028661727905271,10.864948272705078,1.1292408704757693,9.1839990234375,552.6672311600338,456.47756138865367,544.9618966977138,466.0457239627434,1.789105383612699
7.3082920089999,30.13857113099048,10.478602975149114,10.639999389648438,1.3360605239868164,13.160037040710453,1.1455891132354736,9.1839990234375,550.381033022862,459.1024555461473,546.9940728196443,469.51735817104145,1.800563175727965
7.3182920089999,30.117545192505307,10.584858254694526,10.639999389648438,1.6079111099243164,13.57090187072754,1.1644985675811768,9.120000000000001,557.6629974597798,460.03386960203215,550.5503810330229,468.3319220999153,1.812215091250599
7.3282920089999,30.09542225071571,10.6909482357519,10.65999984741211,2.0189976692199707,11.878286361694336,1.1687222719192507,9.120000000000001,562.0660457239627,460.2878916172735,553.6833192209991,468.1625740897544,1.823896172631712
7.3382920089998995,30.0422938066481,10.774873409231262,10.65999984741211,1.834240436553955,12.406183242797852,1.1736304759979248,9.0560009765625,551.9898391193904,459.6951735817104,552.7519051651143,466.5537679932261,1.834668665787944
7.348292008999899,30.016998757673672,10.88040937969749,10.679999351501465,1.8951339721679688,12.80471706390381,1.163249969482422,8.8960009765625,553.0906011854361,459.4411515664691,550.4657070279424,471.2955122777307,1.8463075332184635
7.358292008999899,29.99066697435596,10.985725931700882,10.6899995803833,1.747206211090088,11.146844863891602,1.1437978744506836,8.8960009765625,552.7519051651143,461.47332768839965,546.740050804403,472.56562235393733,1.857741410514904
7.368292008999899,29.96321682677097,11.090912936529769,10.6899995803833,1.367877960205078,10.901692390441896,1.112632393836975,8.8,555.6308213378493,464.18289585097375,547.6714648602879,467.0618120237087,1.8688711723814315
7.378292008999899,29.93454896386949,11.195796658651435,10.719999313354492,1.0201778411865234,11.720453262329102,1.0770231485366824,8.576000976562499,555.2921253175275,465.1143099068586,548.4335309060118,463.42082980524975,1.8796429342894774
7.3882920089998985,29.90467069957558,11.300257323648983,10.729999542236328,0.7942690849304199,12.24725341796875,1.0515257120132449,8.576000976562499,549.0262489415749,468.077900084674,548.6028789161727,469.0939881456393,1.8901496574704306
7.398292008999898,29.873443685586835,11.40448176720201,10.699999809265137,1.1807146072387695,12.98953151702881,1.0316028594970703,8.48,548.9415749364945,472.56562235393733,545.0465707027943,476.37595258255715,1.90046321669439
7.408292008999898,29.84099947881477,11.508588362331604,10.710000038146973,1.7722082138061523,12.134893417358398,1.012897253036499,8.352001953125,546.4013547840813,472.9043183742591,543.3530906011854,474.0050804403048,1.9105967679419673
7.418292008999898,29.80759716598497,11.6125151188262,10.719999313354492,1.4738030433654783,10.285869598388672,0.9888597130775452,8.256000976562499,545.1312447078747,473.1583403895004,545.215918712955,478.0694326841659,1.9204912497054347
7.428292008999898,29.773223237357165,11.716164672614363,10.739999771118164,1.1727628707885742,9.928179740905763,0.9608273506164552,8.1280029296875,548.4335309060118,474.8518204911092,545.5546147332768,477.22269263336153,1.9301024920766274
7.438292008999897,29.738027378028,11.819588499371564,10.739999771118164,1.7471518516540527,8.71331787109375,0.9303175806999208,7.9680029296875015,546.4860287891617,474.08975444538527,547.3327688399661,479.08552074513125,1.9393976740315817
7.448292008999897,29.694604627531184,11.901567457178109,10.75,1.497093677520752,9.10746955871582,0.9168015122413636,7.616000976562499,549.4496189669771,477.9000846740051,547.5867908552075,481.20237087214224,1.9527148454456293
7.458292008999897,29.65701853515913,12.003875902856748,10.769999504089355,1.4926466941833496,10.97111701965332,0.9091188311576844,7.616000976562499,548.6028789161727,479.3395427603725,546.9940728196443,482.30313293818796,1.9617902022773164
7.468292008999897,29.61815437866164,12.10605204611784,10.789999961853027,1.4030203819274902,11.745040893554688,0.8840449452400209,7.456000976562499,547.1634208298052,480.2709568162574,541.9983065198984,485.4360711261642,1.9706338048899026
7.4782920089998965,29.578222149074527,12.207719670606073,10.800000190734863,1.414238452911377,11.363248825073242,0.8293748497962953,6.976000976562499,547.502116850127,481.7950889077053,541.4902624894157,485.4360711261642,1.9789156811759367
7.488292008999896,29.53708736491453,12.309245570040463,10.800000190734863,1.1618099212646484,11.14617919921875,0.7716215252876283,6.976000976562499,543.3530906011854,487.2142252328535,540.6435224386113,486.28281117696866,1.9866379600440094
7.498292008999896,29.49497915261816,12.410276870393504,10.809999465942385,1.2416353225708008,10.58635997772217,0.7213534116744995,6.752001953125,542.8450465707027,485.52074513124467,543.6917866215072,488.39966130397966,1.9938447799032302
7.508292008999896,29.45219133343497,12.511339915322932,10.84000015258789,1.514873504638672,7.337969779968262,0.6860385537147523,6.368002929687501,537.7646062658764,481.71041490262485,536.5791701947502,489.5004233700254,2.000707612362862
7.518292008999896,29.408918796281323,12.612514042215803,10.84999942779541,1.3408689498901367,4.92567253112793,0.6621121168136597,6.368002929687501,533.9542760372566,480.77900084674,536.3251481795089,490.34716342082976,2.0073416717226733
7.5282920089998955,29.365079745877107,12.712750528222148,10.84999942779541,-0.6237947940826416,7.477694511413574,0.6417441964149476,6.208002929687502,539.1193903471634,481.62574089754446,535.393734123624,488.56900931414054,2.013745337230122
7.538292008999895,29.31275937005378,12.792220425517138,10.84999942779541,-0.1377062797546386,9.003456115722656,0.616785228252411,5.792001953125,535.3090601185436,495.004233700254,535.3090601185436,492.6333615580017,2.0247628275761276
7.548292008999895,29.26691316466253,12.891307143050968,10.859999656677246,-0.0028398036956787,7.673154830932617,0.5652691125869751,5.792001953125,535.8171041490262,490.1778154106689,532.2607959356477,491.5325994919559,2.030410392026144
7.558292008999895,29.22030694304409,12.990308313553824,10.84000015258789,-0.6822197437286377,7.001960754394531,0.5107748508453369,5.5039990234375,529.2125317527518,491.7019475021168,531.4140558848434,490.26248941574937,2.0355304352631007
7.568292008999895,29.17343754586884,13.088791685257377,10.84000015258789,-0.056807518005371,5.045708179473878,0.463571548461914,5.2160009765625,526.6723116003387,494.07281964436913,526.1642675698561,492.0406435224386,2.040161504315821
7.578292008999894,29.126445100108445,13.187200697922064,10.81999969482422,-1.12615966796875,2.285435199737549,0.4110698401927948,4.8639990234375,528.3657917019475,494.07281964436913,525.1481795088907,495.34292972057574,2.044273864911164
7.588292008999894,29.07945607700666,13.28529985500246,10.800000190734863,-0.9220165014266968,1.3225892782211306,0.3665652871131897,4.48,524.1320914479255,495.93564775613885,524.2167654530059,492.2099915325995,2.0479343579239377
7.598292008999894,29.032350377957272,13.383414188272791,10.779999732971191,-0.8758203387260438,0.7769752144813539,0.3193357884883881,3.52,523.1160033869602,494.1574936494496,521.8458933107536,496.1896697713802,2.0511276366278133
7.608292008999894,28.98509243294579,13.481350414534068,10.779999732971191,-0.8524401783943177,1.3742411136627195,0.2734013199806213,3.52,520.575783234547,497.03640982218457,522.4386113463166,496.1896697713802,2.0538614516683986
7.618292008999894,28.93760767711551,13.579150110425545,10.769999504089355,-1.2591667175292969,1.9293806552886963,0.2294805198907852,3.04,514.6486028789161,498.22184589331073,513.0397967823878,494.66553767993224,2.056158826162526
7.628292008999893,28.89017672573561,13.676357986682175,10.739999771118164,-2.538822650909424,1.8328123092651367,0.1901581436395645,2.1760009765625,512.1083827265029,500.2540220152413,510.07620660457235,500.2540220152413,2.058058456284352
7.638292008999893,28.89017672573561,13.676357986682175,10.719999313354492,-2.582154989242554,1.375368595123291,0.14167121052742,2.1760009765625,505.0804403048264,502.116850127011,510.49957662997457,500.93141405588483,2.058058456284352
7.648292008999893,28.792723389517647,13.856430086325624,10.699999809265137,-2.4471127986907963,0.5039225220680238,0.0978298187255859,1.792001953125,510.24555461473324,502.9635901778154,505.84250635055037,496.5283657917019,2.0656020351477347
7.658292008999893,28.74530801169922,13.952643499496212,10.6899995803833,-3.136402130126953,-1.2257851362228396,0.0581323616206646,0.96,507.112616426757,494.4115156646909,504.40304826418287,494.9195596951736,2.0661837185652594
7.6682920089998925,28.698191791283108,14.04875644330838,10.65999984741211,-3.651461839675904,-2.0304586887359624,0.025527536869049,0.96,499.91532599491956,494.7502116850127,504.4877222692633,490.8552074513124,2.0664395353657774
7.678292008999892,28.651640155145078,14.14440829308274,10.630000114440918,-3.8929600715637207,-2.819950580596924,-0.0049004442989826,0.5760009765625,501.69348010160877,493.05673158340386,497.88314987298895,487.8069432684166,2.0663905531683042
7.688292008999892,28.605416519196176,14.239938203404485,10.579999923706056,-3.3482437133789062,-2.682813167572021,-0.0355642028152942,-0.2560009765625,498.47586790855206,490.68585944115154,493.39542760372564,486.28281117696866,2.0660349284376514
7.698292008999892,28.55958221876704,14.33508717876772,10.559999465942385,-4.757017612457276,-2.1105737686157227,-0.0562477484345436,-0.2560009765625,494.49618966977135,493.3107535986452,493.22607959356475,484.84335309060117,2.06547234420566
7.708292008999892,28.514055889783787,14.429885404582055,10.519999504089355,-4.57154130935669,-1.4955558776855469,-0.0692784786224365,-0.7039990234375,494.5808636748518,493.81879762912786,488.653683319221,490.93988145639287,2.0647794774937447
7.718292008999891,28.46889348215933,14.524635955932805,10.479999542236328,-4.202967643737793,-2.6464219093322754,-0.1015157699584961,-1.12,489.24640135478404,491.0245554614733,490.68585944115154,491.95596951735814,2.063762384502639
7.728292008999891,28.424289961119666,14.618969797866006,10.429999351501465,-4.012917041778565,-3.1490919589996342,-0.1326474249362945,-1.5360009765625,488.23031329381877,486.28281117696866,486.02878916172733,484.6740050804403,2.0624364491536804
7.738292008999891,28.380221200502337,14.713020581579768,10.389999389648438,-4.204816818237305,-3.5694637298583984,-0.1664159148931503,-2.1439990234375004,485.01270110076206,484.84335309060117,481.7950889077053,482.895850973751,2.0607741563941753
7.748292008999891,28.32921285206603,14.796751521463062,10.34000015258789,-4.24677610397339,-3.4214670658111577,-0.1894496828317642,-2.1439990234375004,481.62574089754446,483.8272650296359,481.03302286198135,481.4563928873836,2.059273057465187
7.758292008999891,28.285853609803848,14.889909280900332,10.300000190734863,-5.087538719177246,-2.170360326766968,-0.2033539712429046,-2.3360009765624996,479.76291278577474,484.3353090601185,477.9000846740051,476.03725656223537,2.0572427680775394
7.76829200899989,28.24264578202491,14.982778057647565,10.239999771118164,-5.382104396820069,-0.6162600517272949,-0.1994554251432419,-2.6239990234375,471.2108382726503,482.895850973751,469.51735817104145,472.05757832345466,2.0552469793274066
7.77829200899989,28.199862186768,15.075047019725933,10.210000038146973,-5.620558738708496,-0.9110338687896729,-0.2010498642921447,-2.6239990234375,468.7552921253175,481.71041490262485,468.1625740897544,470.3640982218459,2.053238304094719
7.78829200899989,28.157465620447507,15.166915803042164,10.15999984741211,-6.223966598510742,-1.361140489578247,-0.2073082476854324,-2.72,469.68670618120234,471.80355630821333,469.51735817104145,469.7713801862828,2.0511646799073935
7.79829200899989,28.115419304638007,15.25850555879677,10.09999942779541,-5.527905464172363,-1.5742835998535156,-0.198985755443573,-2.847998046875,461.89669771380187,471.38018628281117,458.6790855207451,463.6748518204911,2.049172120062273
7.8082920089998895,28.074032820110844,15.34939353150796,10.050000190734863,-6.486067295074464,-2.4088997840881348,-0.2067132741212845,-2.847998046875,465.7917019475021,471.71888230313294,457.91701947502116,460.4572396274344,2.047106960663836
7.818292008999889,28.033049181951075,15.440074906271905,9.989999771118164,-6.0168304443359375,-2.5063550472259526,-0.2091348469257354,-2.847998046875,465.1143099068586,466.46909398814563,454.5300592718035,456.5622353937341,2.0450131709690242
7.828292008999889,27.992595631329905,15.53015556793715,9.929999351501465,-6.176268100738526,-2.165335178375244,-0.2031329423189163,-2.88,455.1227773073666,462.6587637595258,453.0059271803556,455.969517358171,2.042982569943074
7.838292008999889,27.952523698782908,15.619797682290804,9.880000114440918,-6.037930488586426,-1.627452373504639,-0.1995864063501358,-2.88,455.8001693480101,461.89669771380187,450.8044030482642,452.5825571549534,2.040986755368084
7.848292008999889,27.952523698782908,15.619797682290804,9.809999465942385,-6.296318054199219,-1.2029054164886477,-0.1967230886220932,-2.9119970703125,449.618966977138,460.1185436071126,448.3488569009314,452.3285351397121,2.040986755368084
7.8582920089998884,27.869885283872154,15.795603924899227,9.739999771118164,-7.1079726219177255,-1.8549981117248533,-0.1923645138740539,-2.88,442.6756985605419,466.46909398814563,436.7485182049111,451.6511430990686,2.03393286683382
7.868292008999888,27.83130140547306,15.8837637987186,9.65999984741211,-6.860735416412354,-2.7878050804138184,-0.2185707241296768,-2.88,430.05927180355627,465.198983911939,436.4098221845893,455.37679932260795,2.031745389892046
7.878292008999888,27.793496422742358,15.971212399907238,9.579999923706056,-7.819536685943604,-3.904665470123291,-0.276332288980484,-2.88,428.3657917019475,456.98560541913633,435.7324301439458,452.7519051651143,2.0289843755338604
7.888292008999888,27.75636131687044,16.058325130177753,9.5,-7.277545928955078,-4.551287651062012,-0.3174776732921601,-2.88,416.4267569856054,459.6951735817104,431.0753598645216,452.49788314987296,2.0258088449028846
7.898292008999888,27.719702514055644,16.14500570178597,9.4399995803833,-6.404884338378906,-3.3315792083740234,-0.3524175584316254,-2.88,413.20914479254867,461.30397967823876,422.4386113463167,453.09060118543607,2.0222839164734423
7.908292008999887,27.683481586387664,16.231351991856993,9.399999618530272,-5.206033706665039,-3.038218259811402,-0.3930787742137909,-2.9439990234375,386.02878916172733,451.05842506350547,415.07197290431833,450.71972904318375,2.0183536947836926
7.918292008999887,27.647787140350456,16.317294601578535,9.359999656677246,-6.005522727966309,-3.30280876159668,-0.4406651258468628,-3.0719970703125,364.9449618966977,453.5986452159187,410.24555461473324,446.0626587637595,2.0139454717864367
7.928292008999887,27.612602828126043,16.403036624831064,9.31999969482422,-4.654267311096191,-3.9239377975463863,-0.4917752146720886,-3.4560009765625,333.95427603725653,453.1752751905165,398.7298899237934,444.70787468247244,2.0090262001011268
7.938292008999887,27.57800635804468,16.48854595707067,9.279999732971191,-4.624227046966554,-4.61475706100464,-0.5578912496566772,-3.4560009765625,326.3336155800169,455.7154953429297,395.93564775613885,445.5546147332769,2.003445696785357
7.9482920089998865,27.5440410148491,16.57378673225432,9.229999542236328,-4.6689453125,-4.892661094665527,-0.600548505783081,-3.7760009765625,314.98729889923794,455.969517358171,376.7146486028789,453.25994919559696,1.9974412197282532
7.958292008999886,27.5440410148491,16.57378673225432,9.220000267028809,-2.6362380981445312,-4.250057220458984,-0.6372231245040894,-4.447998046875001,323.03132938187974,457.49364944961894,351.98983911939035,452.5825571549534,1.9974412197282532
7.968292008999886,27.46324961836419,16.738181922746975,9.210000038146973,-1.8379503488540647,-4.65533208847046,-0.6736576557159424,-4.447998046875001,330.9060118543607,458.0016934801016,339.88145639288734,450.8890770533446,1.988067642214561
7.978292008999886,27.43043638251587,16.823165098106564,9.179999351501465,-2.745036363601685,-5.51329231262207,-0.7057810425758363,-4.8319970703125,346.0626587637595,457.66299745977983,322.9466553767993,452.1591871295512,1.9810185886279479
7.988292008999886,27.39833129187516,16.90831421971137,9.149999618530272,-3.22138524055481,-6.823802947998047,-0.7505131363868714,-5.6000000000000005,342.3370025402201,462.32006773920403,334.71634208298053,455.37679932260795,1.9735050544165782
7.9982920089998855,27.36709134042941,16.993341934735962,9.109999656677246,-2.6398696899414062,-7.664398193359375,-0.8042989373207093,-5.6000000000000005,343.4377646062659,463.25148179508886,335.39373412362403,456.22353937341234,1.9654724277434932
8.008292008999884,27.33662835403716,17.07862936990591,9.079999923706056,-2.236533641815185,-8.33012580871582,-0.8643011450767518,-5.951997070312499,327.2650296359018,466.8077900084674,325.40220152413207,457.4089754445385,1.9568269517499326
8.018292008999886,27.30699040534284,17.16395267118326,9.059999465942385,-2.597388744354248,-8.344156265258789,-0.9266846179962158,-6.207998046874999,319.5596951735817,462.4047417442845,327.43437764606267,460.71126164267565,1.9475576840803948
8.028292008999884,27.278186860886517,17.24952318533844,9.029999732971191,-1.8815789222717283,-8.907772064208984,-0.9888651967048646,-6.4639990234375,322.4386113463167,468.5012701100762,327.3497036409822,457.32430143945805,1.937658432171319
8.038292008999885,27.25033933826423,17.3349795251898,9.010000228881836,-2.355666399002076,-9.040559768676758,-1.0432682037353516,-6.751997070312499,324.72480948348857,465.70702794242163,317.696867061812,459.5258255715495,1.9272369531368705
8.048292008999884,27.223398060158782,17.420734225274565,8.979999542236328,-1.8548481464385984,-9.61162853240967,-1.0884090662002566,-7.36,318.9669771380186,466.97713801862824,309.99153259949196,458.5097375105842,1.9163497588914291
8.058292008999885,27.18941738715192,17.49182879708238,8.970000267028809,-1.6115880012512207,-10.035953521728516,-1.1251988410949707,-7.36,322.0999153259949,470.5334462320068,307.95935647756136,461.8120237087214,1.9104535867937424
8.068292008999883,27.16404883595145,17.577643350582466,8.979999542236328,-1.3676161766052246,-9.849342346191406,-1.1584373712539675,-7.68,317.1888230313294,469.7713801862828,306.68924640135475,460.88060965283654,1.8988697765149067
8.078292008999885,27.13947659438614,17.663750193742175,8.989999771118164,-0.6763186454772949,-9.051559448242188,-1.1807862520217898,-7.967998046874999,310.584250635055,469.8560541913632,307.3666384419983,464.2675698560542,1.8870557317851744
8.088292008999883,27.115787686960427,17.74994815198709,8.979999542236328,-0.9702892303466796,-9.016676902770998,-1.2127208709716797,-8.2239990234375,306.2658763759526,471.38018628281117,305.0804403048264,465.3683319220999,1.8749328716686686
8.098292008999884,27.093029024277357,17.83631285573193,8.970000267028809,-1.603654384613037,-9.467592239379885,-1.2504651546478271,-8.5119970703125,299.237933954276,476.2912785774767,328.8738357324301,464.86028789161725,1.8624228656332984
8.108292008999882,27.07128851095988,17.922755548379524,8.949999809265137,-1.781308650970459,-10.178497314453123,-1.3110257387161257,-9.1839990234375,296.6977138018628,483.657917019475,352.5825571549534,463.75952582557153,1.8493119956032655
8.118292008999884,27.050605478127,18.00935727199071,8.929999351501465,-0.9120182991027832,-10.911092758178713,-1.3815007209777832,-9.1839990234375,290.0931414055885,485.2667231160034,363.25148179508886,467.0618120237087,1.8355108353369398
8.128292008999882,27.030896419018735,18.096696017659813,8.929999351501465,1.253648281097412,-11.579330444335938,-1.458643674850464,-9.5360009765625,286.3674851820491,492.71803556308214,364.2675698560542,470.11007620660456,1.8209031986662505
8.138292008999883,27.01213248909942,18.18428487294993,8.9399995803833,1.822047233581543,-10.875225067138672,-1.5380442142486572,-10.367998046875,285.18204911092295,497.7984758679085,357.2396274343776,473.32768839966127,1.8055359723310782
8.148292008999881,26.994162530180805,18.2722521333118,8.960000038146973,1.6184215545654297,-9.754088401794435,-1.6052545309066777,-10.367998046875,282.64182895850973,494.07281964436913,354.1913632514818,475.0211685012701,1.7894926276710161
8.158292008999883,26.97325572800253,18.343853846147763,8.979999542236328,1.6177144050598145,-9.727067947387695,-1.669950604438782,-10.7519970703125,288.3149872988992,500.08467400508044,353.4292972057578,474.2591024555461,1.7754779321072554
8.168292008999881,26.95709484327969,18.43193648877631,9.0,0.3319106101989746,-11.05562973022461,-1.7162429094314575,-11.1039990234375,298.3065198983912,500.2540220152413,360.03386960203215,478.5774767146486,1.7583527551421319
8.178292008999883,26.942145898911942,18.52043218400596,9.010000228881836,-0.4077510833740234,-12.341503143310549,-1.750469446182251,-11.327998046875,306.18120237087214,499.0685859441151,360.1185436071126,477.1380186282811,1.7408363917298195
8.18829200899988,26.92860437208989,18.60903572046752,8.989999771118164,-0.328524112701416,-13.630393981933594,-1.774359107017517,-11.5839990234375,317.35817104149027,503.0482641828958,363.42082980524975,481.3717188823031,1.7231017014249705
8.198292008999882,26.916286351057053,18.69789767066616,9.010000228881836,-0.3484821319580078,-12.871681213378906,-1.7756104469299316,-11.7439990234375,320.06773920406437,497.37510584250634,361.5580016934801,478.4081287044877,1.7053341837491776
8.20829200899988,26.90542537188052,18.786755832038143,9.029999732971191,-0.6263289451599121,-13.82638931274414,-1.759963035583496,-11.7439990234375,326.84165961049956,492.6333615580017,363.6748518204911,479.8475867908552,1.6877475780221312
8.218292008999882,26.895871024424157,18.8759216076846,9.039999961853027,-0.3969535827636719,-13.343584060668944,-1.7344890832901003,-11.68,327.68839966130395,495.5122777307366,358.1710414902625,480.35563082133785,1.6703807864062037
8.22829200899988,26.8874766498574,18.96504178922798,9.050000190734863,0.2263464927673339,-11.963617324829102,-1.711242914199829,-11.5519970703125,331.66807790008465,485.52074513124467,367.40050804403046,463.08213378492803,1.6532883651969903
8.238292008999881,26.880225629813506,19.054328446746865,9.059999465942385,-0.8050112724304199,-11.55727767944336,-1.6879776716232302,-11.5519970703125,339.79678238780696,484.25063505503806,365.7070279424217,460.88060965283654,1.6363904945428565
8.24829200899988,26.874268299701512,19.12734342511584,9.050000190734863,-0.607144832611084,-11.009685516357422,-1.663353681564331,-11.52,355.20745131244706,488.39966130397966,374.1744284504657,457.5783234546994,1.6182547734121497
8.25829200899988,26.86929722778152,19.21640760033505,9.039999961853027,0.0216493606567382,-11.105058670043944,-1.6475282907485964,-11.423999023437501,359.52582557154955,491.7019475021168,378.5774767146486,454.95342929720573,1.6017665437720325
8.268292008999879,26.86530895648097,19.305471182917117,9.029999732971191,0.0982756614685058,-10.152963638305664,-1.6334731578826904,-11.423999023437501,369.9407281964437,493.3107535986452,377.47671464860287,453.5986452159187,1.5854279332677268
8.27829200899988,26.86247269670477,19.39460586365497,9.010000228881836,0.8166208267211914,-11.007748603820804,-1.6254000663757324,-11.167998046875,377.47671464860287,494.24216765453,375.27519051651143,453.76799322607957,1.5691820861420525
8.288292008999878,26.861111585071654,19.483882192306424,9.0,0.7771081924438477,-13.385414123535156,-1.603661298751831,-10.4960009765625,383.2345469940728,491.3632514817951,371.12616426756983,455.20745131244706,1.55314128267911
8.29829200899988,26.86152249211266,19.573188782042063,9.0,0.8930778503417969,-15.985557556152344,-1.557453155517578,-10.4960009765625,378.5774767146486,486.53683319221,372.9043183742591,454.8687552921253,1.5375682512800382
8.308292008999878,26.86355916133201,19.66236743713636,9.019999504089355,0.1508440971374511,-15.890775680541992,-1.5064184665679932,-10.08,379.6782387806943,484.5046570702794,372.6502963590178,454.3607112616427,1.5225141374088935
8.31829200899988,26.867171613221625,19.75170720951273,9.0,0.1056041717529296,-15.547492027282717,-1.472806453704834,-9.6,389.7544453852667,484.1659610499576,372.22692633361555,451.735817104149,1.5077579953638631
8.328292008999878,26.872226718754508,19.8408249039693,8.989999771118164,0.7275867462158203,-14.671868324279789,-1.444622039794922,-9.151997070312499,392.12531752751903,485.52074513124467,374.8518204911092,451.56646909398813,1.4933221214849253
8.338292008999879,26.878506393267767,19.929989579724868,8.989999771118164,0.7535061836242676,-12.756546020507812,-1.4012836217880251,-8.7039990234375,406.85859441151564,483.657917019475,374.93649449618965,454.0220152413209,1.4793092986307272
8.348292008999877,26.878506393267767,19.929989579724868,8.970000267028809,0.948195457458496,-12.109414100646974,-1.3507118225097656,-7.776000976562499,410.3302286198137,481.20237087214224,373.4123624047417,454.4453852667231,1.4793092986307272
8.358292008999879,26.88425106060856,20.086610979308904,8.979999542236328,1.5389342308044434,-10.735366821289062,-1.305337905883789,-7.776000976562499,416.76545300592716,483.657917019475,372.4809483488569,456.1388653683319,1.4434066722999899
8.368292008999877,26.894013352773865,20.17533382683153,8.989999771118164,1.7527508735656738,-10.270992279052734,-1.2702264785766602,-7.327998046874999,413.1244707874682,489.83911939034715,377.7307366638442,452.49788314987296,1.4307041167824548
8.378292008999878,26.90467476561605,20.264141019049752,9.029999732971191,2.062562704086304,-9.070087432861328,-1.2364917993545534,-6.496000976562499,414.81795088907705,500.6773920406435,378.5774767146486,448.51820491109225,1.4183409793967212
8.388292008999876,26.91626373248893,20.35296299616928,9.019999504089355,2.1559934616088867,-8.955912590026857,-1.211330056190491,-6.496000976562499,409.39881456392885,505.24978831498726,377.81541066892464,448.4335309060118,1.4062383761198205
8.398292008999878,26.928856950900816,20.442004971699006,9.019999504089355,2.21074652671814,-9.249705314636232,-1.1903947591781618,-5.9839990234375,408.6367485182049,513.7171888230313,382.30313293818796,451.4817950889077,1.3943242226403538
8.408292008999876,26.942303347014267,20.530880520629687,9.050000190734863,1.547642469406128,-8.744927406311037,-1.1740353107452393,-5.087998046875001,405.7578323454699,532.1761219305673,382.3878069432684,449.78831498729886,1.382591718260632
8.418292008999877,26.956636245785308,20.619903157359,9.059999465942385,2.3334436416625977,-8.501873016357422,-1.1673711538314822,-5.087998046875001,412.5317527519052,536.155800169348,381.2870448772227,447.7561388653683,1.3709210794079254
8.428292008999875,26.971686924785583,20.709043814159145,9.079999923706056,2.254455327987672,-7.357422828674316,-1.1652387380599978,-4.6719970703125,409.39881456392885,547.7561388653683,380.5249788314987,451.6511430990686,1.3592673140670868
8.438292008999877,26.98787044584772,20.798854927982763,9.09000015258789,4.059257507324219,-8.92909049987793,-1.1605041027069092,-4.16,409.56816257408974,538.272650296359,375.61388653683315,460.2878916172735,1.3476105438742152
8.448292008999875,27.00512792194181,20.888380553501005,9.130000114440918,4.768079280853272,-10.289018630981444,-1.1759949922561648,-4.16,403.30228619813715,531.4140558848434,378.2387806943268,460.2878916172735,1.3358693905635064
8.458292008999877,27.023729954274994,20.978093903734987,9.15999984741211,3.9251973628997807,-11.844519615173342,-1.167990326881409,-4.0319970703125,405.6731583403895,511.8543607112616,374.08975444538527,462.74343776460626,1.324189498433516
8.468292008999875,27.026838845862333,21.04471994793264,9.1899995803833,2.6894073486328125,-12.589457511901855,-1.1445672512054443,-3.9039990234375,403.2176121930567,487.29889923793394,379.0008467400508,466.3844199830652,1.3061098577353747
8.478292008999876,27.04809990449467,21.13358854327153,9.199999809265137,2.5326366424560547,-13.31802272796631,-1.1055309772491455,-3.8079980468750008,408.29805249788313,484.7586790855207,377.05334462320064,466.0457239627434,1.2950585121929195
8.488292008999874,27.070585016438304,21.222391031492,9.220000267028809,2.548720359802246,-12.065291404724125,-1.0486583709716797,-3.7119970703125,414.9026248941575,486.28281117696866,374.5977984758679,461.98137171888226,1.2845741886607371
8.498292008999876,27.09447148696251,21.31123907690275,9.25,2.944297790527344,-12.575819969177248,-0.9948783516883852,-3.4560009765625,415.4106689246401,484.58933107535984,371.4648602878916,462.15071972904315,1.2746140291525692
8.508292008999874,27.119592007031148,21.39967343744411,9.289999961853027,1.902712345123291,-12.508722305297852,-0.941861927509308,-3.4560009765625,412.78577476714645,482.98052497883145,373.32768839966127,462.74343776460626,1.265202380138628
8.518292008999875,27.14598831969897,21.48800989814924,9.309999465942385,2.254093170166016,-12.230563163757326,-0.9004407525062562,-3.3919970703125,419.2209991532599,485.4360711261642,384.41998306519895,462.15071972904315,1.2561999133370805
8.528292008999873,27.173677656045697,21.576177517464355,9.309999465942385,1.7257332801818848,-12.46705436706543,-0.8752893805503846,-3.2319970703125,408.8060965283658,483.657917019475,399.15325994919556,456.731583403895,1.2474399325804726
8.538292008999875,27.20249461749143,21.66390847664578,9.329999923706056,0.6518831253051758,-12.00193214416504,-0.8434227705001831,-3.2319970703125,407.1972904318374,475.8679085520745,398.05249788314984,453.5986452159187,1.239004908568343
8.548292008999873,27.232285044446897,21.75108519084809,9.34000015258789,-0.8344721794128418,-11.128597259521484,-0.8081581592559814,-3.1679980468750006,401.7781541066892,467.99322607959357,411.93903471634206,449.3649449618967,1.2309268029215403
8.558292008999874,27.21912343160323,21.81948505705907,9.34000015258789,-0.935293674468994,-9.359394073486328,-0.7788082957267762,-3.1679980468750006,405.16511430990687,455.20745131244706,411.1769686706181,455.37679932260795,1.2169355465516198
8.568292008999872,27.24981975064035,21.90539459357662,9.31999969482422,-0.8256986141204834,-8.60634994506836,-0.747672438621521,-3.1679980468750006,404.4877222692633,455.0381033022862,408.8060965283658,453.51397121083824,1.2094629292527754
8.578292008999874,27.28121549923336,21.99093986957855,9.309999465942385,-1.0873198509216309,-7.940656185150147,-0.7217242121696473,-3.0719970703125,407.0279424216765,454.10668924640134,411.6003386960203,453.6833192209991,1.2022474147385889
8.588292008999872,27.3134750195713,22.07601073311564,9.289999961853027,-1.3344488143920898,-9.014179229736328,-0.6969831585884095,-2.9119970703125,404.995766299746,448.6028789161727,408.3827265029636,450.6350550381033,1.1952780883208574
8.598292008999874,27.3134750195713,22.07601073311564,9.239999771118164,-1.3344488143920898,-9.014179229736328,-0.6969831585884095,-2.9119970703125,404.0643522438611,451.98983911939035,407.112616426757,449.78831498729886,1.1952780883208574
8.608292008999872,27.3134750195713,22.07601073311564,9.239999771118164,-1.3344488143920898,-9.014179229736328,-0.6969831585884095,-2.9119970703125,404.0643522438611,451.98983911939035,407.112616426757,449.78831498729886,1.1952780883208574
8.618292008999873,27.3134750195713,22.07601073311564,9.239999771118164,-1.3344488143920898,-9.014179229736328,-0.6969831585884095,-2.9119970703125,404.0643522438611,451.98983911939035,407.112616426757,449.78831498729886,1.1952780883208574
8.628292008999871,27.44968301753951,22.41167539741431,9.179999351501465,-1.6783628463745115,-8.68391227722168,-0.5496631264686586,-2.6560009765625,408.8907705334462,445.5546147332769,413.2938187976291,441.32091447925484,1.1712264689120484
8.638292008999873,27.48566409179564,22.49425542985002,9.170000076293944,-1.8524513244628904,-9.340360641479492,-0.5127342939376831,-2.56,411.0922946655377,442.76037256562233,413.54784081287045,440.7281964436918,1.1660985196355778
8.64829200899987,27.494684487126893,22.577371882180373,9.170000076293944,-2.273652315139771,-9.873022079467772,-0.4639558792114258,-2.4639990234375,412.3624047417443,439.4580863674852,419.64436917866215,437.1718882303133,1.159562596155426
8.658292008999872,27.53150129632052,22.658747868945724,9.149999618530272,-2.413759946823121,-7.182378768920898,-0.4070207476615906,-2.4639990234375,412.61642675698556,433.61558001693476,426.58763759525823,432.00677392040643,1.1554943333866288
8.66829200899987,27.568704545065835,22.73949376592152,9.109999656677246,-3.844037532806397,-6.046539783477784,-0.3394928276538849,-2.4639990234375,411.1769686706181,433.4462320067739,420.575783234547,429.29720575783233,1.1520996511719386
8.678292008999872,27.606254737071385,22.81969553035942,9.06999969482422,-3.62033748626709,-5.188445091247559,-0.2689511477947235,-2.4,411.00762066045723,427.4343776460626,419.81371718882303,420.9991532599492,1.1494104628736617
8.68829200899987,27.643998757813648,22.899302176294324,9.039999961853027,-4.306500911712647,-4.175898075103761,-0.2083182334899902,-2.4,414.7332768839966,423.5393734123624,422.5232853513971,416.0033869602032,1.1473274811931884
8.698292008999871,27.681683604100986,22.97845919928388,8.979999542236328,-4.86127805709839,-1.7962476015090945,-0.1306262016296386,-2.1439990234375004,412.701100762066,414.39458086367483,424.72480948348857,407.1972904318374,1.146020130392672
8.70829200899987,27.71885358270228,23.05690831743656,8.920000076293945,-6.304717063903809,1.179663896560669,-0.02586180716753,-1.887998046875,417.2734970364098,414.5639288738357,424.3861134631668,394.49618966977135,1.1457617530391115
8.718292008999871,27.755610393551738,23.135313898993637,8.84999942779541,-5.818423748016358,3.4300808906555176,0.0809331908822059,-1.2160009765625002,421.8458933107536,405.16511430990687,420.74513124470786,372.311600338696,1.146573631244976
8.728292008999869,27.791828864076944,23.21291326533408,8.809999465942383,-5.284501075744629,2.740102767944336,0.1795616894960403,0.48,411.93903471634206,391.1939034716342,425.40220152413207,352.66723116003385,1.1483653934516442
8.73829200899987,27.82745752969537,23.29045027597931,8.75,-5.247575759887695,4.888090133666992,0.2727375328540802,0.48,414.98729889923794,378.15410668924636,424.97883149872985,342.2523285351397,1.151094131718753
8.748292008999869,27.86240746733752,23.36770690712624,8.6899995803833,-4.378612518310547,5.444920539855957,0.3502852916717529,1.5039990234375002,413.88653683319217,342.8450465707028,420.575783234547,303.9796782387807,1.1545930561123783
8.75829200899987,27.870770900296694,23.454745446778723,8.649999618530273,-2.9882726669311523,6.883995056152344,0.4327748417854309,4.0960009765625,414.05588484335306,311.26164267569857,424.5554614733277,285.85944115156644,1.1506539850704702
8.768292008999868,27.90399684693838,23.5323008102596,8.619999885559082,-2.5443410873413086,7.726536750793457,0.5123253464698793,4.0960009765625,416.1727349703641,291.27857747671464,429.72057578323455,283.9966130397968,1.1557788215717086
8.77829200899987,27.936529537763757,23.60998786363749,8.59000015258789,-1.8671483993530276,7.630725860595703,0.5958574414253236,5.44,414.81795088907705,263.08213378492803,429.3818797629128,299.15325994919556,1.1617388109382676
8.788292008999868,27.968398385086022,23.68750743431509,8.550000190734863,-2.8405320644378667,6.617328643798828,0.6737688779830933,8.0639990234375,411.0922946655377,257.91701947502116,431.4140558848433,302.7095681625741,1.1684711922049262
8.79829200899987,27.999536249654817,23.765379551709398,8.510000228881836,-2.005294561386109,7.884254455566406,0.7272642850875854,8.0639990234375,425.2328535139712,267.23116003386957,437.93395427603724,294.66553767993224,1.1757552720790234
8.808292008999867,28.02993460358519,23.843237641871923,8.489999771118164,-1.1536455154418943,7.442893981933594,0.7756461501121522,9.312001953125,421.6765453005927,296.10499576629974,449.1955969517358,274.6824724809483,1.1835030345457158
8.818292008999869,28.059695276758006,23.92195154239352,8.470000267028809,-2.30562686920166,8.644815444946289,0.8182767629623413,11.712001953125,420.49110922946653,322.69263336155797,455.7154953429297,281.79508890770535,1.191759344200087
8.828292008999867,28.08794204330869,23.99965280375008,8.420000076293945,-5.099796295166016,10.059723854064943,0.850909948348999,11.712001953125,425.6562235393734,342.9297205757832,459.0177815410669,290.8552074513124,1.200257886186144
8.838292008999868,28.11486350208701,24.07769951146476,8.359999656677246,-3.706869125366211,12.62032699584961,0.8901232481002808,12.896000976562501,420.575783234547,360.03386960203215,464.436917866215,303.0482641828958,1.209163779060511
8.848292008999866,28.14036683408308,24.15584146190777,8.309999465942383,-3.17673397064209,13.45176410675049,0.9136963486671448,14.0480029296875,426.58763759525823,354.1913632514818,457.91701947502116,300.25402201524133,1.2182922379882728
8.858292008999868,28.14036683408308,24.15584146190777,8.269999504089355,-2.6690874099731445,13.00436878204346,0.9502376914024354,16.2880029296875,428.0270956816257,343.69178662150716,442.1676545300593,297.9678238780694,1.2182922379882728
8.868292008999866,28.17539377095824,24.326234540057865,8.25,-1.0847749710083008,13.33303451538086,1.0075238943099978,16.2880029296875,427.18035563082134,339.1193903471634,434.54699407281964,295.5969517358171,1.2318202132680787
8.878292008999868,28.197132667418515,24.40532039816257,8.239999771118164,-2.616020679473877,12.783119201660156,1.0776252746582031,17.2480029296875,427.18035563082134,328.1964436917866,430.22861981371716,294.9195596951736,1.242593115701097
8.888292008999866,28.217846863133506,24.48476177443024,8.1899995803833,-0.9598641395568848,11.808561325073242,1.136850118637085,18.912001953125,425.8255715495343,292.12531752751903,438.61134631668074,273.32768839966127,1.2539605218608605
8.898292008999867,28.23761245987908,24.56445504558902,8.1899995803833,-0.7646641731262207,10.770545959472656,1.1926523447036743,18.912001953125,424.89415749364946,285.35139712108383,441.32091447925484,269.51735817104145,1.2658870339338781
8.908292008999865,28.2565131537936,24.64439819921549,8.170000076293945,-0.5332822799682617,9.819613456726076,1.2365078926086426,19.5839990234375,425.91024555461473,269.6020321761219,447.84081287044876,264.86028789161725,1.2782547543257996
8.918292008999867,28.274512585702755,24.724476582063318,8.170000076293945,-0.8302369117736816,9.492691040039062,1.2712621688842771,19.9680029296875,436.4098221845893,288.4843353090601,452.3285351397121,277.7307366638442,1.2909646360582618
8.928292008999865,28.29137699711227,24.80466326775468,8.15999984741211,-1.8525032997131348,10.84689712524414,1.3103777170181277,20.3839990234375,434.37764606265875,295.93564775613885,453.93734123624046,281.87976291278574,1.304069650405281
8.938292008999866,28.307254957069524,24.885006971321616,8.139999389648438,-1.656628131866455,10.430988311767578,1.3500056266784668,20.5760009765625,446.57070279424215,311.93903471634206,462.4894157493649,284.41998306519895,1.3175783841908375
8.948292008999864,28.32222578970126,24.965436819596817,8.130000114440918,-1.056488037109375,9.750289916992188,1.3953754901885986,20.8960009765625,453.5986452159187,325.6562235393734,474.1744284504657,294.7502116850127,1.331528798950969
8.958292008999866,28.33624595485657,25.045999685741204,8.109999656677246,-1.1595115661621094,9.849715232849125,1.438881754875183,20.8960009765625,461.8120237087214,328.0270956816257,481.7950889077053,295.3429297205758,1.3459179458336186
8.968292008999864,28.344216000457763,25.13053191740168,8.09999942779541,0.5691428184509277,10.748706817626951,1.481694221496582,21.0239990234375,460.4572396274344,322.52328535139713,489.24640135478404,301.52413209144794,1.3572537412023862
8.978292008999865,28.356340255372945,25.21176447579752,8.109999656677246,0.3367714881896972,9.938121795654297,1.53270161151886,21.568002929687502,455.4614733276884,317.1888230313294,480.2709568162574,298.05249788314984,1.3725785501533507
8.988292008999863,28.36742617706059,25.293508028665755,8.130000114440918,1.9688801765441892,11.09921646118164,1.5971288681030271,21.568002929687502,454.78408128704484,312.1930567315834,472.1422523285351,294.32684165961047,1.3885502043881686
8.998292008999865,28.37742949027515,25.37552741805283,8.139999389648438,1.227271556854248,11.535511016845703,1.671456813812256,21.9839990234375,449.7036409822184,303.5563082133785,448.6028789161727,286.1981371718882,1.4052619670415267
9.008292008999863,28.386236308914597,25.45778832997113,8.130000114440918,0.488614559173584,12.22264289855957,1.7183723449707031,22.72,454.61473327688395,287.0448772226926,454.0220152413209,264.6062658763759,1.422448132254915
9.018292008999865,28.393788967706325,25.54025005052203,8.139999389648438,0.2539644241333008,12.81412124633789,1.7690206766128542,22.72,450.55038103302286,283.9966130397968,457.2396274343776,259.1024555461473,1.4401400092199323
9.028292008999863,28.399899622279086,25.622994715218013,8.119999885559082,0.718531608581543,14.244639396667482,1.8064473867416384,23.072001953125,458.2557154953429,278.91617273497036,459.1024555461473,253.42929720575782,1.4582053272409625
9.038292008999864,28.399899622279086,25.622994715218013,8.119999885559082,-0.1683812141418457,14.300798416137695,1.840599536895752,23.36,453.0059271803556,288.8230313293819,458.6790855207451,250.38103302286197,1.4582053272409625
9.048292008999862,28.399899622279086,25.622994715218013,8.119999885559082,-0.1683812141418457,14.300798416137695,1.840599536895752,23.36,453.0059271803556,288.8230313293819,458.6790855207451,250.38103302286197,1.4582053272409625
9.058292008999864,28.399899622279086,25.622994715218013,8.119999885559082,-0.1683812141418457,14.300798416137695,1.840599536895752,23.36,453.0059271803556,288.8230313293819,458.6790855207451,250.38103302286197,1.4582053272409625
9.068292008999862,28.409909041763022,25.87218587489981,8.059999465942383,0.2528395652770996,14.647241592407228,1.805392622947693,23.232001953125,473.9204064352244,328.61981371718883,446.0626587637595,255.63082133784926,1.5133663384989136
9.078292008999863,28.39626823442297,26.040218457063386,8.069999694824219,0.6085586547851562,13.144026756286625,1.7932944297790527,23.1039990234375,483.4885690093141,332.51481795088904,446.6553767993226,263.1668077900085,1.5457304696112326
9.088292008999861,28.394144189448998,26.123535435015736,8.09000015258789,0.6237287521362305,12.316991806030272,1.7910335063934326,23.0080029296875,488.8230313293819,334.2929720575783,443.6071126164267,266.72311600338696,1.5636262690619736
9.098292008999863,28.391203818320715,26.2068914659748,8.079999923706055,0.5873212814331055,9.594554901123049,1.7973409891128542,22.8160009765625,495.34292972057574,339.20406435224385,437.59525825571546,275.8679085520745,1.5815786643575684
9.108292008999861,28.38733846789496,26.29040004690988,8.079999923706055,0.3228225708007812,9.451943397521974,1.818915843963623,22.8160009765625,507.1972904318374,336.49449618966975,440.98221845893306,281.4563928873836,1.599776478717292
9.118292008999862,28.382628634586556,26.37392573706093,8.079999923706055,0.1643753051757812,8.940422058105469,1.8509621620178225,22.8160009765625,525.0635055038103,339.37341236240474,433.3615580016935,285.9441151566469,1.6183006457096842
9.12829200899986,28.377150168051507,26.457311737193955,8.069999694824219,0.2318091392517089,8.356977462768555,1.8891769647598269,22.8160009765625,528.7044877222693,355.88484335309056,424.5554614733277,295.5122777307366,1.6371761824047335
9.138292008999862,28.370792065336417,26.540827159893013,8.059999465942383,0.1889915466308593,8.709620475769045,1.9122549295425415,22.8160009765625,529.805249788315,361.04995766299743,422.6079593564775,292.8027095681626,1.656319685650221
9.14829200899986,28.358203341318788,26.61787232445172,8.059999465942383,0.0779814720153808,10.063695907592772,1.9334164857864384,22.8160009765625,526.7569856054191,364.2675698560542,422.7773073666384,295.5969517358171,1.6837323715320984
9.158292008999862,28.349250283327475,26.700951847972423,8.050000190734863,0.3388319015502929,11.026677131652834,1.939107894897461,22.72,518.1202370872142,367.56985605419135,422.01524132091447,295.4276037256562,1.7031345276526757
9.16829200899986,28.339311792373103,26.78405585894285,8.029999732971191,0.5945425033569336,10.234172821044922,1.951918601989746,22.72,518.1202370872142,362.6587637595258,417.61219305673154,295.5969517358171,1.7226825482245227
9.178292008999861,28.328319579031263,26.866722995936097,8.039999961853027,0.5130934715270996,10.727983474731444,1.951453804969788,22.6560009765625,512.3624047417443,359.18712955122777,400.1693480101609,291.10922946655376,1.7421500761165272
9.18829200899986,28.316230118190926,26.94941952805885,8.039999961853027,-0.3769893646240234,10.700411796569826,1.9255124330520632,22.463999023437502,493.81879762912786,345.72396274343777,397.7138018628281,282.47248094834885,1.7614262996690935
9.19829200899986,28.302901757945733,27.03166710988568,8.039999961853027,-0.9422621726989746,12.023540496826172,1.890191435813904,22.463999023437502,489.41574936494493,344.3691786621507,392.12531752751903,279.76291278577474,1.780329097314475
9.208292008999859,28.28838234997214,27.11349147362713,7.980000019073486,-2.707827568054199,12.167983055114748,1.8439301252365117,22.3680029296875,480.60965283657913,335.64775613886536,376.1219305673158,273.9204064352244,1.7988114644473934
9.21829200899986,28.27287806756949,27.194369961708077,7.949999809265137,-3.22652530670166,11.522730827331545,1.7972973585128786,22.240000000000002,473.5817104149026,321.76121930567314,356.64690939881456,269.51735817104145,1.8167488546383164
9.228292008999858,28.25655737654347,27.27479325904983,7.899999618530273,-3.523900032043457,9.694564819335938,1.7520606517791748,22.1439990234375,478.2387806943268,320.74513124470786,354.8687552921253,267.40050804403046,1.8342598367995007
9.23829200899986,28.239414652392103,27.35473090025807,7.849999904632568,-3.943637847900391,9.25614643096924,1.7157500982284548,21.9839990234375,481.87976291278574,315.0719729043184,352.1591871295512,267.9085520745131,1.8514406382210462
9.248292008999858,28.224485206373597,27.423635919165037,7.779999732971191,-3.707031726837158,10.171468734741213,1.6963382959365847,21.6639990234375,474.0050804403048,310.584250635055,350.4657070279424,276.6299745977985,1.8761787131008747
9.25829200899986,28.20543230420316,27.501784068401943,7.730000019073486,-4.05875301361084,9.955957412719728,1.6854635477066042,21.6639990234375,478.74682472480947,306.01185436071125,350.38103302286197,279.0008467400508,1.8930333325041078
9.268292008999858,28.18555294902428,27.579286081670805,7.659999847412109,-3.601868391036988,9.913129806518556,1.6831467151641846,21.5039990234375,479.42421676545297,299.74597798475867,341.4902624894157,282.2184589331075,1.9098611719629774
9.278292008999859,28.16494159050196,27.656000110508256,7.619999885559082,-4.055544853210449,9.644866943359377,1.6824787855148318,21.2480029296875,478.15410668924636,286.28281117696866,346.4860287891617,280.6943268416596,1.9266662881968883
9.288292008999857,28.14341591669398,27.732108418175347,7.579999923706055,-4.2086334228515625,10.514025688171388,1.6898032426834109,21.2480029296875,482.0491109229466,283.74259102455545,346.2320067739204,280.86367485182046,1.943582837010955
9.298292008999859,28.12111428174144,27.80737387059419,7.539999961853027,-4.164615154266358,10.423944473266602,1.7066062688827517,21.12,480.35563082133785,276.9686706181202,357.91701947502116,277.22269263336153,1.9606480696510333
9.308292008999857,28.098019228409303,27.881913322293,7.509999752044678,-3.336401462554932,10.295658111572266,1.7277363538742068,20.8639990234375,476.54530059271804,264.35224386113464,363.59017781541064,271.2955122777307,1.9779068801127027
9.318292008999858,28.0739116055037,27.956224614752436,7.460000038146973,-2.980485439300537,10.701692581176758,1.755080223083496,20.8639990234375,475.3598645215919,262.4894157493649,362.0660457239627,269.17866215071973,1.9955463756771834
9.328292008999856,28.048941967656997,28.02937849981353,7.419999599456787,-2.764310359954834,11.813838958740234,1.784334659576416,20.7360009765625,464.69093988145636,260.4572396274344,362.6587637595258,266.5537679932261,2.013379495211386
9.338292008999858,28.048941967656997,28.02937849981353,7.359999656677246,-3.397286891937256,12.763473510742188,1.7928739786148074,20.5760009765625,457.2396274343776,261.2193056731583,358.4250635055038,258.3403895004234,2.013379495211386
9.348292008999856,28.0024227184236,28.16543803623555,7.309999942779541,-2.9696712493896484,12.047117233276367,1.791866421699524,20.5760009765625,451.735817104149,262.32006773920403,357.7476714648603,257.0702794242168,2.050786566541306
9.358292008999857,27.974706233174075,28.23569259786204,7.25,-2.7491087913513184,12.360210418701172,1.7863150835037234,20.512001953125,444.96189669771377,269.0939881456393,362.0660457239627,254.69940728196443,2.0685772989210287
9.368292008999855,27.945880279652,28.305429059561845,7.199999809265137,-2.1994690895080566,12.443735122680664,1.7688773870468142,20.4480029296875,428.8738357324301,290.3471634208298,372.81964436917866,264.86028789161725,2.0862567777910366
9.378292008999857,27.91581009504704,28.37445569535576,7.159999847412109,-1.3485398292541504,13.662864685058594,1.7460235357284548,20.3839990234375,427.3497036409822,297.20575783234545,372.6502963590178,270.11007620660456,2.1037282361771057
9.388292008999855,27.884653647641056,28.442644093478897,7.12999963760376,-1.3014326095581057,13.459701538085938,1.716557502746582,20.32,426.24894157493645,307.5359864521592,371.12616426756983,272.9043183742591,2.120894613352605
9.398292008999857,27.85238586198168,28.51016743869162,7.119999885559082,0.0126099586486816,12.965425491333008,1.6917839050292969,20.2239990234375,422.2692633361558,331.922099915326,367.99322607959357,291.0245554614733,2.1378007390400606
9.408292008999855,27.8190966878392,28.57713018455444,7.099999904632568,0.2187576293945312,11.992212295532228,1.6667588949203491,20.2239990234375,423.2853513971211,341.0668924640135,365.28365791701947,295.5969517358171,2.154465927776088
9.418292008999856,27.784590673100134,28.64347952933213,7.12999963760376,1.0025396347045898,12.88432502746582,1.6365450620651247,20.16,418.5436071126164,355.1227773073666,365.28365791701947,304.8264182895851,2.1708329235204227
9.428292008999854,27.7490166347466,28.70923339185086,7.139999866485596,0.967555046081543,12.278927803039553,1.6075605154037478,19.9039990234375,420.74513124470786,364.69093988145636,360.2878916172735,315.2413209144792,2.1869131126110952
9.438292008999856,27.712274970168576,28.77459532173777,7.139999866485596,1.5033154487609863,11.844320297241213,1.5639668703079226,19.9039990234375,418.88230313293815,366.0457239627434,360.2878916172735,320.74513124470786,2.202593783062512
9.448292008999854,27.674599670931027,28.83897784284342,7.149999618530273,1.3005356788635254,12.350662231445312,1.5220787525177002,19.7760009765625,421.5071972904318,366.13039796782385,356.05419136325145,325.40220152413207,2.21778044423779
9.458292008999855,27.674599670931027,28.83897784284342,7.149999618530273,2.105273723602295,12.161539077758787,1.4864033460617068,19.52,410.3302286198137,364.35224386113464,354.4453852667231,330.05927180355627,2.21778044423779
9.468292008999853,27.61201272892195,28.953426610442047,7.149999618530273,1.9208965301513672,12.325433731079102,1.4403611421585083,19.52,411.6003386960203,362.57408975444537,354.8687552921253,333.10753598645215,2.253452300621044
9.478292008999855,27.57099461603997,29.01561591634968,7.149999618530273,2.0228018760681152,13.121917724609377,1.3888483047485352,19.392001953125,408.8907705334462,351.82049110922947,353.6833192209991,338.4419983065199,2.26733514126037
9.488292008999853,27.52888311643885,29.07729391679113,7.12999963760376,1.1501460075378418,12.0660400390625,1.3422054052352907,19.232001953125,410.1608806096528,348.9415749364945,353.3446232006774,347.41744284504654,2.2807943032903015
9.498292008999854,27.48591882754917,29.13793773978669,7.139999866485596,1.6540513038635254,12.317852020263672,1.2958595752716064,19.232001953125,408.6367485182049,347.3327688399661,353.09060118543607,352.24386113463163,2.293715193930902
9.508292008999852,27.441713646305463,29.19818648015716,7.149999618530273,1.271632194519043,12.146775245666506,1.2616031169891355,19.2,411.8543607112616,352.66723116003385,361.1346316680779,352.66723116003385,2.306365202296556
9.518292008999854,27.396476416667056,29.25730109613954,7.159999847412109,2.0526552200317383,13.828204154968263,1.229062914848328,19.1680029296875,383.57324301439456,332.1761219305673,365.7917019475021,336.5791701947502,2.318624172328933
9.528292008999852,27.35004827890032,29.31544875852484,7.170000076293945,0.0761547088623046,14.866786003112797,1.2127839326858525,19.1680029296875,378.15410668924636,325.40220152413207,370.5334462320068,329.72057578323455,2.3307525783902268
9.538292008999854,27.302549408236963,29.37242171524252,7.149999618530273,-0.9726066589355468,15.447614669799805,1.1931947469711306,19.1360009765625,370.5334462320068,312.78577476714645,366.6384419983065,314.7332768839966,2.342691341995854
9.548292008999852,27.25435191305349,29.428297364917587,7.12999963760376,-1.8314428329467771,13.464083671569826,1.171861171722412,19.1360009765625,368.83996613039795,302.45554614733277,367.56985605419135,299.4072819644369,2.3544051928482563
9.558292008999853,27.205205660057057,29.483056928885887,7.089999675750732,-1.7026410102844238,14.164138793945312,1.1549347639083865,19.1360009765625,371.12616426756983,299.32260795935645,365.198983911939,298.81456392887384,2.3659570076941723
9.568292008999851,27.205205660057057,29.483056928885887,7.059999942779541,-1.7026410102844238,14.164138793945312,1.1549347639083865,19.1360009765625,366.6384419983065,296.78238780694323,365.45300592718036,294.32684165961047,2.3659570076941723
9.578292008999853,27.205205660057057,29.483056928885887,7.059999942779541,-1.7026410102844238,14.164138793945312,1.1549347639083865,19.1360009765625,366.6384419983065,296.78238780694323,365.45300592718036,294.32684165961047,2.3659570076941723
9.58829200899985,27.079915244282144,29.61580801918845,7.019999980926514,-2.3710975646972656,13.742778778076172,1.0912219285964968,19.1360009765625,358.5097375105842,295.76629974597796,358.25571549534294,284.9280270956816,2.4065725238448836
9.598292008999852,27.02799125415929,29.665237676818787,7.019999980926514,-2.2263503074646,13.992498397827148,1.073047995567322,19.1360009765625,364.35224386113464,291.95596951735814,358.5097375105842,287.3835732430144,2.4173091335970565
9.60829200899985,26.975485309413912,29.71345950848686,6.949999809265137,-2.284423828125,13.216288566589355,1.063154220581055,19.1360009765625,359.61049957662993,292.37933954276036,359.4411515664691,288.1456392887383,2.42792723145075
9.618292008999852,26.921931864401788,29.76064953329893,6.909999847412109,-1.6311359405517578,14.187128067016602,1.0626895427703855,19.1360009765625,364.52159187129547,297.37510584250634,369.9407281964437,293.1414055884843,2.438578186412284
9.62829200899985,26.86748573282196,29.80671504988133,6.909999847412109,1.297468662261963,14.383480072021484,1.0831794738769531,19.1039990234375,370.6181202370872,297.2904318374259,373.32768839966127,298.64521591871295,2.44938621181083
9.638292008999851,26.811711943437,29.852149043346557,6.929999828338623,3.248956680297852,13.860958099365234,1.1227086782455449,19.1039990234375,379.1701947502117,296.6130397967824,377.307366638442,300.5080440304826,2.4606199797514967
9.64829200899985,26.77852737875141,29.88153849747219,6.96999979019165,5.099514007568359,13.017702102661133,1.1708498001098633,19.072001953125,392.2946655376799,299.5766299745978,387.55292125317527,306.35055038103303,2.4713984213763385
9.658292008999851,26.720863829952297,29.925654467598907,7.029999732971191,5.765190124511719,11.751861572265623,1.2172026634216309,18.9439990234375,395.8509737510584,304.233700254022,401.18543607112616,307.5359864521592,2.4835704364024056
9.668292008999849,26.661875491578986,29.96955533621668,7.079999923706055,8.27267074584961,10.63170051574707,1.2613848447799685,18.8160009765625,403.0482641828958,316.0033869602032,411.346316680779,322.0999153259949,2.496178258069054
9.67829200899985,26.60153184933955,30.01325593153204,7.170000076293945,8.048778533935547,10.1038818359375,1.2852668762207031,18.623999023437502,409.99153259949196,314.81795088907705,413.9712108382726,326.41828958509734,2.5090535905051783
9.688292008999849,26.5401476559147,30.056500439581555,7.239999771118164,8.406499862670898,9.931499481201172,1.2894750833511357,18.400000000000002,410.24555461473324,317.0194750211685,442.42167654530056,337.3412362404742,2.5219218896470212
9.69829200899985,26.47737328048252,30.09949879590473,7.329999923706055,7.638452529907227,9.911418914794922,1.275874733924866,17.792001953125002,421.2531752751905,324.30143945808635,457.66299745977983,356.1388653683319,2.53469857216081
9.708292008999848,26.41342249978205,30.142065964858425,7.409999847412109,8.454046249389648,9.978012084960938,1.2494281530380251,17.792001953125002,415.1566469093988,325.0635055038103,462.74343776460626,357.91701947502116,2.5471836072822813
9.71829200899985,26.348073973738483,30.184400496230467,7.46999979019165,7.377745628356934,9.568484306335453,1.213482737541199,17.472001953125,413.37849280270956,333.0228619813717,460.71126164267565,369.6020321761219,2.559362688560018
9.728292008999848,26.28195319242108,30.226009505713964,7.559999942779541,8.103297233581545,9.879345893859863,1.172857642173767,16.832001953125,411.0922946655377,340.7281964436918,449.3649449618967,387.12955122777305,2.571044835041792
9.73829200899985,26.213739686350017,30.267815525013493,7.639999866485596,8.956143379211428,9.38343143463135,1.1372370719909668,16.832001953125,415.4106689246401,343.5224386113463,448.7722269263336,390.6011854360711,2.5825042303575887
9.748292008999847,26.175070671911904,30.276273325809537,7.730000019073486,9.40907096862793,9.937807083129885,1.1193858385086062,16.48,414.05588484335306,343.5224386113463,437.93395427603724,397.88314987298895,2.588667452230403
9.758292008999849,26.10521572950744,30.316618363905924,7.809999942779541,9.857945442199709,10.232371330261232,1.100017547607422,15.9039990234375,426.164267569856,351.98983911939035,428.95850973751055,405.3344623200677,2.599665256834306
9.768292008999847,26.03369422284444,30.356670227348843,7.899999618530273,9.603077888488771,10.619944572448732,1.085686206817627,15.9039990234375,423.1160033869602,356.1388653683319,424.13209144792546,402.62489415749366,2.610563006495091
9.778292008999848,25.96138664515241,30.39610085888405,8.010000228881836,9.829256057739258,9.755266189575195,1.069098711013794,15.6160009765625,434.038950042337,359.6951735817104,432.00677392040643,398.3065198983912,2.6212132005302133
9.788292008999846,25.887568042764386,30.43546905303327,8.109999656677246,9.86777114868164,8.541946411132812,1.066324830055237,15.392001953125,442.506350550381,363.08213378492803,436.32514817950886,395.4276037256562,2.631873133650039
9.798292008999848,25.812634531761308,30.47458247102833,8.210000038146973,8.714302062988281,7.961109161376953,1.073317527770996,15.1680029296875,443.6071126164267,368.9246401354784,445.46994072819643,393.39542760372564,2.6426073222871547
9.808292008999846,25.736564015516752,30.51351980588574,8.210000038146973,8.931591033935547,7.406531810760499,1.0967615842819216,14.752001953125001,451.1430990685859,364.18289585097375,449.8729889923793,392.8027095681626,2.6535770195771486
9.818292008999848,25.659298644889105,30.552150093562176,8.389999389648438,8.321604728698732,8.060612678527834,1.1146578788757324,14.752001953125001,460.20321761219304,365.3683319220999,456.3928873835732,391.78662150719725,2.6647395330445605
9.828292008999846,25.581004134993623,30.59039467852417,8.460000038146973,7.73597002029419,8.24282741546631,1.1436107158660889,14.56,471.54953429297206,371.2108382726503,465.28365791701947,384.9280270956816,2.676190625489205
9.838292008999847,25.581004134993623,30.59039467852417,8.460000038146973,7.406007766723633,8.125898361206055,1.1730028390884402,14.368002929687501,482.3878069432684,372.22692633361555,479.76291278577474,381.7104149026249,2.676190625489205
9.848292008999845,25.44321898303824,30.631045435074757,8.609999656677246,6.224195003509522,8.240864753723146,1.191083073616028,14.368002929687501,486.7908552074513,375.27519051651143,483.0651989839119,379.6782387806943,2.699985740325723
9.858292008999847,25.36225437853954,30.667501405514,8.679999351501465,8.023365020751953,7.892876625061035,1.224071025848389,14.3360009765625,487.55292125317527,376.03725656223537,489.5850973751058,381.9644369178662,2.712246867799785
9.868292008999845,25.280651398502386,30.703426371485737,8.769999504089355,7.323101520538331,7.853518009185792,1.2656588554382324,14.272001953125,486.02878916172733,372.6502963590178,494.1574936494496,385.18204911092295,2.724876587947755
9.878292008999846,25.19773589293512,30.73880725385372,8.84000015258789,6.901678562164308,9.671382904052734,1.304500699043274,14.24,491.10922946655376,375.190516511431,496.6977138018628,389.7544453852667,2.7379386884436703
9.888292008999844,25.11404588336238,30.77348116342671,8.90999984741211,6.749511241912843,9.700529098510742,1.327832341194153,14.24,487.97629127857743,378.2387806943268,495.34292972057574,388.73835732430143,2.7512002204577124
9.898292008999846,25.029260259312192,30.807415312843386,8.979999542236328,6.325564384460449,10.719906806945804,1.3555313348770144,14.24,493.3107535986452,381.7950889077053,502.2861981371719,395.08890770533446,2.764756167246838
9.908292008999844,24.94335682538695,30.840511530362576,9.039999961853027,6.875568389892578,11.530982971191406,1.364793062210083,14.272001953125,499.0685859441151,386.8755292125317,507.112616426757,396.8670618120237,2.7784070133814613
9.918292008999845,24.85655577969892,30.872693385847533,9.109999656677246,5.773963451385499,11.683319091796877,1.3717060089111328,14.272001953125,495.8509737510584,386.53683319221,506.4352243861134,400.1693480101609,2.7921256955899527
9.928292008999843,24.768857557942784,30.90422884977763,9.149999618530272,6.156188488006593,9.961658477783203,1.3717547655105593,14.272001953125,501.5241320914479,388.3149872988992,521.8458933107536,403.47163420829804,2.8058425760593413
9.938292008999845,24.68023634575097,30.935142980075927,9.199999809265137,5.787540435791016,9.29579257965088,1.3819432258605957,14.272001953125,511.68501270110073,388.99237933954277,519.813717188823,407.70533446232,2.819676492300083
9.948292008999843,24.59090260075748,30.96523961590689,9.269999504089355,5.687851428985597,9.779354095458984,1.3897638320922852,14.272001953125,506.4352243861134,388.99237933954277,520.0677392040643,410.83827265029635,2.8335668277657864
9.958292008999845,24.59090260075748,30.96523961590689,9.329999923706056,5.048761367797852,11.894189834594728,1.3966718912124636,14.3360009765625,507.6206604572396,396.61303979678235,514.9872988992379,409.73751058425063,2.8335668277657864
9.968292008999843,24.42366650868656,30.99274564551906,9.359999656677246,4.775470256805421,14.024667739868164,1.388630270957947,14.3360009765625,504.57239627434376,405.5038103302286,510.7535986452159,403.7256562235394,2.8567153676643846
9.978292008999844,24.331969843577173,31.0188733356507,9.399999618530272,3.4531846046447754,14.343635559082031,1.3826401233673096,14.368002929687501,502.5402201524132,408.72142252328536,514.3945808636748,413.0397967823878,2.8705628531261658
9.988292008999842,24.239167313643403,31.044068692626528,9.420000076293944,5.831704139709473,12.588370323181154,1.3684039115905762,14.4,512.9551227773073,418.2895850973751,510.7535986452159,415.4106689246401,2.8842834195185736
9.998292008999844,24.145716214560306,31.068406922608848,9.5,8.161171913146974,10.761128425598146,1.3677755594253542,14.3039990234375,519.1363251481795,444.1998306519898,505.24978831498726,426.5029635901778,2.897923660211581
10.008292008999842,24.050833327998845,31.09229966121749,9.59999942779541,7.847900390625,8.833810806274414,1.3768547773361208,14.3039990234375,513.2091447925486,453.1752751905165,507.5359864521592,429.8899237933954,2.911726006433475
10.018292008999843,23.95552456661572,31.115209681132068,9.670000076293944,7.23089361190796,9.888071060180664,1.3764926195144656,14.112001953125,520.2370872142252,474.428450465707,516.6807790008468,433.61558001693476,2.9254544913643548
10.028292008999841,23.95552456661572,31.115209681132068,9.670000076293944,7.23089361190796,9.888071060180664,1.3764926195144656,13.8880029296875,532.5994919559695,483.57324301439456,524.1320914479255,436.32514817950886,2.9254544913643548
10.038292008999843,23.95552456661572,31.115209681132068,9.670000076293944,7.23089361190796,9.888071060180664,1.3764926195144656,13.8880029296875,532.5994919559695,483.57324301439456,524.1320914479255,436.32514817950886,2.9254544913643548
10.04829200899984,23.6626382212959,31.179114327891245,9.739999771118164,8.416600227355959,10.08718776702881,1.3258877992630007,13.312001953125,547.6714648602879,470.0254022015241,558.5097375105843,447.0787468247248,2.965857395019106
10.058292008999842,23.6626382212959,31.179114327891245,9.739999771118164,7.578600883483887,11.507342338562012,1.29626739025116,12.7039990234375,545.8086367485182,464.6062658763759,571.2955122777307,452.24386113463163,2.965857395019106
10.06829200899984,23.46978403734312,31.194691283298745,10.019999504089355,7.528039455413819,11.499725341796877,1.254366397857666,12.7039990234375,553.5139712108382,465.45300592718036,578.1541066892464,449.1955969517358,2.9937118522956014
10.078292008999842,23.36869415230827,31.21149075235488,10.079999923706056,6.705726623535156,10.543975830078123,1.2238570451736452,12.48,549.5342929720575,463.6748518204911,596.7823878069432,452.4132091447925,3.0059472013828925
10.08829200899984,23.266792072396928,31.227463940500066,10.130000114440918,7.30479621887207,9.478965759277344,1.195652723312378,12.1280029296875,552.497883149873,483.2345469940728,598.1371718882303,466.46909398814563,3.017892599646271
10.098292008999842,23.16362933235077,31.24293366363117,10.229999542236328,8.806730270385742,7.475332260131836,1.186405897140503,12.1280029296875,549.4496189669771,488.653683319221,600.3386960203218,473.1583403895004,3.029771638947264
10.10829200899984,23.05962698201296,31.25762958732675,10.34000015258789,9.665191650390623,8.02491569519043,1.1696470975875857,11.9680029296875,547.9254868755291,500.8467400508044,567.8238780694327,482.2184589331075,3.041453597757365
10.118292008999841,22.954212295214543,31.271547971680235,10.469999313354492,10.310814857482912,8.661181449890138,1.1493630409240725,11.68,562.4047417442845,513.2091447925486,549.3649449618966,494.49618966977135,3.0529611927100833
10.12829200899984,22.847955072344384,31.28454516654272,10.579999923706056,9.114850997924805,9.300643920898438,1.130253553390503,11.392001953125,563.7595258255715,519.5596951735816,546.4860287891617,499.4072819644369,3.0642672206198514
10.13829200899984,22.74991867844728,31.281934321676257,10.670000076293944,9.248715400695804,9.511221885681154,1.1116726398468018,10.912001953125,574.428450465707,521.7612193056731,554.3607112616427,508.6367485182049,3.080636357550392
10.148292008999839,22.64182610530491,31.292356933129994,10.769999504089355,9.367604255676271,10.501883506774904,1.0771963596343994,9.856000976562498,569.4326841659611,516.1727349703641,564.1828958509738,519.813717188823,3.0914106222864204
10.15829200899984,22.53278265620006,31.301622436766213,10.84999942779541,9.172991752624512,11.10225009918213,1.0237281322479248,9.856000976562498,571.549534292972,512.3624047417443,565.4530059271804,525.6562235393734,3.1016483819974807
10.168292008999838,22.42299343921931,31.309729218386074,10.9399995803833,7.666192531585694,11.168076515197756,0.9644865393638612,9.248002929687502,577.4767146486029,510.9229466553768,576.6299745977984,537.1718882303132,3.1112941579991
10.17829200899984,22.31224687861913,31.31674606488156,11.019999504089355,8.538349151611328,10.737022399902344,0.9070782065391542,8.0,581.2870448772227,520.3217612193057,590.6858594411516,550.7197290431837,3.1203677428497825
10.188292008999838,22.200728786740303,31.32287476814703,11.09999942779541,9.246606826782228,9.227087020874023,0.8650171756744385,8.0,577.1380186282811,522.2692633361557,588.8230313293818,550.2963590177815,3.1290045010062952
10.19829200899984,22.08790687036566,31.32813343928629,11.179999351501465,9.732209205627443,8.801783561706545,0.8333738446235658,7.616000976562499,580.2709568162574,529.9745977984759,581.6257408975445,555.2921253175275,3.137346973944406
10.208292008999837,21.974424620736727,31.332463021495805,11.279999732971191,9.078136444091797,8.838354110717773,0.8027483224868774,6.9439990234375,593.0567315834039,533.4462320067739,578.3234546994073,564.9449618966977,3.145367368079436
10.218292008999839,21.859602188768385,31.335988655083437,11.369999885559082,9.714943885803224,8.136519432067873,0.7774706482887269,6.9439990234375,597.121083827265,533.4462320067739,575.02116850127,569.6867061812023,3.1531580084042496
10.228292008999837,21.744260894462677,31.33870338249245,11.449999809265137,8.717138290405273,7.943201065063477,0.7736266851425171,6.72,595.5122777307366,539.3734123624047,584.1659610499577,575.3598645215918,3.1608903944913203
10.238292008999839,21.628070187532845,31.340556744921887,11.539999961853027,8.849863052368164,8.228195190429688,0.7697082161903382,6.4639990234375,606.350550381033,544.3691786621507,593.9881456392887,585.9441151566468,3.1685819639305373
10.248292008999837,21.628070187532845,31.340556744921887,11.639999389648438,9.299052238464355,8.414204597473146,0.7622841596603394,6.4639990234375,611.0922946655377,543.861134631668,595.9356477561388,587.0448772226927,3.1685819639305373
10.258292008999838,21.41421144692738,31.326867410395707,11.739999771118164,10.031321525573732,9.400252342224125,0.7646508812904359,6.4,620.4064352243861,542.3370025402202,596.4436917866215,584.5893310753598,3.1893583184673147
10.268292008999836,21.295656698425077,31.32534326260411,11.859999656677246,9.802305221557615,8.738971710205078,0.7789543271064759,6.336000976562499,620.7451312447079,550.6350550381032,601.6088060965284,577.0533446232007,3.197138011298948
10.278292008999838,21.176011534861846,31.3227155199629,11.9399995803833,9.166291236877443,9.90395259857178,0.7792102694511415,6.3039990234375,619.9830651989839,558.4250635055038,605.5038103302286,577.7307366638441,3.2049375376905416
10.288292008999836,21.055602600114085,31.319110363361208,12.029999732971191,9.136102676391602,9.39788055419922,0.7751246094703675,6.272001953125,632.1761219305673,549.8729889923793,619.6443691786621,573.07366638442,3.212690439630053
10.298292008999837,20.934689452335387,31.31452081548357,12.109999656677246,7.795407295227051,9.408730506896974,0.777129054069519,6.272001953125,637.1718882303132,557.2396274343777,629.7205757832345,570.2794242167654,3.220454496761279
10.308292008999835,20.812838602669167,31.3091157452571,12.179999351501465,8.701339721679688,8.185674667358398,0.791803538799286,6.272001953125,634.2082980524979,558.2557154953429,629.9745977984759,572.9889923793395,3.2283706367912983
10.318292008999837,20.69010413005345,31.302604788711875,12.269999504089355,9.019603729248049,9.595897674560549,0.7969338297843934,6.336000976562499,624.6401354784081,557.0702794242168,637.8492802709568,575.02116850127,3.2363418675273024
10.328292008999835,20.566800426636032,31.294790159487235,12.34000015258789,7.154518127441406,11.424186706542969,0.7896027565002441,6.496000976562499,637.0025402201524,564.0982218458932,647.1634208298052,572.4809483488568,3.2442441000089857
10.338292008999836,20.442912029008586,31.28580040372865,12.399999618530272,8.153453826904297,11.08209228515625,0.7823232412338257,6.496000976562499,643.3530906011854,565.3683319220999,649.3649449618966,574.8518204911092,3.2520632215118055
10.348292008999834,20.31826549870755,31.27589128958777,12.479999542236328,8.179971694946289,9.269092559814451,0.7882391214370728,6.6239990234375,646.14733276884,570.6181202370872,652.4132091447925,570.8721422523286,3.259943725900429
10.358292008999836,20.31826549870755,31.27589128958777,12.550000190734863,8.49867916107178,8.491650581359865,0.8151533603668213,6.88,650.0423370025402,576.7993226079593,649.3649449618966,574.6824724809484,3.259943725900429
10.368292008999834,20.08655074660745,31.247156080733195,12.619999885559082,7.594120025634766,9.259353637695312,0.8342863321304321,6.88,655.2921253175275,576.0372565622354,651.2277730736664,576.8839966130398,3.272697963903543
10.378292008999836,19.95984886724021,31.234441586119942,12.699999809265137,7.817766189575195,9.187501907348633,0.8537226915359497,7.0080029296875015,651.1430990685859,579.5088907705334,657.1549534292972,577.0533446232007,3.2812537051221153
10.388292008999834,19.833067410165423,31.220527284714784,12.789999961853027,8.287744522094727,10.90074348449707,0.8719258308410645,7.296000976562499,654.5300592718036,586.3674851820491,658.2557154953429,580.5249788314987,3.2899507116002025
10.398292008999835,19.705302041786837,31.2050930589527,12.880000114440918,8.39235591888428,12.824290275573732,0.8794554471969604,7.296000976562499,659.9491955969517,585.3513971210838,656.5622353937341,580.1016088060965,3.2987471447916943
10.408292008999833,19.576946102398622,31.188309327819454,12.969999313354492,8.265881538391115,12.657708168029789,0.8962949514389038,7.392001953125,666.1303979678238,591.1939034716341,657.7476714648602,582.1337849280271,3.3077102994517174
10.418292008999835,19.4479383264044,31.17027431292195,13.049999237060549,8.549077033996584,11.841950416564943,0.9129088521003724,7.4239990234375,669.3480101608806,593.649449618967,658.8484335309059,587.6375952582557,3.316838290994387
10.428292008999833,19.31842347475544,31.150836823334465,13.139999389648438,7.83920431137085,12.709009170532228,0.93198698759079,7.488002929687501,676.7993226079593,596.0203217612193,659.8645215918713,587.6375952582557,3.3261568187640944
10.438292008999834,19.18827137911917,31.13013178518195,13.210000038146973,7.709368228912354,11.881248474121094,0.9462864995002748,7.488002929687501,681.9644369178662,598.3911939034716,669.602032176122,591.1939034716341,3.335625089429389
10.448292008999832,19.05767492472098,31.10832109855065,13.25999927520752,7.503451824188233,10.70919418334961,0.9615182876586914,7.5200000000000005,676.7146486028789,592.8027095681625,662.7434377646063,584.7586790855207,3.3452391169171034
10.458292008999834,18.94558054189037,31.075507891305797,13.329999923706056,4.277531623840332,10.817232131958008,0.9793565273284912,7.5200000000000005,677.900084674005,591.2785774767146,661.1346316680779,583.3192209991532,3.3502951903196623
10.468292008999832,18.815267851165487,31.051598117560665,13.34000015258789,2.416090965270996,10.909191131591797,0.972095549106598,7.5200000000000005,668.8399661303979,590.8552074513124,656.9856054191363,578.1541066892464,3.36001219652423
10.478292008999833,18.68508682201529,31.026598783225477,13.359999656677246,0.7705955505371094,10.668807029724125,0.9408657550811768,7.488002929687501,661.9813717188823,591.0245554614733,645.8086367485182,571.549534292972,3.369424882860023
10.488292008999831,18.555253206735667,31.00058077968859,13.34999942779541,0.0673232078552246,10.402250289916992,0.9098454117774964,7.488002929687501,665.0296359017781,591.6172734970364,647.1634208298052,569.0093141405588,3.3785215929084336
10.498292008999833,18.555253206735667,31.00058077968859,13.34999942779541,0.0673232078552246,10.402250289916992,0.9098454117774964,7.488002929687501,656.4775613886536,592.8027095681625,647.4174428450466,565.198983911939,3.3785215929084336
10.508292008999831,18.555253206735667,31.00058077968859,13.34999942779541,0.0673232078552246,10.402250289916992,0.9098454117774964,7.488002929687501,656.4775613886536,592.8027095681625,647.4174428450466,565.198983911939,3.3785215929084336
10.518292008999833,18.168391225452893,30.915170316760545,13.269999504089355,-2.052830219268799,14.659971237182615,0.8047143220901489,7.488002929687501,648.9415749364945,594.0728196443691,643.6071126164268,576.6299745977984,3.403692239929348
10.52829200899983,18.040675795594417,30.8840370650465,13.25,-1.7191948890686035,13.625717163085938,0.7847660779953003,7.488002929687501,641.9136325148179,592.5486875529213,642.5063505503811,582.7265029635902,3.41153652537455
10.538292008999832,17.91334355325254,30.851652847978748,13.199999809265137,-1.5787429809570312,13.166308403015138,0.7714059352874756,7.488002929687501,643.861134631668,589.7544453852666,643.861134631668,589.2464013547841,3.4192540718033575
10.54829200899983,17.786824118062974,30.80407336595066,13.15999984741211,-1.6551084518432615,13.05595111846924,0.7603256702423096,7.488002929687501,642.1676545300593,589.415749364945,645.1312447078747,589.2464013547841,3.4305871878888174
10.558292008999832,17.660286485924136,30.769020566356723,13.149999618530272,0.2640938758850097,10.708944320678713,0.7484942078590394,7.488002929687501,652.7519051651143,601.1854360711261,652.7519051651143,600.592718035563,3.4380744427432424
10.56829200899983,17.533489647054843,30.733247995547075,13.199999809265137,5.007324695587159,7.605312824249268,0.749596655368805,7.488002929687501,655.8001693480102,622.6079593564775,658.8484335309059,610.6689246401354,3.4455568195977397
10.578292008999831,17.40588093571088,30.69637488378728,13.25999927520752,6.364208698272706,7.845285892486573,0.7348338961601258,7.488002929687501,656.731583403895,631.3293818797629,660.5419136325148,610.1608806096528,3.4529139114540888
10.58829200899983,17.277872471445043,30.658694368726863,13.309999465942385,8.573139190673828,6.687445640563965,0.718185842037201,7.488002929687501,668.3319220999153,646.8247248094834,663.1668077900084,616.1727349703641,3.4600860029809715
10.598292008999831,17.148788577116964,30.619899371983653,13.420000076293944,9.34316158294678,6.896235466003418,0.6952806115150453,5.888002929687501,684.6740050804402,638.4419983065198,676.9686706181202,616.8501270110075,3.4670497431412306
10.608292008999829,17.019543203385922,30.58013221312297,13.50999927520752,8.657960891723633,7.834951400756836,0.6769943237304688,5.888002929687501,686.6215071972904,633.4462320067739,686.2828111769686,620.2370872142252,3.4738119323370276
10.61829200899983,16.889722861666076,30.53914951151935,13.59000015258789,6.781683921813965,8.763447761535646,0.6418157219886781,5.5680029296875,693.1414055884843,627.3497036409822,719.7290431837425,630.9060118543607,3.480239417704424
10.628292008999829,16.75969222269952,30.49711208900495,13.65999984741211,7.38330078125,8.686943054199219,0.6047306060791016,4.832001953124999,682.3031329381879,634.9703640982218,764.5215918712955,643.4377646062659,3.4862857087449717
10.63829200899983,16.75969222269952,30.49711208900495,13.739999771118164,6.153703689575195,9.098586082458498,0.5512535572052002,4.832001953124999,684.5046570702794,636.2404741744284,778.662150719729,646.9093988145639,3.4862857087449717
10.648292008999828,16.51297978238058,30.39955370333313,13.779999732971191,6.201044082641602,6.6863508224487305,0.5028998851776123,4.4480029296875,676.1219305673158,643.9458086367484,806.7739204064352,655.7154953429297,3.498172420412587
10.65829200899983,16.382114181685974,30.354562855031453,13.869999885559082,7.61651611328125,5.103287696838379,0.4636935889720917,3.8080029296875,679.0008467400507,649.5342929720575,780.3556308213379,675.9525825571549,3.5028072513700153
10.668292008999828,16.250203063185758,30.30868326995393,13.949999809265137,8.736677169799805,4.619090080261231,0.4405635297298432,3.8080029296875,686.7908552074513,651.9051651143099,767.0618120237087,684.419983065199,3.5072222308950103
10.67829200899983,16.118104471428925,30.262312730217516,14.049999237060549,9.178874969482422,3.9495015144348153,0.4334278702735901,3.5520019531249996,684.8433530906011,659.3564775613886,729.8899237933954,704.1490262489416,3.511547515122899
10.688292008999827,15.985045069925768,30.215067681516025,14.130000114440918,9.39320468902588,4.366950988769531,0.4206619560718537,3.3280029296875,690.4318374259102,666.8077900084674,724.3861134631668,707.0279424216765,3.51575322802924
10.698292008999829,15.851198289930394,30.166734150000952,14.229999542236328,10.02862548828125,6.09760856628418,0.3994697332382202,3.0720019531249996,709.3141405588484,667.7392040643522,716.2574089754445,711.346316680779,3.5197497311310997
10.708292008999827,15.716766773018696,30.11740782831927,14.229999542236328,10.430752754211428,6.391724586486816,0.3664309680461884,2.72,714.9026248941575,672.3116003386959,712.1930567315834,696.528365791702,3.5234117658542843
10.718292008999828,15.581336222699498,30.06695933377405,14.429999351501465,9.878533363342289,6.417027473449707,0.342750072479248,2.72,723.7087214225232,672.4809483488568,714.3099068585943,688.6536833192209,3.526846209339105
10.728292008999826,15.445862847558097,30.015892483695467,14.529999732971191,9.1515588760376,5.589723587036133,0.3272182047367096,2.592001953125,730.6519898391193,681.2870448772227,725.2328535139712,670.194750211685,3.5301113669249276
10.738292008999828,15.308854144878818,29.96394080578279,14.529999732971191,8.97543716430664,3.5641331672668457,0.3244907855987549,2.3680029296874996,730.2286198137172,688.6536833192209,733.6155800169348,679.0855207451312,3.533368495298191
10.748292008999826,15.191368538059123,29.905049528464176,14.699999809265137,9.25706195831299,2.494515657424927,0.3250265419483185,2.3680029296874996,727.688399661304,687.9762912785775,733.1922099915325,680.186282811177,3.539290043562458
10.758292008999828,15.053836647989725,29.85178733471039,14.799999237060549,9.584087371826172,3.117904663085937,0.3305672705173493,2.272001953125,727.4343776460627,688.3149872988992,734.4623200677391,688.9077053344623,3.542593742780623
10.768292008999826,14.915569246543107,29.79781766312111,14.799999237060549,8.32283687591553,3.619668960571289,0.3431001901626587,2.0160009765625,730.1439458086368,697.3751058425063,737.5952582557155,690.5165114309907,3.5460269500496064
10.778292008999827,14.7766170332414,29.74304487883197,14.960000038146973,7.544058799743652,4.334944725036621,0.3402953147888183,2.0160009765625,732.0914479254868,699.6613039796782,741.2362404741745,692.2946655376799,3.5494372830301995
10.788292008999825,14.63784215789356,29.68777515824028,15.059999465942385,7.89830207824707,4.675215721130371,0.3285934925079345,1.8880029296875,736.7485182049111,699.0685859441152,743.7764606265875,702.7095681625741,3.552713421972369
10.798292008999827,14.498329659183645,29.631775419261366,15.059999465942385,6.701441764831543,4.080543518066406,0.3234571516513825,1.6639990234375004,735.4784081287045,705.8425063505504,751.735817104149,708.6367485182049,3.5559460624492925
10.808292008999825,14.358375229194907,29.5749062647101,15.170000076293944,6.301903247833253,5.408003330230714,0.3139018118381501,1.6639990234375004,739.3734123624047,706.5198983911939,753.3446232006773,708.7214225232854,3.5590862001744323
10.818292008999826,14.217964528374065,29.517449773597345,15.229999542236328,6.943445682525636,3.926039218902588,0.2939336895942688,1.6,736.7485182049111,710.2455546147332,756.9856054191363,710.0762066045723,3.562025183870942
10.828292008999824,14.076834619504346,29.45927144947007,15.229999542236328,7.457720756530762,3.679375410079957,0.2847219109535217,1.5039990234375002,748.4335309060118,717.4428450465707,743.0990685859441,708.5520745131245,3.564875387116869
10.838292008999826,13.935319782456103,29.40040293122283,15.389999389648438,7.710490703582765,4.31734323501587,0.2838490605354309,1.5039990234375002,745.9779847586791,717.4428450465707,743.1837425910245,712.2777307366638,3.567714078039897
10.848292008999824,13.793344404874258,29.3410183414934,15.489999771118164,7.103774070739746,3.214964866638184,0.2767652571201325,1.44,749.0262489415749,718.3742591024555,741.4055884843352,716.8501270110075,3.5704810681118655
10.858292008999825,13.66826421180652,29.279878895291912,15.549999237060549,5.940883159637452,4.435534954071046,0.2589508593082428,1.3760009765625,748.856900931414,727.3497036409822,751.4817950889077,718.3742591024555,3.5718320028832786
10.868292008999823,13.525797462449008,29.219325204064845,15.589999198913574,6.233110904693604,2.970137119293213,0.2319885790348053,1.312001953125,754.4453852667231,726.4182895850973,747.6714648602879,724.8941574936495,3.5741514992884995
10.878292008999825,13.382949779048545,29.15833480443165,15.65999984741211,5.719766139984132,2.2715001106262207,0.2037449479103088,1.2160009765625002,752.2438611346316,729.2125317527518,754.614733276884,727.8577476714648,3.5761883639055676
10.888292008999823,13.239744146798785,29.09681936487488,15.719999313354492,5.537686347961426,2.612754583358765,0.1734600514173508,1.0880029296874998,755.3767993226079,734.3776460626588,767.7392040643522,727.7730736663843,3.5779224664923093
10.898292008999825,13.095776497085156,29.03494483702378,15.75999927520752,6.558045387268066,0.7937922477722168,0.1614846140146255,0.96,754.9534292972057,736.8331922099915,769.9407281964436,731.4140558848434,3.5795382351147915
10.908292008999823,12.951553245580865,28.97272361381976,15.809999465942385,5.780800819396973,1.4795284271240234,0.1501008868217468,0.8,755.8848433530906,743.3530906011854,754.1066892464013,732.8535139712108,3.5810385626015724
10.918292008999824,12.80699655809746,28.910079951570264,15.869999885559082,4.708000183105469,1.9822657108306885,0.1380124390125274,0.672001953125,753.5139712108382,743.0990685859441,755.1227773073666,739.0347163420829,3.5824186198660493
10.928292008999822,12.662325446865772,28.847215848353343,15.889999389648438,3.200209140777588,1.2410216331481934,0.0986192002892494,0.2880029296875,756.5622353937341,749.4496189669771,756.9856054191363,741.8289585097375,3.5834044582386917
10.938292008999824,12.517191388227085,28.78400285800402,15.9399995803833,3.2490596771240234,0.7286133766174316,0.0493866130709648,0.2880029296875,753.3446232006773,751.0584250635055,762.320067739204,740.5588484335309,3.5838988890833474
10.948292008999822,12.37204926654024,28.720665404464853,15.979999542236328,3.816424369812012,0.4255701303482055,0.0045934072695672,0.032001953125,751.8204911092295,751.3971210838272,759.2718035563082,747.0787468247248,3.5839447738303236
10.958292008999823,12.37204926654024,28.720665404464853,16.029998779296875,3.03169584274292,-0.7565447092056274,-0.0389091782271862,-0.4160009765625,754.1066892464013,755.2921253175275,770.7027942421677,748.7722269263336,3.5839447738303236
10.968292008999821,12.098308281344345,28.589013531140917,16.06999969482422,3.1714451313018803,-0.3921253681182861,-0.069116897881031,-0.4160009765625,756.8162574089754,755.8848433530906,772.9043183742591,748.7722269263336,3.5844850280986913
10.978292008999823,11.95236253362054,28.525263173686,16.100000381469727,3.737597942352295,-2.1221718788146973,-0.0920008569955825,-0.64,757.6629974597798,757.0702794242168,773.1583403895004,753.7679932260795,3.5835651520144056
10.98829200899982,11.95236253362054,28.525263173686,16.100000381469727,3.737597942352295,-2.1221718788146973,-0.0920008569955825,-0.8639990234375,755.207451312447,761.3886536833191,765.198983911939,753.1752751905165,3.5835651520144056
10.998292008999822,11.95236253362054,28.525263173686,16.100000381469727,3.737597942352295,-2.1221718788146973,-0.0920008569955825,-0.8639990234375,755.207451312447,761.3886536833191,765.198983911939,753.1752751905165,3.5835651520144056
11.00829200899982,11.51115684326634,28.334457814046843,16.239999771118164,2.9077296257019043,-1.4160386323928835,-0.1305032223463058,-1.3119970703125001,752.1591871295512,760.4572396274343,761.8966977138018,755.207451312447,3.580044546489943
11.018292008999822,11.364078049028564,28.27127576133496,16.25,0.2285616397857666,-2.401160717010498,-0.1453648805618286,-1.407998046875,748.3488569009314,765.5376799322607,748.5182049110923,754.1066892464013,3.578592770585799
11.02829200899982,11.216837832562698,28.20826650849377,16.239999771118164,-0.5907750725746156,-2.517906665802002,-0.1689828187227249,-1.5360009765625,744.7078746824725,766.2997459779847,743.1837425910245,755.7154953429297,3.5769033066079094
11.038292008999822,11.081272863871886,28.132722675299213,16.219999313354492,-1.4841510057449343,-3.191044807434082,-0.2241658568382263,-1.6960009765625,745.7239627434377,764.7756138865368,740.0508044030482,759.4411515664691,3.575312542724584
11.04829200899982,10.934515136613213,28.07054735733929,16.209999084472656,-1.6860284805297852,-6.230175971984863,-0.2808297276496887,-2.1439990234375004,737.1718882303132,765.198983911939,742.3370025402202,759.0177815410668,3.5725106758086533
11.058292008999821,10.78692585109646,28.00879714305461,16.190000534057617,-1.3133187294006348,-7.41875982284546,-0.3375595510005951,-2.1439990234375004,732.5994919559695,765.2836579170195,740.38950042337,761.3039796782388,3.5691282426780426
11.06829200899982,10.639769777311315,27.948012848168915,16.170000076293945,-1.2673799991607666,-7.874075889587402,-0.3921025097370148,-2.4319970703125,720.0677392040643,770.5334462320068,725.8255715495343,753.3446232006773,3.565215821896191
11.07829200899982,10.492393236838884,27.887660637901018,16.15999984741211,-2.595831632614136,-6.409741401672363,-0.4504394233226776,-3.04,710.7535986452159,768.2472480948348,721.5071972904318,763.3361558001693,3.5607115393518165
11.088292008999819,10.344841316044231,27.828051944191813,16.10999870300293,-2.5917966365814213,-7.769956588745117,-0.5119946002960205,-3.04,716.0880609652836,769.602032176122,722.7773073666384,764.3522438611346,3.555588058229889
11.09829200899982,10.197308312472051,27.76930053417646,16.09000015258789,-2.467840909957886,-8.458920478820803,-0.5741550326347352,-3.3919970703125,706.8585944115156,770.4487722269263,717.9508890770533,759.8645215918713,3.549847060936019
11.108292008999818,10.049831695001435,27.71135289264066,16.049999237060547,-2.8413021564483647,-8.202850341796875,-0.6299342513084413,-4.0319970703125,695.0889077053345,767.7392040643522,707.5359864521591,760.8806096528366,3.5435511787551257
11.11829200899982,9.90227520020104,27.654296237304678,16.010000228881836,-4.1769561767578125,-8.79383945465088,-0.6692917346954346,-4.0319970703125,697.0364098221845,769.4326841659611,705.8425063505504,761.0499576629974,3.5368531615003342
11.128292008999818,9.754870522246955,27.598357524807877,15.929999351501465,-4.70662784576416,-9.838886260986328,-0.7072445154190063,-4.2560009765625,700.592718035563,768.1625740897545,695.7662997459779,755.2921253175275,3.5297786996481637
11.13829200899982,9.754870522246955,27.598357524807877,15.889999389648438,-5.00002384185791,-11.143307685852053,-0.7372398376464844,-4.6719970703125,703.2176121930567,770.6181202370872,689.5850973751058,754.8687552921252,3.5297786996481637
11.148292008999817,9.460568796735588,27.483559800730887,15.84999942779541,-4.760368347167969,-12.038736343383787,-0.7592934966087342,-4.6719970703125,698.8992379339543,769.3480101608806,690.3471634208298,751.1430990685859,3.5203130261694353
11.158292008999819,9.313500133339828,27.430756687342736,15.81999969482422,-4.153946876525879,-10.616198539733888,-0.7812632322311401,-4.8639990234375,700.9314140558848,763.6748518204911,682.8111769686706,749.3649449618966,3.5125076657369503
11.168292008999817,9.166434095562323,27.378978401823264,15.789999961853027,-4.77924919128418,-9.914714813232422,-0.7832732796669007,-5.0239990234375,715.9187129551227,769.4326841659611,667.4851820491109,736.6638441998306,3.5046755006508645
11.178292008999819,9.019015258877404,27.327869631433025,15.75,-4.338034629821777,-8.158187866210938,-0.7769217491149902,-5.1519970703125,707.7900084674005,766.8077900084674,663.082133784928,735.8171041490262,3.4968816546359447
11.188292008999817,8.872672490626908,27.27794879220665,15.6899995803833,-4.485511779785156,-7.675010681152344,-0.7651643157005311,-5.247998046875,719.0516511430991,764.436917866215,650.5503810330229,722.8619813717188,3.4892535521672867
11.198292008999818,8.725929665989206,27.22886833716714,15.670000076293944,-4.317176818847656,-8.439152717590334,-0.740534782409668,-5.2160009765625,718.5436071126164,762.8281117696866,633.3615580016934,714.1405588484336,3.481846445832974
11.208292008999816,8.579471957425667,27.18083771340949,15.619999885559082,-4.9523773193359375,-8.416144371032717,-0.7033491730690004,-5.2160009765625,722.0152413209145,759.9491955969517,628.1964436917866,715.41066892464,3.4748154761826013
11.218292008999818,8.432983755132067,27.13400815843636,15.56999969482422,-5.046296119689941,-10.200356483459474,-0.6811673045158387,-5.087998046875001,714.6486028789161,761.6426756985605,633.0228619813716,716.8501270110075,3.4679997495600388
11.228292008999816,8.286778708117476,27.0884183929338,15.50999927520752,-5.047787189483644,-10.580615997314451,-0.6738606691360474,-4.8319970703125,707.0279424216765,762.7434377646063,645.8086367485182,712.9551227773073,3.461264201852276
11.238292008999817,8.286778708117476,27.0884183929338,15.449999809265137,-4.261701583862305,-10.759521484375,-0.6817096471786499,-4.8319970703125,704.4877222692633,763.844199830652,650.2963590177815,712.870448772227,3.461264201852276
11.248292008999815,7.992969034055479,26.998996452007752,15.399999618530272,-3.8633623123168954,-9.920894622802734,-0.6965052485466005,-4.7039990234375,702.7942421676545,760.7959356477561,651.2277730736664,717.4428450465707,3.4408267896551377
11.258292008999817,7.84718083782286,26.957022922979217,15.339999198913574,-3.290388584136963,-9.540878295898438,-0.7090380191802979,-4.4160009765625,697.7138018628281,758.9331075359864,648.4335309060118,722.0999153259949,3.4337588995875774
11.268292008999815,7.700943339133531,26.91570148940625,15.309999465942385,-2.656994581222534,-8.358863830566406,-0.725961983203888,-4.4160009765625,687.5529212531752,758.8484335309059,644.1151566469093,724.3014394580863,3.4264996328445005
11.278292008999816,7.554670568424,26.875373824501104,15.289999961853027,-2.600947856903076,-9.426057815551758,-0.7466899156570435,-4.3519970703125,677.1380186282811,759.4411515664691,629.9745977984759,730.4826418289584,3.419032562784171
11.288292008999814,7.408331694802335,26.83608370383765,15.25999927520752,-2.5370774269104004,-10.24576187133789,-0.7790912985801698,-4.3519970703125,660.7959356477561,761.9813717188823,609.1447925486875,725.1481795088907,3.4112399854797997
11.298292008999816,7.261991001630705,26.79775527599104,15.239999771118164,-2.2402985095977788,-9.94314956665039,-0.8124869465827943,-4.3519970703125,653.0906011854361,762.5740897544454,597.2904318374259,724.2167654530059,3.403115898610384
11.308292008999814,7.1155908953877605,26.760499245757707,15.219999313354492,-2.532890796661377,-10.667020797729492,-0.8461566567420961,-4.4160009765625,651.2277730736664,755.8001693480102,577.1380186282811,725.9949195596952,3.394652524457332
11.318292008999816,6.969255029070182,26.72444425434491,15.210000038146973,-2.9813671112060547,-11.379799842834474,-0.8629915714263916,-4.5439990234375,653.85266723116,763.3361558001693,552.2438611346316,726.8416596104995,3.3860232342328698
11.328292008999814,6.822882042896082,26.689750355125756,15.179999351501465,-2.903328418731689,-12.918489456176758,-0.8879216313362123,-4.7039990234375,649.8729889923793,761.0499576629974,550.0423370025402,724.8941574936495,3.3771450848724567
11.338292008999815,6.676401526095221,26.656367295110147,15.15999984741211,-2.790195941925049,-13.28888702392578,-0.9192893505096436,-4.927998046875,656.3928873835732,757.324301439458,545.9779847586791,725.2328535139712,3.3679489124994757
11.348292008999813,6.529864853455544,26.624232365663264,15.139999389648438,-2.3431520462036133,-12.87780284881592,-0.9445924758911132,-5.4719970703125,648.1795088907705,755.0381033022861,535.6477561388654,727.1803556308213,3.358500519456545
11.358292008999815,6.387198091883595,26.59408935442174,15.119999885559082,-2.8453426361083984,-13.241588592529297,-0.9656054973602296,-5.4719970703125,644.7078746824725,756.2235393734123,538.272650296359,727.1803556308213,3.3517712875781944
11.368292008999813,6.240681552223521,26.56440091027316,15.079999923706056,-1.9165215492248533,-13.110107421875,-0.9915424585342408,-5.76,644.7078746824725,751.0584250635055,530.2286198137172,729.805249788315,3.341856345253226
11.378292008999814,6.094113187261213,26.53599250362137,15.06999969482422,-1.7226595878601074,-13.093423843383787,-1.0198303461074831,-6.176000976562499,640.1354784081287,753.0906011854361,532.3454699407282,729.0431837425909,3.33166145556904
11.388292008999812,5.947284755195136,26.50869665357693,15.039999961853027,-1.0939946174621582,-12.290582656860352,-1.0513390302658083,-6.176000976562499,640.5588484335309,752.9212531752752,531.9220999153259,732.1761219305673,3.321143062117577
11.398292008999814,5.800546988192646,26.482610318397224,15.039999961853027,-1.4194231033325195,-12.222600936889648,-1.0811311006546025,-6.336000976562499,634.9703640982218,758.3403895004234,534.038950042337,729.2972057578323,3.310337432179799
11.408292008999812,5.653604916795939,26.457581020867163,15.029999732971191,-0.9967994689941406,-11.474889755249023,-1.102736592292786,-6.496000976562499,632.8535139712108,761.7273497036409,521.5918712955123,729.7205757832345,3.299308499296038
11.418292008999813,5.506590951646983,26.43362692412254,15.0,-0.721440315246582,-11.21829605102539,-1.126838803291321,-6.496000976562499,634.8010160880609,760.7959356477561,520.4911092294666,727.8577476714648,3.2880417339653354
11.428292008999811,5.359535984643472,26.41099685654952,14.979999542236328,-1.5544023513793943,-12.701624870300297,-1.144740700721741,-6.5600000000000005,630.5673158340389,762.2353937341236,523.8780694326841,730.397967823878,3.276592700310508
11.438292008999813,5.212430997060232,26.389690943047437,14.929999351501465,-1.8596725463867188,-13.23203468322754,-1.1645270586013796,-6.6239990234375,635.9864521591871,761.4733276883996,529.805249788315,724.4707874682472,3.2649402220632373
11.448292008999811,5.065523333614155,26.36977212110991,14.889999389648438,-1.9212217330932615,-13.615727424621584,-1.1850361824035645,-6.6239990234375,635.9864521591871,761.6426756985605,530.5673158340389,725.402201524132,3.2530963698373716
11.458292008999813,5.065523333614155,26.36977212110991,14.84999942779541,-1.1739416122436523,-13.56466293334961,-1.2006731033325195,-6.656000976562499,634.2929720575783,757.5783234546993,527.688399661304,726.0795935647756,3.2530963698373716
11.46829200899981,4.785135333583977,26.331901080327672,14.829999923706056,-1.876176357269287,-14.420631408691406,-1.2074706554412842,-6.687998046874999,642.0829805249788,750.4657070279424,535.2243861134632,720.3217612193057,3.2315984572198406
11.478292008999812,4.638405833560233,26.31592080432821,14.789999961853027,-2.1315155029296875,-13.724124908447266,-1.2079108953475954,-6.72,639.1193903471634,746.5707027942422,542.8450465707027,719.813717188823,3.2195127360527156
11.48829200899981,4.492097943027474,26.30147684714695,14.769999504089355,-3.250302791595459,-14.412609100341797,-1.1935647726058962,-6.72,642.3370025402202,731.9220999153259,566.6384419983065,718.7129551227773,3.207583644773772
11.498292008999812,4.346132191119508,26.288762587034167,14.710000038146973,-3.872575283050537,-16.065206527709964,-1.181202054023743,-6.7839990234375005,646.5707027942422,729.4665537679932,594.4115156646909,727.688399661304,3.195781210595877
11.50829200899981,4.199829771831023,26.277452467843453,14.65999984741211,-2.885095596313477,-14.946643829345703,-1.1843601465225222,-6.7839990234375005,652.1591871295512,731.5834038950042,599.407281964437,727.0110076206604,3.183906841718093
11.518292008999811,4.053875554762378,26.26754319444124,14.619999885559082,0.1917347908020019,-14.13772201538086,-1.1909428834915163,-6.7839990234375005,675.4445385266723,738.272650296359,609.9068585944115,727.0110076206604,3.1720138929296784
11.52829200899981,3.907214282391813,26.25896073101152,14.609999656677246,0.8398647308349609,-13.961692810058594,-1.2060376405715945,-6.6239990234375,709.9068585944115,748.856900931414,620.6604572396274,726.1642675698561,3.1599250613893535
11.538292008999811,3.770836216984368,26.24264321297121,14.619999885559082,1.1535263061523438,-13.799241065979006,-1.2307257652282717,-6.6239990234375,711.5156646909398,750.381033022862,621.5071972904318,726.333615580017,3.1444415844685536
11.548292008999809,3.770836216984368,26.24264321297121,14.630000114440918,1.593522071838379,-13.3832426071167,-1.251662611961365,-6.496000976562499,738.1033022861981,749.7036409822184,634.1236240474174,730.7366638441998,3.1444415844685536
11.55829200899981,3.4782703798876,26.232294672290216,14.630000114440918,1.782754898071289,-14.415035247802734,-1.2627012729644775,-6.207998046874999,750.8044030482641,754.1066892464013,638.8653683319221,727.1803556308213,3.1193361515187537
11.568292008999808,3.3314139365746875,26.229078287264613,14.649999618530272,2.8766822814941406,-12.988332748413086,-1.2686361074447634,-5.92,761.9813717188823,757.8323454699407,652.4132091447925,739.7121083827265,3.106654642005653
11.57829200899981,3.1842404947601444,26.2272033196572,14.65999984741211,3.682752132415772,-12.98634147644043,-1.249719262123108,-5.4719970703125,755.5461473327688,759.61049957663,643.0990685859441,740.9822184589331,3.094166399991396
11.588292008999808,3.0366299075105214,26.22671343302893,14.6899995803833,3.490960597991944,-13.225627899169922,-1.2248083353042605,-4.5760009765625,745.215918712955,756.3082133784927,651.5664690939881,747.0787468247248,3.0819139480630913
11.59829200899981,2.8887070656810505,26.22786259613364,14.719999313354492,3.7736239433288574,-14.880756378173828,-1.1945788860321045,-4.5760009765625,737.0025402201524,757.324301439458,654.5300592718036,746.6553767993225,3.0699627592089502
11.608292008999808,2.7408175263199874,26.23056404776017,14.739999771118164,3.059935569763184,-14.75899410247803,-1.1479957103729248,-4.0960009765625,732.6841659610499,756.3928873835732,659.7798475867909,742.3370025402202,3.0584929400830863
11.61829200899981,2.592349939127538,26.234785999329684,14.789999961853027,3.132873058319092,-14.549137115478516,-1.1183602809906006,-3.7439990234375,732.4301439458086,755.4614733276884,669.2633361558002,739.1193903471634,3.0472904166499877
11.628292008999807,2.44402094392382,26.24028771571825,14.809999465942385,2.901172161102295,-13.060462951660156,-1.095550298690796,-3.3919970703125,740.8975444538527,756.1388653683318,671.6342082980525,738.3573243014395,3.036338580904699
11.638292008999809,2.44402094392382,26.24028771571825,14.81999969482422,2.8298768997192383,-14.36992931365967,-1.0659215450286863,-3.1679980468750006,741.151566469094,755.8848433530906,678.5774767146486,736.5791701947502,3.036338580904699
11.648292008999807,2.16544089836522,26.24813615907864,14.829999923706056,3.064666748046875,-13.844810485839844,-1.029900074005127,-2.847998046875,767.6545300592718,755.0381033022861,693.3107535986452,741.5749364944961,3.0110297212204
11.658292008999808,2.016975633890456,26.25817401734685,14.84999942779541,3.439000606536865,-13.370161056518556,-0.9971233010292054,-2.847998046875,768.8399661303979,757.7476714648602,698.6452159187129,741.0668924640136,3.0010549317286075
11.668292008999806,1.868379723608184,26.26979323601767,14.869999885559082,3.97829532623291,-14.29525661468506,-0.9535866975784302,-2.72,772.3116003386959,761.0499576629974,706.7739204064352,743.3530906011854,2.991520665316433
11.678292008999808,1.719502878406957,26.283127462720994,14.90999984741211,5.153477668762207,-15.346203804016117,-0.9114348888397216,-2.56,763.5901778154106,764.2675698560541,701.1007620660457,748.6875529212532,2.982410453877368
11.688292008999806,1.5703892924076532,26.29809494093576,14.979999542236328,5.162872791290284,-15.363744735717772,-0.8872314691543579,-2.56,766.0457239627434,768.7552921253175,698.475867908552,747.1634208298052,2.9735436474912444
11.698292008999807,1.4207875701618593,26.31468888805556,15.029999732971191,5.336882114410401,-15.309381484985352,-0.8843021988868714,-2.4319970703125,768.077900084674,772.3962743437764,694.6655376799322,746.3166807790008,2.9646936764113048
11.708292008999805,1.2709943450517585,26.33285929549194,15.06999969482422,5.412422180175781,-15.142133712768556,-0.8816631436347963,-2.1439990234375004,764.3522438611346,780.6943268416596,693.649449618967,750.381033022862,2.9558747411295383
11.718292008999807,1.2709943450517585,26.33285929549194,15.130000114440918,5.412422180175781,-15.142133712768556,-0.8816631436347963,-2.1439990234375004,761.3886536833191,777.9847586790855,694.8348856900931,751.4817950889077,2.9558747411295383
11.728292008999805,0.9707140963974972,26.373720452130406,15.15999984741211,5.2058072090148935,-13.329774856567385,-0.8836352825164795,-2.0160009765625,764.6062658763759,779.3395427603725,690.5165114309907,757.0702794242168,2.9381919615814565
11.738292008999807,0.8201456928455666,26.39615846032524,15.229999542236328,5.553618907928468,-12.714149475097656,-0.8711292147636415,-1.8239990234375003,779.5088907705334,774.6824724809483,695.5122777307366,758.4250635055038,2.9294802623547764
11.748292008999805,0.8201456928455666,26.39615846032524,15.25999927520752,4.478191375732422,-12.020147323608398,-0.8569103479385376,-1.8239990234375003,780.9483488569009,774.9364944961897,694.8348856900931,760.203217612193,2.9294802623547764
11.758292008999806,0.5362548944598555,26.42262695098445,15.269999504089355,4.263174057006836,-11.018527030944826,-0.8266788125038148,-1.727998046875,799.4072819644368,776.1219305673158,708.1287044877222,764.5215918712955,2.909325089542991
11.768292008999804,0.3858100531388144,26.448584046293742,15.289999961853027,4.0799927711486825,-12.063484191894531,-0.8073527812957764,-1.6639990234375004,813.2091447925486,781.541066892464,710.6689246401354,763.844199830652,2.901256959090832
11.778292008999806,0.2351023038238445,26.4759801610708,15.329999923706056,4.388884544372559,-12.780068397521974,-0.7879648208618164,-1.6,821.930567315834,779.5935647756138,713.2091447925486,765.1143099068586,2.89337525187685
11.788292008999804,0.0834032084443904,26.504880186044712,15.369999885559082,4.494692325592042,-12.38255500793457,-0.7604244947433472,-1.5360009765625,830.8213378492802,785.012701100762,711.2616426756986,769.7713801862827,2.8857258706488293
11.798292008999805,-0.0666846506403673,26.53502880075049,15.40999984741211,5.112532138824464,-13.890605926513672,-0.7343360781669618,-1.5360009765625,825.3175275190516,785.3513971210838,713.9712108382727,772.5656223539373,2.8784241857590467
11.808292008999803,-0.2178739670323363,26.56717571631947,15.479999542236328,5.811028480529785,-15.556885719299318,-0.6917023658752441,-1.567998046875,812.7011007620661,782.6418289585097,709.8221845893311,783.5732430143945,2.871503045829501
11.818292008999805,-0.3690482606421521,26.60101816277349,15.479999542236328,6.172336578369141,-15.566497802734377,-0.6469014286994935,-1.6639990234375004,794.0728196443691,784.5046570702793,714.055884843353,786.2828111769686,2.865038510478103
11.828292008999803,-0.5204315734512356,26.636691727394137,15.56999969482422,6.400868892669679,-16.07935333251953,-0.5995076298713685,-1.6639990234375004,784.2506350550381,784.1659610499577,712.7011007620661,786.3674851820491,2.859045726836856
11.838292008999804,-0.6719914932383039,26.674155287825684,15.639999389648438,5.111329078674316,-15.998969078063968,-0.5474224090576172,-1.6960009765625,772.7349703640982,779.0855207451312,721.8458933107536,777.2226926333615,2.8535658957929706
11.848292008999803,-0.8234576044291405,26.71295832817308,15.639999389648438,4.304147720336914,-13.771221160888672,-0.5225448608398438,-1.76,783.4038950042336,776.2066045723963,724.5554614733277,764.6909398814564,2.8483384588174965
11.858292008999804,-0.9746209999309992,26.75298210298137,15.729999542236328,3.655489921569824,-12.851437568664553,-0.5174624323844911,-1.76,794.9195596951736,778.0694326841659,726.4182895850973,760.6265876375952,2.8431707482973985
11.868292008999802,-1.104388027745787,26.750476282678427,15.769999504089355,3.559969425201416,-12.488534927368164,-0.5156598091125488,-1.8239990234375003,814.3945808636748,782.2184589331075,729.5512277730736,766.6384419983065,2.8335343144151954
11.878292008999804,-1.25596578143407,26.79272252906949,15.779999732971191,3.46166467666626,-11.927629470825195,-0.5159404277801514,-1.7919970703125,824.1320914479254,787.8069432684166,735.7324301439457,768.4165961049957,2.8283472378564545
11.888292008999802,-1.4067099138315822,26.836082238669604,15.81999969482422,5.140927314758301,-12.520386695861818,-0.5212666392326356,-1.76,843.861134631668,783.9119390347163,731.0753598645216,766.8924640135479,2.8231414118161444
11.898292008999803,-1.5571355367137536,26.88067233322255,15.859999656677246,4.288730621337891,-12.61737823486328,-0.5231775641441346,-1.6960009765625,844.7925486875529,783.065198983912,732.0067739204064,766.0457239627434,2.8179264804230604
11.908292008999801,-1.708400955814418,26.926871314833,15.90999984741211,5.236847877502441,-12.666993141174318,-0.5162159800529481,-1.6639990234375004,837.7646062658763,789.6697713801863,727.0110076206604,771.7188823031329,2.812756817941241
11.918292008999803,-1.859503483306972,26.974336264456824,15.969999313354492,5.337890625,-12.500825881958008,-0.5168523192405702,-1.567998046875,828.87383573243,796.1896697713802,731.8374259102455,774.2591024555461,2.807590024858661
11.9282920089998,-2.010712973448775,27.02326675512561,16.029998779296875,5.133700847625733,-13.13987159729004,-0.5141239762306214,-1.5039990234375002,796.528365791702,796.528365791702,734.3776460626588,776.3759525825571,2.8024479319624684
11.938292008999802,-2.162087545733122,27.073652320152352,16.029998779296875,5.36900520324707,-13.026456832885742,-0.501823902130127,-1.3760009765625,778.9161727349704,796.528365791702,736.3251481795089,777.5613886536833,2.7974259887585395
11.9482920089998,-2.3132620487377,27.125399004825496,16.149999618530273,4.565302848815918,-13.115553855895998,-0.4836804568767548,-1.3760009765625,773.5817104149025,794.6655376799322,735.7324301439457,781.1176968670618,2.792589996031359
11.958292008999802,-2.46424040662842,27.17848402169673,16.219999313354492,3.676338195800781,-12.764694213867188,-0.4426738023757934,-1.3760009765625,763.6748518204911,792.3793395427604,741.744284504657,785.6054191363252,2.788165373062447
11.9682920089998,-2.46424040662842,27.17848402169673,16.219999313354492,3.676338195800781,-12.764694213867188,-0.4426738023757934,-1.3760009765625,763.6748518204911,792.3793395427604,741.744284504657,785.6054191363252,2.788165373062447
11.978292008999802,-2.771031048715205,27.243832917979653,16.31999969482422,3.668846607208252,-10.767416000366213,-0.3633114099502563,-1.407998046875,764.6909398814564,785.5207451312447,745.3852667231159,778.4928027095681,2.7826859080856816
11.9882920089998,-2.921967164101013,27.299524624498787,16.35999870300293,2.83784294128418,-10.874517440795898,-0.3209463953971863,-1.44,769.3480101608806,782.4724809483488,741.2362404741745,776.0372565622354,2.779476523712077
11.998292008999801,-3.072293370081835,27.35593375947104,16.3799991607666,-0.4992198944091797,-9.115271568298342,-0.2811083793640136,-1.4719970703125,758.5097375105843,779.2548687552921,741.2362404741745,763.9288738357324,2.7766672521787257
12.008292008999799,-3.221927211894734,27.41310481254071,16.350000381469727,-2.897088050842285,-8.930420875549318,-0.2334760725498199,-1.5039990234375002,746.9940728196443,775.9525825571549,735.8171041490262,765.6223539373412,2.774333495650431
12.0182920089998,-3.3712192733256545,27.4712927817974,16.309999465942383,-3.191558837890625,-9.613820075988771,-0.187914028763771,-1.5039990234375002,749.5342929720575,777.307366638442,733.6155800169348,766.4690939881456,2.772450683374831
12.028292008999799,-3.519608964289421,27.53034819831217,16.270000457763672,-1.5623736381530762,-10.508745193481444,-0.1612547487020492,-1.5360009765625,762.0660457239627,772.7349703640982,735.393734123624,758.3403895004234,2.7708395599323943
12.0382920089998,-3.667483973744353,27.5904999572111,16.260000228881836,-1.3965606689453125,-11.483537673950195,-0.1536019295454025,-1.567998046875,759.2718035563082,768.9246401354784,748.9415749364945,760.0338696020322,2.769304421019093
12.048292008999798,-3.8147728951480016,27.651850697855767,16.239999771118164,-0.965916633605957,-12.916035652160646,-0.1726731806993484,-1.6,762.4894157493649,769.0939881456393,750.7197290431837,758.086367485182,2.767579049419154
12.0582920089998,-3.9686886385143194,27.68423471960309,16.209999084472656,-0.6109566688537598,-11.077766418457031,-0.2036066651344299,-1.727998046875,751.9898391193904,761.9813717188823,745.7239627434377,757.8323454699407,2.7619607756541122
12.068292008999798,-4.1151812637768375,27.746604289942503,16.18000030517578,-2.545599460601806,-8.026264190673828,-0.2351828068494797,-1.8560009765625,744.7078746824725,766.2150719729043,739.4580863674852,761.6426756985605,2.759608220893137
12.0782920089998,-4.26129191185315,27.80927064230967,16.139999389648438,-2.7590832710266118,-5.943568706512452,-0.2812502682209015,-1.9839990234375002,737.5952582557155,765.2836579170195,738.7806943268416,762.4894157493649,2.756794111566196
12.088292008999797,-4.406911799455029,27.872207628122812,16.100000381469727,-3.132156133651734,-5.376501083374023,-0.3275500237941742,-2.1119970703125,732.1761219305673,765.3683319220999,733.6155800169348,764.6909398814564,2.753517208759812
12.098292008999799,-4.551966378400033,27.9353489004502,16.059999465942383,-2.849138736724853,-5.035941600799561,-0.3774702548980713,-2.3360009765624996,719.9830651989839,768.2472480948348,725.402201524132,764.1828958509738,2.749745119692401
12.108292008999797,-4.696506431931948,27.998891418841808,16.03999900817871,-3.713767051696777,-5.9805450439453125,-0.4269779622554779,-2.527998046875,720.3217612193057,767.2311600338695,723.6240474174429,765.198983911939,2.745475853139221
12.118292008999799,-4.840459979588267,28.062923660814267,15.989999771118164,-5.015153884887695,-6.981534004211426,-0.4736625552177429,-2.72,706.7739204064352,767.31583403895,721.5918712955122,761.2193056731583,2.7407333597466654
12.128292008999797,-4.983284249600663,28.127458987660276,15.9399995803833,-5.484100341796875,-8.951386451721193,-0.5264575481414795,-3.1039990234375,706.6892464013548,762.0660457239627,717.8662150719729,757.2396274343777,2.735471425148414
12.138292008999798,-5.125113148462649,28.1927500900618,15.899999618530272,-6.386298656463624,-10.685810089111328,-0.5689563751220703,-3.1039990234375,712.4470787468247,760.8806096528366,716.7654530059272,756.2235393734123,2.729782273772495
12.148292008999796,-5.125113148462649,28.1927500900618,15.84999942779541,-6.12567138671875,-10.242101669311523,-0.5915537476539613,-3.327998046875001,713.6325148179509,765.6223539373412,711.346316680779,751.5664690939881,2.729782273772495
12.158292008999798,-5.422590257891395,28.2991553570172,15.799999237060549,-6.487194061279297,-8.42263698577881,-0.5985281467437744,-3.52,703.3022861981372,753.0059271803556,704.9110922946655,746.0626587637595,2.7270669733785033
12.168292008999796,-5.562031371725859,28.36491136932516,15.729999542236328,-7.689085960388184,-8.686182975769045,-0.5977746248245239,-3.7439990234375,698.7298899237934,753.259949195597,703.7256562235393,744.2845046570702,2.7210929383660742
12.178292008999797,-5.700691692879291,28.431147133924267,15.670000076293944,-7.110232830047608,-7.980803966522218,-0.60269433259964,-3.9039990234375,698.2218458933107,751.0584250635055,701.7781541066893,735.9864521591871,2.7150632706108175
12.188292008999795,-5.838220477917997,28.497544660151696,15.59999942779541,-7.634444236755371,-6.737977027893066,-0.5964340567588807,-4.1919970703125005,689.1617273497036,742.5910245554614,694.6655376799322,735.9864521591871,2.709103059559117
12.198292008999797,-5.974991954650383,28.5644399361676,15.529999732971191,-6.849569320678711,-7.266517639160156,-0.5865145325660707,-4.1919970703125005,681.7950889077053,744.1151566469093,691.7866215071973,735.4784081287045,2.7032355426155497
12.208292008999795,-6.110600947507059,28.63169895926934,15.460000038146973,-7.239557743072511,-7.888245105743409,-0.581253170967102,-4.287998046875001,676.7993226079593,734.8856900931414,686.6215071972904,729.7205757832345,2.697426619569574
12.218292008999796,-6.245491538982662,28.699688111314583,15.389999389648438,-6.863607406616211,-9.02719593048096,-0.5794329643249512,-4.287998046875001,673.9204064352243,725.9102455546147,687.129551227773,726.333615580017,2.691623039564097
12.228292008999794,-6.379130385275152,28.768149846645134,15.31999969482422,-6.828529834747315,-9.560565948486328,-0.5843364596366883,-4.3519970703125,670.2794242167654,723.5393734123624,686.7908552074513,723.2853513971211,2.685779680540397
12.238292008999796,-6.511703797689629,28.8370393659542,15.25,-6.95177173614502,-8.949991226196289,-0.5893560647964478,-4.32,668.8399661303979,716.934801016088,684.0812870448772,722.0152413209145,2.679888795268246
12.248292008999794,-6.6434455160614565,28.906393510869773,15.149999618530272,-6.591305732727051,-8.354082107543945,-0.6021226048469545,-4.2560009765625,664.3522438611346,707.7900084674005,677.307366638442,715.8340389500423,2.6738661393899057
12.258292008999796,-6.794613032823627,28.97801547595063,15.06999969482422,-7.226694107055664,-7.943193435668945,-0.6135153770446777,-4.2560009765625,660.5419136325148,703.8950042337002,677.6460626587638,713.2091447925486,2.667403609111931
12.268292008999794,-6.925008887583024,29.04806573075764,15.0,-7.275328159332276,-6.669899463653565,-0.6227611303329468,-4.2560009765625,662.0660457239627,698.475867908552,668.3319220999153,713.8865368331922,2.6611630861770426
12.278292008999795,-7.053668325663093,29.117975696323768,14.929999351501465,-8.079491615295412,-6.787626266479492,-0.618160903453827,-4.2239990234375,664.0135478408129,695.004233700254,658.1710414902625,705.4191363251482,2.6550006425734995
12.288292008999793,-7.181357715150574,29.188641382658584,14.839999198913574,-8.891805648803711,-9.720462799072266,-0.6160669922828675,-4.1919970703125005,661.0499576629975,695.004233700254,662.0660457239627,702.2015241320914,2.648841153580479
12.298292008999795,-7.308629642634173,29.26005674120322,14.769999504089355,-8.041739463806154,-8.710694313049318,-0.5998786687850952,-4.16,661.9813717188823,688.9923793395427,656.9856054191363,695.6816257408975,2.6428123379473494
12.308292008999793,-7.433913978901218,29.33114053342764,14.65999984741211,-8.309266090393068,-7.04469919204712,-0.5627829432487489,-4.127998046875001,658.9331075359864,691.8712955122777,626.5876375952582,689.5850973751058,2.637197663317126
12.318292008999794,-7.558446747552389,29.40268954399373,14.589999198913574,-7.938172340393066,-6.957622528076172,-0.5089487433433534,-4.127998046875001,653.3446232006773,691.4479254868755,619.813717188823,687.6375952582557,2.6321079380517336
12.328292008999792,-7.681903264279041,29.474441071186437,14.539999961853027,-7.862403392791749,-6.599783420562745,-0.4656219482421875,-4.127998046875001,654.614733276884,682.5571549534293,593.1414055884843,679.8475867908552,2.627453388203678
12.338292008999794,-7.80449765893927,29.546435281206858,14.460000038146973,-7.926024913787843,-6.0973219871521005,-0.4309745132923127,-4.127998046875001,652.3285351397121,674.5131244707875,562.5740897544454,673.3276883996613,2.6231401536015913
12.348292008999792,-7.925892416175651,29.61860232253396,14.389999389648438,-8.224566459655763,-6.778192043304444,-0.4059666097164154,-4.127998046875001,648.0101608806096,673.4123624047418,554.1913632514818,670.8721422523286,2.6190805881660086
12.358292008999793,-8.046141934191919,29.69107419443671,14.309999465942385,-7.938164234161378,-7.596781253814698,-0.3791379928588867,-4.0960009765625,651.3971210838272,665.6223539373412,537.6799322607959,667.1464860287891,2.6152909293304507
12.368292008999791,-8.046141934191919,29.69107419443671,14.219999313354492,-8.199455261230469,-6.725756645202637,-0.3603219687938691,-4.0960009765625,645.8086367485182,655.207451312447,521.5071972904318,655.3767993226079,2.6152909293304507
12.378292008999793,-8.301564728165534,29.83681956233841,14.170000076293944,-7.250824451446534,-6.501326084136964,-0.3427937626838684,-4.0960009765625,640.8975444538527,652.5825571549534,517.7815410668925,651.9051651143099,2.6048453104586704
12.388292008999791,-8.418815344898098,29.90981892316089,14.06999969482422,-8.842245101928711,-6.33486270904541,-0.3319914042949677,-4.0960009765625,640.8975444538527,637.0872142252329,515.8340389500423,645.0465707027943,2.6015284073927547
12.398292008999793,-8.535098870283552,29.98315301127669,13.979999542236328,-8.224124908447266,-7.38680362701416,-0.3376343846321106,-4.0960009765625,647.1634208298052,628.7891617273497,549.8729889923793,661.9813717188823,2.5981518252714353
12.40829200899979,-8.650668741163908,30.05690001686312,13.920000076293944,-5.476680755615234,-7.450428962707519,-0.3561377227306366,-4.127998046875001,647.1634208298052,632.68416596105,566.2997459779847,664.5215918712955,2.594589857071574
12.418292008999792,-8.765828654727583,30.130866555999404,13.880000114440918,-3.1687164306640625,-5.531820297241211,-0.3964057266712189,-4.127998046875001,621.5918712955123,641.744284504657,604.7417442845046,649.5342929720575,2.5906261816272425
12.42829200899979,-8.880389446570303,30.20487571400624,13.859999656677246,-4.536656856536866,-4.499144077301026,-0.4313576519489289,-4.16,611.8543607112616,624.7248094834886,595.8509737510584,650.4657070279424,2.586311992159429
12.438292008999792,-8.994150527131604,30.27886469272694,13.779999732971191,-6.995759010314941,-4.4034929275512695,-0.4549601376056671,-4.16,610.4995766299746,620.2370872142252,585.4360711261643,650.8044030482641,2.5817572969875817
12.44829200899979,-9.106772220540783,30.35269248074625,13.710000038146973,-8.164390563964844,-4.7647109031677255,-0.4706703424453735,-4.2239990234375,597.4597798475868,624.6401354784081,560.203217612193,644.1998306519898,2.577051495784224
12.458292008999791,-9.218250040043577,30.42634502610023,13.619999885559082,-9.313116073608398,-4.838186740875245,-0.4851154685020447,-4.287998046875001,589.5850973751058,634.3776460626588,539.1193903471634,632.9381879762913,2.572203931202387
12.46829200899979,-9.218250040043577,30.42634502610023,13.529999732971191,-9.444244384765623,-5.337200164794922,-0.5024957060813905,-4.3519970703125,586.8755292125318,631.6680779000847,537.510584250635,631.5834038950042,2.572203931202387
12.47829200899979,-9.473551109332451,30.55424422803476,13.4399995803833,-9.05147457122803,-6.74505615234375,-0.5122246742248535,-4.48,594.3268416596105,621.0838272650296,516.6807790008468,626.92633361558,2.5621407689623688
12.488292008999789,-9.473551109332451,30.55424422803476,13.4399995803833,-9.05147457122803,-6.74505615234375,-0.5122246742248535,-4.5760009765625,590.2624894157493,614.6486028789161,516.0880609652836,622.3539373412362,2.5621407689623688
12.49829200899979,-9.689842747401125,30.701211849442934,13.25999927520752,-10.821224212646484,-7.666498184204102,-0.5595455169677734,-4.7360009765625,583.1498729889923,602.4555461473327,528.8738357324302,618.7129551227773,2.5512382781467307
12.508292008999788,-9.79579444349055,30.77478515612905,13.139999389648438,-11.769920349121094,-8.939525604248047,-0.5907713770866395,-4.927998046875,569.7713801862828,613.6325148179509,563.5901778154107,618.0355630821338,2.545325921931113
12.51829200899979,-9.900376780754,30.84856457371668,13.029999732971191,-8.742511749267578,-9.636308670043944,-0.6303707957267762,-5.087998046875001,561.7273497036409,611.5156646909398,570.8721422523286,627.688399661304,2.539031838680533
12.528292008999788,-10.00407800199202,30.92295834057549,12.949999809265137,-6.832956314086914,-10.24679183959961,-0.6691327691078187,-5.247998046875,551.3971210838272,606.4352243861134,570.3640982218459,624.809483488569,2.532339719702382
12.53829200899979,-10.106816077281955,30.997609886687048,12.899999618530272,-8.735769271850586,-8.71611213684082,-0.6977890729904175,-5.407998046875,512.7011007620661,608.467400508044,550.0423370025402,621.930567315834,2.5253428699168734
12.548292008999788,-10.209081281521932,31.07863217296144,12.809999465942385,-7.9972991943359375,-7.232357025146484,-0.7275097370147705,-5.791997070312499,443.01439458086367,607.8746824724809,524.809483488569,614.3945808636748,2.5222889523633034
12.55829200899979,-10.30971695197055,31.153419787690027,12.710000038146973,-7.837769508361816,-8.248047828674318,-0.7636725306510926,-5.791997070312499,417.696867061812,606.2658763759525,514.3099068585944,611.8543607112616,2.5146453155383943
12.568292008999787,-10.408851694802758,31.228254337706037,12.630000114440918,-8.491384506225586,-9.181564331054688,-0.7934848666191102,-6.047998046874999,378.8314987298899,600.9314140558848,502.9635901778154,609.1447925486875,2.5067229604207375
12.578292008999789,-10.50702383631868,31.303503533252808,12.529999732971191,-8.364189147949219,-9.29423713684082,-0.8181034326553345,-6.4,367.31583403895,593.1414055884843,481.7950889077053,599.3226079593564,2.49853491205814
12.588292008999787,-10.60383499893177,31.378879570360343,12.4399995803833,-8.688421249389648,-9.448123931884766,-0.8422957062721254,-6.7839990234375005,368.077900084674,591.1092294665538,475.8679085520745,597.6291278577477,2.49011356957974
12.598292008999788,-10.69920666466078,31.454481115039965,12.34000015258789,-9.678202629089355,-10.409136772155763,-0.8684228062629701,-7.231997070312499,370.3640982218459,584.8433530906011,484.41998306519895,593.1414055884843,2.481430385039693
12.608292008999786,-10.69920666466078,31.454481115039965,12.34000015258789,-9.678202629089355,-10.409136772155763,-0.8684228062629701,-8.256000976562499,377.22269263336153,580.77900084674,492.6333615580017,582.5571549534293,2.481430385039693
12.618292008999788,-10.886068179472254,31.606546797209536,12.170000076293944,-9.720774650573732,-10.8898344039917,-0.9265641570091248,-8.256000976562499,384.7586790855207,578.4928027095681,491.5325994919559,582.0491109229466,2.463202372657413
12.628292008999786,-10.977178195665608,31.682775369189404,12.06999969482422,-10.218092918395998,-11.178080558776855,-0.975028693675995,-8.8,409.56816257408974,574.5977984758679,492.4640135478408,569.6867061812023,2.4534572092482767
12.638292008999787,-11.06671038658349,31.759164429968184,11.979999542236328,-10.715885162353516,-11.525468826293944,-1.0057562589645388,-9.3760009765625,441.74428450465706,573.8357324301439,484.3353090601185,569.602032176122,2.4434068499796155
12.648292008999785,-11.16057898364854,31.84553905349267,11.880000114440918,-10.50015640258789,-11.184247970581056,-1.0156520605087282,-9.92,442.25232853513967,574.0050804403048,481.2870448772227,570.5334462320068,2.436709680004975
12.658292008999787,-11.24762357307245,31.92255533611376,11.789999961853027,-9.311235427856444,-10.863628387451172,-1.0160399675369265,-10.2719970703125,446.6553767993226,576.8839966130398,464.2675698560542,565.4530059271804,2.426540084792714
12.668292008999785,-11.333126451236836,31.99961840487949,11.719999313354492,-8.89656162261963,-10.616442680358888,-1.0116376876831057,-10.6560009765625,451.05842506350547,571.549534292972,451.735817104149,564.7756138865368,2.4164379479635953
12.678292008999787,-11.4176788135061,32.07721748373555,11.649999618530272,-8.84442138671875,-10.30703353881836,-1.0007457733154297,-10.88,446.14733276883993,558.8484335309059,425.4868755292125,557.324301439458,2.4063982892622784
12.688292008999785,-11.500527878649349,32.15463098182673,11.579999923706056,-8.59889316558838,-10.155127525329592,-0.9962796568870546,-11.1039990234375,445.2159187129551,560.7112616426757,425.3175275190516,549.4496189669771,2.396450941747384
12.698292008999786,-11.582243238978007,32.23226333134778,11.519999504089355,-8.713871002197266,-9.606901168823242,-0.9960997104644777,-11.167998046875,426.164267569856,559.1871295512277,420.32176121930564,541.4055884843353,2.38648852921022
12.708292008999784,-11.662693983678302,32.31010317897096,11.429999351501465,-8.309284210205078,-10.05355453491211,-1.0020016431808474,-11.2319970703125,426.41828958509734,560.5419136325148,421.1685012701101,540.38950042337,2.3764642222097
12.718292008999786,-11.74190533012344,32.388123554298446,11.359999656677246,-8.784656524658203,-9.978767395019531,-1.005537033081055,-11.1360009765625,422.7773073666384,558.5097375105843,424.047417442845,528.9585097375106,2.366392319497402
12.728292008999784,-11.819586300037637,32.46608757049316,11.359999656677246,-8.8366174697876,-10.248147010803224,-1.0078535079956057,-10.9439990234375,435.81710414902625,554.5300592718036,427.85774767146484,518.3742591024555,2.356319801304119
12.738292008999785,-11.895861222735068,32.5442449700987,11.170000076293944,-9.183978080749512,-11.009501457214355,-1.010965704917908,-10.9439990234375,433.1922099915326,552.3285351397121,431.49872988992377,517.5275190516511,2.346208948731226
12.748292008999783,-11.895861222735068,32.5442449700987,11.09000015258789,-8.489410400390625,-10.852313995361328,-1.0066827535629277,-10.847998046875,435.81710414902625,547.5867908552075,440.2201524132091,509.56816257408974,2.346208948731226
12.758292008999785,-12.0413977450138,32.71346056249251,11.019999504089355,-8.55483913421631,-10.244521141052248,-1.0044497251510622,-10.72,425.8255715495343,549.1955969517358,439.1193903471634,511.2616426756985,2.3241997252007907
12.768292008999783,-12.11336981753062,32.79226751956758,10.9399995803833,-8.136994361877443,-11.47859287261963,-1.013075351715088,-10.6560009765625,429.72057578323455,549.8729889923793,441.91363251481795,515.5800169348009,2.3140817827523303
12.778292008999784,-12.184268078394568,32.871518221385244,10.880000114440918,-6.861202239990234,-11.193485260009766,-1.02471661567688,-10.56,416.76545300592716,543.1837425910245,438.86536833192207,521.2531752751905,2.3038260754662394
12.788292008999782,-12.253699496018998,32.95099328594372,10.809999465942385,-6.593304634094238,-12.1715726852417,-1.0443289279937744,-10.3360009765625,382.64182895850973,541.151566469094,450.38103302286197,519.0516511430991,2.29339076374321
12.798292008999784,-12.321932162616198,33.03091147417887,10.760000228881836,-5.652411937713624,-12.277746200561523,-1.079757332801819,-10.3360009765625,366.6384419983065,542.2523285351397,444.7925486875529,515.6646909398814,2.282595517620442
12.808292008999782,-12.38917800597418,33.11118848102182,10.710000038146973,-4.874237537384034,-10.807964324951172,-1.1027818918228152,-10.207998046875,343.86113463166805,540.1354784081287,437.510584250635,519.6443691786621,2.2715621878216354
12.818292008999784,-12.45531357041006,33.19167673299578,10.65999984741211,-4.963038444519043,-10.264888763427734,-1.1140507459640503,-10.1119970703125,338.35732430143946,544.1998306519898,425.74089754445384,508.72142252328536,2.2604219565968067
12.828292008999782,-12.520486638271048,33.27249218231022,10.609999656677246,-4.144774436950684,-9.858903884887695,-1.1264170408248904,-10.016000976562498,333.8696020321761,544.0304826418289,425.0635055038103,504.4877222692633,2.249156722695907
12.838292008999783,-12.584594893465018,33.353423475216296,10.579999923706056,-5.407613754272461,-9.409442901611328,-1.1396082639694216,-9.9519970703125,329.4665537679932,540.3048264182895,422.86198137171885,501.5241320914479,2.237756847071401
12.848292008999781,-12.647870235126696,33.43455099765659,10.539999961853027,-4.612412452697754,-8.310714721679688,-1.13841187953949,-9.856000976562498,329.3818797629128,542.1676545300593,407.8746824724809,499.32260795935645,2.2263624252281233
12.858292008999783,-12.710066435757572,33.51573583306771,10.5,-4.785334110260011,-8.698037147521974,-1.135730862617493,-9.856000976562498,325.3175275190516,539.5427603725656,404.14902624894154,497.2904318374259,2.215008918343861
12.86829200899978,-12.710066435757572,33.51573583306771,10.429999351501465,-4.925180435180664,-8.507280349731445,-1.1419538259506228,-9.8239990234375,336.0711261642676,535.3090601185436,395.8509737510584,486.3674851820491,2.215008918343861
12.878292008999782,-12.832414004372454,33.6930382405127,10.359999656677246,-5.840449333190918,-8.811760902404787,-1.153461217880249,-9.8239990234375,367.99322607959357,535.9017781541066,395.8509737510584,466.8077900084674,2.1942645662820954
12.88829200899978,-12.891448257380908,33.7746776985417,10.260000228881836,-6.953010082244874,-9.859230995178224,-1.157719373703003,-9.8239990234375,369.432684165961,531.5834038950043,393.9034716342083,464.436917866215,2.1826766187354227
12.898292008999782,-12.949047476716014,33.856205784821775,10.210000038146973,-6.889331340789796,-10.699372291564943,-1.1567572355270388,-9.887998046875,382.64182895850973,527.0110076206604,395.8509737510584,458.2557154953429,2.1711250533720037
12.90829200899978,-13.005531511096448,33.93782682912995,10.139999389648438,-6.988701820373535,-10.005843162536625,-1.1430096626281738,-9.92,386.02878916172733,525.2328535139712,392.12531752751903,456.3928873835732,2.159693605072613
12.918292008999781,-13.060743102677156,34.019518979930936,10.079999923706056,-6.539922237396241,-10.569480895996094,-1.127143979072571,-9.92,381.9644369178662,515.4106689246402,392.88738357324297,465.45300592718036,2.148422713495302
12.92829200899978,-13.114315176107404,34.10128200626794,9.979999542236328,-7.68135929107666,-12.866269111633304,-1.11138653755188,-9.9519970703125,398.3911939034716,500.16934801016083,412.44707874682473,491.10922946655376,2.137310448569986
12.938292008999781,-13.166480707375747,34.1837768799806,9.920000076293944,-4.07452154159546,-14.81698226928711,-1.110563635826111,-9.9839990234375,405.58848433530903,492.8027095681625,428.61981371718883,500.3386960203217,2.126195820316747
12.948292008999779,-13.217121330698914,34.26677003860411,9.880000114440918,-3.2906317710876465,-15.380956649780272,-1.1176878213882449,-10.016000976562498,417.696867061812,496.8670618120237,430.22861981371716,497.2904318374259,2.1150200186721353
12.95829200899978,-13.266369940844966,34.35028050040357,9.880000114440918,-2.815016746520996,-14.829852104187012,-1.112091660499573,-9.9839990234375,416.76545300592716,498.05249788314984,428.11176968670617,498.05249788314984,2.1039022943926344
12.968292008999779,-13.314519097575252,34.43425453993487,9.84999942779541,-2.2131714820861816,-12.81995964050293,-1.1100265979766846,-9.9839990234375,419.64436917866215,495.76629974597796,425.4868755292125,497.4597798475868,2.0928015096969776
12.97829200899978,-13.314519097575252,34.43425453993487,9.829999923706056,-2.3947577476501465,-12.543375015258787,-1.1059107780456543,-9.9519970703125,417.4428450465707,495.4276037256562,422.86198137171885,496.35901778154107,2.0928015096969776
12.988292008999778,-13.392429010274569,34.60593229166887,9.829999923706056,-2.9948067665100098,-12.78249168395996,-1.0906615257263184,-9.887998046875,415.1566469093988,493.98814563928875,424.5554614733277,495.1735817104149,2.0712150790049506
12.99829200899978,-13.392429010274569,34.60593229166887,9.809999465942385,-2.984151840209961,-12.437898635864258,-1.0676480531692507,-9.887998046875,409.3141405588484,494.4115156646909,424.809483488569,492.8027095681625,2.0712150790049506
13.008292008999778,-13.392429010274569,34.60593229166887,9.809999465942385,-2.984151840209961,-12.437898635864258,-1.0676480531692507,-9.887998046875,409.3141405588484,494.4115156646909,424.809483488569,492.8027095681625,2.0712150790049506
13.01829200899978,-13.520945823450576,34.862405780981085,9.809999465942385,-2.88660192489624,-12.436395645141602,-1.0059710741043093,-9.8239990234375,417.35817104149027,487.12955122777305,422.9466553767993,483.657917019475,2.040122544878976
13.028292008999777,-13.561310309086007,34.9485195692538,9.809999465942385,-2.747439384460449,-11.981670379638672,-0.9808813333511353,-9.8239990234375,421.6765453005927,484.6740050804403,425.6562235393734,477.7307366638442,2.030311870017208
13.038292008999779,-13.60053075497587,35.03496566410775,9.809999465942385,-2.4066977500915527,-11.68244743347168,-0.9606022834777832,-9.8239990234375,420.6604572396274,480.18628281117697,422.2692633361558,479.93226079593563,2.0207024209619746
13.048292008999777,-13.638604486620816,35.12153111799607,9.809999465942385,-2.216703414916992,-11.093695640563968,-0.9474877119064332,-9.856000976562498,419.1363251481795,480.2709568162574,423.62404741744285,476.1219305673158,2.0112420103939925
13.058292008999778,-13.638604486620816,35.12153111799607,9.809999465942385,-2.1842241287231445,-10.718050956726076,-0.9403411746025088,-9.856000976562498,413.8018628281118,477.1380186282811,427.3497036409822,476.03725656223537,2.0112420103939925
13.068292008999776,-13.715148049311976,35.28149281819282,9.760000228881836,-1.793413162231445,-10.310537338256836,-0.9452150464057923,-9.887998046875,399.0685859441151,492.0406435224386,410.3302286198137,483.57324301439456,1.9917143735151854
13.078292008999778,-13.750470415954084,35.36870188997332,9.760000228881836,-1.4883904457092283,-9.200393676757812,-0.957629919052124,-9.9519970703125,373.5817104149026,495.93564775613885,402.7942421676545,478.2387806943268,1.982134430389101
13.088292008999776,-13.784800864498134,35.45612245277081,9.710000038146973,-1.599565029144287,-9.983366012573242,-1.0024522542953491,-9.9519970703125,369.2633361558002,494.7502116850127,404.6570702794242,481.2870448772227,1.9721101564095194
13.098292008999778,-13.818057626387208,35.543895723313206,9.679999351501465,-1.154099941253662,-11.178529739379885,-1.0566846132278445,-10.1439990234375,340.7281964436918,502.70956816257404,400.08467400508044,486.70618120237083,1.9615438242210588
13.108292008999776,-13.850347561280458,35.63200972379367,9.679999351501465,-0.4528698921203613,-10.957265853881836,-1.1194491386413574,-10.6560009765625,322.69263336155797,498.22184589331073,398.05249788314984,491.44792548687553,1.9503552152549504
13.118292008999777,-13.866075258820263,35.67616424325168,9.679999351501465,-1.474015235900879,-12.030081748962404,-1.183751344680786,-10.6560009765625,327.6037256562235,497.6291278577477,397.6291278577477,496.1896697713802,1.9444411209432872
13.128292008999775,-13.908376273025318,35.800345596886764,9.670000076293944,-1.586416721343994,-12.710813522338867,-1.2425224781036377,-11.007998046875,327.6037256562235,500.6773920406435,390.93988145639287,500.42337002540216,1.9270266264585474
13.138292008999777,-13.937217608263468,35.88923391623178,9.670000076293944,-1.4987688064575195,-12.145251274108888,-1.2837905883789062,-12.0639990234375,332.8535139712108,501.6088060965283,384.9280270956816,502.87891617273493,1.9141988334423616
13.148292008999775,-13.937217608263468,35.88923391623178,9.65999984741211,-1.6585750579833984,-12.459753036499023,-1.3150606155395508,-12.0639990234375,341.32091447925484,502.5402201524132,379.0008467400508,506.0965283657917,1.9141988334423616
13.158292008999776,-13.984093093259292,36.06822870587187,9.670000076293944,-1.3165788650512695,-11.883808135986328,-1.3476824760437012,-12.6719970703125,351.82049110922947,503.5563082133785,371.71888230313294,505.1651143099068,1.8959715332502207
13.168292008999774,-14.009613212170384,36.1581791961624,9.670000076293944,-1.3306007385253906,-12.809677124023438,-1.3745256662368777,-13.76,352.66723116003385,503.8103302286198,369.8560541913632,501.69348010160877,1.8822020389745853
13.178292008999776,-14.033716809762124,36.24799623490771,9.65999984741211,-1.7928380966186523,-13.25776767730713,-1.4002062082290652,-13.76,361.89669771380187,500.59271803556305,376.2912785774767,502.03217612193055,1.8682293677410677
13.188292008999774,-14.056355456912778,36.33827455891576,9.65999984741211,-1.7300491333007812,-14.813520431518556,-1.4294115304946902,-14.24,379.42421676545297,500.3386960203217,400.2540220152413,497.121083827265,1.8539373108576478
13.198292008999776,-14.077552109481898,36.42911875210263,9.65999984741211,-0.2000298500061035,-15.363533020019531,-1.4584074020385742,-14.847998046875,380.18628281117697,503.8950042337002,408.12870448772225,499.4072819644369,1.8393421239802614
13.208292008999774,-14.097470844528935,36.52032781146167,9.65999984741211,0.8101191520690918,-14.17361068725586,-1.4852910041809082,-14.847998046875,381.2870448772227,500.16934801016083,413.37849280270956,500.59271803556305,1.824497018764648
13.218292008999775,-14.116288609464869,36.61202389673787,9.699999809265137,0.6472635269165039,-12.736719131469728,-1.5080798864364626,-14.9439990234375,381.20237087214224,506.6045723962743,409.99153259949196,503.2176121930567,1.8094022116661699
13.228292008999773,-14.134068174933962,36.7040367209243,9.699999809265137,1.248971939086914,-11.607498168945312,-1.5288784503936768,-14.976000976562501,389.66977138018626,507.45131244707875,412.1930567315834,507.6206604572396,1.7941148997948653
13.238292008999775,-14.150759966953038,36.796438906989295,9.75,1.5051774978637695,-11.552388191223146,-1.5349478721618652,-14.976000976562501,387.29889923793394,506.51989839119386,408.8060965283658,509.3141405588484,1.778771291073101
13.248292008999773,-14.150759966953038,36.796438906989295,9.769999504089355,2.0654191970825195,-12.596093177795412,-1.5640975236892702,-14.88,398.8992379339543,512.5317527519052,411.93903471634206,503.8950042337002,1.778771291073101
13.258292008999774,-14.179634209682895,36.98057959075822,9.769999504089355,1.5337772369384766,-13.272634506225586,-1.5934733152389529,-14.5919970703125,409.1447925486875,518.7976291278577,416.08806096528366,509.8221845893311,1.7512359175783658
13.268292008999772,-14.192664882681,37.074376413908745,9.81999969482422,2.4873533248901367,-13.88315296173096,-1.6126728057861328,-14.5919970703125,419.8983911939035,517.2734970364098,415.49534292972055,513.1244707874682,1.7351192016702828
13.278292008999774,-14.204629808878233,37.1686235696488,9.84000015258789,2.167837142944336,-12.143824577331545,-1.6187212467193604,-14.4,429.4665537679932,517.9508890770534,417.696867061812,512.9551227773073,1.718930846840759
13.288292008999772,-14.21545834789666,37.26368283475545,9.84000015258789,2.6778717041015625,-12.161443710327148,-1.607068181037903,-14.1439990234375,439.4580863674852,520.0677392040643,420.91447925486875,516.934801016088,1.7028019408099155
13.298292008999773,-14.225036848419755,37.358336191421344,9.880000114440918,2.6121392250061035,-11.909584045410156,-1.5813233852386477,-13.92,449.1955969517358,523.3700254022015,430.22861981371716,520.4064352243861,1.687067895581872
13.308292008999771,-14.233531457353983,37.45389002547575,9.920000076293944,2.617761611938477,-11.609624862670898,-1.55070436000824,-13.6960009765625,448.68755292125314,522.692633361558,431.49872988992377,517.7815410668925,1.6715567998864271
13.318292008999773,-14.240807196840525,37.54986494931999,9.960000038146973,2.8238983154296875,-12.040435791015623,-1.523215174674988,-13.5360009765625,456.81625740897545,524.3861134631668,437.6799322607959,519.8983911939034,1.656320304712618
13.328292008999771,-14.246810923363874,37.64615756418027,10.019999504089355,2.785174369812012,-12.364378929138184,-1.4806783199310305,-13.3760009765625,463.9288738357324,516.8501270110075,449.11092294665536,523.2006773920406,1.6415198900161374
13.338292008999773,-14.251636266874158,37.74302084912174,10.039999961853027,2.636202335357666,-11.817699432373049,-1.4239132404327393,-13.247998046875,469.51735817104145,521.0838272650296,450.2963590177815,522.6079593564775,1.6272532727142093
13.34829200899977,-14.255178477844598,37.83993261717806,10.06999969482422,2.464313507080078,-12.090018272399904,-1.3606727123260498,-13.120000000000001,471.2108382726503,519.7290431837425,464.01354784081286,525.0635055038103,1.6136569396762852
13.358292008999772,-14.257451568157473,37.93722887157431,10.09999942779541,2.653038024902344,-12.234628677368164,-1.3065735101699831,-13.0239990234375,470.5334462320068,519.6443691786621,476.54530059271804,518.4589331075359,1.6005937091262397
13.36829200899977,-14.257451568157473,37.93722887157431,10.130000114440918,2.669987678527832,-12.85940456390381,-1.253439545631409,-12.96,474.5977984758679,518.3742591024555,480.6943268416596,520.3217612193057,1.6005937091262397
13.378292008999772,-14.258755210486608,38.13084604331125,10.130000114440918,3.674034595489502,-13.697830200195312,-1.2018705606460574,-12.96,475.78323454699404,524.6401354784081,478.4081287044877,519.8983911939034,1.5712168348222841
13.38829200899977,-14.2566921857794,38.2291336541258,10.179999351501465,3.3629074096679688,-13.232891082763672,-1.180782198905945,-12.96,483.31922099915323,514.4792548687552,471.54953429297206,516.8501270110075,1.5594070534511426
13.398292008999771,-14.25304343022251,38.32779834159223,10.219999313354492,2.844655990600586,-14.734987258911133,-1.1547086238861084,-12.927998046875,488.23031329381877,519.5596951735816,472.22692633361555,518.1202370872142,1.547841808161142
13.40829200899977,-14.247868391962069,38.42651322727005,10.260000228881836,3.675908088684082,-15.02989673614502,-1.141637682914734,-12.8639990234375,491.3632514817951,530.1439458086368,461.3886536833192,522.3539373412362,1.5364444953538945
13.41829200899977,-14.241010844776175,38.52584142890643,10.289999961853027,4.901625156402589,-15.978628158569336,-1.1299028396606443,-12.8,472.4809483488569,530.9060118543607,454.78408128704484,525.2328535139712,1.5251503267498132
13.428292008999769,-14.23261439382732,38.62546717835076,10.359999656677246,3.732010841369629,-15.50404453277588,-1.136325001716614,-12.64,471.6342082980525,530.2286198137172,454.3607112616427,525.4868755292125,1.5137857329645252
13.43829200899977,-14.222819893600946,38.72544934415993,10.399999618530272,3.672916889190674,-14.357040405273438,-1.1455065011978152,-12.48,479.42421676545297,532.1761219305673,453.4292972057578,530.3132938187977,1.5023211200258155
13.448292008999768,-14.211660445725633,38.82594432393558,10.429999351501465,4.178048610687257,-13.56710433959961,-1.1492345333099363,-12.32,481.03302286198135,537.6799322607959,452.49788314987296,535.393734123624,1.490800837768493
13.45829200899977,-14.199146193514942,38.92658016124485,10.479999542236328,4.421023368835449,-13.444430351257326,-1.14697265625,-12.0639990234375,476.9686706181202,534.1236240474174,456.98560541913633,537.3412362404741,1.4793264733313303
13.468292008999768,-14.19782472736964,39.01528605609951,10.539999961853027,3.950630187988281,-12.463239669799805,-1.149827599525452,-11.84,482.30313293818796,541.5749364944961,457.91701947502116,538.1879762912786,1.4621159669571078
13.47829200899977,-14.19782472736964,39.01528605609951,10.609999656677246,3.81587553024292,-10.333457946777344,-1.148021936416626,-11.5839990234375,494.24216765453,543.4377646062659,459.5258255715495,545.5546147332768,1.4621159669571078
13.488292008999768,-14.16742775908131,39.21697212944262,10.65999984741211,4.158942222595215,-9.729890823364258,-1.144123077392578,-11.36,491.1939034716342,545.0465707027943,459.7798475867908,547.9254868755291,1.4392150827130556
13.498292008999769,-14.16742775908131,39.21697212944262,10.65999984741211,4.158942222595215,-9.729890823364258,-1.144123077392578,-11.167998046875,498.3065198983912,543.268416596105,464.436917866215,551.735817104149,1.4392150827130556
13.508292008999767,-14.133150773841638,39.4200285195268,10.739999771118164,4.001860618591309,-9.492341041564943,-1.131170153617859,-11.0719970703125,494.7502116850127,541.8289585097375,458.93310753598644,540.6435224386113,1.4165181404902758
13.518292008999769,-14.114544218966698,39.52146198631983,10.789999961853027,1.4252610206604004,-9.677362442016602,-1.132166862487793,-10.9439990234375,486.96020321761216,538.0186282811177,459.7798475867908,537.6799322607959,1.4052024211141052
13.528292008999767,-14.094604191016122,39.62261362372188,10.789999961853027,-1.2431845664978027,-12.123779296875,-1.1102712154388428,-10.88,472.22692633361555,532.0067739204064,454.61473327688395,522.3539373412362,1.3940838369909523
13.538292008999768,-14.073167074665324,39.72284792941085,10.789999961853027,-2.878972053527832,-14.716828346252443,-1.0687304735183718,-10.847998046875,459.7798475867908,527.7730736663844,461.3886536833192,518.9669771380186,1.3834090279028224
13.548292008999766,-14.050321035984004,39.8225153444216,10.729999542236328,-4.392460346221925,-14.467327117919922,-1.0194916725158691,-10.847998046875,461.727349703641,526.8416596104995,455.969517358171,519.22099915326,1.3732036690727876
13.558292008999768,-14.052538033706076,39.92832449735096,10.729999542236328,-3.413848876953125,-13.721336364746094,-0.9856126904487612,-10.847998046875,460.88060965283654,524.3861134631668,460.965283657917,515.4106689246402,1.3649393993253314
13.568292008999766,-14.027722913820003,40.02680867473764,10.649999618530272,-3.70317268371582,-13.652143478393556,-0.9468024373054506,-10.847998046875,460.37256562235393,526.1642675698561,464.7756138865368,518.0355630821338,1.3554718354522723
13.578292008999767,-14.001556278398146,40.12486532419691,10.619999885559082,-1.3512077331542969,-13.896063804626468,-0.9309897422790528,-10.7839990234375,469.0939881456393,528.1964436917866,466.46909398814563,528.1964436917866,1.3461723792749127
13.588292008999765,-13.973922374086603,40.22316130736001,10.619999885559082,2.0503597259521484,-13.768524169921877,-0.934473752975464,-10.56,472.1422523285351,535.2243861134632,467.1464860287891,529.1278577476714,1.3368209667798625
13.598292008999767,-13.944966095222703,40.32141738017664,10.6899995803833,3.1246824264526367,-13.364634513854982,-0.9525024890899658,-10.56,479.8475867908552,535.9017781541066,467.73920406435224,532.0914479254868,1.327298221915635
13.608292008999765,-13.914842924819832,40.419707625407845,10.739999771118164,3.2847743034362797,-12.106489181518556,-0.9755004048347474,-10.4319970703125,477.81541066892464,540.3048264182895,468.67061812023707,535.7324301439457,1.3175476461413727
13.618292008999767,-13.88354878348066,40.51809098432059,10.739999771118164,3.51919937133789,-11.558908462524414,-0.995491862297058,-10.1439990234375,477.64606265876375,541.4055884843353,470.78746824724806,538.9500423370025,1.3075953477934603
13.628292008999765,-13.851092841081424,40.61669539610784,10.809999465942385,3.168672323226929,-10.98264789581299,-1.0143827199935915,-10.1439990234375,479.1701947502117,543.861134631668,468.9246401354784,539.9661303979678,1.2974331498432379
13.638292008999766,-13.81766188009349,40.71506687773009,10.859999656677246,3.094207286834717,-10.49008560180664,-1.0263429880142214,-10.047998046875,479.42421676545297,546.8247248094834,472.39627434377644,548.09483488569,1.287177560126645
13.648292008999764,-13.81766188009349,40.71506687773009,10.859999656677246,4.386467456817628,-11.42059326171875,-1.0416249036788945,-9.856000976562498,479.08552074513125,547.6714648602879,472.311600338696,541.744284504657,1.287177560126645
13.658292008999766,-13.773789671394509,40.89833732901601,10.9399995803833,2.565462112426758,-11.874386787414553,-1.064286231994629,-9.856000976562498,478.49280270956814,547.6714648602879,473.66638441998305,541.0668924640136,1.2689366750241735
13.668292008999764,-13.737191686429377,40.9963340266573,10.989999771118164,2.3256468772888184,-13.053459167480469,-1.0783560276031494,-9.7919970703125,479.2548687552921,550.973751058425,477.5613886536833,550.0423370025402,1.2581585241344957
13.678292008999765,-13.699328650646526,41.094248564490776,10.989999771118164,2.214290142059326,-12.573822021484377,-1.0886036157608034,-9.8239990234375,481.20237087214224,552.497883149873,479.8475867908552,551.1430990685859,1.247268086122057
13.688292008999763,-13.660311095007708,41.192004143151095,11.019999504089355,2.546331882476806,-11.864795684814451,-1.0935336351394656,-9.8239990234375,479.42421676545297,552.8365791701947,480.0169348010161,551.4817950889077,1.2363340637930893
13.698292008999765,-13.62006203903697,41.289467053617145,11.09000015258789,1.84328031539917,-12.27602767944336,-1.082435727119446,-9.8239990234375,473.2430143945808,552.6672311600338,473.5817104149026,553.9373412362404,1.2255130717910507
13.708292008999763,-13.578362315939517,41.386305957564055,11.09000015258789,-0.2602491378784179,-14.54433250427246,-1.0756866931915283,-9.8239990234375,481.62574089754446,556.9856054191363,482.895850973751,554.7840812870448,1.2147557021902973
13.718292008999764,-13.534990989281477,41.48268261199234,11.109999656677246,0.9255456924438475,-16.456195831298828,-1.08960223197937,-9.8239990234375,474.93649449618965,555.2921253175275,479.8475867908552,555.1227773073666,1.2038591706989283
13.728292008999762,-13.490142579084036,41.57871690024157,11.139999389648438,0.743617057800293,-15.492234230041506,-1.1011502742767334,-9.8239990234375,480.77900084674,552.9212531752752,481.87976291278574,555.5461473327688,1.1928319263765224
13.738292008999764,-13.444290117093445,41.674131178459874,11.149999618530272,0.5935006141662598,-12.996417999267578,-1.098280429840088,-9.8239990234375,474.34377646062654,557.1549534292972,481.20237087214224,554.9534292972057,1.1818601302714402
13.748292008999762,-13.39745712666972,41.76941335840016,11.15999984741211,0.6272292137145996,-10.593994140625,-1.0926377773284912,-9.856000976562498,476.4606265876376,555.4614733276884,471.6342082980525,554.0220152413209,1.1709256872588243
13.758292008999764,-13.39745712666972,41.76941335840016,11.170000076293944,0.0918531417846679,-8.627440452575685,-1.0913045406341553,-9.887998046875,471.2955122777307,552.2438611346316,468.1625740897544,556.3082133784927,1.1709256872588243
13.768292008999762,-13.331404867261307,41.9643976708747,11.1899995803833,-0.2564482688903808,-7.108392238616944,-1.0946874618530271,-9.887998046875,460.965283657917,554.9534292972057,459.61049957662993,552.6672311600338,1.1522053430671044
13.778292008999763,-13.283307909418529,42.05865219106727,11.15999984741211,-1.1862504482269287,-8.407075881958008,-1.109446167945862,-9.92,463.42082980524975,555.8001693480102,449.11092294665536,556.3928873835732,1.1411156531945703
13.788292008999761,-13.234322536227545,42.152219573753854,11.139999389648438,-2.5661461353302006,-10.1017484664917,-1.1118035316467283,-9.9839990234375,471.71888230313294,549.2802709568163,444.1998306519898,553.3446232006773,1.129994977734905
13.798292008999763,-13.18441393545347,42.24482537740691,11.09999942779541,-3.649500131607056,-11.538671493530272,-1.088899970054627,-10.047998046875,472.7349703640982,548.7722269263336,439.88145639288734,549.7036409822184,1.1191091037867218
13.80829200899976,-13.13349245895028,42.33640988099988,11.06999969482422,-4.064308643341065,-12.720291137695312,-1.058769941329956,-10.1119970703125,465.70702794242163,548.09483488569,444.8772226926333,544.8772226926334,1.1085292398138145
13.818292008999762,-13.08140929119411,42.42702913278634,11.029999732971191,-4.188100814819336,-13.860485076904297,-1.034364938735962,-10.207998046875,471.2108382726503,546.4860287891617,447.24809483488565,543.6917866215072,1.0981851070672897
13.82829200899976,-13.028158929570967,42.516628255384575,10.989999771118164,-4.805775165557862,-14.441059112548828,-1.0129990577697754,-10.3039990234375,472.05757832345466,541.3209144792548,459.2718035563082,542.3370025402202,1.0880411181181364
13.838292008999762,-12.973760558777585,42.605260116983445,10.949999809265137,-3.721940040588379,-14.523627281188968,-1.0064746141433718,-10.4,452.07451312447074,537.0872142252329,474.0050804403048,538.4419983065198,1.0779627037270905
13.84829200899976,-12.918590151670267,42.693178614723095,10.920000076293944,-2.028787612915039,-11.746589660644531,-1.0159107446670534,-10.4960009765625,445.46994072819643,538.6113463166807,469.8560541913632,535.3090601185436,1.0678040903928927
13.858292008999761,-12.918590151670267,42.693178614723095,10.90999984741211,-3.18208122253418,-12.348714828491213,-1.0444818735122685,-10.6239990234375,437.510584250635,533.8696020321761,469.432684165961,534.5469940728196,1.0678040903928927
13.86829200899976,-12.809513650411244,42.901789577295794,10.859999656677246,-4.66592836380005,-14.146862030029297,-1.0649780035018923,-10.72,464.0982218458933,534.3776460626588,465.28365791701947,533.9542760372566,1.0436320675151067
13.878292008999761,-12.751367055092675,42.987213985586656,10.81999969482422,-3.0379271507263184,-13.930723190307615,-1.0936890840530398,-10.72,460.37256562235393,532.5148179508891,464.436917866215,534.6316680779,1.0326972731511876
13.888292008999759,-12.692554230169735,43.07178298257927,10.779999732971191,-3.6289341449737553,-11.502051353454592,-1.1091268062591553,-10.72,450.12701100762064,532.68416596105,460.71126164267565,537.5952582557155,1.021608395593988
13.89829200899976,-12.632987374418567,43.15566068187071,10.75,-2.6088457107543945,-10.61131477355957,-1.121046781539917,-10.72,446.14733276883993,531.6680779000847,458.5097375105842,534.6316680779,1.0103990075832472
13.908292008999759,-12.572865712780883,43.23881301619854,10.75,-3.240437269210816,-9.271137237548828,-1.1260792016983034,-10.687998046875,450.8890770533446,528.5351397121084,457.5783234546994,533.7849280270957,0.9991355415233603
13.91829200899976,-12.512274870983344,43.32132345254258,10.739999771118164,-2.8062024116516118,-8.038488388061523,-1.1239479780197146,-10.6560009765625,451.22777307366636,526.5876375952582,443.268416596105,530.9060118543607,0.987896608402126
13.928292008999758,-12.45120415466482,43.402988902779285,10.719999313354492,-3.9472701549530034,-8.371479988098146,-1.1106531620025637,-10.6239990234375,442.8450465707028,529.7205757832345,436.4098221845893,529.9745977984759,0.9767895577734169
13.93829200899976,-12.389383002566005,43.48373769129891,10.679999351501465,-4.445094108581543,-10.32156753540039,-1.1114814281463623,-10.56,443.18374259102455,526.6723116003387,443.18374259102455,530.7366638441998,0.9656599142137894
13.948292008999758,-12.326822370497732,43.5632450402345,10.639999389648438,-4.018201351165772,-12.337247848510742,-1.1181809902191162,-10.527998046875,446.9940728196444,522.7773073666384,450.8890770533446,526.1642675698561,0.9544874458047036
13.95829200899976,-12.263267245624446,43.64177806265033,10.609999656677246,-3.265045642852783,-13.275943756103516,-1.119481921195984,-10.56,456.98560541913633,522.2692633361557,460.7959356477561,516.1727349703641,0.9432942387006893
13.968292008999757,-12.198695451163438,43.71931985315376,10.579999923706056,-2.8428664207458496,-13.696195602416992,-1.1083297729492188,-10.56,452.49788314987296,523.9627434377646,456.9009314140559,522.692633361558,0.9322059308592701
13.978292008999759,-12.198695451163438,43.71931985315376,10.56999969482422,-2.049065113067627,-12.177003860473633,-1.1003602743148806,-10.56,447.24809483488565,522.5232853513971,457.91701947502116,521.5071972904318,0.9322059308592701
13.988292008999757,-12.072871476043252,43.899276030270606,10.559999465942385,-2.025230884552002,-9.437707901000977,-1.099539399147034,-10.56,442.08298052497884,517.1041490262489,447.24809483488565,514.6486028789161,0.9128232286493242
13.998292008999758,-12.00676933733748,43.97502932430421,10.519999504089355,-4.002418518066406,-8.49370002746582,-1.08112108707428,-10.56,436.4098221845893,516.934801016088,445.72396274343777,516.934801016088,0.9020050685864132
14.008292008999756,-11.940475570943171,44.04994939681221,10.479999542236328,-4.365243911743164,-7.155891418457031,-1.0572344064712529,-10.527998046875,419.81371718882303,520.2370872142252,419.3903471634208,514.5639288738357,0.8914344990545485
14.018292008999758,-11.87392059575302,44.12406797225086,10.429999351501465,-4.345221519470215,-6.883345603942871,-1.0216678380966189,-10.4319970703125,401.86282811176966,510.66892464013546,380.4403048264183,507.6206604572396,0.8812222149396629
14.028292008999756,-11.807026933496052,44.19719479181905,10.40999984741211,-5.471158981323242,-8.077949523925781,-0.996247947216034,-10.367998046875,399.237933954276,508.12870448772225,377.64606265876375,505.0804403048264,0.8712585573483634
14.038292008999758,-11.807026933496052,44.19719479181905,10.40999984741211,-5.471158981323242,-8.077949523925781,-0.996247947216034,-10.367998046875,399.237933954276,508.12870448772225,377.64606265876375,505.0804403048264,0.8712585573483634
14.048292008999756,-11.672535559260789,44.340733856363,10.269999504089355,-5.941786766052246,-7.707498550415039,-0.9872429370880128,-10.24,382.89585097375107,502.03217612193055,379.8475867908552,497.6291278577477,0.8515886359444318
14.058292008999757,-11.604976654645354,44.41076357598121,10.199999809265137,-6.3912091255188,-9.495349884033203,-1.019625186920166,-10.207998046875,386.62150719729044,497.7984758679085,382.9805249788315,495.8509737510584,0.8414006591171356
14.068292008999755,-11.537022930242054,44.47971564221033,10.149999618530272,-6.389620780944824,-10.17319202423096,-1.0596165657043457,-10.207998046875,375.0211685012701,495.4276037256562,399.15325994919556,496.0203217612193,0.8308024825071749
14.078292008999757,-11.537022930242054,44.47971564221033,10.09000015258789,-5.706104278564453,-10.063352584838867,-1.0957831144332888,-10.3039990234375,341.74428450465706,497.9678238780694,411.00762066045723,496.0203217612193,0.8308024825071749
14.088292008999755,-11.379302168726875,44.63779902764137,10.029999732971191,-6.143026351928711,-11.75950050354004,-1.135366916656494,-10.4319970703125,328.11176968670617,497.20575783234545,409.39881456392885,497.71380186282806,0.8042504571392314
14.098292008999756,-11.309543914336906,44.70314857438106,10.029999732971191,-6.801239013671875,-13.83806610107422,-1.1751585006713867,-10.7839990234375,343.7764606265876,495.5969517358171,410.83827265029635,498.3911939034716,0.792493840106543
14.108292008999754,-11.239401254129191,44.76702954208024,9.880000114440918,-7.069108963012695,-13.666767120361328,-1.223943591117859,-10.7839990234375,342.76037256562233,496.2743437764606,409.3141405588484,497.71380186282806,0.7802564585440434
14.118292008999756,-11.168662853635997,44.82965475638444,9.800000190734863,-5.559041976928711,-13.479110717773438,-1.2503373622894287,-10.9439990234375,315.49534292972055,496.0203217612193,403.13293818797626,495.93564775613885,0.7677525006379811
14.128292008999754,-11.097286965747172,44.89125101437136,9.800000190734863,-5.754367828369141,-12.41097640991211,-1.2737159729003906,-11.2319970703125,320.4064352243861,493.4801016088061,396.4436917866215,494.66553767993224,0.7549698014232132
14.138292008999755,-11.025938292306458,44.95119870082902,9.710000038146973,-5.572106838226319,-12.293846130371094,-1.2833546400070193,-11.2319970703125,324.72480948348857,490.51651143099065,391.0245554614733,493.05673158340386,0.7421732903085271
14.148292008999753,-10.954057670347304,45.01022456045902,9.639999389648438,-5.168593406677246,-11.0143518447876,-1.2891622781753542,-11.327998046875,316.6807790008467,487.0448772226926,385.18204911092295,487.29889923793394,0.7292822945416604
14.158292008999755,-10.954057670347304,45.01022456045902,9.639999389648438,-4.607804298400879,-10.307968139648438,-1.2889389991760254,-11.3919970703125,309.39881456392885,494.7502116850127,377.1380186282811,486.70618120237083,0.7292822945416604
14.168292008999753,-10.802822524925755,45.16249940429558,9.559999465942385,-3.4279549121856694,-9.734430313110352,-1.298324227333069,-11.3919970703125,305.2497883149873,493.1414055884843,377.98475867908553,482.98052497883145,0.7117464353413396
14.178292008999755,-10.729945978985535,45.219840702634855,9.550000190734863,-2.5945384502410893,-8.311148643493654,-1.3180310726165771,-11.3919970703125,305.0804403048264,489.07705334462315,361.89669771380187,480.5249788314987,0.6985746217484774
14.188292008999753,-10.65672928387778,45.27650528924731,9.550000190734863,-2.9386909008026127,-7.824099540710449,-1.3434019088745115,-11.4560009765625,302.3708721422523,498.81456392887384,359.52582557154955,468.5012701100762,0.6851300458362601
14.198292008999754,-10.583372233965523,45.33241876519427,9.469999313354492,-3.133836269378662,-7.314493656158448,-1.3791588544845583,-11.4560009765625,300.59271803556305,507.1972904318374,359.18712955122777,475.61388653683315,0.6713348534560596
14.208292008999752,-10.50995509841962,45.38745290320245,9.429999351501465,-3.742881059646607,-7.579974174499512,-1.4230127334594729,-11.4560009765625,308.12870448772225,518.2049110922947,361.9813717188823,473.49703640982216,0.6571166142359599
14.218292008999754,-10.436117619153308,45.44192170379433,9.429999351501465,-3.468712568283081,-7.471164703369141,-1.466367244720459,-11.423999023437501,308.2133784928027,524.9788314987298,358.0016934801016,468.41659610499573,0.6424144987616814
14.228292008999752,-10.362268547386618,45.49542357083562,9.329999923706056,-4.097537040710449,-7.981827735900879,-1.5118583440780642,-11.423999023437501,307.79000846740047,529.2972057578323,353.51397121083824,468.24724809483484,0.6272782674383137
14.238292008999753,-10.288330437179011,45.5477361485436,9.289999961853027,-4.723419666290284,-9.642345428466797,-1.5438140630722048,-11.3919970703125,311.68501270110073,516.934801016088,348.7722269263336,466.46909398814563,0.6118434541961478
14.248292008999751,-10.21419547943888,45.59894207818937,9.289999961853027,-4.830552101135254,-10.130443572998049,-1.5596230030059814,-11.200000000000001,311.1769686706181,505.41913632514814,341.91363251481795,467.0618120237087,0.5962487264122134
14.258292008999753,-10.139762640293323,45.64886629393317,9.179999351501465,-4.8175048828125,-11.628173828125,-1.5661669969558718,-11.200000000000001,317.78154106689243,493.98814563928875,342.76037256562233,465.70702794242163,0.5805874447820969
14.268292008999751,-10.139762640293323,45.64886629393317,9.119999885559082,-6.008672714233398,-12.230098724365234,-1.5534271001815798,-11.0719970703125,313.2938187976291,490.00846740050804,337.76460626587635,464.35224386113464,0.5805874447820969
14.278292008999752,-9.98465481502718,45.76361314116031,9.119999885559082,-5.75583553314209,-12.623242378234863,-1.5362750291824343,-10.7839990234375,315.32599491955966,480.77900084674,339.4580863674852,460.37256562235393,0.5532598299265965
14.28829200899975,-9.909560599380765,45.80956042312226,9.010000228881836,-5.941887855529785,-14.203782081604006,-1.5147271156311035,-10.7839990234375,320.2370872142252,480.86367485182046,340.5588484335309,461.47332768839965,0.5381201571366684
14.298292008999752,-9.83408136120372,45.854035498785365,8.949999809265137,-5.218156814575195,-14.347455978393556,-1.4879213571548464,-10.6239990234375,317.2734970364098,474.0050804403048,332.51481795088904,458.59441151566466,0.5232377650221814
14.30829200899975,-9.758443208392276,45.89704506324422,8.949999809265137,-5.316343784332276,-13.67975616455078,-1.466890692710877,-10.4319970703125,310.3302286198137,475.5292125317527,325.14817950889073,450.8890770533446,0.5085755170303308
14.318292008999752,-9.68250989375959,45.93868133341412,8.819999694824219,-4.606600284576417,-13.380413055419922,-1.4392006397247314,-10.4319970703125,312.27773073666384,475.78323454699404,325.74089754445384,446.74005080440304,0.49418764194442943
14.32829200899975,-9.606295658073678,45.97910668313842,8.75,-4.399501323699952,-12.38743019104004,-1.4247674942016602,-10.4639990234375,301.7781541066892,470.0254022015241,311.51566469093984,442.506350550381,0.4799270723304765
14.338292008999751,-9.529913150342187,46.01823312317418,8.75,-4.085733890533448,-12.243488311767578,-1.4085236787796025,-10.6239990234375,295.4276037256562,471.71888230313294,306.6045723962743,437.0025402201524,0.465838490793268
14.34829200899975,-9.453405254063172,46.05616326431509,8.679999351501465,-4.105605125427246,-11.5718412399292,-1.4037847518920898,-10.6239990234375,293.1414055884843,475.3598645215919,306.0965283657917,436.5791701947502,0.45179965259678395
14.35829200899975,-9.376837449075962,46.09300342958705,8.649999618530273,-3.854724645614625,-10.648308753967289,-1.4142639636993408,-10.816000976562501,282.9805249788315,478.74682472480947,312.0237087214225,423.45469940728196,0.43766444455696607
14.368292008999749,-9.376837449075962,46.09300342958705,8.649999618530273,-4.27973222732544,-9.53591537475586,-1.4323005676269531,-11.2960009765625,280.52497883149874,479.8475867908552,324.047417442845,419.30567315834037,0.43766444455696607
14.37829200899975,-9.216401795391736,46.20194302956868,8.539999961853027,-4.081686019897461,-9.548341751098633,-1.46000874042511,-11.2960009765625,278.91617273497036,483.4038950042337,327.3497036409822,415.580016934801,0.4023436507069142
14.388292008999748,-9.13963575547514,46.23621666024528,8.519999504089355,-3.986083507537842,-9.965593338012695,-1.4864964485168457,-11.5519970703125,285.18204911092295,507.70533446232,337.25656223539374,408.2133784928027,0.3874677137385767
14.39829200899975,-9.062907906764677,46.26964775379844,8.519999504089355,-3.1750941276550293,-8.629886627197266,-1.5235028266906738,-12.0319970703125,287.55292125317527,525.4022015241321,333.10753598645215,410.83827265029635,0.3722359690833378
14.408292008999748,-8.986120460159272,46.30215593316799,8.40999984741211,-3.1254773139953613,-9.00387191772461,-1.5637781620025637,-12.0319970703125,290.770533446232,529.8899237933954,330.22861981371716,412.3624047417443,0.35659633820782577
14.41829200899975,-8.909193117932912,46.33371218532129,8.389999389648438,-2.2767467498779297,-9.50431537628174,-1.60384738445282,-12.2239990234375,291.70194750211687,523.1160033869602,326.7569856054191,413.0397967823878,0.3405594092068362
14.428292008999748,-8.83200986793973,46.364352607587904,8.389999389648438,-2.3298802375793457,-9.763988494873049,-1.6421949863433838,-12.5760009765625,294.0728196443692,514.7332768839966,322.69263336155797,416.34208298052494,0.3241053695613836
14.438292008999749,-8.754970093700319,46.3936971331684,8.319999694824219,-2.552464008331299,-11.24562644958496,-1.6759184598922732,-12.5760009765625,297.54445385266723,515.4953429297206,319.64436917866215,416.8501270110076,0.30737097429133425
14.448292008999747,-8.677671966090758,46.4218544740122,8.269999504089355,-2.284818649291992,-12.068053245544435,-1.71025288105011,-12.7039990234375,300.08467400508044,505.7578323454699,316.93480101608804,411.6003386960203,0.2902725393516939
14.458292008999749,-8.600304292017777,46.44865197620814,8.25,-2.9381299018859863,-12.98183822631836,-1.730615258216858,-12.7360009765625,305.0804403048264,495.93564775613885,318.5436071126164,413.8018628281118,0.272969704160605
14.468292008999747,-8.522802354015575,46.474052195144914,8.210000038146973,-2.84572696685791,-13.655108451843263,-1.7459640502929688,-12.8,305.16511430990687,482.3878069432684,314.81795088907705,419.64436917866215,0.2555063338760739
14.478292008999748,-8.427658253528659,46.50590452615437,8.170000076293945,-2.708049774169922,-14.607536315917969,-1.7529182434082031,-12.8,308.467400508044,478.0694326841659,313.71718882303134,421.2531752751905,0.24354636361753101
14.488292008999746,-8.427658253528659,46.50590452615437,8.109999656677246,-2.226795196533203,-15.731592178344728,-1.7466437816619873,-12.8,312.1930567315834,458.76375952582555,323.2853513971211,432.5994919559695,0.24354636361753101
14.498292008999748,-8.271198778566552,46.54950054291567,8.09000015258789,-1.842632293701172,-15.511899948120115,-1.7419085502624512,-12.8,309.56816257408974,443.7764606265876,327.18035563082134,431.83742591024554,0.2086612933869444
14.508292008999746,-8.19277681771121,46.56914845522531,8.069999694824219,-1.8030548095703125,-14.217220306396484,-1.7224534749984743,-12.8,315.2413209144792,438.1879762912786,324.9788314987299,428.3657917019475,0.19143923905301635
14.518292008999747,-8.11442806850396,46.5874897291922,8.059999465942383,-2.766293525695801,-13.034677505493164,-1.6876217126846316,-12.8,310.83827265029635,427.68839966130395,324.5554614733277,424.5554614733277,0.174565049822439
14.528292008999745,-8.03621302365145,46.604606332834834,8.039999961853027,-3.0968451499938965,-12.07867431640625,-1.6559429168701172,-12.8,309.3141405588484,423.70872142252324,320.9991532599492,422.0999153259949,0.15801195336695706
14.538292008999747,-7.957930851261338,46.62061086453247,8.010000228881836,-2.480900287628174,-11.352331161499023,-1.6345633268356323,-12.8,311.00762066045723,423.3700254022015,323.7087214225233,420.74513124470786,0.14165074727637803
14.548292008999745,-7.8798858040231154,46.63533116587195,7.989999771118164,-2.8632235527038574,-11.96601676940918,-1.6258238554000857,-12.8,307.3666384419983,420.91447925486875,320.49110922946653,417.10414902624893,0.12539988913309771
14.558292008999747,-7.801883806805355,46.6485964384564,7.989999771118164,-2.694705009460449,-13.626606941223146,-1.6285771131515503,-12.767998046875,305.5038103302286,415.7493649449619,323.87806943268413,417.0194750211685,0.10911374524986257
14.568292008999745,-7.801883806805355,46.6485964384564,7.989999771118164,-2.694705009460449,-13.626606941223146,-1.6285771131515503,-12.7360009765625,307.3666384419983,416.34208298052494,325.91024555461473,415.2413209144792,0.10911374524986257
14.578292008999746,-7.644402398332393,46.70984266786026,7.909999847412109,-2.656733512878418,-14.986090660095217,-1.6552999019622805,-12.7360009765625,304.6570702794242,414.7332768839966,321.6765453005927,415.49534292972055,0.07140458988496108
14.588292008999744,-7.566967851316746,46.71917602022329,7.909999847412109,-2.456117630004883,-14.493179321289062,-1.6603535413742068,-12.7360009765625,304.91109229466554,416.08806096528366,318.5436071126164,416.25740897544455,0.05482759286743763
14.598292008999746,-7.489649509820006,46.72705339131066,7.889999866485596,-2.660858631134033,-14.552947998046877,-1.6608618497848513,-12.7360009765625,302.45554614733277,413.2938187976291,319.2209991532599,414.4792548687553,0.03822809775621531
14.608292008999744,-7.412239909827264,46.73357738421704,7.849999904632568,-2.8555831909179688,-13.996610641479492,-1.6601102352142334,-12.7039990234375,304.40304826418287,412.10838272650295,318.458933107536,412.61642675698556,0.02156368305636878
14.618292008999745,-7.335367400243587,46.73851065780071,7.819999694824219,-2.363687038421631,-14.996774673461914,-1.6487532854080202,-12.7039990234375,314.4792548687553,421.59187129551225,324.809483488569,418.458933107536,0.00508992419557094
14.628292008999743,-7.258178113906522,46.7419362185874,7.809999942779541,0.5016770362854004,-15.057491302490234,-1.6421157121658327,-12.6719970703125,320.32176121930564,424.72480948348857,329.4665537679932,419.8983911939035,-0.011342571081600914
14.638292008999745,-7.180818738274794,46.7438711224736,7.809999942779541,2.657576084136963,-14.864206314086914,-1.6383821964263916,-12.607998046875,350.88907705334464,432.4301439458086,331.922099915326,424.5554614733277,-0.0276986433474086
14.648292008999743,-7.102977134922151,46.7446184423163,7.839999675750732,3.612166404724121,-12.772707939147953,-1.6315743923187256,-12.5439990234375,375.190516511431,443.69178662150716,338.0186282811177,427.51905165114306,-0.04400892574361347
14.658292008999744,-7.102977134922151,46.7446184423163,7.87999963760376,5.014981269836426,-12.161055564880373,-1.6120882034301758,-12.32,377.05334462320064,445.8933107535986,342.8450465707028,432.1761219305673,-0.04400892574361347
14.668292008999742,-6.932012250917025,46.747854723062034,7.929999828338623,5.075117111206055,-11.64165496826172,-1.5736629962921145,-12.127998046875,379.76291278577474,446.90939881456393,348.43353090601187,440.5588484335309,-0.07703339111891551
14.678292008999744,-6.852503204857361,46.74502173571882,8.010000228881836,5.49780035018921,-11.33847427368164,-1.5195653438568115,-11.7439990234375,375.190516511431,449.0262489415749,353.09060118543607,447.84081287044876,-0.09222504484706766
14.688292008999742,-6.772543158835596,46.74077173032089,8.09000015258789,5.654102325439453,-12.60873031616211,-1.4662233591079714,-11.3919970703125,377.81541066892464,448.4335309060118,356.47756138865367,452.5825571549534,-0.10688446785603242
14.698292008999744,-6.692213930031152,46.735264965225525,8.149999618530273,5.084107398986816,-11.932251930236818,-1.404870390892029,-11.007998046875,373.4123624047417,449.78831498729886,360.20321761219304,464.436917866215,-0.12093382826146949
14.708292008999742,-6.611453328097668,46.72844067500341,8.199999809265137,5.535242080688477,-12.022201538085938,-1.3477396965026855,-10.6239990234375,378.4081287044877,446.2320067739204,362.91278577476714,478.74682472480947,-0.13441346165673312
14.718292008999743,-6.530115548028512,46.720302476067,8.25,5.684274673461914,-11.860504150390623,-1.2891136407852175,-10.207998046875,382.7265029635902,449.7036409822184,361.3886536833192,480.35563082133785,-0.14733347654303808
14.728292008999741,-6.448505899473562,46.71085712063239,8.309999465942383,6.500109672546387,-11.922394752502443,-1.2361098527908327,-9.8239990234375,386.7908552074513,444.7925486875529,363.08213378492803,478.5774767146486,-0.1596874902051709
14.738292008999743,-6.366466011233625,46.70009073614358,8.389999389648438,6.32381296157837,-11.981857299804688,-1.195950984954834,-9.5039990234375,387.6375952582557,442.3370025402201,369.432684165961,458.4250635055038,-0.1716418561844207
14.74829200899974,-6.283958613269087,46.68795563163098,8.460000038146973,6.155861854553223,-12.258807182312012,-1.1617918014526367,-9.2160009765625,382.3878069432684,444.2845046570703,370.27942421676545,450.4657070279424,-0.18326696493075048
14.758292008999742,-6.20140561153214,46.67454219927247,8.519999504089355,4.938221454620362,-12.202171325683594,-1.1308374404907229,-9.0239990234375,386.70618120237083,444.7925486875529,378.91617273497036,436.8331922099915,-0.19456157830570794
14.76829200899974,-6.20140561153214,46.67454219927247,8.559999465942383,4.364109992980957,-11.922085762023928,-1.105311632156372,-8.8639990234375,376.2912785774767,439.9661303979678,372.39627434377644,431.3293818797629,-0.19456157830570794
14.778292008999742,-6.054298798826702,46.65191070735418,8.59999942779541,1.9388737678527832,-14.744789123535156,-1.068127751350403,-8.7039990234375,369.9407281964437,435.81710414902625,369.8560541913632,429.3818797629128,-0.22603193320261356
14.78829200899974,-5.972812465076572,46.63405449284232,8.59000015258789,-0.999248504638672,-14.234387397766117,-1.0162020921707156,-8.576000976562499,361.3886536833192,436.7485182049111,372.1422523285351,433.61558001693476,-0.2362000014695348
14.798292008999741,-5.891465815425116,46.61489649269917,8.59999942779541,1.3595762252807615,-13.155142784118654,-0.9744818210601808,-8.48,376.03725656223537,441.6596104995766,372.05757832345466,437.1718882303133,-0.24594086069904428
14.80829200899974,-5.809527924266364,46.59444054665542,8.639999389648438,4.518658161163331,-11.651020050048828,-0.9502042531967164,-8.3519970703125,395.25825571549535,452.7519051651143,375.8679085520745,444.5385266723116,-0.2554705328236019
14.818292008999741,-5.727390918006306,46.57305040364923,8.639999389648438,6.794689655303956,-9.419885635375977,-0.9299356341362,-8.127998046875,404.40304826418287,465.1143099068586,383.4885690093141,444.1998306519898,-0.26475702088831876
14.828292008999739,-5.644617212808526,46.55074223475784,8.800000190734863,7.353249549865723,-7.831405639648437,-0.9134299159049988,-7.903999023437501,403.2176121930567,464.2675698560542,381.9644369178662,444.2845046570703,-0.2738884802136077
14.83829200899974,-5.561299410790383,46.52748115922371,8.869999885559082,7.859498023986816,-7.707024574279785,-0.9103386998176576,-7.5839990234375,411.51566469093984,468.5012701100762,386.7908552074513,453.6833192209991,-0.2829859984053165
14.848292008999739,-5.47730434100127,46.50310672126985,8.869999885559082,7.799230098724366,-8.37317752838135,-0.90327125787735,-6.9439990234375,405.24978831498726,470.11007620660456,393.98814563928875,460.88060965283654,-0.2920318391254646
14.85829200899974,-5.39320427679408,46.47757935699589,9.019999504089355,7.4749650955200195,-9.823334693908691,-0.8849492669105531,-6.9439990234375,408.0440304826418,465.7917019475021,393.22607959356475,467.1464860287891,-0.30086444428729286
14.868292008999738,-5.39320427679408,46.47757935699589,9.079999923706056,6.330081939697266,-10.957216262817385,-0.8559847474098207,-6.6239990234375,404.40304826418287,470.0254022015241,402.3708721422523,471.80355630821333,-0.30086444428729286
14.87829200899974,-5.238795145134676,46.43217979536523,9.149999618530272,6.425503730773926,-11.345070838928224,-0.8176899552345277,-6.367998046874999,404.995766299746,464.2675698560542,406.68924640135475,474.428450465707,-0.3223060338204615
14.888292008999738,-5.154247852449005,46.40274316018097,9.210000038146973,5.940255165100098,-10.98710346221924,-0.7825290560722352,-6.1439990234375,415.66469093988144,467.1464860287891,409.6528365791702,469.68670618120234,-0.3301341154603901
14.89829200899974,-5.069356229342704,46.37222133579965,9.289999961853027,5.720273971557617,-9.522653579711914,-0.7483606338500977,-6.08,415.49534292972055,466.72311600338696,412.78577476714645,467.0618120237087,-0.33763002585441726
14.908292008999737,-4.984546812432617,46.340904657982286,9.359999656677246,5.15600347518921,-8.204785346984865,-0.7204023003578187,-6.016000976562499,420.49110922946653,468.1625740897544,420.2370872142252,465.5376799322608,-0.34482201897720555
14.918292008999739,-4.899485475296944,46.3085926437679,9.4399995803833,4.932761192321777,-8.176831245422365,-0.6825227141380311,-6.047998046874999,420.575783234547,470.11007620660456,430.22861981371716,470.78746824724806,-0.35164284600495793
14.928292008999737,-4.814066481099928,46.27524337334103,9.5,5.556234359741211,-8.229654312133789,-0.6591747403144838,-6.111997070312499,423.45469940728196,472.98899237933955,432.26079593564776,472.98899237933955,-0.35823804463083175
14.938292008999738,-4.727900093557146,46.24075030386437,9.559999465942385,6.052790164947511,-7.944644451141358,-0.6455434560775757,-6.1439990234375,427.7730736663844,473.7510584250635,435.1397121083827,472.05757832345466,-0.36472948787075515
14.948292008999736,-4.642463404104087,46.20558508607886,9.619999885559082,6.162497520446777,-8.645992279052734,-0.6326603293418885,-6.207998046874999,436.8331922099915,480.5249788314987,430.56731583403894,479.1701947502117,-0.37101928066432166
14.958292008999738,-4.556151300492954,46.1691597788825,9.710000038146973,6.3278212547302255,-8.484334945678711,-0.6307921409606934,-6.24,434.20829805249787,483.9966130397968,433.3615580016935,479.93226079593563,-0.3773332117608642
14.968292008999736,-4.469456634356174,46.131834445551206,9.779999732971191,6.517246246337891,-7.481999397277832,-0.6379557251930238,-6.3039990234375,436.32514817950886,493.1414055884843,436.91786621507197,486.28281117696866,-0.3837205200541486
14.978292008999738,-4.469456634356174,46.131834445551206,9.84999942779541,6.650751590728761,-6.93977975845337,-0.6584381461143495,-6.3039990234375,432.7688399661304,489.7544453852667,439.03471634208296,488.39966130397966,-0.3837205200541486
14.988292008999736,-4.469456634356174,46.131834445551206,9.899999618530272,4.804140090942383,-6.0830841064453125,-0.6782140731811523,-6.336000976562499,438.7806943268416,490.8552074513124,439.62743437764607,486.02878916172733,-0.3837205200541486
14.998292008999737,-4.22713702881678,46.03548674042855,9.929999351501465,4.705596923828125,-5.003598213195801,-0.6911920905113221,-6.336000976562499,444.7925486875529,491.78662150719725,441.2362404741744,490.770533446232,-0.4077017491782955
15.008292008999735,-4.13996653550528,45.99563280620818,10.010000228881836,4.70020627975464,-5.482105731964112,-0.6970295906066895,-6.336000976562499,443.86113463166805,496.6977138018628,446.6553767993226,493.7341236240474,-0.4146728693609934
15.018292008999737,-4.052745129594019,45.95484756792301,10.039999961853027,4.5047807693481445,-7.388123512268066,-0.7007268667221069,-6.336000976562499,441.91363251481795,498.22184589331073,445.6392887383573,493.81879762912786,-0.42167963014665055
15.028292008999735,-3.9655083979054297,45.91309459060303,10.09000015258789,4.379249572753906,-8.33577632904053,-0.7060103416442871,-6.336000976562499,444.96189669771377,500.2540220152413,449.0262489415749,498.22184589331073,-0.4287377069182643
15.038292008999736,-3.878163275159285,45.87035295359443,10.139999389648438,4.380414009094238,-8.459647178649904,-0.7075456976890565,-6.336000976562499,453.34462320067735,505.24978831498726,450.71972904318375,503.30228619813715,-0.43581636229623105
15.048292008999734,-3.7906844268707234,45.826738561157775,10.199999809265137,4.815442085266113,-7.751232147216797,-0.7148337960243226,-6.336000976562499,451.56646909398813,504.74174428450465,456.05419136325145,501.5241320914479,-0.44296690902484137
15.058292008999736,-3.703093531307457,45.782387060153965,10.25,4.83823299407959,-6.709011077880859,-0.7159241437911987,-6.336000976562499,454.0220152413209,505.84250635055037,456.98560541913633,505.9271803556308,-0.45012341260129485
15.068292008999734,-3.615336635078696,45.73722870893831,10.300000190734863,4.791267395019531,-6.648013114929199,-0.725572168827057,-6.336000976562499,454.0220152413209,508.467400508044,460.1185436071126,507.45131244707875,-0.45737808943065683
15.078292008999735,-3.5238292980372066,45.69449472135053,10.34999942779541,4.209923267364503,-6.038672924041749,-0.7302216291427612,-6.336000976562499,455.6308213378493,507.95935647756136,453.85266723116,503.64098221845893,-0.45873110000264444
15.088292008999733,-3.5238292980372066,45.69449472135053,10.380000114440918,1.2938518524169922,-6.338838577270508,-0.7370610833168031,-6.367998046874999,456.22353937341234,507.5359864521592,457.15495342929717,501.5241320914479,-0.45873110000264444
15.098292008999735,-3.4359728841764725,45.64833654946305,10.380000114440918,-0.1431469917297363,-6.3148818016052255,-0.7264822721481323,-6.336000976562499,459.6951735817104,505.3344623200677,455.969517358171,497.7984758679085,-0.4661048669296617
15.108292008999733,-3.4359728841764725,45.64833654946305,10.380000114440918,-0.1431469917297363,-6.3148818016052255,-0.7264822721481323,-6.336000976562499,459.6951735817104,505.3344623200677,455.969517358171,497.7984758679085,-0.4661048669296617
15.118292008999735,-3.1750521912494216,45.506405604906696,10.380000114440918,-2.046526193618775,-7.206977844238281,-0.6728598475456239,-6.336000976562499,459.0177815410669,496.9517358171041,457.4089754445385,500.5080440304826,-0.4871339265670327
15.128292008999733,-3.0892714580599265,45.45805340213055,10.34999942779541,-2.18972396850586,-6.991715431213379,-0.6448812484741211,-6.336000976562499,460.2878916172735,504.4877222692633,472.22692633361555,507.70533446232,-0.49357719784155285
15.138292008999734,-3.00366880098576,45.40906915010616,10.31999969482422,-0.0100274085998535,-6.473115921020508,-0.625355899333954,-6.336000976562499,456.22353937341234,505.0804403048264,466.29974597798474,503.97967823878065,-0.4998276198452699
15.148292008999732,-2.9180638260362253,45.359492791664735,10.329999923706056,1.4276556968688965,-5.653899669647218,-0.6334774494171143,-6.336000976562499,453.6833192209991,501.5241320914479,466.0457239627434,499.237933954276,-0.5061637475932698
15.158292008999734,-2.8198937642800024,45.29035826823231,10.329999923706056,0.6281225681304932,-4.470363616943359,-0.6221423149108887,-6.336000976562499,457.49364944961894,499.6613039796782,464.9449618966977,497.7984758679085,-0.5112920618889515
15.168292008999732,-2.734421244723676,45.23994866198888,10.309999465942385,-0.650387167930603,-2.867985248565674,-0.6008307337760926,-6.336000976562499,456.64690939881456,497.71380186282806,465.5376799322608,493.81879762912786,-0.5173017959888422
15.178292008999733,-2.649103553640609,45.189337704592205,10.31999969482422,-0.7813440561294556,-2.368857860565185,-0.5615909695625306,-6.336000976562499,459.9491955969517,498.98391193903467,467.73920406435224,497.71380186282806,-0.5229218510340696
15.188292008999731,-2.564209870591613,45.13861548858611,10.309999465942385,-0.92181396484375,-2.537159681320191,-0.5123405456542969,-6.336000976562499,459.35647756138866,494.66553767993224,471.4648602878916,490.51651143099065,-0.5280380446657629
15.198292008999733,-2.479632450720567,45.08759553759831,10.289999961853027,-1.8961812257766728,-3.2627954483032227,-0.4579170644283295,-6.336000976562499,467.4851820491109,494.1574936494496,469.68670618120234,486.70618120237083,-0.5326161191836503
15.20829200899973,-2.3952718217053843,45.0363844098567,10.279999732971191,-1.680453538894653,-2.478301286697388,-0.3914745450019836,-4.3519970703125,469.51735817104145,491.78662150719725,473.5817104149026,479.08552074513125,-0.5365326342615684
15.218292008999732,-2.3110823099731275,44.98504611656352,10.25,-2.3328926563262944,-1.6493352651596072,-0.3189721405506134,-3.7439990234375,466.46909398814563,484.6740050804403,472.22692633361555,475.6985605419136,-0.5397298054158024
15.22829200899973,-2.227593970441712,44.93408639234732,10.229999542236328,-3.3103156089782715,-0.2301938533782959,-0.2312991321086883,-3.1679980468750006,468.9246401354784,480.86367485182046,469.8560541913632,474.428450465707,-0.5420383828502147
15.238292008999732,-2.144130069606022,44.88333680239562,10.179999351501465,-2.9750435352325444,1.5923616886138916,-0.1473541110754013,-2.4960009765624998,472.56562235393733,476.9686706181202,476.54530059271804,465.7917019475021,-0.5435113955763238
15.24829200899973,-2.060763596069493,44.832840173581296,10.15999984741211,-3.342437028884888,2.214252710342408,-0.0587438568472862,-1.7919970703125,470.7027942421676,472.05757832345466,474.8518204911092,462.4047417442845,-0.5440994638377812
15.258292008999732,-2.060763596069493,44.832840173581296,10.130000114440918,-2.55585789680481,2.633804082870484,0.0208004191517829,-1.1519970703125,468.83996613039795,470.44877222692634,475.9525825571549,463.5055038103302,-0.5440994638377812
15.26829200899973,-1.8831732637234289,44.71178234029011,10.09999942779541,-2.263557672500611,2.443667173385621,0.0841823145747184,-0.5119970703125,471.6342082980525,455.969517358171,478.8314987298899,450.0423370025402,-0.5485581533500963
15.278292008999731,-1.8003711819815067,44.66162706068122,10.059999465942385,-3.721349477767945,1.7339065074920654,0.1339949667453766,0.0639990234375,468.077900084674,450.2116850127011,478.2387806943268,438.7806943268416,-0.5472185244294138
15.28829200899973,-1.717704151043039,44.61188653288023,10.010000228881836,-3.708273887634277,2.7677955627441406,0.1797181665897369,0.672001953125,473.83573243014393,438.6960203217612,479.42421676545297,423.2853513971211,-0.545421044540393
15.29829200899973,-1.6350591694912031,44.56263598484595,10.010000228881836,-3.5716831684112558,4.000542163848878,0.2364560663700103,1.9839990234375002,470.44877222692634,428.78916172734966,478.74682472480947,417.2734970364098,-0.5430541747354198
15.308292008999729,-1.5526742628932504,44.51413674166431,9.90999984741211,-4.305299758911133,5.153040885925293,0.3008881211280823,1.9839990234375002,465.1143099068586,422.01524132091447,477.5613886536833,411.1769686706181,-0.5400468746146344
15.31829200899973,-1.4703667325811312,44.46630835362582,9.859999656677246,-4.975541114807129,5.620150566101074,0.3535647988319397,2.6560009765625,463.844199830652,415.07197290431833,476.9686706181202,405.84250635055037,-0.5365086168092461
15.328292008999728,-1.388286339345034,44.419228564752295,9.859999656677246,-5.237593650817871,5.678561210632324,0.3978974819183349,3.9360009765625,465.198983911939,411.0922946655377,477.05334462320064,397.121083827265,-0.5325284125247293
15.33829200899973,-1.3063973822454082,44.37283927068296,9.729999542236328,-4.766474723815918,5.501439094543457,0.4416747689247131,3.9360009765625,468.3319220999153,410.24555461473324,472.98899237933955,395.004233700254,-0.5281132485996836
15.348292008999728,-1.2244498600357727,44.32726814356562,9.670000076293944,-5.461759567260742,7.053847312927246,0.4954156279563904,4.5760009765625,462.91278577476714,413.54784081287045,471.71888230313294,390.00846740050804,-0.5231491752764041
15.35829200899973,-1.1306208789225678,44.24625025707056,9.670000076293944,-5.605064392089844,8.422450065612795,0.5460939407348633,5.888002929687501,460.03386960203215,423.1160033869602,470.5334462320068,387.2142252328535,-0.525016452909673
15.368292008999727,-1.0489193250634543,44.201876578074845,9.539999961853027,-5.2733917236328125,8.777803421020508,0.5924800038337709,5.888002929687501,464.35224386113464,428.95850973751055,471.0414902624894,387.12955122777305,-0.519096178785366
15.378292008999729,-0.9668405980511404,44.15844885539838,9.5,-4.861828804016113,9.703021049499512,0.6127129793167114,6.336000976562499,457.32430143945805,424.047417442845,468.41659610499573,378.8314987298899,-0.5129521093051657
15.388292008999727,-0.8849403486491364,44.11614839773348,9.5,-4.360384941101074,9.296504974365234,0.6182266473770142,7.2,454.78408128704484,419.5596951735817,469.9407281964437,368.24724809483484,-0.506772649264922
15.398292008999729,-0.8029932609519776,44.0747259420754,9.380000114440918,-4.482364654541016,8.343220710754396,0.6154672503471376,7.2,453.5986452159187,420.0677392040643,468.24724809483484,359.35647756138866,-0.5006160750262487
15.408292008999727,-0.7210872520539815,44.034065960923,9.329999923706056,-3.9090764522552495,7.065583229064941,0.6057667136192323,7.552001953125,454.5300592718035,416.59610499576627,460.5419136325148,323.03132938187974,-0.4945591357972938
15.418292008999728,-0.6390605944369462,43.99417918659376,9.329999923706056,-4.071009635925293,7.168107986450195,0.595098912715912,7.776000976562499,454.61473327688395,419.3903471634208,456.98560541913633,309.9068585944115,-0.4885986462087481
15.428292008999726,-0.55709593484427,43.9550526019538,9.229999542236328,-3.272765874862672,6.641885757446289,0.5853065848350526,8.0,449.44961896697714,421.5071972904318,452.9212531752752,304.8264182895851,-0.48274419046267314
15.438292008999728,-0.4751680993901213,43.91666975177879,9.170000076293944,-3.002865791320801,6.445256233215332,0.5722244381904603,8.16,447.41744284504654,417.0194750211685,455.7154953429297,302.9635901778154,-0.47702631726392547
15.448292008999726,-0.3932093261279934,43.87902987620111,9.170000076293944,-2.9764480590820312,6.62752628326416,0.5666279792785645,8.5439990234375,443.86113463166805,415.1566469093988,454.1913632514818,311.93903471634206,-0.47136544666043334
15.458292008999727,-0.3932093261279934,43.87902987620111,9.09999942779541,-2.5821447372436523,6.644704818725586,0.5675642490386963,8.5439990234375,448.0948348856901,416.1727349703641,450.38103302286197,309.3141405588484,-0.47136544666043334
15.468292008999725,-0.2104588117693696,43.7743620650519,9.059999465942385,-2.271388053894043,6.322098731994629,0.565953552722931,8.8,435.4784081287045,413.1244707874682,447.41744284504654,302.79424216765455,-0.4577507056951133
15.478292008999727,-0.1278329495910596,43.73822308830487,9.059999465942385,-2.142192602157593,6.654928207397461,0.5850725173950195,9.2160009765625,428.78916172734966,411.68501270110073,447.41744284504654,295.5122777307366,-0.45190096254595724
15.488292008999725,-0.0451801058123531,43.70277708801616,9.010000228881836,-2.314624309539795,6.542190074920655,0.5967356562614442,9.2160009765625,429.6359017781541,410.4149026248941,448.17950889077053,295.6816257408975,-0.4459371684959391
15.498292008999726,0.0374005694861631,43.66804103501632,9.0,-3.660959243774414,6.280719757080078,0.6043683886528016,9.408002929687502,455.20745131244706,404.6570702794242,448.9415749364945,286.1134631668078,-0.43989291400250724
15.508292008999724,0.1200713400450451,43.633868575249096,9.0,-2.226490974426269,5.903393745422363,0.6293684840202333,9.8239990234375,450.973751058425,407.1972904318374,447.7561388653683,283.14987298899234,-0.43359923516443055
15.518292008999726,0.2028103183887704,43.60058800231435,8.9399995803833,-3.0544993877410893,7.718117713928223,0.6577856540679932,9.8239990234375,444.45385266723116,404.995766299746,446.8247248094835,280.60965283657913,-0.4270188756437474
15.528292008999724,0.2856198351100094,43.56809463909495,8.929999351501465,-2.8616821765899663,7.640872955322266,0.6746984124183656,10.112001953125,448.4335309060118,397.37510584250634,443.268416596105,271.2108382726503,-0.4202681981593425
15.538292008999726,0.3683821418114307,43.53655096247415,8.929999351501465,-3.612514257431031,8.346839904785156,0.6969949007034302,10.6560009765625,444.03048264182894,395.6816257408975,443.01439458086367,264.5215918712955,-0.41329692638709864
15.548292008999724,0.4511187027127288,43.50595482890425,8.819999694824219,-3.4090981483459477,8.631711959838867,0.713184118270874,10.6560009765625,445.8933107535986,394.83488569009313,444.70787468247244,261.04995766299743,-0.40616968298713496
15.558292008999725,0.53402227980945,43.4762440669006,8.739999771118164,-3.889455318450928,8.747247695922852,0.7288545966148378,10.9439990234375,426.0795935647756,379.0008467400508,454.3607112616427,253.25994919559693,-0.39886776349113384
15.568292008999723,0.53402227980945,43.4762440669006,8.699999809265137,-4.498526573181152,8.27324962615967,0.74901282787323,11.232001953125,435.5630821337849,371.12616426756983,450.55038103302286,251.9051651143099,-0.39886776349113384
15.578292008999725,0.7121068075330726,43.410733414827845,8.639999389648438,-4.238917827606202,7.295696735382081,0.7858713269233705,11.68,432.0914479254869,350.4657070279424,444.03048264182894,242.67569856054192,-0.3825413771397578
15.588292008999723,0.7946736027827458,43.38347115584647,8.609999656677246,-4.732280254364015,7.619048595428468,0.8342190384864808,12.1280029296875,429.3818797629128,343.86113463166805,446.2320067739204,240.5588484335309,-0.37419462016431604
15.598292008999724,0.8769934915087125,43.35719572165643,8.550000190734863,-5.093907833099366,8.468873977661133,0.8975800275802612,12.7680029296875,426.6723116003387,336.5791701947502,443.69178662150716,233.95427603725656,-0.3652207544462968
15.608292008999722,0.959083497046674,43.33201071432218,8.5,-5.918784141540527,9.424785614013672,0.9583590626716616,13.5680029296875,427.68839966130395,319.7290431837426,440.98221845893306,257.32430143945805,-0.3556362589967805
15.618292008999724,1.0408599493552977,43.30799888774805,8.40999984741211,-6.409218788146973,10.23776721954346,1.0369981527328491,14.24,428.8738357324301,317.8662150719729,441.4055884843353,263.59017781541064,-0.3452702431930549
15.628292008999722,1.122385283275921,43.285328023587326,8.329999923706055,-7.133874893188477,11.773466110229492,1.127299189567566,14.912001953125,427.2650296359018,321.08382726502964,440.7281964436918,318.03556308213376,-0.3339940368192901
15.638292008999723,1.203721559512744,43.26404923657535,8.329999923706055,-6.711054801940918,12.8303918838501,1.2226444482803347,15.6160009765625,422.9466553767993,317.696867061812,444.96189669771377,352.5825571549534,-0.3217623569757949
15.648292008999722,1.203721559512744,43.26404923657535,8.329999923706055,-6.711054801940918,12.8303918838501,1.2226444482803347,15.6160009765625,422.9466553767993,317.696867061812,444.96189669771377,352.5825571549534,-0.3217623569757949
15.658292008999723,1.3663771519095211,43.225040167628336,8.109999656677246,-4.202579975128175,10.90717887878418,1.3511478900909424,16.832001953125,434.20829805249787,304.4877222692633,434.038950042337,355.8001693480102,-0.2952641546077063
15.668292008999721,1.4477421411675602,43.20695653436072,8.079999923706055,-2.181565761566162,9.81797981262207,1.3885700702667236,17.3760009765625,433.95427603725653,294.9195596951736,435.5630821337849,358.08636748518205,-0.28137979139108776
15.678292008999723,1.529087356993255,43.18989925051996,8.069999694824219,-2.2706677913665776,9.972597122192385,1.4093860387802126,17.5360009765625,428.5351397121084,304.57239627434376,441.91363251481795,351.4817950889077,-0.2673000574445427
15.68829200899972,1.529087356993255,43.18989925051996,8.069999694824219,-1.7730510234832764,9.191713333129885,1.4112374782562256,17.6,422.0999153259949,302.116850127011,446.40135478408126,340.38950042337,-0.2673000574445427
15.698292008999722,1.7047316070841132,43.144785026448666,8.019999504089355,-2.830630302429199,8.726391792297365,1.4036602973937988,17.6,424.89415749364946,297.6291278577477,444.03048264182894,332.4301439458086,-0.2481642261541458
15.70829200899972,1.7862458306777356,43.1298386490095,7.989999771118164,-3.5096263885498047,8.074070930480959,1.3807622194290163,17.6,410.7535986452159,260.62658763759526,460.5419136325148,306.01185436071125,-0.23435036233986808
15.718292008999722,1.86765996124563,43.1157757044603,7.989999771118164,-3.442954778671265,8.20750617980957,1.3719130754470827,17.8239990234375,418.6282811176969,243.6917866215072,465.62235393734125,294.9195596951736,-0.22061881526546814
15.72829200899972,1.9489905930507323,43.10271836417943,7.899999618530273,-2.525115489959717,9.197158813476562,1.3728983402252195,18.016000976562502,414.7332768839966,240.47417442845045,467.4851820491109,289.41574936494493,-0.2068934455253816
15.738292008999721,2.0300600610186743,43.09088153061585,7.87999963760376,-4.365827560424805,10.784324645996094,1.3905699253082275,18.6880029296875,412.61642675698556,279.25486875529214,475.27519051651143,287.0448772226926,-0.19298775953380745
15.74829200899972,2.0300600610186743,43.09088153061585,7.87999963760376,-5.659698009490968,13.832292556762695,1.427638053894043,20.4480029296875,409.22946655376796,312.0237087214225,480.35563082133785,294.32684165961047,-0.19298775953380745
15.758292008999721,2.1966379158166327,43.06474118468108,7.75,-5.448246002197266,15.731256484985352,1.4672629833221436,20.4480029296875,412.95512277730734,311.7696867061812,478.91617273497036,299.237933954276,-0.16053385565669054
15.768292008999719,2.2770175728649926,43.057864183457326,7.699999809265137,-4.562631607055664,16.251058578491214,1.4872286319732666,21.568002929687502,406.35055038103303,309.73751058425063,476.9686706181202,305.41913632514814,-0.14566654768139659
15.77829200899972,2.357352707474149,43.052527614781255,7.699999809265137,-3.4858288764953613,15.613264083862305,1.5018723011016846,24.2560009765625,409.3141405588484,303.64098221845893,458.5097375105842,302.116850127011,-0.13064748091909023
15.788292008999719,2.437489548292934,43.04867016753233,7.619999885559082,-3.7782483100891113,14.93535041809082,1.5230494737625124,24.2560009765625,406.85859441151564,295.5969517358171,448.17950889077053,302.9635901778154,-0.11541591133652243
15.79829200899972,2.5173598088077043,43.04608501652637,7.559999942779541,-3.808550357818604,13.365001678466797,1.5479234457015991,25.376005859375,408.12870448772225,250.71972904318372,438.1879762912786,302.45554614733277,-0.099941489339865
15.808292008999718,2.5971167713612755,43.04469015759371,7.559999942779541,-3.337648868560791,12.312904357910156,1.5607011318206787,27.2,401.5241320914479,227.18035563082134,444.5385266723116,291.10922946655376,-0.0843240741015692
15.81829200899972,2.676780097743804,43.0445363008058,7.480000019073486,-2.532521247863769,12.305634498596191,1.5651443004608154,27.2,404.91109229466554,218.96697713801862,444.7925486875529,292.9720575783234,-0.06865921228205286
15.828292008999718,2.7563001912717797,43.04531485800004,7.449999809265137,-2.066307544708252,10.30095100402832,1.5754123926162722,27.872001953125,402.116850127011,212.36240474174429,447.9254868755292,280.18628281117697,-0.05289684001334217
15.83829200899972,2.835810938124839,43.0469413218041,7.449999809265137,-1.8794686794281008,9.092091560363771,1.5901924371719365,28.48,400.6773920406435,204.57239627434376,456.1388653683319,278.49280270956814,-0.03696232550464214
15.848292008999717,2.9148410875207658,43.04932389031048,7.409999847412109,-1.372967004776001,8.24685573577881,1.6163343191146853,28.48,394.1574936494496,206.85859441151567,458.59441151566466,278.74682472480947,-0.02084793897278846
15.858292008999719,2.9148410875207658,43.04932389031048,7.37999963760376,-2.934456348419189,9.14198112487793,1.6551635265350342,28.576005859375,388.653683319221,224.89415749364943,471.80355630821333,295.5969517358171,-0.02084793897278846
15.868292008999717,3.074784982447352,43.06303014741731,7.37999963760376,-3.327747344970703,10.408042907714844,1.7128944396972656,28.70400390625,384.1659610499577,259.0177815410669,485.52074513124467,305.3344623200677,0.01325728743949263
15.878292008999718,3.1530179375938068,43.06885742228795,7.339999675750732,-3.347974300384521,12.697942733764648,1.7804824113845827,28.832001953125,383.57324301439456,269.7713801862828,489.83911939034715,309.39881456392885,0.031053604571602375
15.888292008999716,3.231155597479797,43.07604617511499,7.309999942779541,-2.0193653106689453,13.557209968566896,1.829505443572998,28.927998046875,395.5122777307366,298.3911939034716,501.35478408128705,313.37849280270956,0.04935867388583994
15.898292008999718,3.3091699083066253,43.08467718575683,7.309999942779541,-0.7371196746826172,14.250682830810549,1.845221757888794,29.087998046875,406.0965283657917,300.59271803556305,491.8712955122777,309.9068585944115,0.0678108738673219
15.908292008999716,3.38718674558229,43.094701675996525,7.279999732971191,0.6343755722045898,14.0316162109375,1.8472063541412356,29.087998046875,413.1244707874682,299.5766299745978,483.9966130397968,307.28196443691786,0.08627455203443068
15.918292008999718,3.465332510137368,43.10630636046255,7.299999713897705,0.8664045333862305,15.007164001464844,1.8451354503631592,29.152001953125,413.37849280270956,295.6816257408975,440.64352243861134,310.0762066045724,0.10475668296154227
15.928292008999716,3.5429927861519657,43.11920060585205,7.289999961853027,-0.6727108955383301,13.961515426635742,1.8458225727081297,29.216005859375002,414.22523285351394,291.1939034716342,434.9703640982218,302.3708721422523,0.12319772802808053
15.938292008999717,3.620438990119459,43.133499948777526,7.259999752044678,-1.5621600151062012,14.012380599975586,1.8332771062850957,29.216005859375002,415.07197290431833,282.30313293818796,443.9458086367485,306.85859441151564,0.14155102471160916
15.948292008999715,3.697435872929083,43.14900659888762,7.269999980926514,-0.7464790344238281,13.065197944641117,1.8183386325836184,29.216005859375002,411.51566469093984,280.77900084674,447.24809483488565,303.64098221845893,0.15969884458794217
15.958292008999717,3.774387340250052,43.16574632801249,7.259999752044678,-0.4127421379089355,12.413860321044922,1.806021571159363,29.12,411.68501270110073,274.76714648602876,448.01016088060965,311.00762066045723,0.1777637795560368
15.968292008999715,3.851100841652516,43.183603414081,7.259999752044678,-0.4558348655700683,11.636438369750977,1.7859208583831787,28.992001953125,405.7578323454699,275.52921253175276,449.28027095681625,318.20491109229465,0.19562978385541532
15.978292008999716,3.851100841652516,43.183603414081,7.25,-0.0110793113708496,11.56085968017578,1.773144006729126,28.864003906249994,409.99153259949196,278.662150719729,452.3285351397121,318.2895850973751,0.19562978385541532
15.988292008999714,3.990291395393814,43.23336996199155,7.259999752044678,0.5506925582885742,11.912765502929688,1.763632416725159,28.70400390625,412.3624047417443,285.2667231160034,461.1346316680779,321.08382726502964,0.22852904237901092
15.998292008999716,4.066151179129252,43.25501482728858,7.269999980926514,0.5852975845336914,13.0162992477417,1.770848035812378,28.512001953125,413.2938187976291,300.25402201524133,478.8314987298899,319.30567315834037,0.24622948399063424
16.008292008999714,4.141996909218929,43.27791583722243,7.279999732971191,1.464545726776123,12.510629653930664,1.7841644287109375,28.287998046875,411.4309906858594,301.9475021168501,483.31922099915323,321.08382726502964,0.2640855741128569
16.018292008999715,4.217565941672421,43.30212135162088,7.289999961853027,1.5247883796691897,13.120454788208008,1.7976689338684082,27.967998046875,412.78577476714645,304.0643522438611,493.9034716342083,318.88230313293815,0.28205796033090513
16.028292008999713,4.2930777889900815,43.32752674526277,7.309999942779541,2.2500252723693848,12.195903778076172,1.807743549346924,27.647998046875,412.61642675698556,304.3183742591024,490.4318374259102,320.74513124470786,0.3001345165850916
16.038292008999715,4.368528202212115,43.35410134814592,7.349999904632568,2.337642192840576,11.628265380859377,1.812475085258484,27.296005859375,412.0237087214225,304.40304826418287,483.74259102455545,324.5554614733277,0.31826875696272566
16.048292008999713,4.4437380345403295,43.38209786306821,7.369999885559082,2.525343418121338,13.402402877807615,1.819172024726868,26.94400390625,414.05588484335306,306.0965283657917,460.20321761219304,324.5554614733277,0.3364595924121993
16.058292008999715,4.518563084978156,43.41144532643103,7.409999847412109,1.2872052192687988,13.82880973815918,1.8235450983047488,26.656005859375,419.1363251481795,306.51989839119386,441.74428450465706,329.3818797629128,0.3546976346067532
16.068292008999713,4.592839588139485,43.442190886101685,7.419999599456787,0.355687141418457,14.568069458007812,1.813642978668213,26.367998046875,418.7976291278577,307.8746824724809,443.7764606265876,332.4301439458086,0.37283274987864207
16.078292008999714,4.6666035964301695,43.474236626617525,7.409999847412109,0.3888192176818847,14.04556655883789,1.7879956960678105,26.207998046875,416.25740897544455,307.62066045723964,446.4860287891617,336.7485182049111,0.3907016062114387
16.088292008999712,4.6666035964301695,43.474236626617525,7.429999828338623,0.2161049842834472,13.618392944335938,1.7644128799438477,26.016005859375,414.39458086367483,308.89077053344624,449.28027095681625,344.96189669771377,0.3907016062114387
16.098292008999714,4.784073942588261,43.54521305943612,7.419999599456787,0.3281154632568359,13.029701232910156,1.7384052276611328,25.98400390625,412.701100762066,307.8746824724809,445.385266723116,344.8772226926333,0.4297978467871125
16.10829200899971,4.855658696944441,43.58118163753665,7.419999599456787,-0.3566188812255859,13.771559715270998,1.7184749841690066,25.952001953125002,409.39881456392885,305.3344623200677,430.99068585944116,334.9703640982218,0.44698708712015156
16.118292008999713,4.9263970836417394,43.6185738465805,7.419999599456787,-0.8942899703979492,15.450736045837404,1.6911474466323857,25.98400390625,413.0397967823878,304.57239627434376,417.9508890770533,316.0033869602032,0.4638969326545513
16.12829200899971,4.996114156402332,43.65730511736779,7.399999618530273,-2.463766098022461,16.162643432617188,1.6853535175323486,26.016005859375,411.346316680779,307.0279424216765,411.346316680779,316.1727349703641,0.48075165721586405
16.138292008999713,5.064857253234248,43.6973840398091,7.359999656677246,-2.8211965560913086,16.348289489746094,1.68621563911438,26.016005859375,411.1769686706181,305.84250635055037,406.7739204064352,315.0719729043184,0.49762827043092484
16.14829200899971,5.132756069519112,43.73870665572772,7.319999694824219,-2.759331703186035,15.447171211242678,1.7015235424041748,25.952001953125002,406.18120237087214,302.116850127011,412.61642675698556,317.78154106689243,0.5146852741349783
16.158292008999712,5.199599844616187,43.78088646833183,7.279999732971191,-2.617016315460205,13.76762580871582,1.7241295576095583,25.887998046875,405.16511430990687,301.6088060965283,411.51566469093984,315.8340389500423,0.5319158655909909
16.16829200899971,5.2656480698548735,43.824041767080764,7.259999752044678,-2.654656887054444,12.92901611328125,1.7335104942321775,25.792001953125002,405.6731583403895,296.10499576629974,412.5317527519052,312.78577476714645,0.5492567402167928
16.178292008999712,5.2656480698548735,43.824041767080764,7.259999752044678,-2.654656887054444,12.92901611328125,1.7335104942321775,25.632001953125002,407.45131244707875,294.32684165961047,413.6325148179509,313.6325148179509,0.5492567402167928
16.18829200899971,5.365086373650876,43.894406787795766,7.230000019073486,-2.0465822219848637,11.823497772216797,1.7410058975219729,25.44,411.93903471634206,293.05673158340386,417.0194750211685,316.8501270110076,0.590125256719848
16.19829200899971,5.428120987882758,43.93997243655952,7.210000038146973,-0.5199127197265625,11.496021270751951,1.7294405698776247,25.152001953125,420.4064352243861,306.6045723962743,420.49110922946653,318.03556308213376,0.6074027403640979
16.20829200899971,5.490823933834875,43.98659876090282,7.25,2.034480571746826,10.902374267578123,1.7312395572662354,24.896005859375002,414.9026248941575,329.3818797629128,435.1397121083827,321.3378492802709,0.6246981962796848
16.21829200899971,5.5532785058026,44.034317832999726,7.289999961853027,2.288910388946533,10.48911476135254,1.7349160909652712,24.576005859375,410.0762066045724,335.4784081287045,438.35732430143946,322.69263336155797,0.6420729860901031
16.22829200899971,5.615304917735617,44.08280834367994,7.299999713897705,2.846007585525513,9.28288459777832,1.7284373044967654,24.2239990234375,417.1888230313294,355.969517358171,451.82049110922947,323.03132938187974,0.6593396227140612
16.23829200899971,5.677106961586314,44.13218488256573,7.339999675750732,2.9175267219543457,8.596752166748047,1.7150732278823857,23.7439990234375,421.42252328535136,378.8314987298899,466.3844199830652,321.6765453005927,0.6764870673940959
16.24829200899971,5.738740039494657,44.18250358419226,7.359999656677246,3.2751150131225586,8.303211212158203,1.6879770755767822,23.2639990234375,422.18458933107536,383.4038950042337,474.2591024555461,323.9627434377646,0.6933865418617597
16.25829200899971,5.770993244921996,44.21892782124785,7.389999866485596,4.422062873840332,8.693702697753906,1.6559137105941777,22.592001953125,425.0635055038103,392.54868755292125,494.5808636748518,324.89415749364946,0.7097667260986329
16.26829200899971,5.831111929477089,44.27136403462229,7.440000057220459,4.799664020538331,13.093130111694336,1.622924566268921,21.952001953125002,422.5232853513971,373.7510584250635,524.047417442845,326.5029635901778,0.7259735140325009
16.27829200899971,5.891021826046363,44.324989617710095,7.5,4.567743301391602,10.892300605773928,1.564344882965088,21.2160009765625,421.59187129551225,368.5859441151566,532.9381879762913,329.88992379339544,0.7416314937298809
16.288292008999708,5.950066167364851,44.37968476497931,7.529999732971191,3.129368782043457,12.413591384887695,1.497129559516907,20.4480029296875,414.3099068585944,347.84081287044876,552.8365791701947,326.58763759525823,0.756587783420213
16.29829200899971,6.008115114976071,44.43533947089423,7.539999961853027,0.1924543380737304,12.949650764465334,1.4201070070266726,19.7439990234375,406.85859441151564,330.56731583403894,548.6028789161727,328.95850973751055,0.7707857927282308
16.308292008999707,6.065224265680431,44.49193775387078,7.509999752044678,-0.4227738380432129,12.753074645996094,1.3379716873168943,19.0080029296875,411.6003386960203,329.3818797629128,539.0347163420829,339.1193903471634,0.7841721957849872
16.31829200899971,6.121718470144219,44.5497080010032,7.519999980926514,2.7511749267578125,12.314898490905763,1.2741446495056152,18.400000000000002,421.3378492802709,339.79678238780696,488.653683319221,341.15156646909395,0.796913630128853
16.328292008999707,6.17798389426819,44.60895149809589,7.569999694824219,6.462668418884277,11.866250038146974,1.2463335990905762,17.8239990234375,412.10838272650295,366.6384419983065,411.0922946655377,346.57070279424215,0.8093864630045403
16.33829200899971,6.233674359800752,44.66872173615524,7.62999963760376,3.0091915130615234,8.943505287170412,1.207309007644653,17.312001953125,413.1244707874682,373.9204064352244,403.13293818797626,350.12701100762064,0.8214474520814694
16.348292008999707,6.2893322666630045,44.7294808845122,7.669999599456787,4.677577018737793,7.223609924316406,1.136341691017151,16.7680029296875,415.91871295512277,404.14902624894154,419.81371718882303,351.56646909398813,0.8328200696036676
16.358292008999708,6.2893322666630045,44.7294808845122,7.75,5.81656312942505,7.291238307952882,1.0811634063720703,16.032001953125,420.4064352243861,421.2531752751905,420.4064352243861,353.4292972057578,0.8328200696036676
16.368292008999706,6.365910747536362,44.84746347406529,7.809999942779541,6.490849494934082,6.725619316101074,1.0233412981033327,15.2960009765625,421.42252328535136,412.61642675698556,417.4428450465707,353.5986452159187,0.8633853144234654
16.378292008999708,6.420348371393071,44.91106274561884,7.859999656677246,7.212751865386964,5.604462146759034,0.9651474952697754,14.4,425.4868755292125,392.71803556308214,419.81371718882303,361.89669771380187,0.8730255048261717
16.388292008999706,6.4746693799218775,44.97575299197134,7.940000057220459,6.766346454620362,6.753116130828858,0.8975985050201416,13.472001953125,424.47078746824724,378.91617273497036,431.66807790008465,365.02963590177814,0.8820023373328472
16.398292008999707,6.5286778404209,45.041170909102206,8.010000228881836,4.509167194366456,6.487239360809327,0.8180056810379028,12.3839990234375,425.74089754445384,369.9407281964437,474.51312447078743,371.54953429297206,0.890185506786151
16.408292008999705,6.582313456261133,45.10735149327054,8.010000228881836,4.038202762603761,6.859931468963624,0.7432070374488832,10.2080029296875,425.6562235393734,378.15410668924636,514.3945808636748,375.61388653683315,0.8976184560446944
16.418292008999707,6.635699692367591,45.174319405847214,8.109999656677246,4.370601654052734,6.428624153137207,0.6691479086875917,10.2080029296875,419.3903471634208,380.6943268416596,525.3175275190516,377.64606265876375,0.9043112050484272
16.428292008999705,6.689139544509741,45.24205138141327,8.15999984741211,4.737615585327148,4.674878120422363,0.6120892167091371,9.120000000000001,423.62404741744285,381.87976291278574,530.8213378492802,381.4563928873836,0.9104431823197221
16.438292008999706,6.742743484368954,45.31021495648443,8.15999984741211,6.212839126586914,2.2420148849487305,0.5793217420578003,7.4239990234375,418.458933107536,387.12955122777305,491.44792548687553,386.1981371718882,0.916229902525328
16.448292008999704,6.796693888001904,45.37895844135628,8.309999465942383,6.32026481628418,1.1530683040618896,0.5605289340019227,7.4239990234375,424.6401354784081,385.6054191363251,472.4809483488569,387.4682472480948,0.921831043663855
16.458292008999706,6.851130675795426,45.448269119781045,8.40999984741211,6.564799308776856,-0.0592787265777587,0.5356169939041138,6.6239990234375,426.92633361558,391.8712955122777,419.47502116850126,401.2701100762066,0.927187847000068
16.468292008999704,6.851130675795426,45.448269119781045,8.40999984741211,4.600185394287109,-0.2485420703887939,0.4818263649940491,5.8239990234375005,428.95850973751055,395.5122777307366,427.7730736663844,406.85859441151564,0.927187847000068
16.478292008999706,6.9244590528155925,45.55514129862888,8.539999961853027,5.405333042144776,0.773869514465332,0.4176181256771088,5.1839990234375,424.89415749364946,398.47586790855206,429.6359017781541,408.12870448772225,0.9463209603054835
16.488292008999704,6.978203358380781,45.62561036974743,8.609999656677246,5.702425479888917,3.008389949798584,0.3525762557983398,4.512001953125,427.2650296359018,404.233700254022,431.83742591024554,403.89500423370026,0.9498436933147599
16.498292008999705,7.032057417956478,45.69657935114396,8.609999656677246,4.787105560302734,1.9627530574798584,0.2864705920219421,3.2960009765625,423.62404741744285,409.8221845893311,431.83742591024554,403.13293818797626,0.9527070988046645
16.508292008999703,7.086146635337438,45.76804662860659,8.729999542236328,4.597800731658936,0.8722081184387207,0.2112424969673156,3.2960009765625,429.6359017781541,411.1769686706181,431.49872988992377,407.0279424216765,0.9548206801348995
16.518292008999705,7.1404164510989805,45.83998386642428,8.769999504089355,4.539710998535156,0.7395322322845459,0.1469118148088455,2.72,421.76121930567314,414.64860287891617,429.805249788315,409.9068585944115,0.9562911629156673
16.528292008999703,7.194981419751046,45.91232672522128,8.769999504089355,4.031294822692871,-0.1365208625793457,0.0867184922099113,1.5680029296875,424.30143945808635,419.1363251481795,431.160033869602,414.22523285351394,0.9571603111642254
16.538292008999704,7.249883035191752,45.98472083722627,8.869999885559082,4.448948860168457,-1.990505576133728,0.0444626435637474,1.5680029296875,424.2167654530059,420.91447925486875,432.1761219305673,418.458933107536,0.9576048099671904
16.548292008999702,7.305130844854093,46.05740789686927,8.9399995803833,4.446612358093262,-1.6445715427398682,0.0087922187522053,1.0239990234375,432.1761219305673,425.14817950889073,439.2887383573243,421.08382726502964,0.9576927006274386
16.558292008999704,7.360922485803211,46.13053488623244,8.9399995803833,4.627912521362305,-1.8961637020111084,-0.0118120620027184,0.0,436.49449618966975,429.55122777307366,444.2845046570703,423.9627434377646,0.9575743660877172
16.568292008999702,7.387409608386989,46.19301116245028,9.029999732971191,5.093992710113526,-2.4933342933654785,-0.0410144515335559,0.0,437.510584250635,430.22861981371716,443.18374259102455,426.58763759525823,0.9593128899229351
16.578292008999703,7.387409608386989,46.19301116245028,9.079999923706056,5.371353149414063,-2.1654109954833984,-0.0656249970197677,-0.48,438.86536833192207,435.5630821337849,442.1676545300593,431.49872988992377,0.9593128899229351
16.5882920089997,7.500073689658341,46.34020562518774,9.130000114440918,4.940778732299805,-3.11630916595459,-0.0794597640633583,-0.96,444.70787468247244,435.22438611346314,443.0990685859441,431.5834038950042,0.957862567133705
16.598292008999703,7.557103704968249,46.41416897896126,9.199999809265137,4.59817934036255,-2.389894962310791,-0.0975420996546745,-1.3119970703125001,438.9500423370025,438.272650296359,457.66299745977983,436.0711261642675,0.9568870307881481
16.6082920089997,7.614549312950743,46.48837416065827,9.25,4.505531787872315,-2.15152359008789,-0.1004325821995735,-1.6639990234375004,440.64352243861134,441.57493649449617,458.848433530906,439.1193903471634,0.9558826819789586
16.618292008999703,7.672502913286169,46.56284405455657,9.309999465942385,5.076358318328858,-2.527754306793213,-0.1093525663018226,-1.887998046875,440.30482641828957,441.2362404741744,457.0702794242167,439.62743437764607,0.9547894441473257
16.6282920089997,7.730921664911991,46.63748584023444,9.359999656677246,4.222578048706055,-2.7372097969055176,-0.1151420176029205,-2.1439990234375004,445.0465707027942,447.0787468247248,452.83657917019474,440.7281964436918,0.953637970165384
16.638292008999702,7.789786630817712,46.71244352680692,9.40999984741211,4.326018333435059,-2.156792163848877,-0.1255134493112564,-2.3039990234375005,439.88145639288734,448.6028789161727,452.83657917019474,443.0990685859441,0.9523817595786842
16.6482920089997,7.848828555810269,46.787426960998005,9.4399995803833,2.960326194763184,-1.6840286254882812,-0.1367752701044083,-2.4639990234375,438.61134631668074,449.11092294665536,445.6392887383573,440.98221845893306,0.9510143342796863
16.6582920089997,7.9081209994381565,46.86245311761914,9.460000038146973,2.2321588993072514,-1.8226593732833865,-0.1470788121223449,-2.527998046875,443.0990685859441,450.6350550381033,448.85690093141403,444.8772226926333,0.949544003423294
16.6682920089997,7.967834755048405,46.937583067121096,9.479999542236328,2.497275352478028,-2.521211624145508,-0.1558904349803924,-2.5919970703125,446.6553767993226,451.56646909398813,444.1998306519898,444.1151566469094,0.9479845058853611
16.6782920089997,8.027934715038173,47.01263009154236,9.519999504089355,2.229780673980713,-3.434980869293213,-0.1816664636135101,-2.7839990234375,446.74005080440304,452.4132091447925,448.264182895851,447.24809483488565,0.9461681461703532
16.6882920089997,8.068302268091873,47.088371395736736,9.550000190734863,2.1190350055694585,-3.1202208995819096,-0.2122745960950851,-2.9439990234375,443.18374259102455,454.8687552921253,452.1591871295512,448.0948348856901,0.9385151464160313
16.6982920089997,8.068302268091873,47.088371395736736,9.579999923706056,2.734071493148804,-3.146113634109497,-0.2380819022655487,-3.2639990234375,444.96189669771377,459.4411515664691,454.6994072819644,450.6350550381033,0.9385151464160313
16.7082920089997,8.190249709989455,47.23840697930001,9.609999656677246,2.8917825222015385,-4.333621978759766,-0.2674862146377563,-3.5519970703125,448.0948348856901,459.9491955969517,449.3649449618967,451.735817104149,0.9334597798897317
16.7182920089997,8.25206080100471,47.31345539901145,9.639999389648438,2.7479555606842045,-4.413792610168457,-0.2973887026309967,-3.9360009765625,451.82049110922947,462.15071972904315,450.6350550381033,454.95342929720573,0.930482775967897
16.7282920089997,8.314216732340704,47.38838340168604,9.65999984741211,2.720313549041748,-4.037796497344972,-0.3271028995513916,-4.287998046875001,446.90939881456393,462.15071972904315,451.05842506350547,455.20745131244706,0.9272137777645012
16.7382920089997,8.376998862035533,47.46338755947106,9.679999351501465,2.692289113998413,-4.478437900543214,-0.3519338965415954,-4.64,450.12701100762064,465.3683319220999,450.55038103302286,459.0177815410669,0.9236905824067292
16.748292008999698,8.44006173944923,47.53807001967833,9.719999313354492,2.3975186347961426,-4.512882709503175,-0.3709717988967895,-5.0239990234375,441.2362404741744,460.1185436071126,442.506350550381,454.10668924640134,0.9199886512537121
16.7582920089997,8.503509061565085,47.61247811789492,9.729999542236328,-1.0811554193496706,-4.648629188537598,-0.3857758939266205,-5.2160009765625,441.4055884843353,457.4089754445385,440.2201524132091,456.731583403895,0.9161273089240125
16.768292008999698,8.567126323873566,47.68624493888509,9.699999809265137,-2.045103073120117,-5.231285095214844,-0.4043769836425781,-5.44,440.05080440304823,472.56562235393733,432.8535139712108,468.5012701100762,0.9120861460406445
16.7782920089997,8.567126323873566,47.68624493888509,9.679999351501465,0.1709363460540771,-4.658905982971191,-0.4453937709331513,-5.5360009765625,432.4301439458086,471.80355630821333,427.68839966130395,464.9449618966977,0.9120861460406445
16.788292008999697,8.679803315889915,47.81589608674554,9.6899995803833,0.0582623481750488,-5.974961757659913,-0.503527581691742,-5.6000000000000005,432.0914479254869,472.6502963590178,432.0914479254869,461.64267569856054,0.9012867961891801
16.7982920089997,8.74463493104446,47.888336669887245,9.679999351501465,-0.3993363380432129,-7.400952816009522,-0.571007788181305,-5.8239990234375005,431.0753598645216,474.76714648602876,429.29720575783233,468.24724809483484,0.8955787658359046
16.808292008999697,8.810067987848512,47.960429775166695,9.649999618530272,-0.1190638542175293,-7.408969402313233,-0.63376122713089,-6.047998046874999,427.4343776460626,479.59356477561386,419.1363251481795,470.11007620660456,0.8892369287959782
16.8182920089997,8.875945444089831,48.03197422086848,9.65999984741211,-0.5117650032043457,-7.535037517547608,-0.7002320885658265,-6.4639990234375,423.45469940728196,480.1016088060965,421.6765453005927,472.56562235393733,0.8822356162782913
16.828292008999696,8.94242714860219,48.10309352000688,9.639999389648438,-0.3167891502380371,-7.813148975372315,-0.7654972076416016,-6.847998046874999,421.42252328535136,481.3717188823031,415.49534292972055,473.49703640982216,0.8745759062745551
16.838292008999698,9.00944196557958,48.17366624943043,9.65999984741211,-0.4614393711090088,-8.103828430175781,-0.8317977786064149,-7.36,413.8018628281118,482.98052497883145,409.1447925486875,477.05334462320064,0.8662551599965099
16.848292008999696,9.077017935160232,48.24364048654431,9.649999618530272,-0.3922896385192871,-8.550905227661133,-0.8923372030258179,-7.871997070312499,415.2413209144792,488.39966130397966,408.72142252328536,479.5088907705334,0.8573343494734587
16.858292008999697,9.145199887947296,48.31298522122817,9.649999618530272,-0.8184294700622559,-8.975093841552734,-0.9430298805236816,-8.96,426.3336155800169,491.5325994919559,398.8992379339543,471.8882303132938,0.8479047341691883
16.868292008999695,9.145199887947296,48.31298522122817,9.670000076293944,-0.5123562812805176,-8.164440155029297,-0.9799249172210692,-8.96,417.8662150719729,492.4640135478408,393.98814563928875,471.2955122777307,0.8479047341691883
16.878292008999697,9.268272047310562,48.44209178757759,9.679999351501465,-1.1029391288757324,-8.590921401977539,-0.9975675940513612,-9.343999023437501,425.4868755292125,493.4801016088061,391.61727349703636,469.51735817104145,0.8321548822182029
16.888292008999695,9.337843427151126,48.50957356164013,9.679999351501465,-0.5304336547851562,-9.32569217681885,-1.0164589881896973,-9.9519970703125,428.5351397121084,502.5402201524132,385.774767146486,466.46909398814563,0.8219936948279215
16.898292008999697,9.40803732732313,48.57642704826095,9.670000076293944,-0.8731656074523926,-9.045587539672852,-1.0271364450454714,-9.9519970703125,434.1236240474174,501.43945808636744,387.3835732430144,465.7917019475021,0.8117186668468268
16.908292008999695,9.478836998255105,48.64252303753563,9.649999618530272,-1.00559663772583,-9.405603408813477,-1.023529291152954,-10.176000976562499,426.164267569856,497.37510584250634,380.35563082133785,469.432684165961,0.8014824075828362
16.918292008999696,9.550430021838102,48.70797473231772,9.649999618530272,-1.1844978332519531,-9.866835594177248,-1.0294238328933718,-10.2719970703125,431.3293818797629,497.9678238780694,387.3835732430144,467.23116003386957,0.791164126562035
16.928292008999694,9.622515346858794,48.77257938123496,9.630000114440918,-0.906259059906006,-9.64240264892578,-1.0294795036315918,-10.367998046875,429.2125317527519,498.5605419136325,382.5571549534293,466.8924640135478,0.7808644324027915
16.938292008999696,9.695132378978789,48.83655287383298,9.649999618530272,-0.2249617576599121,-8.642478942871094,-1.0169962644577029,-10.4,439.20406435224385,498.98391193903467,379.8475867908552,463.9288738357324,0.770697874048307
16.948292008999694,9.768282558164708,48.89996165157523,9.649999618530272,-0.6723031997680664,-7.946301460266113,-1.0037254095077517,-10.367998046875,438.4419983065199,495.5969517358171,366.5537679932261,463.3361558001693,0.7606558433897822
16.958292008999695,9.8419713887433,48.96271213333149,9.670000076293944,0.045419692993164,-8.225141525268555,-0.9866154789924624,-10.367998046875,435.22438611346314,498.98391193903467,365.3683319220999,459.6951735817104,0.7507955786954715
16.968292008999693,9.8419713887433,48.96271213333149,9.65999984741211,-0.2978489398956299,-8.043478012084961,-0.9538123011589053,-10.3360009765625,429.805249788315,492.9720575783234,341.15156646909395,456.81625740897545,0.7507955786954715
16.978292008999695,9.97201083384822,49.06113075264046,9.65999984741211,-0.2646355628967285,-7.862884998321534,-0.9230726957321168,-10.1439990234375,429.55122777307366,493.4801016088061,329.3818797629128,454.5300592718035,0.7308664451763461
16.988292008999693,10.04708153677238,49.121511719728055,9.6899995803833,-0.4245824813842773,-8.38619899749756,-0.8921568393707275,-10.1439990234375,433.10753598645215,494.07281964436913,327.2650296359018,456.1388653683319,0.721942120102952
16.998292008999695,10.122599509470628,49.18104214453915,9.65999984741211,-1.1208629608154297,-8.87800693511963,-0.8650636672973633,-10.047998046875,433.4462320067739,495.76629974597796,340.1354784081287,449.1955969517358,0.7132958228721267
17.008292008999693,10.19858690385667,49.23992930378354,9.649999618530272,-1.434619426727295,-8.123525619506836,-0.8496642708778382,-9.92,429.9745977984758,496.2743437764606,348.0948348856901,453.0059271803556,0.7047951367514147
17.018292008999694,10.274944362220747,49.29813493496185,9.65999984741211,-1.1949357986450195,-7.814963340759277,-0.8544458150863647,-9.856000976562498,428.1964436917866,494.83488569009313,370.0254022015241,466.8077900084674,0.6962512978964528
17.028292008999692,10.351913034656668,49.35568011798634,9.639999389648438,-0.6036186218261719,-8.714467048645021,-0.877444088459015,-9.76,425.6562235393734,493.1414055884843,374.5977984758679,467.9085520745131,0.6874705894106372
17.038292008999694,10.42935606852337,49.41235571924563,9.619999885559082,-0.6077747344970703,-9.723270416259766,-0.9225213527679444,-9.8239990234375,424.13209144792546,495.5969517358171,392.2946655376799,468.077900084674,0.6782508833365597
17.04829200899969,10.507507541110384,49.46823481448432,9.630000114440918,-0.0955581665039062,-10.647989273071287,-0.9721187949180604,-9.856000976562498,418.20491109229465,494.5808636748518,403.0482641828958,470.8721422523285,0.6685320223700445
17.058292008999693,10.58633204824488,49.52334093247331,9.619999885559082,0.0113325119018554,-10.588359832763672,-1.0081593990325928,-10.016000976562498,419.30567315834037,496.2743437764606,401.0160880609653,472.81964436917866,0.6584485150828244
17.06829200899969,10.58633204824488,49.52334093247331,9.609999656677246,-0.3161435127258301,-9.954524993896484,-1.037348985671997,-10.176000976562499,419.7290431837426,496.5283657917019,395.5969517358171,473.49703640982216,0.6584485150828244
17.078292008999693,10.714572643502343,49.592333667742565,9.619999885559082,-0.1650605201721191,-10.805875778198242,-1.0609571933746338,-10.3360009765625,403.8103302286198,490.34716342082976,397.7984758679085,488.8230313293819,0.6309178575807319
17.08829200899969,10.794778915947324,49.643932653813245,9.609999656677246,-0.1373915672302246,-11.258743286132812,-1.0831596851348877,-10.4960009765625,401.1007620660457,493.64944961896697,396.0203217612193,492.8027095681625,0.6200880787769504
17.098292008999692,10.875674278926446,49.69475735828679,9.59999942779541,0.6356477737426758,-10.846893310546877,-1.1194100379943848,-10.7519970703125,388.4843353090601,496.35901778154107,390.26248941574937,489.83911939034715,0.6088950566251353
17.10829200899969,10.95717934350919,49.7447002857212,9.609999656677246,-0.1055192947387695,-11.049391746520998,-1.1671980619430544,-10.976000976562501,374.0050804403048,497.54445385266723,379.93226079593563,493.3107535986452,0.5972191911931246
17.118292008999692,11.039179877805571,49.793719482944745,9.609999656677246,-0.5544991493225098,-10.877521514892578,-1.2040182352066042,-11.2960009765625,372.81964436917866,497.7984758679085,382.30313293818796,491.1939034716342,0.5851793073837879
17.12829200899969,11.121766075762316,49.84186558906431,9.619999885559082,-0.1614737510681152,-10.86590576171875,-1.240756392478943,-11.6160009765625,365.7070279424217,503.47163420829804,376.20660457239626,494.4115156646909,0.5727720511111496
17.13829200899969,11.204906138861295,49.889154249649,9.619999885559082,-0.1906819343566894,-10.67679214477539,-1.2813602685928347,-11.9360009765625,354.3607112616427,504.57239627434376,378.74682472480947,494.7502116850127,0.5599563221445631
17.14829200899969,11.288574759657369,49.93555067113185,9.630000114440918,-0.4594497680664062,-10.782298088073732,-1.3325163125991824,-12.2560009765625,355.88484335309056,508.72142252328536,377.7307366638442,492.0406435224386,0.5466248177935197
17.15829200899969,11.37270542050072,49.98106355138057,9.59999942779541,-0.0064616203308105,-10.621623992919922,-1.390958905220032,-12.607998046875,341.32091447925484,518.4589331075359,387.8069432684166,496.78238780694323,0.5327218746154524
17.16829200899969,11.457455505990396,50.025685883552086,9.59999942779541,-0.0987119674682617,-11.1175012588501,-1.4524570703506472,-12.96,336.2404741744284,516.1727349703641,391.3632514817951,495.93564775613885,0.5181903919086377
17.17829200899969,11.54267788797592,50.06928641206887,9.609999656677246,-0.2314910888671875,-11.614492416381836,-1.5179059505462646,-13.2160009765625,326.3336155800169,521.8458933107536,392.12531752751903,501.0160880609653,0.5030153277458337
17.18829200899969,11.54267788797592,50.06928641206887,9.59999942779541,0.0730280876159668,-11.89912223815918,-1.5738372802734375,-13.4719970703125,323.87806943268413,519.0516511430991,390.8552074513124,504.4877222692633,0.5030153277458337
17.19829200899969,11.684891074976417,50.12906278088138,9.609999656677246,-0.5722908973693848,-12.95473861694336,-1.6179561614990234,-13.567998046875001,327.18035563082134,522.1845893310754,381.3717188823031,504.8264182895851,0.4797000888476599
17.20829200899969,11.77126080274119,50.16928440499189,9.609999656677246,-0.3499093055725097,-13.099254608154297,-1.6514395475387575,-13.6639990234375,331.16003386960205,522.0999153259949,380.9483488569009,500.42337002540216,0.46318885899259027
17.21829200899969,11.85800026020926,50.20815956402227,9.619999885559082,-2.0731043815612797,-13.599990844726562,-1.6658172607421875,-13.6639990234375,346.8247248094835,506.18120237087214,382.30313293818796,496.78238780694323,0.4465303051098555
17.228292008999688,11.94516944397847,50.24564735228467,9.59999942779541,-2.0155978202819824,-14.03030776977539,-1.6509459018707275,-13.6639990234375,383.2345469940728,517.4428450465707,393.9034716342083,500.76206604572394,0.4300228299166758
17.23829200899969,12.033240950182952,50.28198460290735,9.56999969482422,0.9259023666381836,-14.056320190429688,-1.6419349908828738,-13.6639990234375,394.24216765453,518.4589331075359,394.24216765453,497.88314987298895,0.4135882284220666
17.248292008999687,12.121827609110436,50.3172462794758,9.579999923706056,1.401547908782959,-12.597328186035156,-1.6355407238006592,-13.6639990234375,418.2895850973751,515.5800169348009,392.2946655376799,498.81456392887384,0.3972394658178143
17.25829200899969,12.211071669038796,50.35144152585094,9.619999885559082,1.4835734367370603,-12.402679443359377,-1.629995942115784,-13.567998046875001,434.4623200677392,522.0999153259949,392.71803556308214,498.98391193903467,0.3809395219415091
17.268292008999687,12.300926908733585,50.38463797172459,9.639999389648438,1.7041511535644531,-11.776653289794922,-1.6237314939498904,-13.4719970703125,433.7002540220152,521.930567315834,393.64944961896697,496.10499576629974,0.36470028684834216
17.27829200899969,12.300926908733585,50.38463797172459,9.65999984741211,1.920094966888428,-10.771934509277344,-1.6146608591079714,-13.247998046875,446.9940728196444,522.6079593564775,395.1735817104149,501.43945808636744,0.36470028684834216
17.288292008999687,12.346477267436594,50.36142104321668,9.65999984741211,1.920094966888428,-10.771934509277344,-1.6146608591079714,-13.056000976562501,458.5097375105842,529.2125317527518,395.5969517358171,498.64521591871295,0.3565957781929598
17.298292008999688,12.527568988158642,50.42161818464547,9.6899995803833,2.03026819229126,-11.90679168701172,-1.6132724285125732,-12.8,464.86028789161725,532.1761219305673,396.61303979678235,500.76206604572394,0.32430587631807
17.308292008999686,12.619242364640678,50.45018210417449,9.710000038146973,2.564292907714844,-11.967530250549318,-1.6128010749816897,-12.5439990234375,461.8120237087214,537.2565622353937,400.93141405588483,506.350550381033,0.308148272775091
17.318292008999688,12.711619915099044,50.47756099645337,9.729999542236328,3.143036365509033,-12.88625144958496,-1.6115497350692751,-12.287998046875,460.37256562235393,541.9983065198984,415.49534292972055,502.2861981371719,0.29200896894265904
17.328292008999686,12.80449750196392,50.50369937121883,9.75,3.18387508392334,-13.097382545471191,-1.6016980409622197,-12.0639990234375,466.46909398814563,541.744284504657,414.98729889923794,501.43945808636744,0.2760015506722966
17.338292008999687,12.898111976904554,50.52874616396327,9.769999504089355,4.260678291320801,-12.5490140914917,-1.5783551931381228,-11.9039990234375,467.31583403895,544.4538526672311,419.64436917866215,506.9432684165961,0.2602387107994189
17.348292008999685,12.992657768299438,50.55252631520302,9.84000015258789,3.787036418914795,-13.80116081237793,-1.5601325035095217,-11.7439990234375,464.86028789161725,535.8171041490262,425.14817950889073,506.7739204064352,0.24462289402449358
17.358292008999687,12.992657768299438,50.55252631520302,9.889999389648438,3.339451789855957,-13.03817653656006,-1.5354584455490117,-11.6160009765625,468.67061812023707,539.8814563928873,425.4868755292125,505.7578323454699,0.24462289402449358
17.368292008999685,13.168417897902902,50.60386036235018,9.920000076293944,3.8583083152771,-12.91451644897461,-1.514759540557861,-11.52,480.0169348010161,544.7078746824725,429.6359017781541,507.70533446232,0.20880208525224903
17.378292008999686,13.264479839072091,50.6240620486083,9.960000038146973,4.108991146087647,-12.155828475952148,-1.5005443096160889,-11.2319970703125,491.78662150719725,545.8933107535986,428.8738357324301,509.0601185436071,0.19380667368037496
17.388292008999684,13.36125316390184,50.64325270311587,10.0,4.017491340637207,-11.464118957519531,-1.484371304512024,-11.007998046875,493.22607959356475,545.6392887383573,431.7527519051651,507.95935647756136,0.17895731236416598
17.398292008999686,13.458557635439792,50.66151419876122,10.039999961853027,4.297571182250977,-10.393335342407228,-1.4653733968734743,-10.4960009765625,503.30228619813715,546.14733276884,435.4784081287045,510.66892464013546,0.16431127855967004
17.408292008999684,13.556503020466948,50.678895906159006,10.09000015258789,4.141546249389648,-9.763545989990234,-1.4380247592926023,-9.9839990234375,505.6731583403895,557.9170194750211,432.6841659610499,513.1244707874682,0.14992727331079875
17.418292008999686,13.655178997564304,50.69527543155368,10.149999618530272,5.337136745452882,-10.291788101196287,-1.398051142692566,-9.247998046874999,502.5402201524132,554.4453852667231,433.8696020321761,516.342082980525,0.13594644189536081
17.428292008999684,13.75447599041114,50.71056040569257,10.179999351501465,4.346981048583984,-10.962536811828617,-1.360455393791199,-8.5119970703125,501.9475021168501,559.61049957663,434.2929720575783,517.3581710414902,0.12233087276513724
17.438292008999685,13.85435972852574,50.72461510329324,10.219999313354492,5.172796726226808,-12.016775131225586,-1.3293836116790771,-7.871997070312499,497.4597798475868,563.5055038103302,435.22438611346314,518.289585097375,0.1090430713716202
17.448292008999683,13.954978112809188,50.73730108689208,10.279999732971191,4.777342796325684,-13.488976478576662,-1.311767458915711,-7.2,495.76629974597796,563.2514817950889,439.20406435224385,519.4750211685013,0.09591540130097523
17.458292008999685,14.056002632151566,50.74868686610555,10.279999732971191,4.766733169555664,-13.131240844726562,-1.2809461355209353,-6.271997070312499,492.2099915325995,566.5537679932261,442.08298052497884,521.0838272650296,0.0831209168283395
17.468292008999683,14.13945266634005,50.77166820837967,10.329999923706056,5.044885635375977,-11.913290023803713,-1.2645229101181032,-6.271997070312499,491.3632514817951,569.5173581710415,444.96189669771377,521.6765453005927,0.06352149878681579
17.478292008999684,14.241303670710694,50.780779240102525,10.369999885559082,4.757380485534668,-11.418810844421388,-1.2582691907882693,-6.047998046874999,504.57239627434376,559.7798475867909,448.6028789161727,524.2167654530059,0.05094211882100165
17.488292008999682,14.343756650937037,50.78875443739089,10.369999885559082,4.531023025512695,-11.556560516357422,-1.2555115222930908,-5.76,507.6206604572396,563.4208298052498,446.57070279424215,526.0795935647756,0.038378035453366106
17.498292008999684,14.446535084384484,50.795529405110194,10.479999542236328,4.580572128295898,-11.785781860351562,-1.2424428462982178,-5.76,508.12870448772225,558.0016934801016,447.67146486028787,526.2489415749365,0.025966652583395436
17.508292008999682,14.549919064768176,50.80106735232344,10.519999504089355,4.327401161193848,-12.287058830261232,-1.2402684688568115,-5.76,516.7654530059272,568.4165961049957,450.4657070279424,531.752751905165,0.01355865706812038
17.518292008999683,14.653851243254731,50.80543842822098,10.519999504089355,4.453189849853516,-11.92412567138672,-1.2419569492340088,-5.76,519.5596951735816,570.2794242167654,448.7722269263336,533.7849280270957,0.0011242941394475718
17.52829200899968,14.7580255861984,50.80866181750572,10.59000015258789,4.408491611480714,-11.500537872314451,-1.2333837747573857,-5.727998046875,522.6079593564775,571.549534292972,448.6028789161727,536.4944961896698,-0.011200709997449916
17.538292008999683,14.862746751305531,50.8106565516826,10.630000114440918,4.619181156158448,-11.894432067871094,-1.2192541360855105,-5.727998046875,518.1202370872142,576.1219305673158,449.8729889923793,539.0347163420829,-0.023394693194784957
17.54829200899968,14.967856736697785,50.81142431086778,10.630000114440918,4.600703716278077,-11.935550689697266,-1.2019280195236208,-5.6960009765625,514.225232853514,577.3920406435224,451.98983911939035,539.7121083827265,-0.03541052318389513
17.558292008999683,14.967856736697785,50.81142431086778,10.710000038146973,4.331341266632081,-11.701763153076172,-1.1926956176757812,-5.6960009765625,516.6807790008468,582.5571549534293,451.735817104149,540.0508044030482,-0.03541052318389513
17.56829200899968,15.163167229614524,50.83958863763111,10.710000038146973,4.1492581367492685,-12.488515853881836,-1.1869200468063357,-5.6960009765625,503.5563082133785,589.3310753598645,457.8323454699407,547.6714648602879,-0.06105973166926138
17.578292008999682,15.268873431269416,50.83693567995656,10.710000038146973,4.233523368835449,-13.478278160095217,-1.1864409446716309,-5.856000976562499,499.32260795935645,587.0448772226927,458.5097375105842,547.0787468247248,-0.07290744049690623
17.58829200899968,15.375159721879086,50.83285019525222,10.789999961853027,4.350786209106445,-13.85471534729004,-1.195629954338074,-5.856000976562499,504.57239627434376,585.6054191363252,458.848433530906,547.502116850127,-0.0848742758724804
17.59829200899968,15.481707018813868,50.827366629014485,10.829999923706056,4.2487454414367685,-13.794538497924805,-1.2062069177627566,-5.92,497.54445385266723,579.5935647756139,455.8001693480101,543.6071126164268,-0.09694237277175063
17.60829200899968,15.588251153618277,50.82037576794865,10.84000015258789,3.500265598297119,-14.565235137939451,-1.2075778245925906,-6.047998046874999,500.76206604572394,576.2912785774766,462.57408975444537,545.6392887383573,-0.10900518359680779
17.61829200899968,15.695122694553833,50.8119659457599,10.869999885559082,3.349245071411133,-14.080354690551758,-1.2114161252975466,-6.1439990234375,501.7781541066892,577.6460626587638,458.5097375105842,548.2641828958509,-0.12112366565848819
17.62829200899968,15.802011183741753,50.802241218248696,10.889999389648438,2.801475048065185,-13.390483856201172,-1.2163968086242676,-6.24,507.6206604572396,574.428450465707,459.1024555461473,547.6714648602879,-0.13328327197028583
17.63829200899968,15.909126730661985,50.79121593469125,10.90999984741211,3.3996095657348637,-12.918379783630373,-1.225492238998413,-6.367998046874999,514.9026248941575,579.9322607959356,461.5580016934801,552.3285351397121,-0.14553701395259205
17.64829200899968,16.016358312504835,50.77897881026362,10.949999809265137,3.032033443450928,-12.220489501953123,-1.2311087846755984,-6.496000976562499,518.7976291278577,587.5529212531752,459.7798475867908,553.259949195597,-0.15784750302016534
17.65829200899968,16.12383398673308,50.76551345366527,11.0,3.9181008338928223,-11.94291877746582,-1.2386889457702637,-6.5600000000000005,523.0313293818797,588.48433530906,456.9009314140559,552.1591871295512,-0.17023349468543436
17.66829200899968,16.224381483613463,50.78073615991404,11.010000228881836,2.801328659057617,-11.470272064208984,-1.241487860679627,-6.656000976562499,522.8619813717189,596.1049957662997,458.93310753598644,558.6790855207452,-0.18186160377413382
17.67829200899968,16.224381483613463,50.78073615991404,11.029999732971191,3.75910496711731,-10.947779655456545,-1.2498598098754885,-6.72,522.5232853513971,608.2980524978831,461.04995766299743,563.3361558001693,-0.18186160377413382
17.688292008999678,16.439972934456367,50.74928600614164,11.029999732971191,3.3871254920959477,-11.232553482055664,-1.253217697143555,-6.7839990234375005,521.7612193056731,609.3988145639288,464.436917866215,565.1143099068586,-0.2069243279458094
17.69829200899968,16.547746939945096,50.73160757519367,11.09000015258789,3.556976318359375,-12.74477767944336,-1.264548182487488,-6.847998046874999,512.6164267569856,620.9144792548688,468.83996613039795,567.7392040643522,-0.21956829025210878
17.708292008999678,16.65553506827379,50.71257339156392,11.139999389648438,3.1634163856506348,-13.175024032592772,-1.2824546098709109,-6.911997070312499,497.6291278577477,608.9754445385266,474.51312447078743,554.8687552921253,-0.23239282412037754
17.71829200899968,16.7630761492246,50.69196611248752,11.139999389648438,1.918968677520752,-15.149770736694336,-1.3067810535430908,-6.9439990234375,490.6011854360711,600.7620660457239,472.6502963590178,549.9576629974598,-0.24545999907160918
17.728292008999677,16.870084246869528,50.66989031288433,11.130000114440918,-0.2498855590820312,-15.402668952941896,-1.305207133293152,-6.976000976562499,479.42421676545297,574.5131244707875,475.10584250635054,546.2320067739204,-0.25850832372955357
17.73829200899968,16.976535987870896,50.64639002262339,11.119999885559082,-1.8710856437683103,-15.060762405395508,-1.2717607021331787,-7.007998046874999,476.03725656223537,552.8365791701947,468.9246401354784,551.735817104149,-0.2712331956955397
17.748292008999677,17.082143955737944,50.621546974561085,11.09999942779541,-3.117323875427246,-14.88601589202881,-1.236643433570862,-7.04,475.6985605419136,552.8365791701947,468.9246401354784,551.0584250635055,-0.2835975543663057
17.75829200899968,17.18711664039537,50.59524243610382,11.06999969482422,-2.516207218170166,-15.31577491760254,-1.2084367275238037,-7.071997070312499,480.1016088060965,557.1549534292972,471.0414902624894,560.7959356477561,-0.29568219823076025
17.768292008999676,17.291658034068135,50.56749999791297,11.039999961853027,-0.7580714225769043,-15.021652221679688,-1.1957128047943115,-7.071997070312499,486.8755292125317,568.1625740897545,467.73920406435224,549.9576629974598,-0.3076390297953496
17.778292008999678,17.39586013454025,50.53852502760354,11.010000228881836,-0.0036416053771972,-13.596982955932615,-1.2054181098937988,-7.071997070312499,491.0245554614733,569.0093141405588,468.3319220999153,550.8890770533446,-0.3196943489748167
17.788292008999676,17.39586013454025,50.53852502760354,11.010000228881836,1.4327974319458008,-11.459065437316896,-1.222034931182861,-7.071997070312499,500.93141405588483,580.6096528365791,466.97713801862824,552.9212531752752,-0.3196943489748167
17.798292008999677,17.59974462726877,50.49112066280563,11.029999732971191,1.7235164642333984,-11.454376220703123,-1.246350407600403,-7.071997070312499,509.4834885690093,592.2946655376799,465.5376799322608,553.5986452159187,-0.34176197989237056
17.808292008999675,17.59974462726877,50.49112066280563,11.029999732971191,1.7235164642333984,-11.454376220703123,-1.246350407600403,-7.1039990234375,515.0719729043184,592.9720575783234,463.6748518204911,551.9051651143099,-0.34176197989237056
17.818292008999677,17.807123320020878,50.426125883370815,11.039999961853027,1.9120173454284668,-11.242652893066406,-1.2828956842422488,-7.1039990234375,511.93903471634206,606.350550381033,468.3319220999153,552.1591871295512,-0.36730284788314077
17.828292008999675,17.910401880247697,50.39184444431264,11.050000190734863,2.29013729095459,-12.271451950073242,-1.2994356155395508,-7.1039990234375,506.01185436071125,607.8746824724809,468.077900084674,552.4132091447925,-0.38029564259818716
17.838292008999677,18.013242615254367,50.35615050627668,11.09000015258789,2.232861042022705,-13.98480224609375,-1.3129613399505615,-7.1039990234375,504.995766299746,607.6206604572396,471.54953429297206,552.3285351397121,-0.3934114699637259
17.848292008999675,18.11582909021236,50.31916943817999,11.09000015258789,1.4924449920654297,-13.278076171875,-1.3107296228408816,-7.1039990234375,497.54445385266723,609.1447925486875,467.73920406435224,556.4775613886536,-0.40652250371957416
17.858292008999676,18.218082965376308,50.28088081045996,11.09999942779541,1.868072509765625,-13.30027484893799,-1.310726284980774,-7.1039990234375,495.5122777307366,593.9881456392887,467.4851820491109,537.7646062658764,-0.4196341290903004
17.868292008999674,18.218082965376308,50.28088081045996,11.09999942779541,0.5346503257751465,-13.32793426513672,-1.2992314100265503,-7.1039990234375,503.7256562235394,598.0524978831498,466.29974597798474,542.4216765453006,-0.4196341290903004
17.878292008999676,18.43218786019749,50.20790475549337,11.09999942779541,0.603114128112793,-12.37126922607422,-1.276078462600708,-7.1039990234375,518.3742591024555,600.3386960203218,463.5055038103302,542.8450465707027,-0.4447377578004772
17.888292008999674,18.533189172801645,50.166059181586526,11.119999885559082,1.2599992752075195,-13.536700248718263,-1.2627999782562256,-7.647998046874999,525.4868755292125,596.9517358171041,462.8281117696867,543.268416596105,-0.45737176703957033
17.898292008999675,18.633611323829506,50.1228781202723,11.119999885559082,1.6467819213867188,-14.031203269958498,-1.2453659772872927,-7.616000976562499,534.4623200677391,594.0728196443691,461.5580016934801,544.4538526672311,-0.4698182888944255
17.908292008999673,18.733502723621143,50.07833743727904,11.119999885559082,1.4586262702941897,-14.215703964233398,-1.2239841222763064,-7.327998046874999,541.3209144792548,592.8027095681625,468.5859441151566,549.5342929720575,-0.48205169839215045
17.918292008999675,18.83306722924761,50.03232092576968,11.119999885559082,1.4081578254699707,-14.382177352905272,-1.2016285657882693,-7.327998046874999,541.4055884843353,594.3268416596105,470.194750211685,548.8569009314141,-0.49408974587413
17.928292008999673,18.931859670551347,49.98519595975094,11.130000114440918,1.9476494789123533,-13.582345962524414,-1.1996454000473025,-7.1039990234375,561.2193056731583,591.7866215071973,482.5571549534293,551.2277730736664,-0.5060667392267771
17.938292008999674,19.030386181226856,49.93675416618582,11.130000114440918,2.260426998138428,-13.185903549194336,-1.2067795991897583,-6.431997070312499,572.2269263336156,598.5605419136325,481.03302286198135,554.2760372565622,-0.5181330851165409
17.948292008999672,19.12852377351178,49.88719193015762,11.149999618530272,2.1496376991271973,-12.308435440063477,-1.226098418235779,-6.431997070312499,577.1380186282811,602.5402201524132,485.6054191363251,554.6994072819645,-0.5303934729566278
17.958292008999674,19.2348371770651,49.84741232389623,11.170000076293944,3.0732874870300293,-12.699277877807615,-1.2490448951721191,-6.08,582.6418289585097,614.3945808636748,484.25063505503806,558.086367485182,-0.5459075576404994
17.968292008999672,19.33236171902176,49.79545419216767,11.170000076293944,2.7544374465942383,-12.56826686859131,-1.2731012105941777,-5.76,583.2345469940728,623.2853513971211,483.8272650296359,557.9170194750211,-0.5586506988444693
17.978292008999674,19.429403533701056,49.74255806474384,11.229999542236328,3.3614404201507573,-11.221160888671877,-1.294236779212952,-5.4719970703125,582.3878069432684,624.3861134631668,484.3353090601185,563.6748518204911,-0.571572688667596
17.98829200899967,19.52634289184364,49.68853519943616,11.269999504089355,3.4603285789489746,-10.669143676757812,-1.3160940408706667,-5.2160009765625,578.2387806943268,635.7324301439457,486.53683319221,569.4326841659611,-0.5847333027437807
17.998292008999673,19.623180469028703,49.63320565566824,11.269999504089355,4.6952862739563,-11.303842544555664,-1.3274582624435427,-5.0239990234375,562.9127857747671,639.2887383573243,488.3149872988992,577.900084674005,-0.5980198993556722
18.00829200899967,19.71952097491698,49.576650046714285,11.34000015258789,4.663187980651856,-12.300705909729006,-1.3304922580718994,-5.0239990234375,558.3403895004234,637.4259102455546,488.4843353090601,579.3395427603725,-0.6113146583974705
18.018292008999673,19.8157229697982,49.51865499923212,11.399999618530272,5.314619064331055,-12.51181983947754,-1.3259736299514773,-5.0239990234375,544.0304826418289,623.5393734123624,492.0406435224386,579.9322607959356,-0.6245816531967373
18.02829200899967,19.911476458787785,49.45923464685077,11.399999618530272,4.472938060760499,-13.481218338012695,-1.3059283494949343,-4.9919970703125,540.38950042337,617.1041490262489,494.4115156646909,580.186282811177,-0.637655246686132
18.038292008999672,20.00654606123447,49.39844349598359,11.460000038146973,4.359605312347413,-14.200885772705078,-1.2731101512908936,-4.9919970703125,543.3530906011854,613.2938187976291,496.0203217612193,577.4767146486029,-0.6503814795279037
18.04829200899967,20.10100155786828,49.33642576916462,11.489999771118164,3.4003310203552246,-13.521940231323242,-1.24902081489563,-4.9919970703125,543.3530906011854,603.8103302286198,502.45554614733277,577.0533446232007,-0.6628624442824624
18.058292008999672,20.194989850691915,49.27291828211824,11.489999771118164,3.3359899520874023,-14.11081409454346,-1.217513084411621,-4.9919970703125,557.1549534292972,599.3226079593564,514.3945808636748,579.6782387806943,-0.6750517871247106
18.06829200899967,20.194989850691915,49.27291828211824,11.519999504089355,2.634318828582764,-13.972112655639648,-1.1782878637313845,-4.9919970703125,561.6426756985605,602.0321761219305,519.3903471634208,580.3556308213379,-0.6750517871247106
18.07829200899967,20.385246281564672,49.15498297303713,11.559999465942385,3.797007560729981,-14.143670082092289,-1.137372970581055,-4.927998046875,571.3801862828111,602.1168501270109,532.5994919559695,578.9161727349704,-0.6950389597688078
18.08829200899967,20.4774245801178,49.08792910331321,11.559999465942385,3.3486552238464355,-13.760711669921877,-1.1192338466644287,-4.767998046875,592.4640135478408,604.826418289585,551.9898391193904,582.3031329381879,-0.7062360907921875
18.09829200899967,20.569233894644032,49.01946832288193,11.609999656677246,4.715631961822511,-13.157842636108398,-1.0963758230209353,-4.767998046875,595.7662997459779,609.8221845893311,555.4614733276884,585.012701100762,-0.7172131697812026
18.10829200899967,20.660458887911595,48.94970678913699,11.670000076293944,5.419278144836426,-13.227795600891117,-1.0764299631118777,-4.7039990234375,605.7578323454699,613.5478408128704,553.1752751905165,588.7383573243014,-0.7279751493785644
18.11829200899967,20.75117788095811,48.8787040779844,11.6899995803833,5.26161813735962,-12.610235214233398,-1.0525983572006228,-4.5119970703125,606.5198983911939,616.2574089754445,555.8848433530906,592.4640135478408,-0.7384923393470464
18.12829200899967,20.841650600058863,48.806173612062025,11.739999771118164,6.223517417907715,-12.6610803604126,-1.0213162899017334,-4.3519970703125,603.5563082133784,628.0270956816257,537.1718882303132,606.6045723962743,-0.7487123105278349
18.13829200899967,20.9315506408997,48.73220600035344,11.739999771118164,6.590670585632324,-13.591736793518068,-0.9989653825759888,-4.127998046875001,597.3751058425063,627.688399661304,531.4987298899238,609.9068585944115,-0.7586983822481119
18.148292008999668,21.021167114491075,48.656983344274096,11.859999656677246,6.27820920944214,-11.83271598815918,-0.9893017411231996,-3.9679980468750005,597.121083827265,634.038950042337,532.0067739204064,617.8662150719729,-0.7685916260925431
18.15829200899967,21.11051735050871,48.58048952748066,11.90999984741211,6.516761779785156,-11.249992370605469,-0.9878873825073242,-3.7439990234375,601.1854360711261,639.8814563928873,533.4462320067739,614.7332768839966,-0.7784730813341546
18.168292008999668,21.19951919583083,48.50277086610002,11.90999984741211,7.161577224731445,-11.198070526123049,-0.998182237148285,-3.52,604.4030482641829,633.3615580016934,536.8331922099915,613.6325148179509,-0.7884460887341751
18.17829200899967,21.19951919583083,48.50277086610002,12.039999961853027,5.811239242553711,-11.027385711669922,-0.9898171424865724,-3.2960009765625,611.4309906858595,632.5994919559695,543.5224386113463,609.6528365791702,-0.7884460887341751
18.188292008999667,21.370460262711998,48.34896639732139,12.09000015258789,6.089025497436523,-10.461864471435549,-0.9791934490203856,-3.0719970703125,623.8780694326841,629.7205757832345,551.9898391193904,612.9551227773073,-0.814082422356765
18.19829200899967,21.457806296850052,48.267532315053415,12.09000015258789,5.505464553833008,-11.985612869262695,-0.9524275660514832,-2.88,628.1117696867061,625.7408975444538,552.8365791701947,615.4953429297206,-0.8236032827878178
18.208292008999667,21.54464943533301,48.18459027055703,12.179999351501465,6.34970760345459,-13.04885768890381,-0.920003056526184,-2.687998046875,620.1524132091448,627.2650296359018,564.7756138865368,611.5156646909398,-0.8328065947665695
18.21829200899967,21.630741394470707,48.10020313971142,12.219999313354492,6.310400009155273,-14.239805221557615,-0.8884150981903076,-2.4960009765624998,625.3175275190516,634.2082980524979,576.6299745977984,611.0922946655377,-0.841689042758563
18.228292008999667,21.7160876512107,48.014073358696805,12.219999313354492,7.480072021484375,-15.93507194519043,-0.8582486510276796,-2.3360009765624996,623.2853513971211,631.3293818797629,576.6299745977984,609.991532599492,-0.8502696794821277
18.238292008999668,21.800809737687366,47.92620631274868,12.369999885559082,7.467721462249757,-15.686817169189451,-0.8068081140518188,-2.1439990234375004,617.696867061812,634.2929720575783,576.0372565622354,611.0922946655377,-0.8583456396081349
18.248292008999666,21.88465213063848,47.837067459289685,12.429999351501465,6.919974327087402,-14.759987831115724,-0.7628014087677002,-1.9839990234375002,615.3259949195597,640.1354784081287,578.4928027095681,617.9508890770534,-0.865963825655658
18.258292008999668,21.968004827103552,47.74629674220693,12.429999351501465,7.202794075012207,-14.145094871520998,-0.7192674279212953,-1.76,614.225232853514,646.0626587637595,576.2066045723963,619.4750211685013,-0.873158379429302
18.268292008999666,22.05091887476153,47.654250133126006,12.559999465942385,7.210081577301026,-12.106698989868164,-0.6838845610618592,-1.567998046875,623.2006773920406,636.6638441998306,586.1134631668077,623.7933954276037,-0.8799975446194597
18.278292008999667,22.13325523751642,47.56091587217142,12.559999465942385,7.101489067077637,-12.16870975494385,-0.6502260565757753,-1.3760009765625,643.3530906011854,634.2082980524979,591.9559695173582,616.5961049957663,-0.8864959233348662
18.288292008999665,22.13325523751642,47.56091587217142,12.649999618530272,6.506523609161378,-9.760953903198242,-0.6122424006462098,-1.0560009765625,652.3285351397121,638.0186282811177,594.4961896697714,619.3903471634208,-0.8864959233348662
18.298292008999667,22.13325523751642,47.56091587217142,12.799999237060549,6.803843021392823,-8.637001037597656,-0.5469557642936708,-0.7360009765625,652.5825571549534,638.5266723116004,610.3302286198137,623.8780694326841,-0.8864959233348662
18.308292008999665,22.3794493958614,47.29502722332672,12.84999942779541,5.342339038848878,-7.290427684783936,-0.4851912260055542,-0.38399902343750003,654.0220152413209,640.6435224386113,642.2523285351397,630.4826418289584,-0.9057088007378667
18.318292008999666,22.46068827173134,47.19807399081099,12.84999942779541,5.698225975036621,-6.453396797180176,-0.430925339460373,0.0,658.5944115156647,640.0508044030482,649.3649449618966,632.3454699407282,-0.9100178445416319
18.328292008999664,22.541585090844197,47.10009649150264,12.960000038146973,5.981847286224366,-7.689177036285401,-0.3780916929244995,0.352001953125,646.9940728196443,636.7485182049111,663.4208298052498,638.272650296359,-0.9137981268565244
18.338292008999666,22.62221550373352,47.000767866840896,13.00999927520752,7.451961994171143,-8.777790069580078,-0.295475035905838,0.672001953125,640.3048264182895,637.4259102455546,649.7883149872989,632.5148179508891,-0.9167543537792158
18.348292008999664,22.70230498092045,46.89995574624336,13.00999927520752,8.901045799255373,-10.982319831848146,-0.2009112536907196,0.96,638.0186282811177,638.5266723116004,644.1998306519898,628.281117696867,-0.9187626500834982
18.358292008999666,22.781938116100893,46.79780830950116,13.170000076293944,7.873793601989746,-10.687348365783691,-0.1076270118355751,1.2480029296875,629.6359017781541,636.6638441998306,629.2972057578323,632.1761219305673,-0.9198388678548843
18.368292008999664,22.861160920129453,46.694587919699046,13.229999542236328,6.565526962280273,-9.467824935913086,-0.0373047553002834,1.3760009765625,642.4216765453006,629.8899237933954,636.0711261642675,625.1481795088907,-0.9202119328404146
18.378292008999665,22.94009204523105,46.590624459633545,13.229999542236328,5.092119693756104,-7.084890842437745,0.0344589836895465,1.5680029296875,647.8408128704488,629.9745977984759,636.3251481795089,623.5393734123624,-0.9198673844104555
18.388292008999663,22.94009204523105,46.590624459633545,13.299999237060549,5.092119693756104,-7.084890842437745,0.0344589836895465,1.7280029296875001,650.8890770533446,634.9703640982218,644.1151566469093,622.692633361558,-0.9198673844104555
18.398292008999665,23.114821081520688,46.40867030885591,13.469999313354492,7.098678588867188,-0.9598948955535888,0.2086998522281646,1.7280029296875001,660.203217612193,631.3293818797629,653.4292972057578,626.333615580017,-0.9248453048447738
18.408292008999663,23.194473301293176,46.30318287992922,13.469999313354492,6.171622276306152,0.6595163345336914,0.2828705906867981,1.7280029296875001,661.3886536833191,632.9381879762913,656.6469093988145,627.6037256562236,-0.9220174783764258
18.418292008999664,23.27485130509385,46.19713759849198,13.59999942779541,6.858848571777344,2.400138139724732,0.3487036228179931,1.7280029296875001,669.3480101608806,634.7163420829805,661.7273497036409,629.9745977984759,-0.9185272862516961
18.428292008999662,23.35574439212588,46.09103295768053,13.670000076293944,6.816085815429688,3.709707260131836,0.3980650901794433,1.7280029296875001,677.307366638442,635.7324301439457,663.5901778154107,635.5630821337849,-0.9145525233251641
18.438292008999664,23.43754331198688,45.98436112208914,13.75,7.11419677734375,4.06569766998291,0.4376826584339142,1.7280029296875001,679.0008467400507,641.5749364944961,669.4326841659611,640.9822184589331,-0.9101731964746315
18.448292008999662,23.52001085935581,45.87758810931201,13.75,6.73564100265503,4.715426921844483,0.4680220484733581,1.7280029296875001,694.6655376799322,635.393734123624,675.6138865368332,648.3488569009314,-0.9054959932524023
18.458292008999663,23.603655221493053,45.77037167596792,13.869999885559082,6.8568315505981445,6.10849666595459,0.4895117580890656,1.7280029296875001,692.0406435224386,631.160033869602,680.0169348010161,647.0787468247248,-0.900590259848358
18.46829200899966,23.603655221493053,45.77037167596792,13.929999351501465,5.653842449188233,7.855972766876222,0.5330361723899842,1.7280029296875001,694.7502116850127,641.6596104995766,685.8594411515664,652.4132091447925,-0.900590259848358
18.478292008999663,23.79874636868348,45.56897401075916,13.929999351501465,6.947285175323487,8.578632354736328,0.5855194926261903,1.7280029296875001,697.121083827265,644.623200677392,687.8069432684166,663.082133784928,-0.8967700292846985
18.48829200899966,23.88540565562641,45.46200868277523,14.079999923706056,6.236049652099609,8.588382720947266,0.6134743094444276,5.0239990234375,697.5444538526672,643.861134631668,690.008467400508,666.2997459779847,-0.8906325130310112
18.498292008999663,23.97309534002376,45.35521383222497,14.139999389648438,6.374839305877686,9.141080856323242,0.6389307975769043,5.312001953125,702.4555461473327,651.9898391193904,696.9517358171041,682.7265029635902,-0.884246257808019
18.50829200899966,24.06202912556444,45.2483961378428,14.139999389648438,6.993595123291016,9.5018310546875,0.6555116176605225,5.856000976562499,704.7417442845046,651.5664690939881,698.1371718882302,692.9720575783234,-0.8776906790244144
18.518292008999662,24.152078681255965,45.14160194478477,14.269999504089355,6.559088706970215,9.085201263427734,0.6679624915122987,5.856000976562499,711.2616426756986,654.1066892464013,698.475867908552,696.8670618120237,-0.8710077161314477
18.52829200899966,24.243292296998224,45.0347886285466,14.329999923706056,7.09539556503296,8.997430801391602,0.6829556226730347,6.08,715.2413209144793,668.670618120237,706.4352243861134,716.6807790008467,-0.8641734443679243
18.53829200899966,24.335481189084607,44.92815115345661,14.329999923706056,7.267481327056886,8.796598434448242,0.6939557194709779,6.5600000000000005,721.6765453005927,665.961049957663,715.9187129551227,732.9381879762913,-0.8572406773206924
18.54829200899966,24.428946356987694,44.82142496821346,14.449999809265137,6.585134029388429,8.923934936523438,0.6901177167892456,6.5600000000000005,729.0431837425909,668.5859441151566,721.16850127011,738.0186282811177,-0.8503327607219721
18.55829200899966,24.428946356987694,44.82142496821346,14.5,7.81605100631714,7.788333415985108,0.6908578276634217,6.656000976562499,740.3048264182895,682.4724809483488,735.6477561388654,761.6426756985605,-0.8503327607219721
18.56829200899966,24.639473424189383,44.61400811787704,14.5,7.333818435668945,6.895504951477051,0.6803267598152162,6.752001953125,748.9415749364945,684.9280270956816,746.4860287891617,777.9847586790855,-0.8340418211891673
18.57829200899966,24.736499438815333,44.5072972700527,14.619999885559082,8.917062759399414,7.12391233444214,0.6723394393920898,6.816000976562499,745.5546147332768,684.6740050804402,755.2921253175275,781.2023708721422,-0.8273270893107209
18.58829200899966,24.835096514979824,44.400178348270266,14.710000038146973,9.744730949401855,8.130810737609865,0.6619399189949037,6.88,736.2404741744284,688.9923793395427,754.1066892464013,789.1617273497036,-0.8207004367698758
18.59829200899966,24.93489336011437,44.29329568869591,14.710000038146973,9.509296417236328,9.49159049987793,0.6497690677642822,6.976000976562499,734.9703640982218,694.6655376799322,754.8687552921252,780.77900084674,-0.8142086391355932
18.60829200899966,25.03624040724245,44.186403592364655,14.880000114440918,8.623443603515625,10.374547958374023,0.6243550181388856,6.976000976562499,741.9983065198984,693.8187976291279,761.2193056731583,781.2870448772227,-0.8079600337420842
18.61829200899966,25.13873431410576,44.07953032093115,14.960000038146973,7.985228538513184,8.692540168762209,0.5880283117294312,7.0080029296875015,741.2362404741745,708.5520745131245,787.8069432684166,780.5249788314987,-0.8020745689483063
18.628292008999658,25.242326846761745,43.97267229681501,15.029999732971191,9.220266342163086,7.979369640350343,0.5644967555999756,7.04,746.0626587637595,711.0076206604572,788.3996613039797,782.9805249788315,-0.7964333751981699
18.638292008999656,25.347592184291997,43.86509322880352,15.139999389648438,11.082749366760256,7.185519695281983,0.5581223964691162,7.0080029296875015,751.2277730736663,726.4182895850973,763.5055038103302,781.8797629127857,-0.7908380514807831
18.648292008999658,25.45352789969265,43.75795751437397,15.139999389648438,9.794878005981444,7.740688800811768,0.5705691576004028,6.976000976562499,758.8484335309059,729.7205757832345,760.4572396274343,780.5249788314987,-0.7851465129120853
18.65829200899966,25.560989245424825,43.6503336742572,15.329999923706056,10.32541275024414,7.55194091796875,0.5786643624305726,6.912001953125,772.8196443691786,734.038950042337,768.5012701100761,765.3683319220999,-0.7793602886993583
18.668292008999657,25.669920470184504,43.54261094659556,15.469999313354492,11.692657470703123,9.063283920288086,0.593453347682953,6.816000976562499,784.0812870448772,732.8535139712108,779.3395427603725,731.9220999153259,-0.7734308545330819
18.678292008999655,25.669920470184504,43.54261094659556,15.589999198913574,10.576532363891602,8.620906829833984,0.614582121372223,6.656000976562499,785.0973751058425,726.8416596104995,787.6375952582557,721.16850127011,-0.7734308545330819
18.688292008999657,25.90130750757056,43.33274434077969,15.589999198913574,9.274050712585453,9.281826972961428,0.6318168044090272,6.432001953125,795.2582557154954,721.4225232853514,814.5639288738357,716.4267569856054,-0.7532085627897855
18.69829200899966,26.014485476629066,43.225682130447375,15.75999927520752,7.228199005126953,9.261409759521484,0.6394334435462953,6.432001953125,807.4513124470787,721.2531752751905,830.3132938187975,713.2938187976291,-0.7468148442636873
18.708292008999656,26.12883536141487,43.11889282011439,15.809999465942385,6.6329345703125,9.771913528442385,0.6446664929389955,6.272001953125,832.7688399661304,733.4462320067739,873.4970364098222,711.346316680779,-0.7403671095790312
18.718292008999654,26.24427309127665,43.01204251407181,15.809999465942385,8.410867691040039,7.96713399887085,0.6583957672119141,6.24,846.0626587637595,732.3454699407282,893.1414055884843,715.6646909398814,-0.7337856697663963
18.728292008999656,26.360819720233973,42.904620923201946,15.960000038146973,9.591589927673342,5.152782440185547,0.6948222517967225,6.208002929687502,844.1151566469093,731.0753598645216,891.1939034716341,720.8298052497883,-0.7268319871431486
18.738292008999657,26.478372053338024,42.79697678215527,16.06999969482422,10.273090362548828,5.509605407714844,0.7418928742408754,6.176000976562499,801.4394580863675,737.1718882303132,885.6054191363252,730.0592718035563,-0.7194148342864307
18.748292008999655,26.59730689573601,42.68958224736667,16.06999969482422,9.010034561157228,9.520038604736328,0.7771223187446595,6.208002929687502,814.6486028789161,738.1879762912786,856.731583403895,736.5791701947502,-0.7116436185102001
18.758292008999653,26.71787619074641,42.582571046657336,16.25,9.49005126953125,12.449373245239258,0.8005062937736512,6.208002929687502,821.7612193056731,741.4055884843352,851.6511430990686,734.8010160880609,-0.703637799784394
18.768292008999655,26.839926251162854,42.47608627823395,16.329999923706055,8.112507820129396,13.349099159240724,0.8149574398994447,6.272001953125,824.5554614733277,745.1312447078747,839.2040643522438,748.856900931414,-0.6954851243415219
18.778292008999657,26.839926251162854,42.47608627823395,16.329999923706055,7.233466148376465,12.5243616104126,0.8133361339569092,6.496000976562499,829.4665537679932,760.3725656223539,829.2125317527518,760.8806096528366,-0.6954851243415219
18.788292008999655,27.09485434928437,42.27413632312948,16.459999084472656,7.224418640136719,12.05173683166504,0.8137637972831727,6.496000976562499,834.8856900931414,764.6909398814564,832.8535139712108,767.6545300592718,-0.6783857708440767
18.798292008999653,27.221079022013438,42.16930945312306,16.529998779296875,7.918669700622559,12.028704643249512,0.7873730659484863,6.496000976562499,836.0711261642675,767.2311600338695,836.5791701947502,786.2828111769686,-0.6705114845204639
18.808292008999654,27.34864694640049,42.06468656369902,16.529998779296875,8.694185256958008,10.486328125,0.7753556966781616,6.496000976562499,835.6477561388654,777.9847586790855,831.752751905165,803.0482641828958,-0.6627566409336259
18.818292008999656,27.47738265565566,41.96037084615055,16.69999885559082,8.376874923706055,9.947484970092772,0.782724678516388,6.496000976562499,839.8814563928873,779.7629127857747,831.5834038950042,809.3141405588484,-0.6549323874707973
18.828292008999654,27.60754760645419,41.856296820754125,16.779998779296875,8.192367553710938,10.383737564086914,0.7809397578239442,6.496000976562499,845.1312447078747,784.5046570702793,830.9906858594411,824.4707874682472,-0.6471177840048516
18.83829200899965,27.739294021265756,41.75257451324862,16.850000381469727,8.16694736480713,11.708292961120607,0.7832168340682983,6.432001953125,847.4174428450465,782.9805249788315,836.5791701947502,842.0829805249788,-0.6392695640572618
18.848292008999653,27.87200190103274,41.64963273524928,16.920000076293945,7.399420738220215,11.79952907562256,0.7826176285743714,6.368002929687501,855.5461473327688,787.8069432684166,840.4741744284504,861.55800169348,-0.6314458209127201
18.858292008999655,28.00606771472378,41.54711322267325,16.920000076293945,7.032467842102051,11.586539268493654,0.7852297425270082,6.3039990234375,852.6672311600338,791.5325994919559,840.1354784081286,865.198983911939,-0.6235884762152782
18.868292008999653,28.14151097721851,41.44501882239277,17.029998779296875,7.452232360839844,11.38010597229004,0.7736482024192811,6.208002929687502,859.1871295512277,797.0364098221845,852.7519051651143,878.0694326841659,-0.6158424100597023
18.87829200899965,28.27772543127855,41.34352695260419,17.09000015258789,7.545822143554687,9.820106506347656,0.7635484933853149,6.1439990234375,861.0499576629974,796.2743437764606,848.1795088907705,884.2506350550381,-0.6082189473213081
18.888292008999652,28.27772543127855,41.34352695260419,17.09000015258789,6.034375190734863,9.349690437316896,0.7656072378158569,6.08,857.8323454699407,792.887383573243,840.7281964436918,884.2506350550381,-0.6082189473213081
18.898292008999654,28.543988929708505,41.14903337815204,17.15999984741211,3.1568422317504883,10.767521858215334,0.7587636709213257,6.0480029296875015,850.0423370025402,778.5774767146486,830.5673158340389,880.3556308213379,-0.5910564216858982
18.908292008999652,28.682619706645323,41.05028759463089,17.15999984741211,0.4224648475646972,12.609031677246094,0.7181944847106934,6.016000976562499,840.38950042337,776.3759525825571,819.3903471634208,871.3801862828111,-0.5838837301570898
18.91829200899965,28.82209463700225,40.95241356215384,17.15999984741211,-0.6598715782165527,11.62807846069336,0.6648482084274292,6.016000976562499,834.3776460626588,776.2912785774766,813.1244707874682,864.6909398814563,-0.5772304990483472
18.92829200899965,28.961628940572457,40.85544520299628,17.15999984741211,-1.2065589427947998,8.620933532714844,0.6234859824180604,5.9839990234375,818.9669771380186,771.2955122777307,809.2294665537679,860.3725656223539,-0.5710021857984409
18.938292008999653,29.10161999038693,40.75911912844995,17.15999984741211,-1.7384529113769531,7.770030975341797,0.586827278137207,5.9839990234375,818.0355630821338,770.6181202370872,813.9712108382727,855.4614733276884,-0.5651319598661282
18.94829200899965,29.241958716949508,40.66357251525788,17.15999984741211,-1.3627958297729492,7.935966491699219,0.562007248401642,5.92,816.8501270110075,762.9127857747671,811.939034716342,847.7561388653683,-0.5595102848261952
18.95829200899965,29.38245908652729,40.56865872470838,17.15999984741211,-1.4189670085906982,6.495573997497559,0.5368120670318604,5.7280029296875,810.9229466553768,758.3403895004234,803.5563082133784,840.4741744284504,-0.5541424252472561
18.96829200899965,29.38245908652729,40.56865872470838,17.06999969482422,-0.8336505889892578,7.258044242858887,0.5316016077995301,5.7280029296875,814.9872988992379,756.3928873835732,809.3141405588484,836.917866215072,-0.5541424252472561
18.978292008999652,29.38245908652729,40.56865872470838,17.029998779296875,-1.6319656372070312,7.260204315185547,0.5144784450531006,5.5360009765625,826.5029635901777,762.7434377646063,818.0355630821338,830.8213378492802,-0.5541424252472561
18.98829200899965,29.80390481223223,40.28378309922287,17.029998779296875,3.2779903411865234,11.577445030212404,0.5243951082229614,5.1839990234375,835.393734123624,788.9923793395427,824.809483488569,803.8103302286198,-0.5354063886734041
18.99829200899965,29.947708618249447,40.19238288160718,17.06999969482422,5.776383876800538,15.688047409057615,0.5704724192619325,5.1839990234375,843.0143945808636,798.8992379339543,830.9906858594411,786.2828111769686,-0.529701261887563
19.00829200899965,30.093326541072397,40.10219551998279,17.1299991607666,7.083685398101808,18.814737319946293,0.6142880916595459,4.9920019531249995,867.31583403895,806.8585944115156,850.1270110076206,786.9602032176122,-0.5235513568599646
19.01829200899965,30.240463795948703,40.01271413842793,17.1299991607666,9.459861755371094,15.36349105834961,0.6146796345710756,4.6080029296875,858.9331075359864,802.9635901778154,857.324301439458,796.1896697713802,-0.5174011957022588
19.02829200899965,30.389184340771173,39.923903465354186,17.299999237060547,10.652999877929688,13.64704704284668,0.5672132372856141,4.2239990234375,854.4453852667231,808.6367485182049,863.6748518204911,798.2218458933107,-0.5117286630362472
19.038292008999647,30.538606422077688,39.83524855541675,17.3799991607666,8.675996780395508,6.819072246551515,0.4908946752548218,3.68,854.8687552921252,826.333615580017,845.3852667231159,799.4919559695173,-0.5068260410394276
19.04829200899965,30.6893333147146,39.74645611553153,17.3799991607666,7.882822036743164,4.920257568359375,0.4173610508441925,2.6880029296875,856.3928873835732,830.7366638441998,850.2116850127011,806.6892464013547,-0.5026469616466716
19.05829200899965,30.8405802776084,39.65803315478362,17.549999237060547,6.998474597930909,4.72901487350464,0.3607740700244904,2.6880029296875,855.8848433530906,827.7730736663843,852.8365791701947,810.1608806096528,-0.4990423209357177
19.06829200899965,30.8405802776084,39.65803315478362,17.60999870300293,6.8082594871521005,5.540748119354249,0.3371014297008515,2.4,862.9127857747671,832.0914479254868,851.0584250635055,827.2650296359018,-0.4990423209357177
19.078292008999647,31.13853079021253,39.4674437568556,17.60999870300293,4.948854446411133,7.215100288391113,0.3094426989555359,1.8560009765625,865.0296359017781,840.9822184589331,867.0618120237087,851.9051651143099,-0.49398145760095724
19.088292008999648,31.29220790915781,39.379966969116616,17.719999313354492,6.362457752227784,8.032969474792482,0.2699204981327057,1.8560009765625,858.5944115156647,840.7281964436918,863.6748518204911,858.086367485182,-0.4912861807915523
19.09829200899965,31.44773531638908,39.29268294638668,17.78999900817871,8.951230049133303,9.166802406311035,0.2252199053764343,1.792001953125,868.9246401354784,844.2845046570702,881.7950889077053,864.3522438611346,-0.48903076208906304
19.108292008999648,31.60434975430231,39.20656242404756,17.78999900817871,8.463616371154787,12.697047233581545,0.177592784166336,1.8239990234375003,882.3878069432684,850.2116850127011,900.4233700254022,838.9500423370025,-0.4872563602321496
19.118292008999646,31.762247970363877,39.12131554597912,17.959999084472656,6.7244277000427255,13.453369140625,0.1823686361312866,1.8239990234375003,881.6257408975445,850.2963590177815,917.5275190516511,855.8001693480102,-0.4854328060502529
19.128292008999647,31.9215302780762,39.03604337256191,18.059999465942383,9.820171356201172,8.733308792114258,0.1906476616859436,1.9520019531250001,884.5046570702793,853.0906011854361,964.5215918712955,844.3691786621507,-0.48352542217265915
19.13829200899965,32.08145197121172,38.95046644843626,18.15999984741211,8.334816932678224,3.2723684310913086,0.2061768621206283,2.0160009765625,879.6782387806943,862.4894157493649,973.4970364098222,846.4013547840813,-0.4814632622665525
19.148292008999647,32.24226925007783,38.86369985346413,18.270000457763672,11.21017837524414,-2.356477737426758,0.2740698456764221,1.8880029296875,891.363251481795,898.7298899237934,870.0254022015241,855.1227773073666,-0.4787208674965992
19.158292008999645,32.40313998639762,38.775782398494414,18.270000457763672,7.748236656188965,-6.932674407958984,0.3154875040054321,1.792001953125,895.596951735817,909.991532599492,868.4165961049957,856.0541913632514,-0.47556449110361965
19.168292008999646,32.56470850670512,38.6875852404466,18.479999542236328,7.685953140258789,-1.4677610397338867,0.3469946384429931,1.632001953125,905.3344623200677,942.1676545300593,898.5605419136325,854.1066892464013,-0.47209322434888995
19.178292008999648,32.56470850670512,38.6875852404466,18.559999465942383,9.323112487792969,-0.6800742149353027,0.4074912369251252,1.5680029296875,907.8746824724809,927.8577476714648,916.342082980525,858.4250635055038,-0.47209322434888995
19.188292008999646,32.85875746889056,38.50143346516789,18.559999465942383,12.489473342895508,13.351276397705078,0.4018039107322693,1.472001953125,914.5639288738357,887.3835732430143,924.2167654530059,861.4733276883996,-0.4567421731101212
19.198292008999644,33.02340190319886,38.41626815746667,18.739999771118164,1.527083396911621,17.62316131591797,0.3873874843120575,1.44,922.6926333615579,855.8848433530906,954.0220152413209,870.0254022015241,-0.45286987208776636
19.208292008999646,33.1887801845041,38.332006323463055,18.709999084472656,2.403428554534912,13.63006591796875,0.4034032225608825,1.44,925.7408975444538,886.53683319221,1023.2006773920406,859.2718035563082,-0.44883786346459603
19.218292008999647,33.35587010276015,38.248818760830304,18.709999084472656,6.222399711608887,15.4489221572876,0.3623596727848053,1.44,919.051651143099,872.6502963590177,1035.1397121083826,860.5419136325148,-0.4452109872479035
19.228292008999645,33.52297669789596,38.1650812276222,18.770000457763672,1.685447335243225,1.4421974420547488,0.3223216533660888,1.44,913.8018628281118,873.666384419983,1071.0414902624893,863.2514817950889,-0.44197955110878634
19.238292008999643,33.69079811874858,38.0811789489525,18.81999969482422,6.3477783203125,1.2665503025054932,0.3045060336589814,1.312001953125,916.2574089754445,885.1820491109229,1021.7612193056731,873.07366638442,-0.43892926648368963
19.248292008999645,33.858286966265496,37.99632794367571,18.81999969482422,7.71531629562378,-6.940490245819093,0.2624894380569458,1.2160009765625002,917.8662150719729,881.541066892464,995.004233700254,873.8357324301439,-0.4363101947657876
19.258292008999646,34.027076079112675,37.91196638610365,18.96999931335449,7.424860954284668,4.724566459655762,0.2905902564525605,1.0880029296874998,914.3945808636748,890.9398814563929,890.4318374259102,880.0169348010161,-0.43340692769295613
19.268292008999644,34.027076079112675,37.91196638610365,19.020000457763672,3.5343265533447266,3.866823196411133,0.2810562551021576,0.96,921.16850127011,891.0245554614733,914.3945808636748,895.7662997459779,-0.43340692769295613
19.278292008999642,34.34601739518477,37.75234575331713,19.020000457763672,4.146900653839112,5.2460083961486825,0.305055022239685,1.12,918.0355630821338,890.5165114309907,919.1363251481795,900.0846740050804,-0.4318278393017081
19.288292008999644,34.516147164483584,37.6685149836243,19.07999992370605,5.834416389465332,4.872328758239746,0.2776401937007904,1.2480029296875,926.5029635901777,899.7459779847586,916.7654530059272,913.8018628281118,-0.4290528962932541
19.298292008999645,34.68695317330282,37.58500774426554,19.1299991607666,4.474448680877686,5.152546405792237,0.2518489062786103,1.28,942.1676545300593,897.0364098221845,930.9906858594411,930.397967823878,-0.4265344096322864
19.308292008999643,34.85833991590897,37.5018081195571,19.1299991607666,4.617061614990234,4.920072555541992,0.2319380044937133,1.312001953125,944.8772226926333,900.9314140558848,937.3412362404741,930.8213378492802,-0.42421586127422434
19.31829200899964,35.03070932691246,37.41873654700135,19.21999931335449,5.052201271057129,4.950146675109863,0.2152429223060608,1.44,960.6265876375952,903.3869602032175,962.7434377646063,923.0313293818797,-0.4220606629366487
19.328292008999643,35.20381352085707,37.3366533533388,19.279998779296875,6.226223945617676,9.337386131286625,0.1945588290691375,1.6,974.8518204911092,903.0482641828958,984.419983065199,896.0203217612193,-0.42011679279967934
19.338292008999645,35.3777470322108,37.25444147475957,19.279998779296875,5.32861328125,4.524557113647461,0.1865951418876648,1.7280029296875001,979.4242167654529,903.3022861981372,984.6740050804402,893.7341236240474,-0.4182493750646088
19.348292008999643,35.5525556539402,37.17254376582062,19.38999938964844,8.200199127197266,5.983211994171144,0.2052185237407684,1.792001953125,961.1346316680779,905.588484335309,964.2675698560541,894.7502116850127,-0.4161986596215825
19.35829200899964,35.72854049481021,37.09052636624655,19.459999084472656,9.437200546264648,4.80799674987793,0.2334677875041961,1.6,930.3132938187975,912.0237087214225,930.2286198137172,899.4919559695173,-0.4138642066252956
19.368292008999642,35.72854049481021,37.09052636624655,19.459999084472656,5.625531673431397,3.093157291412353,0.2390405535697937,1.3760009765625,931.0753598645216,913.5478408128704,927.6037256562234,902.6248941574936,-0.4138642066252956
19.378292008999644,36.06978876398672,36.935209532529385,19.559999465942383,3.99733829498291,1.864810109138489,0.2249739617109299,1.28,939.9661303979677,918.4589331075359,933.5309060118543,904.0643522438611,-0.4069438487398306
19.388292008999642,36.24706479069403,36.85388051565503,19.600000381469727,4.608310699462891,3.719234704971314,0.1975614875555038,1.2160009765625002,942.506350550381,918.7129551227773,938.7806943268416,906.6045723962743,-0.40496865966933093
19.39829200899964,36.42494670895873,36.772830355376,19.600000381469727,3.765509605407715,4.348214149475098,0.1816301643848419,1.152001953125,936.4098221845893,919.3903471634208,937.3412362404741,906.1812023708721,-0.40315171019755713
19.40829200899964,36.603502219237576,36.692113012773305,19.670000076293945,4.729597091674805,5.109993934631348,0.171461820602417,1.0880029296874998,942.506350550381,920.3217612193056,941.744284504657,912.8704487722268,-0.40143676658925115
19.418292008999643,36.782613022117445,36.61203491494237,19.709999084472656,4.003590106964112,6.835813999176026,0.1543929278850555,1.0880029296874998,938.6960203217611,925.4868755292125,941.8289585097375,911.6003386960202,-0.3998933541248012
19.42829200899964,36.962372040965285,36.53242715157003,19.709999084472656,3.747505426406861,6.599678993225098,0.1348274946212768,1.0880029296874998,940.3048264182895,925.402201524132,940.7281964436918,910.3302286198136,-0.39854517690054264
19.43829200899964,37.1428386989794,36.45310436006232,19.779998779296875,0.7606585025787354,5.514731407165527,0.1104732453823089,1.12,928.3657917019475,918.289585097375,940.8128704487722,904.7417442845046,-0.3974370741243779
19.44829200899964,37.32222503054484,36.37476300211196,19.76000022888184,-1.5898261070251465,4.827692985534668,0.0988333970308303,1.152001953125,929.8899237933954,920.575783234547,913.0397967823877,905.7578323454699,-0.3964512624144536
19.458292008999642,37.50231668260239,36.29629061933361,19.76000022888184,-2.117374897003174,2.5318660736083984,0.0852719470858574,1.152001953125,925.9949195596952,915.41066892464,917.0194750211684,903.2176121930567,-0.39559663269766426
19.46829200899964,37.6816785685713,36.218278844938126,19.71999931335449,-1.589921236038208,1.5074303150177002,0.068175159394741,1.152001953125,934.5469940728196,909.8221845893311,932.9381879762913,904.3183742591024,-0.39491585700736387
19.478292008999638,37.86122255452739,36.14011400520858,19.689998626708984,0.3979252576828003,0.3538976311683655,0.0925407037138939,1.12,925.6562235393734,907.9593564775613,925.7408975444538,910.7535986452159,-0.3939913554531085
19.48829200899964,37.86122255452739,36.14011400520858,19.689998626708984,-0.2155892550945282,0.5003998279571533,0.1071619316935539,1.0880029296874998,925.9949195596952,908.467400508044,927.3497036409822,910.4995766299745,-0.3939913554531085
19.49829200899964,38.20280657729073,35.98940778943067,19.709999084472656,0.6325459480285645,2.483162164688111,0.1206863597035408,1.0560009765625,921.0838272650296,901.7781541066892,922.0152413209145,907.70533446232,-0.3904216599694635
19.50829200899964,38.382527423947074,35.91183122109799,19.689998626708984,-2.066324949264527,2.2610175609588627,0.1270737797021866,1.0239990234375,925.9102455546147,898.3065198983911,923.7087214225232,905.588484335309,-0.3891486511280618
19.518292008999637,38.56184814614304,35.83472087302524,19.689998626708984,-2.0376513004302983,2.665296316146851,0.1340418756008148,0.9920019531250001,928.6198137171888,899.6613039796782,926.8416596104995,902.7095681625741,-0.38780820169230307
19.52829200899964,38.74082204570791,35.75812849946571,19.60999870300293,-2.7326591014862065,3.284106016159058,0.1412204205989837,0.96,926.5029635901777,906.6045723962743,922.0999153259949,895.8509737510584,-0.386397480294265
19.53829200899964,38.91998860158635,35.68160118357146,19.600000381469727,-2.359341382980347,1.983666777610779,0.1379773616790771,0.96,923.7933954276037,906.6892464013547,922.4386113463166,889.8391193903472,-0.3850165237241341
19.54829200899964,39.0987330979924,35.60569896332917,19.57999992370605,-2.9195098876953125,3.531258583068848,0.1455931365489959,0.9280029296874999,917.2734970364098,910.584250635055,916.2574089754445,888.6536833192209,-0.38356163511039076
19.558292008999636,39.277630165713006,35.53041480921185,19.57999992370605,-2.8346948623657227,5.388713836669922,0.1446128636598587,0.9280029296874999,912.7011007620661,907.0279424216765,914.3099068585943,884.9280270956816,-0.3821151285905997
19.568292008999638,39.45597009707434,35.45578499335788,19.5,-4.054302692413331,4.3599562644958505,0.1387697458267212,0.9280029296874999,913.0397967823877,904.7417442845046,907.7900084674005,878.7468247248095,-0.3807291859758819
19.57829200899964,39.45597009707434,35.45578499335788,19.459999084472656,-7.254922866821289,2.124217987060547,0.118022933602333,0.9280029296874999,907.3666384419982,898.2218458933107,904.826418289585,873.4970364098222,-0.3807291859758819
19.588292008999638,39.80991520163483,35.301112340260644,19.459999084472656,-8.083136558532717,0.560161828994751,0.075321190059185,0.9280029296874999,908.0440304826418,890.008467400508,907.7900084674005,859.7798475867908,-0.3802708858146046
19.598292008999636,39.98648649088924,35.226912773236904,19.28999900817871,-6.067405700683594,-1.7179021835327148,0.0409373939037323,0.9280029296874999,898.0524978831498,886.7061812023709,904.6570702794241,856.0541913632514,-0.3798611706577417
19.608292008999637,40.16253396116575,35.15268961177638,19.189998626708984,-6.257025718688965,-2.031267404556275,0.0375542305409908,0.8960009765625,884.1659610499577,869.6020321761218,893.9034716342082,859.7798475867908,-0.37948500195663687
19.61829200899964,40.33789686448164,35.07883480758253,19.189998626708984,-5.811002254486085,-0.2745156288146972,0.025111798197031,0.832001953125,875.5292125317527,862.320067739204,886.0287891617273,852.2438611346316,-0.3792337465104086
19.628292008999637,40.51258121254302,35.00558008347485,19.020000457763672,-7.611525535583496,2.0694177150726323,0.0346036739647388,0.8,876.3759525825571,862.1507197290432,883.4885690093141,856.8162574089754,-0.37888752034711565
19.638292008999635,40.68660650524989,34.93306627428266,18.94999885559082,-7.302681922912598,3.925070762634277,0.0573902204632759,0.7039990234375,836.8331922099915,869.1786621507197,875.4445385266723,880.5249788314987,-0.37831382393322105
19.648292008999636,40.8604369699297,34.861117515243755,18.86999893188477,-5.688427925109863,4.369148254394531,0.0597186163067817,0.64,823.8780694326841,869.9407281964436,875.1058425063505,871.3801862828111,-0.3777165386734809
19.658292008999638,41.03371537586815,34.78972073196373,18.809999465942383,-5.991949081420898,3.4188463687896733,0.0522733554244041,0.5760009765625,788.5690093141405,866.2150719729043,874.2591024555461,863.7595258255715,-0.3771940050247803
19.668292008999636,41.03371537586815,34.78972073196373,18.809999465942383,-8.328463554382326,0.7766568660736084,0.0259294603019952,0.512001953125,779.1701947502116,865.8763759525825,873.07366638442,863.3361558001693,-0.3771940050247803
19.678292008999634,41.20583472073206,34.71409757090984,18.6299991607666,-9.093196868896484,-2.5021767616271973,-0.0196221452206373,0.38399902343750003,801.4394580863675,858.9331075359864,866.1303979678238,860.6265876375952,-0.3745595520297495
19.688292008999635,41.54788810355417,34.57258835723962,18.5,-9.804719924926758,-1.1830577850341797,-0.0505677871406078,0.32,840.1354784081286,855.207451312447,857.9170194750211,855.8848433530906,-0.37526167616654965
19.698292008999637,41.71782390840391,34.50220866242876,18.5,-8.315281867980959,-1.1101925373077393,-0.0805780664086342,0.2560009765625,843.1837425910245,853.85266723116,854.2760372565622,852.1591871295512,-0.3760678787109619
19.708292008999635,41.88688254289548,34.43179350319923,18.31999969482422,-8.093147277832031,-2.9866819381713867,-0.1007671803236007,0.192001953125,838.1033022861981,838.7806943268416,849.1955969517358,846.2320067739204,-0.3770760540733342
19.718292008999633,42.05475123021418,34.361909676397715,18.190000534057617,-9.879308700561523,-0.6316571235656738,-0.0990653336048126,0.1280029296875,835.393734123624,848.856900931414,846.3166807790008,842.7603725656223,-0.37806597427512345
19.728292008999635,42.22195392873376,34.292145103046224,18.190000534057617,-8.581790924072266,-1.282752513885498,-0.1140650808811187,0.0639990234375,831.0753598645216,847.9254868755291,849.1109229466554,839.7121083827265,-0.37920659680089075
19.738292008999636,42.38824934604294,34.222366323506115,17.979999542236328,-8.447183609008789,-2.943694591522217,-0.1293583512306213,0.0,826.333615580017,838.1879762912786,843.9458086367484,835.9864521591871,-0.38050014823810535
19.748292008999634,42.55387836560259,34.152929952136,17.90999984741211,-7.704702377319336,-0.5068404674530029,-0.1285870969295501,-0.0639990234375,821.2531752751905,843.7764606265875,830.4826418289584,820.7451312447079,-0.381785895350887
19.758292008999632,42.71880327971702,34.08421957631476,17.90999984741211,-8.448824882507326,2.5996797084808354,-0.1259324103593826,-0.0639990234375,810.3302286198137,842.9297205757832,828.7044877222693,818.1202370872142,-0.3830447979087268
19.768292008999634,42.883073716466775,34.01603957826052,17.760000228881836,-8.356904983520508,2.643159151077271,-0.115176223218441,-0.0639990234375,790.4318374259102,837.510584250635,818.9669771380186,821.5071972904318,-0.3841963393612934
19.778292008999635,42.883073716466775,34.01603957826052,17.670000076293945,-7.965060234069824,1.465419054031372,-0.1086528673768043,-0.0639990234375,759.2718035563082,830.8213378492802,813.5478408128704,816.0880609652836,-0.3841963393612934
19.788292008999633,43.22181065487583,33.88096572027879,17.670000076293945,-7.762392044067383,0.9933969974517822,-0.1022794544696807,-0.0639990234375,757.4089754445384,828.87383573243,810.0762066045723,814.9872988992379,-0.38407500798495126
19.79829200899963,43.38396037344082,33.81375333735335,17.549999237060547,-7.754240512847901,-1.6783576011657717,-0.1134829148650169,-0.0639990234375,749.4496189669771,819.4750211685013,806.2658763759525,808.1287044877222,-0.3852083750038372
19.808292008999633,43.54524135190336,33.74627905947119,17.44999885559082,-8.939041137695312,-4.551979064941406,-0.1310669183731079,-0.0639990234375,776.6299745977984,806.7739204064352,813.5478408128704,788.48433530906,-0.38651919918155897
19.818292008999634,43.70537161560733,33.67837299766575,17.44999885559082,-10.8306360244751,-7.490769386291504,-0.1691731065511703,-0.0639990234375,793.4801016088061,802.9635901778154,810.4149026248941,782.8958509737511,-0.3882138326825515
19.828292008999632,43.86528260855126,33.6098313985444,17.25,-6.00696897506714,-6.947656154632569,-0.1730354130268097,-0.0319970703125,805.2497883149873,795.4276037256562,805.1651143099068,772.9889923793395,-0.3899511572335103
19.83829200899963,44.02308966849877,33.54212557761208,17.15999984741211,-7.8993682861328125,-2.2955329418182377,-0.1431019455194473,-0.0319970703125,778.5774767146486,789.5850973751058,801.4394580863675,785.1820491109229,-0.3913764775908379
19.848292008999632,44.18087544535815,33.47461646686466,17.15999984741211,-7.173060894012452,0.9536480903625488,-0.0988703221082687,-0.0319970703125,770.1100762066045,791.7019475021168,799.1532599491956,793.3954276037256,-0.39236461412849866
19.858292008999634,44.33805960504156,33.40774609537481,16.969999313354492,-7.348004817962647,3.1637520790100098,-0.0600276105105877,0.0,745.8086367485182,800.2540220152413,794.24216765453,798.8992379339543,-0.39296434581662765
19.86829200899963,44.48776285036596,33.32489123689056,16.899999618530273,-4.963334083557129,3.568129539489746,-0.0495167151093483,0.0,722.1845893310754,792.125317527519,785.4360711261643,794.5808636748518,-0.3952831619540992
19.87829200899963,44.64424923921639,33.2584685581139,16.850000381469727,-6.398695945739746,2.880002975463867,-0.0488625951111316,0.032001953125,681.8797629127857,792.8027095681625,782.3878069432684,786.3674851820491,-0.39577218353073756
19.88829200899963,44.80004197127087,33.19219153457588,16.850000381469727,-4.785638809204102,-0.0238444805145263,-0.0564323477447033,0.032001953125,663.3361558001693,788.3996613039797,785.012701100762,776.545300592718,-0.39633596828919715
19.898292008999633,44.95498342531907,33.12573663680584,16.719999313354492,-7.448723793029785,-3.448817253112793,-0.0705456882715225,0.0639990234375,663.1668077900084,783.7425910245554,784.8433530906011,770.0254022015241,-0.3970414244991363
19.90829200899963,45.10881792024872,33.05910698410916,16.639999389648438,-9.208733558654789,-5.394233703613281,-0.0988356098532676,0.0960009765625,726.0795935647756,771.2955122777307,779.9322607959356,763.3361558001693,-0.39803010955453827
19.91829200899963,45.26157815050062,32.992573595790006,16.639999389648438,-9.077486991882326,-4.290721893310547,-0.1249579340219497,0.1280029296875,764.8602878916172,769.5173581710415,775.5292125317527,745.4699407281964,-0.39927915144179066
19.92829200899963,45.41360713799908,32.92598888934095,16.469999313354492,-7.781418800354004,-3.695029497146607,-0.1299411505460739,0.16,771.2108382726502,770.0254022015241,771.3801862828111,742.8450465707027,-0.40057846876688274
19.938292008999632,45.56495932947519,32.859584657274866,16.420000076293945,-8.515823364257812,-1.4574062824249268,-0.0929027050733566,0.192001953125,749.0262489415749,770.7874682472481,768.2472480948348,749.7883149872989,-0.40150853596898095
19.94829200899963,45.71554376945719,32.7939066906046,16.420000076293945,-7.508012771606445,2.3098471164703374,-0.0603429749608039,0.2239990234375,753.5986452159187,763.3361558001693,759.4411515664691,760.7112616426757,-0.40211157669718234
19.958292008999628,45.86563143443621,32.72843042496323,16.260000228881836,-7.4763550758361825,0.8752703666687012,-0.0463353022933006,0.2239990234375,747.8408128704488,762.4047417442845,756.1388653683318,761.0499576629974,-0.4025752275525447
19.96829200899963,46.01500444972387,32.66320743277505,16.19999885559082,-6.217744827270508,-0.0118300914764404,-0.0443798489868641,0.2239990234375,739.9661303979678,756.9856054191363,755.207451312447,758.5944115156647,-0.4030187716756413
19.97829200899963,46.01500444972387,32.66320743277505,16.19999885559082,-6.431318283081055,0.3033218383789062,-0.0552939139306545,0.2239990234375,738.0186282811177,749.8729889923793,754.7840812870448,752.5825571549534,-0.4030187716756413
19.98829200899963,46.01500444972387,32.66320743277505,16.06999969482422,-5.609724998474121,-2.772563934326172,-0.0639806762337684,0.2239990234375,743.6917866215072,750.1270110076206,753.7679932260795,750.2116850127011,-0.4030187716756413
19.998292008999627,46.454983531544144,32.461752824181644,16.0,-4.737565040588379,-3.65584659576416,-0.0700849071145057,0.2239990234375,739.2887383573243,743.7764606265875,748.1795088907705,747.1634208298052,-0.40545330021912024
20.00829200899963,46.60149181266538,32.39661996185652,16.0,-6.208983898162843,-2.14758825302124,-0.0791315287351608,0.192001953125,730.7366638441998,739.4580863674852,742.1676545300593,731.5834038950042,-0.4062426149105906
20.01829200899963,46.747555989186274,32.33155501184607,15.859999656677246,-7.242024898529054,-1.4577174186706543,-0.0802792608737945,0.192001953125,725.5715495342929,737.6799322607959,739.796782387807,732.4301439458086,-0.40704508137258166
20.028292008999628,46.89318649322564,32.26680865295017,15.789999961853027,-6.716884613037109,0.4994320869445801,-0.0642042085528373,0.16,709.2294665537679,739.796782387807,734.7163420829805,731.5834038950042,-0.4076873524579537
20.038292008999626,47.03825532590436,32.20249348924603,15.789999961853027,-6.81244993209839,1.4124760627746582,-0.0554100014269352,0.1280029296875,705.7578323454699,734.8856900931414,731.0753598645216,725.0635055038103,-0.4082416501053992
20.048292008999628,47.18290067267603,32.138074879815875,15.649999618530272,-6.928839683532715,-1.280820608139038,-0.0577283911406993,0.1280029296875,698.8145639288738,733.9542760372565,728.1964436917866,724.3014394580863,-0.4088204336900532
20.05829200899963,47.32622632421693,32.07428469498887,15.589999198913574,-7.060477256774902,-0.2162644863128662,-0.0658428743481636,0.0960009765625,701.7781541066893,732.5148179508891,730.9906858594411,719.4750211685013,-0.4094774332726346
20.068292008999627,47.32622632421693,32.07428469498887,15.589999198913574,-7.060477256774902,-0.2162644863128662,-0.0658428743481636,0.0960009765625,701.4394580863675,729.8899237933954,726.1642675698561,714.7332768839966,-0.4094774332726346
20.078292008999625,47.611262596465096,31.94658500542979,15.4399995803833,-6.96138858795166,-3.2138035297393803,-0.0866473391652107,0.0960009765625,708.0440304826418,727.0110076206604,723.9627434377646,712.2777307366638,-0.41112330831067656
20.088292008999627,47.611262596465096,31.94658500542979,15.359999656677246,-6.850699424743652,-2.8867950439453125,-0.0962913781404495,0.0639990234375,704.1490262489416,720.4911092294665,715.7493649449618,709.3141405588484,-0.41112330831067656
20.09829200899963,47.885679020666885,31.814674798523388,15.359999656677246,-6.637855529785156,-1.7299776077270508,-0.1086178943514824,-0.0639990234375,687.129551227773,714.817950889077,713.3784928027095,715.7493649449618,-0.414206445402023
20.108292008999626,48.02563155391941,31.75106714021885,15.239999771118164,-5.4370436668396005,-1.095747470855713,-0.1150623485445976,-0.0639990234375,684.419983065199,714.225232853514,710.584250635055,717.3581710414902,-0.41535564127406316
20.118292008999624,48.16528038383838,31.68744181255001,15.1899995803833,-5.5428619384765625,-1.3467893600463867,-0.1224315315485,-0.16,653.0059271803556,714.7332768839966,708.1287044877222,711.6003386960203,-0.4165807435506482
20.128292008999626,48.30445785370764,31.62383003376444,15.1899995803833,-4.852120876312257,-1.7528061866760254,-0.1337171941995621,-0.3519970703125,626.92633361558,709.2294665537679,702.4555461473327,704.0643522438611,-0.4179189025179841
20.138292008999628,48.44280789204465,31.560280859486124,15.09999942779541,-5.571835041046144,-2.6158156394958496,-0.1490545868873596,-0.3519970703125,623.2006773920406,710.0762066045723,701.8628281117697,700.2540220152413,-0.41940870068032327
20.148292008999626,48.58049640970434,31.49668539646388,15.00999927520752,-6.868091106414796,-3.228259563446045,-0.1773742884397507,-0.48,614.9872988992379,706.0965283657916,697.3751058425063,697.7138018628281,-0.4211834991062932
20.158292008999624,48.71719386487892,31.43301013163915,14.960000038146973,-6.525599956512452,-4.594958782196046,-0.2073900252580643,-0.64,614.6486028789161,704.9957662997459,698.8992379339543,687.7222692633361,-0.42325537011000747
20.168292008999625,48.84037063635903,31.371960576697447,14.90999984741211,-6.813788414001465,-4.092532157897949,-0.230005756020546,-0.7679980468750001,606.4352243861134,705.7578323454699,688.2303132938188,680.186282811177,-0.4249700189776509
20.178292008999627,48.97560063949418,31.30849016345233,14.90999984741211,-7.519111156463624,-1.7781291007995603,-0.2420137971639633,-0.927998046875,605.2497883149873,704.9110922946655,685.8594411515664,683.9966130397968,-0.42739240496410735
20.188292008999625,49.11021583611701,31.245491446471277,14.769999504089355,-6.315922260284425,0.5678386688232422,-0.2406767606735229,-1.12,589.5004233700254,700.4233700254022,662.5740897544454,687.7222692633361,-0.42979842431202314
20.198292008999623,49.24432761098591,31.182955445895708,14.729999542236328,-6.54141902923584,1.6652920246124268,-0.2332039475440979,-1.28,557.1549534292972,696.0203217612193,636.6638441998306,676.6299745977984,-0.4321299611620737
20.208292008999624,49.377724373076006,31.12066445905032,14.729999542236328,-7.103274345397949,0.1614468097686767,-0.2205493748188018,-1.44,550.5503810330229,694.1574936494496,632.0914479254868,672.9043183742591,-0.43433476922704767
20.218292008999626,49.50982324482651,31.058333596761766,14.56999969482422,-11.026906967163086,-4.004563331604004,-0.2379122078418731,-1.567998046875,551.9051651143099,686.7908552074513,644.623200677392,668.7552921253175,-0.4367154205492035
20.228292008999624,49.64056093034593,30.99561283317197,14.449999809265137,-9.806807518005373,-8.040270805358888,-0.2885036766529084,-1.6960009765625,583.9119390347163,672.3962743437764,669.6867061812023,666.5537679932261,-0.43959935401016076
20.238292008999622,49.77025504870399,30.93219999839964,14.449999809265137,-8.738042831420898,-10.443470001220703,-0.3541548252105713,-1.887998046875,593.1414055884843,667.7392040643522,667.8238780694327,668.1625740897545,-0.4431437697458497
20.248292008999623,49.89888440398271,30.868446205398183,14.31999969482422,-7.960657119750977,-9.152881622314451,-0.4125247895717621,-2.047998046875,629.1278577476714,661.2193056731583,660.7112616426757,667.5698560541913,-0.44727068571818535
20.258292008999625,50.0263809935453,30.804596567850712,14.229999542236328,-8.283541679382326,-6.987390995025636,-0.4195350408554077,-2.1119970703125,635.4784081287045,666.1303979678238,652.0745131244707,666.723116003387,-0.45146373155193
20.268292008999623,50.15316952994032,30.74081849121942,14.229999542236328,-7.9410400390625,-3.834353446960449,-0.4062793254852295,-2.1439990234375004,627.6037256562236,666.8077900084674,652.0745131244707,672.7349703640982,-0.45552739271305615
20.27829200899962,50.15316952994032,30.74081849121942,14.06999969482422,-6.123632431030273,-0.1058714389801025,-0.3879874050617218,-2.2079980468750002,608.8907705334462,667.31583403895,644.623200677392,672.3962743437764,-0.45552739271305615
20.288292008999623,50.39183588660178,30.611210695506717,14.029999732971191,-5.025979042053223,0.4181239604949951,-0.3797396123409272,-2.2719970703125,543.7764606265877,661.6426756985605,633.0228619813716,665.7070279424216,-0.46328221901684813
20.298292008999624,50.51702585578345,30.548016126929426,14.029999732971191,-4.992729187011719,-1.3096359968185427,-0.3727118372917175,-2.3360009765624996,530.397967823878,661.3039796782388,632.1761219305673,665.5376799322607,-0.46700906725102825
20.308292008999622,50.64167192254868,30.484749326903064,13.920000076293944,-3.913379669189453,-2.5647568702697754,-0.37910595536232,-2.367998046875,476.2912785774767,654.7840812870448,625.8255715495343,664.1828958509738,-0.47079668852489365
20.31829200899962,50.765885727016006,30.421134155348653,13.880000114440918,-4.259737968444824,-4.472472190856934,-0.4040547907352448,-2.367998046875,431.24470787468243,646.3166807790009,626.2489415749365,653.3446232006773,-0.47483983360144455
20.32829200899962,50.88973676027998,30.35706444850169,13.880000114440918,-3.833857536315918,-5.4947662353515625,-0.4265788197517395,-2.367998046875,426.84165961049956,642.5063505503811,626.1642675698561,648.6875529212532,-0.4791159915710296
20.338292008999623,51.0122379237936,30.29318068238889,13.809999465942385,-5.484877586364746,-5.046732902526856,-0.4438977539539337,-2.4319970703125,441.0668924640135,636.6638441998306,625.2328535139712,616.2574089754445,-0.4835448048639408
20.34829200899962,51.13385657715645,30.228507881539976,13.729999542236328,-7.495027542114258,-9.503902435302734,-0.4884266555309296,-2.4960009765624998,524.8941574936495,627.6037256562236,617.696867061812,565.2836579170195,-0.4884333754108512
20.35829200899962,51.253941242660936,30.1636725725999,13.729999542236328,-9.458782196044922,-9.343929290771484,-0.531221866607666,-2.5919970703125,544.0304826418289,623.454699407282,615.2413209144793,551.1430990685859,-0.49374115615010955
20.36829200899962,51.37274504811225,30.098457160242635,13.519999504089355,-10.267452239990234,-9.553304672241213,-0.5466403365135194,-2.687998046875,597.5444538526672,633.9542760372566,610.3302286198137,523.9627434377646,-0.49920781496050076
20.378292008999622,51.37274504811225,30.098457160242635,13.420000076293944,-10.183528900146484,-7.572450637817383,-0.5146245360374452,-2.847998046875,590.9398814563929,642.4216765453006,608.3827265029636,520.8298052497883,-0.49920781496050076
20.38829200899962,51.37274504811225,30.098457160242635,13.420000076293944,-10.548344612121584,-6.168072700500488,-0.4748702943325043,-3.04,590.3471634208298,636.5791701947502,604.3183742591025,530.2286198137172,-0.49920781496050076
20.39829200899962,51.69939139362193,29.89845553641488,13.210000038146973,-12.134186744689943,-3.399630546569824,-0.4092328250408173,-3.1679980468750006,571.9729043183743,634.8010160880609,586.3674851820491,581.8797629127857,-0.5136841283626463
20.40829200899962,51.813431545085976,29.83355343334569,13.09000015258789,-9.509056091308594,-1.7475087642669678,-0.3564248979091645,-3.2960009765625,541.4902624894157,621.930567315834,584.3353090601186,629.2125317527518,-0.5172534726416682
20.41829200899962,51.926528808633805,29.768611732250776,13.09000015258789,-6.0204057693481445,-3.9413461685180655,-0.3579415380954743,-3.3919970703125,524.4707874682472,621.4225232853514,584.0812870448772,618.3742591024555,-0.5208277642142516
20.42829200899962,52.03862014377842,29.703177233038137,12.960000038146973,-7.283308029174805,-7.867435455322266,-0.3982918858528137,-3.4879980468750005,484.58933107535984,623.5393734123624,585.6900931414056,609.5681625740897,-0.5248100145530739
20.438292008999618,52.149860590224925,29.63704388496257,12.869999885559082,-5.671202659606934,-9.728184700012209,-0.4253198504447937,-3.5519970703125,448.68755292125314,615.1566469093988,583.9119390347163,600.4233700254022,-0.5290658455093701
20.44829200899962,52.26012478227556,29.57015242738057,12.869999885559082,-4.213671684265137,-11.215163230895998,-0.4612086117267609,-3.6160009765625,433.27688399661304,609.8221845893311,581.541066892464,598.1371718882303,-0.533676827621191
20.45829200899962,52.36950983385676,29.502764122286788,12.789999961853027,-5.213935375213624,-10.037376403808594,-0.5151036977767944,-3.68,414.98729889923794,599.407281964437,577.6460626587638,595.5969517358171,-0.5388293334100476
20.46829200899962,52.36950983385676,29.502764122286788,12.729999542236328,-4.717044830322266,-7.941082000732422,-0.5558477640151978,-3.7439990234375,408.72142252328536,588.6536833192209,573.7510584250634,604.826418289585,-0.5388293334100476
20.478292008999617,52.36950983385676,29.502764122286788,12.729999542236328,-5.840811729431152,-7.209389686584473,-0.5865616798400879,-3.8719970703125,411.1769686706181,589.7544453852666,570.7874682472481,603.0482641828959,-0.5388293334100476
20.48829200899962,52.69085242676777,29.293765402671216,12.619999885559082,-5.7602643966674805,-5.096430778503418,-0.5991275310516357,-4.0319970703125,410.9229466553768,605.9271803556308,559.61049957663,601.2701100762066,-0.5588262886535698
20.49829200899962,52.797219383063926,29.22538846152525,12.579999923706056,-5.758313179016113,-5.384488105773926,-0.6188910603523256,-4.2239990234375,420.9991532599492,604.4877222692633,545.0465707027943,598.5605419136325,-0.5650255222137939
20.508292008999618,52.902955259098974,29.15686419941072,12.579999923706056,-6.228938579559327,-5.020806789398194,-0.6369849443435669,-4.4160009765625,423.70872142252324,605.9271803556308,540.6435224386113,599.4919559695173,-0.5714158679035887
20.518292008999616,53.00697064697175,29.08873688781111,12.4399995803833,-6.431316852569581,-5.729804515838624,-0.6407127380371094,-4.64,444.96189669771377,602.2015241320914,530.0592718035563,588.7383573243014,-0.5777916738204207
20.528292008999617,53.110684410905485,29.02009468899623,12.389999389648438,-7.232104778289796,-5.918151378631593,-0.6429845690727235,-4.8639990234375,465.28365791701947,599.6613039796782,514.9026248941575,580.186282811177,-0.5842310179461445
20.53829200899962,53.21320365071794,28.951508401639163,12.389999389648438,-7.342825889587402,-6.127034187316895,-0.6498416662216187,-5.087998046875001,474.1744284504657,597.0364098221845,508.8907705334462,578.8314987298899,-0.5907238507752266
20.548292008999617,53.31471390886456,28.88266639653689,12.239999771118164,-7.42210578918457,-7.135092735290527,-0.6387324333190918,-5.3119970703125,464.6062658763759,591.2785774767146,499.15325994919556,568.1625740897545,-0.5971082755890857
20.558292008999615,53.415514053963534,28.813434411805588,12.179999351501465,-7.639923095703125,-7.101557731628418,-0.6278037428855897,-5.4719970703125,454.78408128704484,582.5571549534293,508.2133784928027,551.8204911092295,-0.603404568000051
20.568292008999617,53.415514053963534,28.813434411805588,12.179999351501465,-7.639923095703125,-7.101557731628418,-0.6278037428855897,-5.4719970703125,454.78408128704484,582.5571549534293,508.2133784928027,551.8204911092295,-0.603404568000051
20.578292008999618,53.61289186433873,28.674893313886805,12.029999732971191,-9.262895584106444,-7.142367839813233,-0.6016610860824585,-5.856000976562499,460.37256562235393,575.7832345469941,492.12531752751903,576.7993226079593,-0.6157230748602767
20.588292008999616,53.70928544055694,28.60510364405923,11.929999351501465,-9.633489608764648,-12.154935836791992,-0.6483893394470215,-6.047998046874999,448.0948348856901,573.3276883996613,540.8128704487722,574.5131244707875,-0.6221984597276484
20.598292008999614,53.70928544055694,28.60510364405923,11.84999942779541,-5.328604698181152,-13.19471836090088,-0.707260251045227,-6.207998046874999,427.9424216765453,577.6460626587638,526.0795935647756,572.4809483488568,-0.6221984597276484
20.608292008999616,53.88672438127313,28.46969161640569,11.84999942779541,-3.871285915374756,-12.170753479003906,-0.7485362887382508,-6.431997070312499,407.112616426757,576.8839966130398,507.6206604572396,573.3276883996613,-0.6317579824371
20.618292008999617,53.98043092509109,28.398244782436755,11.800000190734863,-4.323581695556641,-8.723101615905763,-0.7728002667427064,-6.431997070312499,400.3386960203217,574.9364944961897,504.14902624894154,574.6824724809484,-0.6394798974864591
20.628292008999615,54.07339063054402,28.326176069123665,11.769999504089355,-3.991578578948975,-9.440681457519531,-0.8032307624816895,-6.527998046874999,390.770533446232,577.8154106689246,504.8264182895851,579.9322607959356,-0.6475164105640863
20.638292008999613,54.16552654264427,28.253420940673685,11.769999504089355,-3.637404203414917,-10.463193893432615,-0.8502391576766968,-6.656000976562499,384.6740050804403,574.6824724809484,503.8950042337002,572.1422523285352,-0.6560307540882413
20.648292008999615,54.25683665079087,28.18029877121265,11.729999542236328,-2.90275239944458,-9.093759536743164,-0.8873584270477295,-6.7839990234375005,380.77900084674,575.5292125317527,502.03217612193055,572.5656223539373,-0.6649032720825326
20.658292008999616,54.34733181066738,28.106765172393462,11.710000038146973,-3.248292684555054,-8.834702491760256,-0.922597885131836,-6.88,382.30313293818796,572.3962743437764,487.4682472480948,575.4445385266723,-0.6741244029167809
20.668292008999614,54.437105252575336,28.03279046759352,11.6899995803833,-2.5761284828186035,-8.43988037109375,-0.9450126290321352,-6.9439990234375,381.2870448772227,571.8882303132938,484.84335309060117,567.4005080440304,-0.6835641560006201
20.678292008999613,54.437105252575336,28.03279046759352,11.670000076293944,-3.108345270156861,-7.411200523376465,-0.9679126739501952,-7.1039990234375,381.03302286198135,567.1464860287891,478.15410668924636,567.0618120237087,-0.6835641560006201
20.688292008999614,54.59880700615981,27.879107675758657,11.670000076293944,-2.1886792182922363,-5.39337158203125,-1.0006263256072998,-7.2639990234375,378.15410668924636,566.0457239627434,475.9525825571549,563.6748518204911,-0.7005840560455916
20.698292008999616,54.68690550137136,27.804335082181236,11.619999885559082,-3.089273452758789,-5.23398494720459,-1.0344144105911257,-7.551997070312499,374.0050804403048,568.5859441151566,458.0016934801016,572.2269263336156,-0.7109346025005219
20.708292008999614,54.77401580429659,27.729204172434763,11.56999969482422,-3.504332780838013,-7.876916885375977,-1.036660075187683,-7.871997070312499,376.1219305673158,574.0897544453852,459.1024555461473,567.7392040643522,-0.72129452007244
20.71829200899961,54.859947274656754,27.653320670667597,11.56999969482422,-5.778201103210449,-11.703768730163576,-1.0494757890701296,-8.127998046875,378.74682472480947,572.2269263336156,465.5376799322608,566.723116003387,-0.7318105361893069
20.728292008999613,54.94357089982309,27.57681521993968,11.40999984741211,-8.868692398071289,-17.775594711303714,-1.1131743192672732,-8.3839990234375,458.5097375105842,570.2794242167654,487.2142252328535,569.0093141405588,-0.7429398801529667
20.738292008999615,55.025641427300414,27.498812689677,11.380000114440918,-4.24359130859375,-20.675277709960938,-1.1653457880020144,-8.607998046874998,479.59356477561386,567.2311600338696,490.4318374259102,566.8077900084674,-0.7545977723607742
20.748292008999613,55.106229671259776,27.42008041761866,11.380000114440918,-3.951587677001953,-17.423053741455078,-1.1879441738128662,-8.8639990234375,466.72311600338696,569.5173581710415,488.9077053344623,568.4165961049957,-0.76646077554799
20.75829200899961,55.18618364874461,27.340531754151897,11.329999923706056,-1.7654337882995603,-12.763132095336914,-1.2019803524017334,-8.96,444.96189669771377,569.0093141405588,479.0008467400508,568.7552921253175,-0.7784825736301636
20.768292008999612,55.18618364874461,27.340531754151897,11.31999969482422,-2.997133731842041,-12.372955322265623,-1.1900160312652588,-9.120000000000001,431.5834038950042,566.8924640135479,457.91701947502116,566.8924640135479,-0.7784825736301636
20.778292008999614,55.18618364874461,27.340531754151897,11.31999969482422,-1.6537737846374512,-10.998641967773438,-1.1804221868515017,-9.120000000000001,422.01524132091447,568.2472480948348,453.4292972057578,568.2472480948348,-0.7784825736301636
20.788292008999612,55.39627289327116,27.09892684807387,11.289999961853027,-2.3939366340637207,-11.285675048828123,-1.1816595792770388,-9.151997070312499,396.0203217612193,565.8763759525825,443.43776460626583,560.8806096528366,-0.8125024713996483
20.79829200899961,55.47190555187812,27.017218480430824,11.269999504089355,-2.582759380340576,-10.255645751953123,-1.1981498003005984,-9.120000000000001,369.3480101608806,568.5859441151566,448.17950889077053,564.2675698560541,-0.8244622477270641
20.80829200899961,55.54700055971883,26.934877353566986,11.269999504089355,-2.4127655029296875,-9.169556617736818,-1.2305564880371094,-9.087998046874999,366.5537679932261,571.1261642675698,448.3488569009314,561.8120237087214,-0.836781883473344
20.818292008999613,55.62137897885911,26.85199444247401,11.210000038146973,-1.7994647026062012,-9.225601196289062,-1.2589564323425293,-9.087998046874999,366.8077900084674,573.2430143945809,450.8044030482642,554.6994072819645,-0.849393647527103
20.82829200899961,55.69479965550306,26.76902698907896,11.179999351501465,-2.0586764812469487,-8.381307601928711,-1.2803757190704346,-9.087998046874999,375.190516511431,578.3234546994073,456.3928873835732,544.7078746824725,-0.8621790765856135
20.83829200899961,55.76762687260782,26.68551953124036,11.179999351501465,-1.8385279178619385,-8.344219207763672,-1.302910327911377,-9.120000000000001,381.1176968670618,578.4081287044877,459.86452159187127,547.9254868755291,-0.8752122057335843
20.84829200899961,55.83937650270092,26.60154747470305,11.139999389648438,-2.201707363128662,-10.503368377685549,-1.3329498767852783,-9.120000000000001,380.6943268416596,586.4521591871295,463.08213378492803,546.2320067739204,-0.888534064589061
20.858292008999612,55.90989817899397,26.517081169057665,11.09999942779541,-3.487121105194092,-12.160120010375977,-1.359565496444702,-9.120000000000001,417.4428450465707,584.1659610499577,464.18289585097375,546.3166807790009,-0.9021245202568994
20.86829200899961,55.90989817899397,26.517081169057665,11.09999942779541,-3.688541889190674,-16.574058532714844,-1.3904384374618532,-9.120000000000001,428.5351397121084,579.0008467400507,465.28365791701947,547.8408128704488,-0.9021245202568994
20.87829200899961,56.03292613335106,26.34296035412834,11.050000190734863,-2.9812378883361816,-16.584918975830078,-1.4004523754119873,-9.0239990234375,444.5385266723116,578.4928027095681,466.46909398814563,545.1312447078747,-0.9310329124650855
20.88829200899961,56.098669582944034,26.256164382680232,11.029999732971191,-2.174567699432373,-15.144378662109377,-1.3893896341323857,-8.96,443.86113463166805,570.2794242167654,460.62658763759526,549.1109229466554,-0.9449046013838972
20.89829200899961,56.163239500597726,26.168548245850488,11.029999732971191,-2.250197410583496,-14.412890434265138,-1.3584808111190798,-8.7039990234375,447.67146486028787,568.5012701100762,462.2353937341236,546.8247248094834,-0.9584932831843822
20.90829200899961,56.22677852142391,26.080479470880007,11.010000228881836,-2.150275707244873,-11.70130729675293,-1.29429829120636,-8.416000976562499,441.57493649449617,574.1744284504657,457.32430143945805,547.4174428450466,-0.9714381052616126
20.918292008999607,56.28954984354023,25.99188415102002,10.989999771118164,-0.5587201118469238,-9.766759872436523,-1.2480374574661257,-8.0319970703125,422.86198137171885,566.8077900084674,455.54614733276884,546.3166807790009,-0.983917277712792
20.92829200899961,56.35131052540329,25.902768912498097,10.989999771118164,-1.009650707244873,-10.618856430053713,-1.224067211151123,-7.68,412.61642675698556,567.1464860287891,451.05842506350547,547.1634208298052,-0.9961561871084974
20.93829200899961,56.41215081056374,25.813049026440275,11.0,-0.9179677963256836,-10.816450119018556,-1.2125867605209353,-7.296000976562499,397.6291278577477,573.3276883996613,453.4292972057578,543.0990685859441,-1.0082907162459527
20.94829200899961,56.471859934970944,25.72290530216389,11.0,-0.9623141288757324,-11.519136428833008,-1.2197450399398806,-6.9439990234375,385.35139712108383,578.5774767146486,453.09060118543607,539.796782387807,-1.0204803031462155
20.958292008999607,56.530659482285216,25.632163542612773,10.960000038146973,-1.0938520431518557,-11.276870727539062,-1.2400411367416384,-6.656000976562499,388.23031329381877,581.2023708721422,456.47756138865367,538.272650296359,-1.0328898678018994
20.968292008999608,56.58841865588292,25.5411471500594,10.920000076293944,-1.615079402923584,-10.880903244018556,-1.2742415666580202,-6.336000976562499,381.3717188823031,592.0406435224386,463.5055038103302,539.2887383573243,-1.045628625682
20.97829200899961,56.64631028629157,25.45300380548361,10.899999618530272,-0.6813168525695801,-10.760538101196287,-1.3278852701187136,-6.207998046874999,380.6943268416596,608.467400508044,465.1143099068586,532.68416596105,-1.0650568494672243
20.988292008999608,56.64631028629157,25.45300380548361,10.899999618530272,-1.786600112915039,-11.751685142517092,-1.381641745567322,-6.08,382.9805249788315,611.939034716342,463.6748518204911,534.5469940728196,-1.0650568494672243
20.998292008999606,56.75620617603434,25.26879088246062,10.84000015258789,-1.4958972930908203,-12.225440979003906,-1.4338327646255495,-6.08,393.39542760372564,624.4707874682472,460.2878916172735,534.4623200677391,-1.0932107969107945
21.008292008999607,56.80955927995169,25.17595079696244,10.800000190734863,-0.6682901382446289,-12.135912895202638,-1.4803214073181152,-6.111997070312499,406.51989839119386,612.3624047417443,459.7798475867908,541.9983065198984,-1.1080139968665308
21.01829200899961,56.86198113412511,25.08258340265077,10.779999732971191,0.3747706413269043,-11.395416259765623,-1.5135531425476074,-6.111997070312499,415.1566469093988,604.9957662997459,466.0457239627434,543.1837425910245,-1.1231444618289843
21.028292008999607,56.91335295623697,24.988585729795304,10.779999732971191,0.6657114028930664,-12.075193405151367,-1.5319279432296755,-6.1439990234375,413.71718882303134,592.9720575783234,459.18712955122777,551.9051651143099,-1.1384629961715107
21.038292008999605,56.96373874704116,24.89373878444776,10.760000228881836,1.8637018203735352,-12.541945457458498,-1.552004098892212,-6.1439990234375,413.71718882303134,589.1617273497036,459.4411515664691,554.9534292972057,-1.153998193450461
21.048292008999606,57.01266318448314,24.798235658679992,10.789999961853027,1.409015655517578,-14.865352630615234,-1.561025619506836,-6.207998046874999,409.0601185436071,580.6096528365791,457.2396274343776,551.2277730736664,-1.1696076904034087
21.058292008999608,57.06003490479975,24.702156995551967,10.789999961853027,0.0908331871032714,-15.927724838256836,-1.5528815984725954,-6.3039990234375,409.9068585944115,574.8518204911092,454.0220152413209,553.0906011854361,-1.1851327892204595
21.068292008999606,57.10589895575913,24.60527972406397,10.779999732971191,0.1385965347290039,-16.519481658935547,-1.5296099185943604,-6.431997070312499,406.4352243861134,574.7671464860288,455.37679932260795,552.7519051651143,-1.200447472877498
21.078292008999604,57.10589895575913,24.60527972406397,10.779999732971191,0.1385965347290039,-16.519481658935547,-1.5296099185943604,-6.527998046874999,413.1244707874682,575.6985605419136,453.09060118543607,551.4817950889077,-1.200447472877498
21.088292008999606,57.1217562606842,24.496725985120865,10.769999504089355,-0.0321059226989746,-15.072513580322266,-1.4879777431488037,-6.751997070312499,403.2176121930567,577.4767146486029,454.6994072819644,548.6028789161727,-1.2068604190685657
21.098292008999607,57.20592791455946,24.30021339372397,10.739999771118164,0.1448664665222168,-14.429866790771484,-1.472261905670166,-6.751997070312499,406.4352243861134,576.4606265876375,453.1752751905165,547.5867908552075,-1.2364395866401345
21.108292008999605,57.24650037650643,24.20129766505496,10.739999771118164,0.2208452224731445,-10.899136543273928,-1.4477720260620115,-6.88,393.98814563928875,579.9322607959356,450.71972904318375,548.2641828958509,-1.250915567214978
21.118292008999603,57.28607102631431,24.10182879427937,10.739999771118164,0.2234358787536621,-11.024715423583984,-1.4220068454742432,-7.007998046874999,405.24978831498726,585.012701100762,449.1955969517358,538.6113463166807,-1.2651583373094615
21.128292008999605,57.323750722435626,24.00220787120599,10.729999542236328,-0.7978472709655762,-16.060585021972656,-1.4471095800399782,-7.1039990234375,403.2176121930567,586.0287891617273,450.4657070279424,535.3090601185436,-1.279613203472085
21.138292008999606,57.36016453999712,23.90225924065699,10.679999351501465,-1.3118605613708496,-14.472578048706056,-1.4945542812347412,-7.231997070312499,426.0795935647756,581.2023708721422,455.2921253175275,533.1075359864521,-1.2945573067132194
21.148292008999604,57.39495387920302,23.801327716342136,10.679999351501465,-0.5181121826171875,-17.54094696044922,-1.542567849159241,-7.391997070312499,432.34546994072815,564.6062658763759,461.98137171888226,544.0304826418289,-1.3100572614143609
21.158292008999602,57.39495387920302,23.801327716342136,10.639999389648438,-0.8471164703369141,-14.865398406982422,-1.5771869421005251,-7.391997070312499,448.68755292125314,561.0499576629975,460.20321761219304,550.973751058425,-1.3100572614143609
21.168292008999604,57.44284330249676,23.5993917175186,10.619999885559082,2.678722858428955,-14.656482696533203,-1.5977264642715456,-7.487998046874999,474.51312447078743,566.3844199830652,468.9246401354784,548.6028789161727,-1.346731921974685
21.178292008999605,57.47304051578623,23.4974172501191,10.619999885559082,2.369029998779297,-13.958127975463867,-1.60020112991333,-7.456000976562499,493.7341236240474,580.6943268416596,473.32768839966127,550.4657070279424,-1.3627297213186345
21.188292008999603,57.50175814304794,23.394805567339827,10.630000114440918,3.193343162536621,-15.178574562072756,-1.6032234430313113,-7.456000976562499,522.8619813717189,579.8475867908552,481.4563928873836,552.2438611346316,-1.3787512377882698
21.1982920089996,57.52920814672429,23.29107653174433,10.630000114440918,3.6021032333374023,-14.904347419738771,-1.593990445137024,-7.2,533.6155800169348,576.7146486028789,488.56900931414054,554.0220152413209,-1.3947507928372767
21.208292008999603,57.55520317469368,23.1876326964488,10.679999351501465,2.7363429069519043,-13.524206161499023,-1.5593206882476809,-6.9439990234375,555.8001693480102,575.7832345469941,502.87891617273493,549.5342929720575,-1.4102897062795756
21.218292008999605,57.57990219195782,23.083043289642763,10.6899995803833,3.0269269943237305,-14.242703437805178,-1.5110961198806765,-6.431997070312499,563.082133784928,577.900084674005,515.2413209144793,551.8204911092295,-1.425433077672528
21.228292008999603,57.603437790629386,22.978255682358423,10.710000038146973,2.62320327758789,-12.148698806762695,-1.466541051864624,-5.887998046874999,556.9009314140559,585.012701100762,539.796782387807,555.0381033022862,-1.44009952315705
21.2382920089996,57.62599723767514,22.87304585398165,10.710000038146973,3.8838331699371342,-10.508603096008304,-1.43082857131958,-5.3439990234375,563.1668077900084,596.528365791702,548.9415749364945,562.2353937341236,-1.4543866447856764
21.248292008999602,57.64770880652237,22.767084112121548,10.760000228881836,4.549731254577637,-9.599246978759766,-1.4040971994400029,-4.8,558.8484335309059,601.1007620660457,550.2116850127011,565.2836579170195,-1.4684269338638438
21.258292008999604,57.66812756484445,22.66037129817557,10.800000190734863,5.713019371032715,-12.047316551208498,-1.375335931777954,-4.3519970703125,570.0254022015241,591.6172734970364,550.8044030482641,572.1422523285352,-1.48217732891465
21.2682920089996,57.66812756484445,22.66037129817557,10.800000190734863,4.400062084197999,-9.148155212402344,-1.3114498853683474,-3.9039990234375,555.8848433530906,604.0643522438611,537.7646062658764,597.121083827265,-1.48217732891465
21.2782920089996,57.7083317848115,22.456752603024174,10.90999984741211,7.846959114074707,-15.18166255950928,-1.2483673095703125,-3.6479980468750006,544.623200677392,606.2658763759525,534.038950042337,604.6570702794241,-1.506733446857873
21.2882920089996,57.72485103289073,22.34808764185848,10.969999313354492,5.76458740234375,-14.067855834960938,-1.1692304611206057,-3.36,536.0711261642675,614.5639288738357,502.7942421676545,620.575783234547,-1.5184268553834892
21.298292008999603,57.74000480683244,22.23799881572264,11.029999732971191,7.824533462524414,-14.188098907470703,-1.1292264461517334,-3.2,543.3530906011854,610.3302286198137,494.32684165961047,641.8289585097375,-1.529767031760394
21.3082920089996,57.75366819914503,22.127962813035133,11.079999923706056,6.969684600830078,-13.982244491577148,-1.1049671173095703,-3.0719970703125,555.3767993226079,617.696867061812,487.6375952582557,637.5952582557155,-1.540786923145725
21.3182920089996,57.766380471810926,22.016588758053576,11.079999923706056,8.862323760986328,-11.358407974243164,-1.0932741165161133,-2.7839990234375,561.6426756985605,613.5478408128704,491.27857747671464,632.9381879762913,-1.551722260453226
21.3282920089996,57.7778661439756,21.904345994363613,11.229999542236328,8.95189094543457,-12.059274673461914,-1.099687576293945,-2.56,571.8035563082134,614.6486028789161,494.24216765453,604.3183742591025,-1.5627165038692334
21.338292008999602,57.78814925537733,21.79149577349822,11.329999923706056,7.647961616516113,-12.082638740539553,-1.1108276844024658,-2.3039990234375005,585.6900931414056,615.7493649449618,499.6613039796782,583.3192209991532,-1.5738123225475473
21.3482920089996,57.79701945724396,21.677553935381447,11.329999923706056,7.273602485656738,-13.687178611755373,-1.1204428672790527,-2.047998046875,583.8272650296359,618.5436071126164,504.233700254022,585.2667231160034,-1.5850423854370146
21.358292008999598,57.80461865210509,21.563189043018877,11.4399995803833,6.8441314697265625,-12.822542190551758,-1.1201709508895876,-1.8239990234375003,592.887383573243,636.4098221845893,508.8907705334462,588.3149872988993,-1.5962478232370578
21.3682920089996,57.80461865210509,21.563189043018877,11.519999504089355,8.552988052368164,-12.942190170288086,-1.134172439575195,-1.6319970703125,607.70533446232,654.0220152413209,516.2574089754445,609.6528365791702,-1.5962478232370578
21.3782920089996,57.824716606528696,21.35515710654954,11.519999504089355,7.794331550598144,-10.88628673553467,-1.1374713182449343,-1.5039990234375002,609.6528365791702,657.324301439458,520.0677392040643,613.7171888230313,-1.6268035910960807
21.3882920089996,57.82863424135941,21.238623742121906,11.639999389648438,8.423954010009766,-10.63003921508789,-1.1312962770462038,-1.407998046875,610.9229466553768,663.2514817950889,527.6037256562236,638.4419983065198,-1.6381454033371088
21.398292008999597,57.83142794643263,21.12208745995837,11.710000038146973,7.369617462158203,-10.438302993774414,-1.1102159023284912,-1.4719970703125,610.6689246401354,671.8035563082134,540.9822184589331,671.0414902624893,-1.6492179058095817
21.4082920089996,57.83309756003967,21.00471710287489,11.710000038146973,7.228367805480957,-10.373463630676271,-1.074073314666748,-1.6,617.1041490262489,677.2226926333615,541.9983065198984,680.1016088060965,-1.6599483855517465
21.4182920089996,57.833606669671525,20.886002771516324,11.84999942779541,7.754831790924073,-10.465290069580078,-1.0390002727508545,-1.76,612.0237087214225,670.7027942421677,550.8044030482641,708.5520745131245,-1.6703842060097887
21.4282920089996,57.83266468949799,20.767366160573008,11.920000076293944,7.432048320770265,-12.31777000427246,-0.99228036403656,-1.92,611.2616426756986,656.3928873835732,571.6342082980525,715.9187129551227,-1.6802949347052336
21.438292008999596,57.83029847200848,20.64819597585911,11.920000076293944,7.770916938781738,-12.66115474700928,-0.9370853304862976,-2.1119970703125,609.4834885690093,652.5825571549534,576.8839966130398,708.1287044877222,-1.6896456714035852
21.448292008999598,57.82645584151745,20.528223982788223,12.079999923706056,7.693678855895996,-13.074831962585453,-0.8848340511322021,-2.3360009765624996,622.6079593564775,640.7281964436918,596.9517358171041,675.1905165114309,-1.6984899952198051
21.4582920089996,57.82111229163464,20.407370666323224,12.149999618530272,7.871026992797852,-13.290966033935549,-0.8388325572013856,-2.527998046875,617.8662150719729,640.1354784081287,609.3988145639288,660.7959356477561,-1.7068929123005347
21.468292008999597,57.8140190040862,20.28595584968828,12.210000038146973,8.154390335083008,-15.06825065612793,-0.796863615512848,-2.72,624.1320914479254,644.8772226926334,623.7933954276037,655.1227773073666,-1.7148727500945458
21.478292008999595,57.8140190040862,20.28595584968828,12.210000038146973,8.549736976623537,-13.546191215515138,-0.7746264934539795,-2.88,625.8255715495343,644.8772226926334,625.8255715495343,654.2760372565622,-1.7148727500945458
21.488292008999597,57.8140190040862,20.28595584968828,12.369999885559082,7.830408096313477,-13.53764533996582,-0.7510811686515809,-2.9760009765625,625.4868755292125,642.6756985605418,625.2328535139712,653.5139712108382,-1.7148727500945458
21.4982920089996,57.81779278707553,19.94340604583901,12.4399995803833,7.622404575347901,-13.126047134399414,-0.7304598689079286,-3.04,623.8780694326841,654.4453852667231,623.2006773920406,651.3971210838272,-1.73653580138597
21.508292008999597,57.80591517314044,19.820410397634262,12.4399995803833,6.792243480682374,-11.350143432617188,-0.7238174080848695,-3.1039990234375,628.7044877222693,665.0296359017781,622.0152413209145,661.9813717188823,-1.743772242848778
21.518292008999595,57.792838425689936,19.6968535590985,12.56999969482422,7.169309616088867,-10.955766677856444,-0.7170079946517944,-3.1039990234375,624.7248094834886,668.8399661303979,618.289585097375,667.6545300592718,-1.7509419740613203
21.528292008999596,57.77849283935792,19.57249375050462,12.639999389648438,6.957771301269531,-11.066595077514648,-0.7092233896255493,-3.1039990234375,614.225232853514,672.4809483488568,596.1896697713802,674.428450465707,-1.7580526322254721
21.538292008999598,57.76291491857205,19.44817224580052,12.639999389648438,5.588019371032715,-11.650904655456545,-0.7098093032836914,-3.1039990234375,585.6900931414056,654.5300592718036,576.7993226079593,656.3928873835732,-1.76515224157457
21.548292008999596,57.7458656836842,19.3239489885549,12.75,3.469232082366944,-13.643526077270508,-0.7139323949813843,-3.1039990234375,580.77900084674,649.5342929720575,575.5292125317527,648.9415749364945,-1.7722901969978162
21.558292008999594,57.72727975836551,19.1998974315912,12.779999732971191,1.7832756042480469,-14.852035522460938,-0.7164862155914307,-3.1039990234375,580.186282811177,635.8171041490262,575.8679085520745,624.6401354784081,-1.7794564189097892
21.568292008999595,57.70713807179677,19.07615087882827,12.779999732971191,0.9038300514221193,-15.421361923217772,-0.7058878540992738,-3.1039990234375,588.6536833192209,645.215918712955,576.545300592718,621.930567315834,-1.7865154590156898
21.578292008999597,57.68568593692929,18.952218229756006,12.769999504089355,3.6709022521972656,-13.365507125854492,-0.7032300233840942,-3.1039990234375,598.475867908552,648.4335309060118,578.9161727349704,626.333615580017,-1.7935455729226686
21.588292008999595,57.68568593692929,18.952218229756006,12.799999237060549,5.299112319946289,-13.475648880004885,-0.705755352973938,-3.0719970703125,644.7078746824725,656.3082133784927,583.4885690093141,635.8171041490262,-1.7935455729226686
21.598292008999593,57.6440538354623,18.71896361127018,12.799999237060549,7.48554801940918,-12.81134796142578,-0.7275514006614686,-3.0079980468750005,679.0008467400507,667.9932260795936,584.0812870448772,648.1795088907705,-1.8103847279844636
21.608292008999594,57.61852385782309,18.5948320573711,12.90999984741211,7.609964847564698,-12.628215789794922,-0.753164827823639,-2.9760009765625,686.9602032176122,674.2591024555461,587.0448772226927,652.4978831498729,-1.8178684242936431
21.618292008999596,57.591391673057096,18.469013022402244,13.0,9.784669876098633,-12.318124771118164,-0.7831037640571595,-2.9119970703125,702.3708721422523,682.9805249788315,593.4801016088061,663.7595258255715,-1.8257072961383973
21.628292008999594,57.5629238093719,18.342947104558817,13.0,8.384757041931154,-12.342310905456545,-0.7952699661254883,-2.8160009765625,681.7950889077053,693.1414055884843,592.2099915325995,686.1134631668077,-1.8336561960726603
21.638292008999592,57.53297379785232,18.216257279500365,13.170000076293944,8.906557083129883,-12.462635040283203,-0.7825700640678407,-2.8160009765625,673.4970364098222,693.3954276037256,592.2946655376799,695.0889077053345,-1.8414824489878971
21.648292008999594,57.50150092135573,18.08914043179422,13.25999927520752,8.4263391494751,-12.93381214141846,-0.7569739222526551,-2.7839990234375,665.0296359017781,691.2785774767146,600.5080440304827,723.2853513971211,-1.8490527224212987
21.658292008999595,57.46844346512169,17.961682121969886,13.25999927520752,8.36215591430664,-13.47260856628418,-0.7174877524375917,-2.847998046875,666.3844199830652,693.2260795935647,602.0321761219305,756.8162574089754,-1.8562243429173797
21.668292008999593,57.43371549756029,17.833869113331687,13.449999809265137,8.287878036499023,-14.269359588623049,-0.6909751296043397,-2.9119970703125,665.961049957663,694.24216765453,607.112616426757,758.5097375105843,-1.8631302985736728
21.67829200899959,57.43371549756029,17.833869113331687,13.549999237060549,9.459096908569336,-13.490373611450195,-0.6589057445526123,-3.1360009765625,664.3522438611346,701.1854360711261,632.7688399661304,767.4851820491109,-1.8631302985736728
21.688292008999593,57.40117710839829,17.55798618027976,13.65999984741211,10.16428565979004,-12.713489532470703,-0.6277810335159302,-3.36,665.198983911939,699.6613039796782,645.3005927180355,768.4165961049957,-1.8707406459364442
21.698292008999594,57.36354562046426,17.428277257773583,13.769999504089355,9.449976921081545,-8.98268795013428,-0.6068657636642456,-3.5839990234375,686.9602032176122,697.7138018628281,660.4572396274343,767.6545300592718,-1.8767867264461637
21.708292008999592,57.32462413850179,17.29745101728068,13.880000114440918,9.800435066223146,-8.924426078796388,-0.5967134237289429,-3.84,726.333615580017,699.0685859441152,690.8552074513124,762.4047417442845,-1.882751720979251
21.71829200899959,57.28425186865506,17.165155946529868,13.880000114440918,9.99193000793457,-9.101037979125977,-0.5832082629203797,-4.0319970703125,734.1236240474174,709.8221845893311,709.3988145639288,756.9009314140559,-1.888616752347979
21.728292008999592,57.24307863029564,17.033699276048104,14.109999656677246,9.445070266723633,-9.543172836303713,-0.56955224275589,-4.1919970703125005,738.9500423370025,714.4792548687552,718.4589331075359,759.4411515664691,-1.894284432017394
21.738292008999593,57.20053121390907,16.900999873296538,14.210000038146973,9.570282936096191,-9.189259529113771,-0.5559262037277222,-4.2560009765625,719.7290431837425,722.5232853513971,745.9779847586791,765.1143099068586,-1.8998426284078611
21.74829200899959,57.156489505038216,16.76711272315216,14.210000038146973,9.177306175231935,-9.647709846496584,-0.5234998464584351,-4.3519970703125,725.8255715495343,731.3293818797629,741.2362404741745,794.1574936494496,-1.9051028339220515
21.75829200899959,57.111426010306495,16.63385479506955,14.399999618530272,11.40340805053711,-10.551424026489258,-0.4844126105308532,-4.287998046875001,715.4953429297206,733.4462320067739,736.7485182049111,798.3065198983911,-1.9099187751238638
21.76829200899959,57.111426010306495,16.63385479506955,14.539999961853027,11.545904159545898,-10.915220260620115,-0.4369321763515473,-4.2560009765625,701.354784081287,736.4944961896697,733.1922099915325,796.6130397967823,-1.9099187751238638
21.778292008999593,57.05184762848894,16.356783543281907,14.539999961853027,11.80356216430664,-10.8974609375,-0.4033960700035095,-4.16,701.2701100762066,737.5952582557155,729.3818797629127,795.596951735817,-1.9204063906837165
21.78829200899959,57.00282957632522,16.22070597515511,14.769999504089355,11.02491569519043,-10.096473693847656,-0.3861628770828247,-4.0639990234375,699.4919559695173,737.3412362404741,733.0228619813716,794.4961896697713,-1.9242649775144618
21.79829200899959,56.95261471066956,16.083947219277373,14.880000114440918,10.219059944152834,-9.134692192077638,-0.3716243207454682,-4.0319970703125,723.454699407282,734.4623200677391,737.0872142252329,800.4233700254022,-1.9279801539521204
21.80829200899959,56.90105159951184,15.9459018539442,14.880000114440918,10.558794021606444,-8.334259033203125,-0.361085444688797,-4.0319970703125,723.9627434377646,743.0143945808636,747.5867908552074,810.2455546147332,-1.9316046931825357
21.81829200899959,56.84861986739639,15.808021329379134,15.119999885559082,10.901364326477053,-8.54823398590088,-0.3582477569580078,-4.0960009765625,730.5673158340389,744.8772226926334,751.4817950889077,812.3624047417443,-1.9351776865013481
21.82829200899959,56.794712878112165,15.669154695780865,15.210000038146973,10.23740005493164,-9.59194564819336,-0.3489018678665161,-4.287998046875001,720.0677392040643,749.5342929720575,762.8281117696866,811.4309906858595,-1.9386681991770018
21.838292008999588,56.739595627693056,15.529787112936686,15.210000038146973,9.742585182189943,-9.437724113464355,-0.3412578999996186,-4.5119970703125,726.7569856054191,761.9813717188823,762.5740897544454,841.151566469094,-1.9420811817336274
21.84829200899959,56.68318462316934,15.389796110703593,15.399999618530272,11.103125572204592,-9.53528690338135,-0.3270955681800842,-4.7039990234375,723.0313293818797,767.9085520745131,760.7112616426757,841.0668924640136,-1.9453497947261837
21.85829200899959,56.65828660872983,15.25016054489106,15.50999927520752,11.057710647583008,-9.343517303466797,-0.3356192111968994,-4.96,726.1642675698561,784.1659610499577,762.7434377646063,838.3573243014395,-1.9498195443368918
21.86829200899959,56.65828660872983,15.25016054489106,15.50999927520752,12.073300361633304,-8.785389900207521,-0.3676578104496003,-5.247998046875,729.3818797629127,782.8958509737511,758.4250635055038,853.7679932260795,-1.9498195443368918
21.878292008999587,56.54036906999161,14.966361240105762,15.729999542236328,10.628361701965334,-9.351935386657717,-0.4085107147693634,-5.4719970703125,730.7366638441998,782.6418289585097,753.85266723116,857.324301439458,-1.9575813390505787
21.88829200899959,56.47980423408686,14.823548305323069,15.81999969482422,10.152123451232912,-8.099772453308107,-0.4448701739311218,-5.76,743.6917866215072,786.4521591871295,762.7434377646063,859.1024555461473,-1.9620291880247596
21.89829200899959,56.41813861904791,14.680106657103089,15.81999969482422,10.106361389160156,-8.294710159301758,-0.4859379529953003,-5.887998046874999,742.5063505503811,792.0406435224386,765.198983911939,856.8162574089754,-1.9668874043540838
21.908292008999588,56.355215878951775,14.5360592232527,16.03999900817871,9.776554107666016,-9.149972915649414,-0.5086665749549867,-5.951997070312499,745.4699407281964,796.2743437764606,768.4165961049957,857.1549534292972,-1.9719755205593559
21.918292008999586,56.29108631676319,14.391606991080783,16.1299991607666,9.23628330230713,-9.611273765563968,-0.5298502445220947,-6.047998046874999,748.4335309060118,805.0804403048264,769.5173581710415,869.8560541913632,-1.977273765299246
21.928292008999588,56.22555846454221,14.246170651587578,16.1299991607666,10.235231399536133,-9.338916778564451,-0.5524742603302002,-6.1439990234375,756.3082133784927,820.8298052497883,774.9364944961897,885.6054191363252,-1.9828114112063007
21.93829200899959,56.15893454532416,14.1003018664441,16.350000381469727,9.947940826416016,-8.776159286499023,-0.566473126411438,-6.24,755.9695173581711,825.3175275190516,777.4767146486029,887.9762912785775,-1.9884841054734623
21.948292008999587,56.09124628326345,13.954083158478271,16.459999084472656,10.681904792785646,-8.746703147888185,-0.5925332903862001,-6.336000976562499,764.1828958509738,815.7493649449618,786.1134631668077,883.657917019475,-1.994404770785296
21.958292008999585,56.02230492543271,13.807405335237029,16.459999084472656,8.387763023376467,-9.499199867248535,-0.6165663599967958,-6.431997070312499,765.5376799322607,825.7408975444538,793.8187976291279,874.6824724809483,-2.000573515523614
21.968292008999587,55.95217931233212,13.660363038347477,16.639999389648438,8.546354293823242,-9.433998107910156,-0.6279904246330262,-6.5600000000000005,768.5859441151566,826.5029635901777,797.0364098221845,875.1058425063505,-2.006855060751393
21.97829200899959,55.95217931233212,13.660363038347477,16.709999084472656,8.173193931579592,-9.90263080596924,-0.6298214197158813,-6.6239990234375,783.1498729889923,822.8619813717188,812.7011007620661,886.7061812023709,-2.006855060751393
21.988292008999586,55.95217931233212,13.660363038347477,16.709999084472656,7.904850959777832,-9.29250240325928,-0.610836684703827,-6.72,790.3471634208298,835.1397121083827,822.1845893310754,918.7129551227773,-2.006855060751393
21.998292008999584,55.77824637729218,13.21063044580528,16.899999618530273,8.822877883911133,-7.748682022094727,-0.5838786363601685,-6.72,798.6452159187129,834.6316680779,834.2929720575783,924.7248094834886,-2.016536696973667
22.008292008999586,55.70468125639213,13.06174475766017,16.979999542236328,8.137014389038086,-9.201009750366213,-0.5471017956733705,-6.751997070312499,803.3869602032175,839.3734123624047,843.0143945808636,953.85266723116,-2.0220082314697625
22.018292008999587,55.62965477747324,12.91228222353002,16.979999542236328,10.801148414611818,-9.867678642272953,-0.5222784280776978,-6.687998046874999,809.1447925486875,844.9618966977138,825.3175275190516,969.4326841659611,-2.027229765560897
22.028292008999586,55.55313400401837,12.762524943203616,17.190000534057617,9.927012443542482,-11.22206783294678,-0.5101847648620605,-6.6239990234375,813.7171888230313,845.8086367485182,816.934801016088,962.9127857747671,-2.032329662143589
22.038292008999584,55.47533233548526,12.61202525262279,17.279998779296875,9.70233154296875,-9.180242538452148,-0.5141633749008179,-6.431997070312499,816.1727349703641,847.3327688399661,820.6604572396274,932.0914479254868,-2.0374776654664193
22.048292008999585,55.39661341598472,12.461251014165176,17.279998779296875,9.644652366638184,-7.88003969192505,-0.5300310850143433,-6.271997070312499,846.4013547840813,851.5664690939881,823.6240474174429,886.9602032176122,-2.0427750647688545
22.058292008999587,55.31673722770193,12.309878771154304,17.469999313354492,9.314685821533203,-7.9113526344299325,-0.5522893071174623,-6.047998046874999,854.8687552921252,858.8484335309059,827.6037256562236,884.8433530906011,-2.04829953268537
22.068292008999585,55.31673722770193,12.309878771154304,17.469999313354492,9.314685821533203,-7.9113526344299325,-0.5522893071174623,-5.8239990234375005,866.9771380186282,865.198983911939,823.7933954276037,891.7019475021168,-2.04829953268537
22.078292008999583,55.15271225901684,12.004589160390363,17.56999969482422,10.610438346862797,-9.254519462585453,-0.6069790124893188,-5.6000000000000005,896.7823878069432,882.3878069432684,826.5029635901777,898.7298899237934,-2.060229128454019
22.088292008999584,55.06932950550439,11.852570666019878,17.78999900817871,12.016006469726562,-10.82075309753418,-0.6664014458656312,-5.407998046875,907.4513124470787,884.419983065199,828.7891617273497,881.3717188823031,-2.066848967226314
22.098292008999586,55.00008682817558,11.697255217626418,17.899999618530273,9.651058197021484,-11.262184143066406,-0.741937816143036,-5.2160009765625,913.1244707874682,886.4521591871295,809.5681625740897,859.7798475867908,-2.0768184926815065
22.108292008999584,55.00008682817558,11.697255217626418,17.899999618530273,6.02836799621582,-13.427169799804688,-0.767975151538849,-5.0560009765625,837.510584250635,885.9441151566468,811.8543607112616,867.4851820491109,-2.0768184926815065
22.118292008999582,54.86978840738988,11.468270941973907,18.020000457763672,4.8722901344299325,-15.295110702514648,-0.7446660399436952,-4.96,823.1160033869602,888.3996613039797,818.3742591024555,871.2108382726502,-2.0882162815677203
22.128292008999583,54.74476819695216,11.254340861344572,18.059999465942383,5.671686172485352,-13.304655075073242,-0.7367022037506104,-4.8639990234375,840.4741744284504,897.0364098221845,835.2243861134631,875.02116850127,-2.0985379714126635
22.138292008999585,54.653551630562575,11.10104690745544,18.059999465942383,8.866343498229982,-12.047669410705568,-0.7342019677162172,-4.8319970703125,867.7392040643522,907.5359864521591,860.0338696020322,897.2057578323454,-2.1059041406277386
22.148292008999583,54.56147779327092,10.94811763567213,18.239999771118164,9.713382720947266,-10.120529174804688,-0.7313149571418763,-4.767998046875,865.7917019475021,908.8060965283657,867.4005080440304,901.5241320914479,-2.1132049037306144
22.15829200899958,54.468050964404775,10.795007636540584,18.31999969482422,9.40164566040039,-10.45977783203125,-0.729471266269684,-4.7039990234375,873.3276883996613,907.6206604572396,913.7171888230313,895.596951735817,-2.1204844784397876
22.168292008999583,54.468050964404775,10.795007636540584,18.38999938964844,8.805580139160156,-11.072154998779297,-0.720627248287201,-4.64,874.5131244707874,905.0804403048264,931.3293818797629,900.8467400508043,-2.1204844784397876
22.178292008999584,54.287107015479,10.478355140193052,18.46999931335449,5.603221893310547,-9.747455596923828,-0.6854090094566346,-4.5760009765625,890.3471634208298,911.5156646909398,976.3759525825571,917.9508890770533,-2.1283830385428955
22.188292008999582,54.19069222839524,10.325445032826758,18.46999931335449,7.524193286895753,-11.383747100830078,-0.6329578757286073,-4.5119970703125,884.1659610499577,915.3259949195597,986.7061812023709,919.7290431837425,-2.1346717149472196
22.19829200899958,54.09200870643595,10.171728029402988,18.6299991607666,7.468059539794922,-13.028486251831056,-0.5752842426300049,-4.48,890.008467400508,912.3624047417443,1022.7773073666384,931.160033869602,-2.1404237289364714
22.20829200899958,53.991975040518426,10.017728450787368,18.690000534057617,8.28657627105713,-10.115109443664553,-0.5116823315620423,-4.447998046875001,917.0194750211684,917.8662150719729,1039.9661303979678,954.3607112616427,-2.1455424992855
22.218292008999583,53.890674147124486,9.86347804002987,18.690000534057617,8.166344642639162,-8.86071300506592,-0.4567170739173889,-4.3839990234375,928.0270956816257,919.5596951735816,1041.9983065198983,952.8365791701947,-2.1501135857031697
22.22829200899958,53.78814310034543,9.709072677862755,18.85999870300293,9.5822229385376,-8.807000160217287,-0.4213367700576782,-4.32,951.6511430990686,925.5715495342929,1014.1405588484334,957.5783234546993,-2.1543254425678553
22.23829200899958,53.6842705657111,9.553968735270397,18.979999542236328,10.340099334716797,-7.516710758209229,-0.3976922631263733,-4.127998046875001,983.8272650296359,925.2328535139711,993.9034716342082,952.1591871295512,-2.158306248912626
22.24829200899958,53.57922399087086,9.398567516869075,19.09000015258789,10.024478912353516,-7.667001247406007,-0.3785432279109955,-3.9679980468750005,986.7061812023709,927.0110076206604,981.6257408975445,949.7036409822184,-2.1620935728681756
22.258292008999582,53.47243487610002,9.242333369979864,19.09000015258789,11.878834724426271,-8.854554176330568,-0.3625853657722473,-3.68,1018.6282811176968,936.0711261642675,963.2514817950889,944.7925486875529,-2.165728500012224
22.26829200899958,53.36448092034946,9.085812001545474,19.32999992370605,12.236937522888184,-8.156836509704592,-0.3514610826969147,-3.4560009765625,1021.3378492802709,939.796782387807,955.4614733276884,945.1312447078747,-2.169245369948402
22.27829200899958,53.36448092034946,9.085812001545474,19.44999885559082,11.166617393493654,-8.088328361511232,-0.3314287960529328,-3.1360009765625,1022.0999153259949,944.5385266723116,932.5994919559695,947.0787468247248,-2.169245369948402
22.28829200899958,53.15373576370084,8.757912257142474,19.44999885559082,12.128260612487797,-8.3429651260376,-0.313750296831131,-2.847998046875,1011.4309906858593,947.3327688399661,922.6079593564775,944.1998306519898,-2.182649558339404
22.29829200899958,53.04236406394652,8.601302160497909,19.69999885559082,9.594694137573242,-7.317838668823242,-0.3060563504695893,-2.4960009765624998,1010.584250635055,947.6714648602879,926.7569856054191,947.9254868755291,-2.185693919691834
22.30829200899958,52.929060733427214,8.443086303329165,19.78999900817871,9.213727951049805,-6.5619001388549805,-0.2929217517375946,-2.2079980468750002,1000.9314140558848,951.5664690939881,941.744284504657,954.7840812870448,-2.188630607080389
22.318292008999578,52.81402330836653,8.28410733293899,19.78999900817871,10.658631324768068,-8.212029457092287,-0.2642471492290497,-2.047998046875,978.7468247248095,960.5419136325148,946.3166807790008,969.8560541913632,-2.191286306352891
22.32829200899958,52.69865057214866,8.126347871814527,19.96999931335449,11.58326053619385,-9.07166385650635,-0.2378830462694168,-1.92,971.6342082980525,962.0660457239627,943.0990685859441,970.194750211685,-2.1936528839475726
22.33829200899958,52.58133868900151,7.967531278037645,20.100000381469727,10.335726737976076,-9.137938499450684,-0.221818059682846,-1.887998046875,954.5300592718036,968.670618120237,948.6875529212531,976.7993226079593,-2.195871115314526
22.34829200899958,52.46252990991128,7.808209376916642,20.100000381469727,10.145119667053224,-9.052622795104982,-0.2165529131889343,-1.887998046875,959.5258255715495,974.5977984758679,950.8044030482641,980.6096528365791,-2.1980397401954774
22.358292008999577,52.34276630128305,7.648939764379022,20.270000457763672,8.734006881713867,-8.530033111572266,-0.226748064160347,-1.887998046875,960.0338696020322,974.1744284504657,952.6672311600338,982.0491109229466,-2.200307218674643
22.36829200899958,52.22215908017914,7.489245451869331,20.36999893188477,9.37450122833252,-5.852451324462891,-0.2358899414539337,-1.92,969.4326841659611,976.2912785774766,976.1219305673158,987.8069432684166,-2.2026645973448544
22.37829200899958,52.10047571328944,7.32899559469132,20.489999771118164,9.940811157226562,-5.571506500244141,-0.2381994724273681,-1.9839990234375002,987.7222692633361,985.6900931414056,983.9119390347163,991.2785774767146,-2.2050457947209643
22.388292008999578,52.10047571328944,7.32899559469132,20.600000381469727,10.451014518737797,-5.231528282165527,-0.2348748594522476,-2.08,991.2785774767146,993.7341236240474,1009.1447925486875,1012.4470787468247,-2.2050457947209643
22.398292008999576,51.87873905878068,6.996613607481479,20.600000381469727,10.099639892578123,-5.345708370208741,-0.2202679663896561,-2.1760009765625,985.4360711261643,995.4276037256561,1012.6164267569856,1017.696867061812,-2.2105699658879563
22.408292008999577,51.75435297720703,6.834672534005968,20.78999900817871,9.96457290649414,-4.693099021911621,-0.2101117074489593,-2.2719970703125,985.1820491109229,997.5444538526672,1036.4098221845893,1029.5512277730736,-2.212670780391456
22.41829200899958,51.629074596213215,6.672444312593249,20.86999893188477,8.943803787231445,-5.173964023590089,-0.2091350555419922,-2.367998046875,988.9077053344623,1001.0160880609652,1057.8323454699407,1032.68416596105,-2.2147610319953874
22.428292008999577,51.50271234874131,6.509698676192254,20.86999893188477,8.80065441131592,-5.37571907043457,-0.2068381756544113,-2.4319970703125,992.3793395427604,1000.6773920406434,1063.1668077900085,1030.4826418289585,-2.216830250118456
22.438292008999575,51.37504245790112,6.346445316510874,21.03999900817871,10.748151779174805,-6.660850524902344,-0.2039553225040435,-2.56,999.0685859441152,1010.584250635055,1069.0939881456393,1030.9060118543607,-2.218870822559929
22.448292008999577,51.246441788604216,6.182943143078693,21.13999938964844,10.279708862304688,-6.104107379913331,-0.1977677643299102,-2.6560009765625,999.6613039796782,1020.0677392040643,1085.351397121084,1047.8408128704486,-2.2208471780749055
22.458292008999578,51.116968159625536,6.018907334595662,21.13999938964844,8.45274066925049,-4.391688346862793,-0.1908682137727737,-2.7839990234375,1000.592718035563,1021.930567315834,1093.6494496189669,1057.917019475021,-2.222756404470712
22.468292008999576,50.986797648605815,5.854260333737805,21.31999969482422,9.034351348876951,-2.902033090591431,-0.2068398296833038,-2.9119970703125,1010.6689246401354,1024.7248094834886,1115.7493649449618,1061.1346316680779,-2.2248251459961748
22.478292008999574,50.85597361112395,5.689205289284757,21.40999984741211,8.015968322753906,-3.017892360687256,-0.2248294502496719,-3.0079980468750005,1022.6926333615579,1028.281117696867,1151.1430990685858,1068.5859441151565,-2.227073491958049
22.488292008999576,50.72459677354272,5.523696627357856,21.40999984741211,7.715387344360352,-2.320687055587769,-0.2420301139354705,-3.0719970703125,1026.92633361558,1027.1803556308214,1160.795935647756,1071.718882303133,-2.22949315603999
22.498292008999577,50.72459677354272,5.523696627357856,21.559999465942383,8.818533897399904,-4.276945114135742,-0.2410240173339843,-3.2,1033.276883996613,1035.9864521591871,1196.7823878069432,1084.3353090601186,-2.22949315603999
22.508292008999575,50.72459677354272,5.523696627357856,21.670000076293945,11.287243843078617,-7.345674991607667,-0.2305320650339127,-3.327998046875001,1021.8458933107536,1050.4657070279425,1180.609652836579,1095.0889077053343,-2.22949315603999
22.518292008999573,50.36785587839839,5.009520160160292,21.670000076293945,11.672002792358398,-9.767967224121094,-0.2404477894306183,-3.52,1016.7654530059272,1053.85266723116,1162.5740897544454,1098.2218458933107,-2.235469419776729
22.528292008999575,50.23213442429648,4.842304918006006,21.88999938964844,10.004371643066406,-8.614082336425781,-0.2679188847541809,-3.7439990234375,1029.8899237933954,1060.0338696020322,1126.6723116003386,1101.185436071126,-2.23814758403976
22.538292008999576,50.09530321496155,4.674561660168438,21.96999931335449,9.534191131591797,-6.908740997314453,-0.2981548309326172,-3.84,1042.082980524979,1056.3928873835732,1099.830651989839,1106.2658763759525,-2.24113033796173
22.548292008999574,49.95760558747722,4.506334429758645,21.96999931335449,9.872209548950195,-5.190393924713136,-0.323843240737915,-3.9679980468750005,1041.5749364944961,1059.6951735817104,1097.5444538526672,1105.1651143099068,-2.244368767280699
22.558292008999572,49.81891218605136,4.3376646119001565,22.19999885559082,8.860652923583984,-5.227105617523194,-0.3356994092464447,-4.0639990234375,1051.8204911092294,1072.142252328535,1089.6697713801861,1117.9508890770533,-2.2477277590960885
22.568292008999574,49.67930200354309,4.168612075846114,22.26000022888184,10.367666244506836,-5.3802032470703125,-0.3679628074169159,-4.127998046875001,1047.5867908552075,1085.9441151566468,1070.956816257409,1136.2404741744283,-2.251405541348527
22.578292008999576,49.53854127637748,3.999139214918122,22.26000022888184,9.40082550048828,-6.4603776931762695,-0.4016242325305939,-4.127998046875001,1042.082980524979,1084.6740050804403,1069.7713801862828,1138.272650296359,-2.2554226416357555
22.588292008999574,49.53854127637748,3.999139214918122,22.40999984741211,4.380603313446046,-7.250992298126222,-0.4330650568008423,-4.16,1032.2607959356478,1088.8230313293818,1063.8441998306519,1163.1668077900083,-2.2554226416357555
22.59829200899957,49.26894165420027,3.652141018237476,22.459999084472656,6.154001712799073,-8.708795547485352,-0.4599953591823578,-4.127998046875001,1042.2523285351397,1091.4479254868754,1060.2878916172735,1200.1693480101608,-2.2620850708054396
22.608292008999573,49.12596882485999,3.483079735608801,22.459999084472656,6.348590373992921,-9.043886184692385,-0.4618286788463593,-4.0639990234375,1042.7603725656222,1096.5283657917018,1065.1143099068586,1208.1287044877222,-2.266695425374869
22.618292008999575,48.98114586600239,3.3135708418616114,22.549999237060547,6.894757747650147,-10.551819801330568,-0.4647566974163056,-4.0960009765625,1049.788314987299,1105.1651143099068,1065.5376799322607,1229.043183742591,-2.2713519632539123
22.628292008999573,48.83520696613831,3.1448987119304475,22.61999893188477,6.557370185852051,-13.087433815002443,-0.4830503761768341,-4.127998046875001,1043.6071126164268,1099.4919559695172,1054.6994072819643,1231.752751905165,-2.2761796983725295
22.63829200899957,48.68837926767092,2.9763309106788145,22.61999893188477,4.279138088226319,-9.736921310424805,-0.5118389129638672,-4.2239990234375,1036.2404741744283,1103.1329381879762,1057.0702794242168,1235.9017781541068,-2.2812993029399555
22.648292008999572,48.54079874355505,2.8077912195253787,22.709999084472656,5.541864395141602,-7.695644378662109,-0.547348141670227,-4.32,1038.272650296359,1104.995766299746,1061.9813717188822,1229.8899237933954,-2.2867704301733474
22.658292008999574,48.38570818729078,2.62826316438676,22.76000022888184,6.362525463104249,-6.068210124969483,-0.5941375494003296,-4.48,1025.1481795088907,1115.6646909398814,1075.190516511431,1202.2861981371718,-2.2899716321184416
22.668292008999572,48.23675531819384,2.459417241481013,22.76000022888184,6.35955572128296,-7.695216655731202,-0.6444956660270692,-4.8,1018.8823031329381,1116.342082980525,1070.956816257409,1190.6858594411515,-2.296401523977711
22.67829200899957,48.08641513432195,2.290313727466597,22.850000381469727,4.994773387908936,-9.44123077392578,-0.7165083885192871,-5.087998046875001,1013.1244707874682,1130.7366638441997,1079.593564775614,1159.1024555461472,-2.3035713842392807
22.68829200899957,47.934850871416,2.121724030457386,22.86999893188477,3.62747859954834,-12.582201957702638,-0.7893737554550171,-5.3439990234375,1018.0355630821338,1135.6477561388654,1078.5774767146486,1152.2438611346315,-2.3114752771397105
22.698292008999573,47.7830506148355,1.9539223542470476,22.850000381469727,0.4179911613464355,-9.63886260986328,-0.8399326205253602,-5.6639990234375,1018.7976291278577,1136.325148179509,1087.3835732430143,1157.1549534292972,-2.319873994568117
22.70829200899957,47.6302490005005,1.786968007252674,22.850000381469727,-1.1213688850402832,-11.674402236938477,-0.8203914761543275,-5.9839990234375,1021.4225232853513,1143.0143945808636,1082.6418289585097,1205.4191363251482,-2.3280863121583097
22.71829200899957,47.47649515682339,1.6204989880257543,22.86999893188477,1.461160659790039,-10.19105625152588,-0.7860714197158813,-6.367998046874999,1024.3014394580864,1148.09483488569,1092.2099915325994,1247.7561388653683,-2.335955827318362
22.72829200899957,47.322445946164606,1.4550316215084278,22.86999893188477,1.7643985748291016,-9.209408760070804,-0.7771789431571962,-6.751997070312499,1017.8662150719729,1153.5139712108382,1094.4115156646908,1277.0533446232007,-2.3437118593567345
22.738292008999572,47.1675247089452,1.2889675195826644,22.86999893188477,2.9862866401672363,-4.585243701934815,-0.778062105178833,-7.04,985.7747671464859,1152.8365791701947,1091.7019475021168,1312.8704487722268,-2.3514997076623456
22.74829200899957,47.01179945572456,1.1236111889279643,22.899999618530277,3.750834703445435,-8.857391357421875,-0.7970874309539795,-7.167998046874999,984.419983065199,1146.740050804403,1090.2624894157493,1328.0270956816257,-2.359465633318497
22.758292008999568,46.85471869849571,0.958947101075913,22.920000076293945,3.435936450958252,-13.11875343322754,-0.8296793699264526,-7.2639990234375,966.6384419983065,1128.7891617273497,1065.7070279424215,1337.1718882303132,-2.3677626169162993
22.76829200899957,46.85471869849571,0.958947101075913,22.920000076293945,3.080991268157959,-15.695440292358398,-0.8681212663650513,-7.36,948.856900931414,1163.674851820491,1054.2760372565622,1300.5080440304826,-2.3677626169162993
22.77829200899957,46.514633052842505,0.6211744788966752,22.989999771118164,5.692671298980714,-14.908721923828123,-0.9544133543968202,-7.4239990234375,934.8010160880609,1173.1583403895004,1051.0584250635054,1290.008467400508,-2.3820105441635837
22.78829200899957,46.35367541332429,0.4581333880807697,23.029998779296875,5.283591270446777,-14.939267158508304,-1.0610812902450564,-7.487998046874999,916.2574089754445,1169.9407281964436,1041.7442845046571,1262.0660457239626,-2.3926094568165786
22.798292008999567,46.19084953689675,0.2953417675090215,23.029998779296875,3.2605462074279785,-16.199127197265625,-1.143820643424988,-7.456000976562499,905.2497883149873,1165.198983911939,1039.8814563928872,1239.8814563928872,-2.404083377102629
22.80829200899957,46.02774800337339,0.1340955359735232,23.01999855041504,1.3603248596191406,-14.602610588073732,-1.1865978240966797,-7.391997070312499,904.5723962743438,1161.727349703641,1035.9864521591871,1227.8577476714647,-2.4159408568183016
22.81829200899957,45.86373655430327,-0.0255675295202833,22.989999771118164,-0.7155170440673828,-17.399667739868168,-1.2286944389343262,-7.391997070312499,923.6240474174429,1165.6223539373411,1022.1845893310754,1205.0804403048264,-2.428208455213471
22.82829200899957,45.69833866064391,-0.1841728420445981,22.989999771118164,-0.9773025512695312,-17.812156677246094,-1.2564216852188113,-7.4239990234375,937.5952582557154,1151.3971210838272,1014.9872988992379,1171.0414902624893,-2.440778351614674
22.838292008999566,45.53243937973217,-0.341261574386568,22.88999938964844,-2.2288990020751958,-15.357635498046877,-1.233834743499756,-7.5200000000000005,935.1397121083827,1149.1955969517358,1009.4834885690093,1172.2269263336154,-2.453104920517851
22.848292008999568,45.365648613465645,-0.4972543860241887,22.850000381469727,-3.975719451904297,-13.860607147216797,-1.1731610298156738,-7.5839990234375,936.2404741744284,1145.977984758679,997.0364098221845,1177.8154106689246,-2.464849106280233
22.85829200899957,45.19770831797906,-0.651463202966218,22.850000381469727,-3.889289379119873,-17.70568084716797,-1.104556441307068,-7.616000976562499,936.6638441998306,1144.8772226926333,986.4521591871295,1190.9398814563929,-2.4759138844741733
22.868292008999568,45.02979542757552,-0.8037414869765779,22.75,-3.517622947692871,-14.601708412170412,-1.0475693941116335,-7.616000976562499,935.3090601185436,1139.5427603725657,994.4115156646909,1177.3920406435225,-2.486366340744289
22.878292008999566,44.86088779043196,-0.9556009031489728,22.739999771118164,0.5125036239624023,-10.87210464477539,-1.0197649002075195,-7.68,927.8577476714648,1129.4665537679932,1001.1007620660457,1162.9974597798475,-2.4965535253924918
22.888292008999567,44.86088779043196,-0.9556009031489728,22.739999771118164,-0.0174160003662109,-11.738463401794435,-0.9977619647979736,-7.7439990234375005,913.9712108382727,1118.5436071126164,1005.7578323454699,1124.047417442845,-2.4965535253924918
22.89829200899957,44.51339950071851,-1.245896288694028,22.689998626708984,0.2164506912231445,-9.209310531616213,-0.9837560653686525,-7.776000976562499,916.934801016088,1117.9508890770533,1017.4428450465707,1118.8823031329382,-2.5102339577311175
22.908292008999567,44.34284710865928,-1.3955349004286488,22.649999618530277,-1.7017159461975098,-10.546037673950195,-1.0020540952682495,-7.776000976562499,909.5681625740897,1113.3784928027096,1029.805249788315,1107.0279424216765,-2.5202532945859
22.918292008999565,44.17171181257554,-1.5441177362926335,22.649999618530277,-1.3354277610778809,-12.621477127075195,-1.0761367082595827,-7.68,913.3784928027095,1117.104149026249,1041.151566469094,1097.883149872989,-2.5310125988377767
22.928292008999566,43.999697824780974,-1.6915504226640572,22.549999237060547,0.1908531188964843,-15.570638656616213,-1.1905738115310671,-7.616000976562499,913.3784928027095,1119.7290431837425,1041.151566469094,1100.2540220152412,-2.5429152031948092
22.938292008999568,43.82657194199893,-1.8383350914235117,22.51000022888184,1.3818659782409668,-15.222475051879885,-1.3239666223526003,-7.487998046874999,918.5436071126164,1128.3657917019475,1040.4741744284504,1098.4758679085521,-2.5561734806282175
22.948292008999566,43.65278297078968,-1.9835398735512528,22.51000022888184,1.6667499542236328,-18.02924156188965,-1.4649003744125368,-7.36,923.454699407282,1136.0711261642675,1040.0508044030482,1103.0482641828958,-2.570811992617991
22.958292008999564,43.47763036919307,-2.127150960434006,22.44999885559082,1.324498176574707,-21.883113861083984,-1.5870156288146973,-7.04,930.8213378492802,1134.9703640982218,1037.341236240474,1105.588484335309,-2.586684404015245
22.968292008999565,43.30134659601261,-2.2686785967364957,22.38999938964844,0.0574760437011718,-24.419252395629886,-1.6786228418350222,-6.72,929.8899237933954,1129.635901778154,1026.0795935647757,1108.0440304826418,-2.603468215135763
22.978292008999567,43.12374709348192,-2.407291880436534,22.38999938964844,-1.8578691482543943,-30.29334259033203,-1.744035601615906,-6.24,958.8484335309059,1119.3056731583404,1024.5554614733276,1105.8425063505504,-2.620900654120192
22.988292008999565,43.12374709348192,-2.407291880436534,22.18000030517578,-3.608860969543457,-33.218406677246094,-1.7510794401168823,-5.791997070312499,961.1346316680779,1118.289585097375,1024.809483488569,1106.6892464013547,-2.620900654120192
22.998292008999563,43.12374709348192,-2.407291880436534,22.100000381469727,-3.370157241821289,-34.90544128417969,-1.7282007932662966,-5.44,972.9889923793395,1118.3742591024554,1029.2125317527518,1098.814563928874,-2.620900654120192
23.008292008999565,42.54413702260252,-2.7548260756095555,22.100000381469727,-6.080702781677246,-29.66292953491211,-1.662318468093872,-5.0560009765625,975.3598645215918,1104.064352243861,1033.1075359864521,1087.722269263336,-2.675452695742072
23.018292008999566,42.36153044543421,-2.880172346323282,21.850000381469727,-6.907227516174316,-27.27065658569336,-1.5597337484359743,-4.7360009765625,974.5977984758679,1093.8187976291279,1025.994919559695,1084.0812870448772,-2.691048530873635
23.028292008999564,42.17863206270216,-3.003040659755329,21.729999542236328,-8.112457275390625,-23.13618659973145,-1.4405479431152344,-4.4160009765625,970.4487722269263,1087.129551227773,1021.4225232853513,1068.077900084674,-2.7054533096598643
23.038292008999562,41.9950955061072,-3.123379905250732,21.729999542236328,-7.189701557159425,-23.127210617065437,-1.313963055610657,-4.32,970.1100762066045,1070.2794242167654,1016.5961049957663,1049.9576629974597,-2.7186007595151604
23.048292008999564,41.81037009743029,-3.240761153065187,21.51000022888184,-5.595792770385742,-27.23144340515137,-1.1758689880371094,-4.2239990234375,970.0254022015241,1072.311600338696,1014.3099068585943,1046.3166807790008,-2.7303832678477047
23.058292008999565,41.62602016519587,-3.3555071490741257,21.43000030517578,-4.80384635925293,-21.2299976348877,-1.0398287773132324,-4.4160009765625,970.8721422523284,1062.0660457239626,1007.8746824724809,1031.8374259102454,-2.7407540271948023
23.068292008999563,41.62602016519587,-3.3555071490741257,21.43000030517578,-4.80384635925293,-21.2299976348877,-1.0398287773132324,-4.5760009765625,963.844199830652,1046.8247248094835,1004.233700254022,1019.9830651989839,-2.7407540271948023
23.07829200899956,41.2543026640439,-3.581186089790584,21.279998779296875,-4.805201530456543,-16.42229461669922,-0.8305703997612001,-4.8639990234375,962.5740897544454,1040.4741744284504,1000.5080440304826,1013.1244707874682,-2.7580762771731226
23.088292008999563,41.06924775928231,-3.690944659640591,21.18000030517578,-2.7737255096435547,-15.405202865600586,-0.8655062913894653,-5.1519970703125,965.6223539373412,1032.2607959356478,975.9525825571549,1006.7739204064352,-2.766699966210316
23.098292008999564,41.06924775928231,-3.690944659640591,21.18000030517578,-1.0780839920043943,-18.663360595703125,-0.9540811181068422,-5.5360009765625,967.4851820491109,1015.8340389500423,975.2751905165114,998.3065198983911,-2.766699966210316
23.108292008999562,40.69981280821115,-3.938693019926392,21.020000457763672,-2.059344291687012,-23.563507080078125,-1.0809528827667236,-5.92,971.8882303132938,1010.3302286198136,968.5859441151566,990.9398814563929,-2.7898075749405407
23.11829200899956,40.51256150945391,-4.043597024611887,20.959999084472656,-0.9646539688110352,-19.86963653564453,-1.1808404922485352,-6.1439990234375,988.9923793395427,993.7341236240474,971.3801862828111,986.3674851820491,-2.801610056381095
23.128292008999562,40.32431437065236,-4.146857322680114,20.959999084472656,-3.0885143280029297,-20.70144271850586,-1.2236517667770388,-6.367998046874999,1004.6570702794241,974.3437764606266,965.1143099068586,987.8069432684166,-2.813887989646021
23.138292008999564,40.13648188027755,-4.247477433532436,20.779998779296875,-4.612153053283691,-21.87177276611328,-1.2252395153045654,-6.1439990234375,1011.5156646909398,980.5249788314987,967.7392040643522,982.0491109229466,-2.8261406652341363
23.14829200899956,39.94898705443816,-4.345303310996748,20.68000030517578,-6.767416000366211,-23.63382148742676,-1.2061259746551514,-5.9839990234375,1019.2209991532599,984.6740050804402,969.9407281964436,991.0245554614733,-2.8381783333252044
23.15829200899956,39.760723940292166,-4.44115403952255,20.68000030517578,-6.106024742126465,-22.18115997314453,-1.1586074829101562,-5.28,1030.397967823878,996.6977138018627,976.1219305673158,1004.7417442845046,-2.8497809711179527
23.16829200899956,39.760723940292166,-4.44115403952255,20.420000076293945,-4.334028244018555,-24.78424835205078,-1.0881927013397217,-4.5760009765625,1034.7163420829804,996.9517358171041,988.1456392887383,1000.3386960203217,-2.8497809711179527
23.178292008999563,39.40568075061388,-4.63746110956132,20.31999969482422,-4.474352836608887,-24.800811767578125,-1.0031185150146484,-3.68,1039.3734123624047,995.2582557154954,1013.8018628281118,998.0524978831498,-2.8690348375046995
23.18829200899956,39.21685142188774,-4.726007739017321,20.31999969482422,-5.980050563812257,-21.9776782989502,-0.8863701820373535,-2.7519970703125,1036.748518204911,985.6900931414056,1034.2082980524979,986.0287891617273,-2.8779202975652822
23.19829200899956,39.02852997055987,-4.811905597378558,20.19999885559082,-6.376727104187012,-21.365753173828125,-0.7781394124031068,-1.8560009765625,1041.4055884843353,985.6900931414056,1046.0626587637594,980.0169348010161,-2.885699457993681
23.20829200899956,38.84074416095385,-4.895948498615651,20.1299991607666,-6.117348670959473,-16.38077163696289,-0.6780030727386475,-0.927998046875,1051.5664690939882,975.8679085520745,1080.016934801016,975.1905165114309,-2.8924633174022034
23.218292008999562,38.65229169562533,-4.97815816561512,20.03999900817871,-5.075833320617676,-17.806682586669922,-0.5811771154403687,-0.2239990234375,1053.0059271803557,959.1024555461473,1088.9923793395428,974.5131244707874,-2.898278962789888
23.22829200899956,38.463723923516746,-5.059210303161807,20.0,-4.129183769226074,-13.147253990173342,-0.5326526165008545,0.512001953125,1039.627434377646,938.0186282811177,1119.4750211685011,962.9127857747671,-2.9036138654976043
23.238292008999558,38.275448912930095,-5.138596670718428,20.0,-2.2222585678100586,-13.585856437683107,-0.4947340488433838,0.8960009765625,1025.571549534293,931.6680779000847,1125.6562235393733,963.7595258255715,-2.9085551856246497
23.24829200899956,38.08685888925975,-5.217079536743535,19.8799991607666,-0.9732422828674316,-10.71550750732422,-0.4716992974281311,1.28,1032.8535139712108,914.4792548687552,1135.1397121083826,960.965283657917,-2.9132693625535495
23.25829200899956,37.89771318828998,-5.294120437453853,19.850000381469727,-0.3506064414978027,-13.843114852905272,-0.4592214822769165,1.5039990234375002,1040.4741744284504,892.8027095681625,1076.96867061812,964.0135478408129,-2.9178637627355073
23.26829200899956,37.70813733787094,-5.370266814193454,19.850000381469727,1.8911528587341309,-11.318483352661133,-0.4842442572116852,1.76,1044.2845046570703,886.6215071972904,1060.6265876375953,965.0296359017781,-2.9227067779536497
23.278292008999557,37.51744174371754,-5.444548755231653,19.850000381469727,3.206366062164306,-17.98706817626953,-0.4967947602272033,1.9520019531250001,1025.4022015241321,874.6824724809483,985.7747671464859,984.7586790855207,-2.9276828935300756
23.28829200899956,37.32620435699141,-5.51614117257571,19.81999969482422,2.678492546081543,-24.5718994140625,-0.540087640285492,2.1439990234375004,986.4521591871295,880.0169348010161,940.7281964436918,996.6130397967823,-2.9330855675192424
23.29829200899956,37.32620435699141,-5.51614117257571,19.81999969482422,-3.3014373779296875,-25.21017265319825,-0.5011877417564393,2.4639990234375,974.6824724809483,894.4115156646909,936.2404741744284,996.4436917866215,-2.9330855675192424
23.308292008999558,36.96328236655744,-5.6835190120628845,19.78999900817871,-1.9899272918701167,-23.232818603515625,-0.3989184498786926,2.7839990234375,958.8484335309059,958.679085520745,928.6198137171888,995.7662997459779,-2.9545215548639807
23.318292008999556,36.771922169783615,-5.747321301487655,19.739999771118164,-2.315982818603516,-21.186048507690437,-0.3153417408466339,3.2960009765625,958.1710414902625,974.2591024555461,918.289585097375,983.4038950042336,-2.9576746685317947
23.328292008999558,36.579978972338985,-5.809460818170667,19.739999771118164,-1.2986316680908203,-18.38321304321289,-0.2734103798866272,3.8080029296875,960.6265876375952,970.3640982218459,908.3827265029636,980.0169348010161,-2.9604131371928735
23.33829200899956,36.388305663189584,-5.869876000677661,19.729999542236328,-0.7564377784729004,-16.124017715454105,-0.2327551692724228,4.2560009765625,963.9288738357324,974.0897544453852,915.41066892464,986.3674851820491,-2.9627381339806615
23.348292008999557,36.19531319655005,-5.929434708839371,19.739999771118164,1.704291820526123,-12.737201690673828,-0.1971149742603302,4.7039990234375,976.2912785774766,973.8357324301439,904.0643522438611,980.9483488569009,-2.964715438302673
23.358292008999555,36.002958212730235,-5.98664251357102,19.739999771118164,0.7899255752563477,-17.892223358154297,-0.1804483085870743,4.9920019531249995,976.545300592718,975.3598645215918,911.0922946655377,980.8636748518204,-2.9665158325558676
23.368292008999557,35.80995266223784,-6.042189327075775,19.799999237060547,0.9691057205200196,-17.087738037109375,-0.1252352595329284,5.2160009765625,992.3793395427604,970.5334462320068,913.0397967823877,985.3513971210838,-2.9677668104698793
23.37829200899956,35.61607450894072,-6.096266727240276,19.82999992370605,-0.9616551399230956,-15.782255172729492,-0.0466902293264865,5.1839990234375,1000.0846740050804,968.8399661303979,931.0753598645216,983.4885690093141,-2.9682350258724113
23.388292008999557,35.61607450894072,-6.096266727240276,19.82999992370605,0.6054964065551758,-19.35590362548828,0.0072179487906396,5.1520019531250005,997.6291278577477,971.0414902624893,944.623200677392,980.1016088060965,-2.9682350258724113
23.398292008999555,35.2742656982612,-6.278415092606904,19.8799991607666,0.9313592910766602,-15.995911598205568,0.0352589339017868,4.7360009765625,1005.2497883149873,969.6020321761218,960.4572396274343,990.008467400508,-2.9676146524354885
23.408292008999556,35.08035741895507,-6.328252941639666,19.93000030517578,3.672447681427002,-18.19178009033203,0.0556525588035583,4.2880029296875,1001.5241320914479,969.5173581710415,966.5537679932261,993.3107535986452,-2.9670590561804766
23.418292008999558,34.88564687982507,-6.376840085950918,19.93000030517578,3.7024240493774414,-15.252175331115724,0.0602507777512073,3.8080029296875,1001.7781541066892,972.142252328535,967.9932260795936,992.0406435224386,-2.9664569511948957
23.428292008999556,34.689807595537346,-6.423833731644087,20.07999992370605,5.706407070159913,-16.951601028442386,0.0582172572612762,3.2960009765625,1007.4513124470787,971.1261642675698,972.5656223539373,982.133784928027,-2.9658746958970315
23.438292008999554,34.493601430102935,-6.469753136767648,20.10999870300293,2.394564151763916,-13.315567016601562,0.0463471785187721,2.88,1028.0270956816257,970.7874682472481,971.8882303132938,972.8196443691786,-2.965410926203077
23.448292008999555,34.297156154949164,-6.514273575614759,20.10999870300293,2.1608428955078125,-13.676173210144045,0.05832289904356,2.56,1021.16850127011,972.3116003386959,972.5656223539373,967.8238780694327,-2.9648279480635806
23.458292008999557,34.10001711845509,-6.557831047637427,20.209999084472656,2.722542762756348,-11.006602287292482,0.1131969913840294,2.3039990234375005,1008.1287044877222,972.9889923793395,982.133784928027,974.9364944961897,-2.9636953045226253
23.468292008999555,33.901943566402885,-6.6000571539956,20.270000457763672,3.18991756439209,-12.554149627685549,0.1869176775217056,2.08,983.5732430143945,973.7510584250634,988.3149872988992,970.0254022015241,-2.961821940453168
23.478292008999553,33.70412393431798,-6.64121033232702,20.270000457763672,1.256849765777588,-9.99667739868164,0.2497149556875229,2.0160009765625,989.246401354784,976.0372565622354,991.0245554614733,974.6824724809483,-2.9593250909611846
23.488292008999554,33.70412393431798,-6.64121033232702,20.35999870300293,2.4882712364196777,-7.43080759048462,0.3010447025299072,1.9839990234375002,990.5165114309906,975.1905165114309,995.004233700254,972.8196443691786,-2.9593250909611846
23.498292008999556,33.33828956674074,-6.789114812783775,20.38999938964844,1.2717006206512451,-6.397812843322754,0.3436610996723175,2.0160009765625,989.1617273497036,972.5656223539373,994.0728196443691,970.7874682472481,-2.9545300667492196
23.508292008999554,33.14004393438341,-6.829515789379982,20.38999938964844,2.052802562713623,-5.5953688621521005,0.3705689609050751,1.9520019531250001,993.9881456392887,974.6824724809483,984.5046570702793,965.2836579170195,-2.9508247340762903
23.518292008999552,32.94111144711489,-6.869582223906455,20.479999542236328,2.036172389984131,-5.025177955627441,0.3633639514446259,1.8560009765625,992.125317527519,975.02116850127,985.2667231160034,969.0939881456393,-2.9471841674097927
23.528292008999554,32.74201394791525,-6.909217275045172,20.53999900817871,3.8359122276306152,-5.177470684051515,0.3291773200035095,1.76,989.5850973751058,978.3234546994072,982.3031329381879,973.4970364098222,-2.943892554313015
23.538292008999555,32.54265818144133,-6.948806759761403,20.53999900817871,4.722141265869141,-3.135420322418213,0.2731887698173523,1.472001953125,992.3793395427604,980.186282811177,978.2387806943268,976.3759525825571,-2.9411644469503155
23.548292008999553,32.34252944435282,-6.988444125201592,20.65999984741211,4.90214729309082,-2.57664704322815,0.2119996100664139,1.1839990234375002,987.7222692633361,985.8594411515664,980.8636748518204,977.307366638442,-2.9390446045053746
23.55829200899955,32.141791679029126,-7.028474047868274,20.69999885559082,3.8861660957336426,-0.0484665632247924,0.1419502943754196,0.8960009765625,991.4479254868755,990.6858594411515,982.133784928027,982.0491109229466,-2.9376228692385897
23.568292008999553,31.94099354330208,-7.068512519032546,20.69999885559082,3.61356258392334,-0.8275661468505859,0.085477702319622,0.6080029296874999,995.6816257408975,995.4276037256561,982.3031329381879,988.3996613039797,-2.936767950374266
23.578292008999554,31.7401488693855,-7.108685895581521,20.770000457763672,3.02539587020874,-0.0555295944213867,0.0424845293164253,0.4160009765625,990.8552074513124,1002.5402201524132,986.7908552074513,994.0728196443691,-2.9363434498757037
23.588292008999552,31.53829530858402,-7.14921998052482,20.799999237060547,4.675622940063477,0.3788065910339355,-0.0022624863777309,0.32,981.2870448772227,994.7502116850127,979.0855207451312,993.3954276037256,-2.9363661124772196
23.59829200899955,31.33741230206832,-7.189799542093705,20.850000381469727,1.068784832954407,1.2736045122146609,-0.0341315008699894,0.2239990234375,981.9644369178661,988.3996613039797,968.9246401354784,993.0567315834038,-2.9367065564389345
23.608292008999552,31.33741230206832,-7.189799542093705,20.850000381469727,-0.880078911781311,1.9555186033248904,-0.0668385475873947,0.16,982.4724809483488,991.363251481795,976.2912785774766,978.3234546994072,-2.9367065564389345
23.618292008999553,31.13406390621237,-7.258085737775131,20.81999969482422,-2.422657012939453,3.636088371276856,-0.0831414833664894,0.16,981.2870448772227,990.5165114309906,975.3598645215918,980.6943268416595,-2.939656384977034
23.62829200899955,30.73309891101768,-7.341378341393538,20.82999992370605,-1.967910408973694,2.3281466960906987,-0.095988392829895,0.192001953125,979.0855207451312,993.4801016088061,971.1261642675698,979.0008467400507,-2.9414460183876616
23.63829200899955,30.53263005050957,-7.383033645509642,20.82999992370605,-1.7969253063201904,0.0171087980270385,-0.1091479584574699,0.192001953125,977.6460626587638,988.7383573243014,976.3759525825571,980.6943268416595,-2.942537731137431
23.64829200899955,30.332019881101544,-7.424487940191476,20.799999237060547,-0.3625545501708984,-1.717119216918945,-0.1253843754529953,0.192001953125,981.4563928873836,990.6858594411515,974.0050804403048,981.541066892464,-2.943792231363424
23.658292008999553,30.131707670136983,-7.465554089472232,20.799999237060547,-0.0375566482543945,-2.886229276657105,-0.1384713947772979,0.192001953125,974.3437764606266,990.6858594411515,970.194750211685,978.3234546994072,-2.9451750951980524
23.66829200899955,29.93102154161664,-7.506322506504942,20.799999237060547,-0.8498095273971558,-3.387364864349365,-0.1367580145597458,0.16,966.3844199830652,977.9847586790855,967.9932260795936,964.1828958509738,-2.9465437500259237
23.67829200899955,29.69691086151649,-7.5463376292569055,20.78999900817871,-5.736052513122559,-1.1725742816925049,-0.1306069046258926,0.16,971.7188823031329,973.2430143945808,967.6545300592718,964.1828958509738,-2.9400321590448963
23.68829200899955,29.69691086151649,-7.5463376292569055,20.709999084472656,-7.595371246337891,-0.5128123760223389,-0.0989241823554039,0.16,958.1710414902625,970.3640982218459,960.1185436071125,956.4775613886536,-2.9400321590448963
23.69829200899955,29.2994167782331,-7.627848576591382,20.709999084472656,-8.26591205596924,-0.4047605991363525,-0.0735142305493355,0.192001953125,953.85266723116,959.7798475867908,958.2557154953429,945.7239627434377,-2.941754158529219
23.70829200899955,29.101499961855883,-7.668389461837908,20.51000022888184,-7.453849792480469,0.0570271015167236,-0.0578729249536991,0.192001953125,947.9254868755291,959.9491955969517,958.086367485182,951.5664690939881,-2.9423329286207784
23.718292008999548,28.90433163329184,-7.708625651610155,20.44999885559082,-8.095220565795898,-0.811248779296875,-0.0449252314865589,0.2239990234375,945.4699407281964,951.6511430990686,956.6469093988145,939.796782387807,-2.9427823197503318
23.72829200899955,28.70813414425911,-7.748641588501587,20.350000381469727,-8.412736892700195,-0.1945157051086425,-0.0274259727448225,0.2560009765625,930.9906858594411,943.0990685859441,952.5825571549534,937.9339542760372,-2.9430564745944423
23.73829200899955,28.512348814327545,-7.788697612833092,20.279998779296875,-9.758808135986328,1.1230430603027344,0.0025073462165892,0.352001953125,921.6765453005927,934.3776460626588,949.9576629974597,931.8374259102455,-2.9430313288226397
23.74829200899955,28.318325341524165,-7.828373753792498,20.279998779296875,-8.814043045043945,0.6771464347839355,0.0359193608164787,0.4480029296875,918.3742591024555,929.0431837425909,947.7561388653683,929.6359017781541,-2.9426728549198384
23.758292008999547,28.124934974611627,-7.867901915316317,20.07999992370605,-10.102239608764648,0.5146365165710449,0.0680781826376915,0.5760009765625,923.1160033869602,924.4707874682472,951.5664690939881,925.0635055038103,-2.941991976356084
23.76829200899955,27.93195414249655,-7.907414630757055,19.96999931335449,-8.23766613006592,0.9785976409912108,0.096022717654705,0.7039990234375,919.4750211685013,909.7375105842506,943.4377646062659,915.41066892464,-2.941030010181688
23.77829200899955,27.740648370206827,-7.946527015383913,19.96999931335449,-8.978816986083984,0.0710763931274414,0.1059369891881942,0.832001953125,921.930567315834,907.9593564775613,938.1879762912786,910.1608806096528,-2.9399729902333185
23.788292008999548,27.740648370206827,-7.946527015383913,19.78999900817871,-8.794581413269045,0.971851110458374,0.1195662543177604,0.96,918.7129551227773,906.7739204064352,936.3251481795088,908.3827265029636,-2.9399729902333185
23.798292008999546,27.31088637842357,-8.003242309712398,19.689998626708984,-10.036204338073732,3.1610133647918706,0.1375176310539245,1.0560009765625,913.3784928027095,911.1769686706181,928.7044877222693,901.1854360711261,-2.9399742788062753
23.808292008999548,27.121419125719832,-8.042073126284848,19.689998626708984,-9.475512504577638,3.6125729084014897,0.1487645804882049,1.152001953125,908.8907705334462,907.7900084674005,924.4707874682472,898.8145639288738,-2.9384878758085193
23.81829200899955,26.93289044809008,-8.081012167393737,19.46999931335449,-10.24600124359131,3.266353368759156,0.1554242223501205,1.2160009765625002,911.1769686706181,911.8543607112616,918.4589331075359,896.6130397967823,-2.9369335980112368
23.828292008999547,26.744947491950438,-8.120210886202663,19.3799991607666,-8.70203495025635,3.5388391017913823,0.1524353176355362,1.312001953125,907.112616426757,900.7620660457239,915.2413209144792,885.1820491109229,-2.935407029340496
23.838292008999545,26.558367973049773,-8.159243185247066,19.279998779296875,-9.328498840332031,1.7897138595581057,0.1394013166427612,1.312001953125,904.9957662997459,897.4597798475868,908.0440304826418,881.4563928873836,-2.9340139481076903
23.848292008999547,26.371446538920203,-8.198572685056348,19.279998779296875,-8.247254371643068,2.0418207645416264,0.1371237188577652,1.312001953125,893.0567315834038,889.8391193903472,904.3183742591024,872.3116003386959,-2.9326351601802756
23.85829200899955,26.187096747853133,-8.237581371289137,19.10999870300293,-8.255625724792482,2.0373933315277104,0.1297653615474701,1.312001953125,892.4640135478408,887.5529212531752,903.8103302286198,870.3640982218459,-2.9313424270195654
23.868292008999546,26.002971984904452,-8.27672144410559,19.029998779296875,-8.598252296447756,1.907068490982056,0.1331291049718857,1.312001953125,881.8797629127857,881.4563928873836,896.1896697713802,869.9407281964436,-2.930011359422629
23.878292008999544,26.002971984904452,-8.27672144410559,19.029998779296875,-8.660308837890625,3.338231325149537,0.1410739868879318,1.3439990234375003,879.0008467400507,876.8839966130398,894.9195596951736,868.9246401354784,-2.930011359422629
23.888292008999546,25.59056244774545,-8.337914445833741,18.82999992370605,-8.981197357177734,3.866369247436523,0.1455309987068176,1.3439990234375003,870.8721422523284,876.2066045723963,889.0770533446232,868.3319220999153,-2.929728035501222
23.898292008999547,25.40843070717022,-8.376969309906599,18.76000022888184,-6.687013626098633,2.8992481231689453,0.1439071297645568,1.3439990234375003,854.9534292972057,868.5859441151566,886.2828111769686,860.8806096528366,-2.928291744696787
23.908292008999545,25.22652013849108,-8.416239282810354,18.76000022888184,-8.02401351928711,2.5464138984680176,0.1323612928390503,1.3439990234375003,855.9695173581711,863.6748518204911,881.2870448772227,852.5825571549534,-2.926965703111557
23.918292008999543,25.0461596925315,-8.455449791869972,18.60999870300293,-7.694445610046387,2.6249225139617924,0.1295024901628494,1.3439990234375003,851.9898391193904,863.3361558001693,879.5088907705334,851.8204911092295,-2.9256737361491303
23.928292008999545,24.86631906925474,-8.49492784499039,18.5,-8.472325325012209,3.365174531936646,0.1290663331747055,1.312001953125,849.0262489415749,861.55800169348,874.5977984758679,855.4614733276884,-2.9243830740482557
23.938292008999547,24.687051893680444,-8.534501255707136,18.5,-7.723719596862793,2.613223075866699,0.1326958537101745,1.3439990234375003,848.5182049110923,852.1591871295512,870.956816257409,844.9618966977138,-2.92305469310458
23.948292008999545,24.5088875859089,-8.574038279064075,18.3799991607666,-8.755198478698732,2.1358041763305664,0.1250485181808471,1.3439990234375003,850.4657070279424,852.328535139712,870.8721422523284,845.4699407281964,-2.9218039407903174
23.958292008999543,24.33172212312557,-8.61370651394363,18.28999900817871,-8.24867057800293,3.01024866104126,0.1241309717297554,1.3439990234375003,850.8890770533446,848.4335309060118,868.4165961049957,842.506350550381,-2.920563372135072
23.968292008999544,24.15512926782263,-8.6534638005328,18.28999900817871,-7.150032997131348,2.317939996719361,0.1154982969164848,1.312001953125,836.6638441998306,843.0990685859441,859.2718035563082,837.5952582557154,-2.9194083076565653
23.978292008999546,23.979340013740188,-8.693348274091672,18.15999984741211,-7.022259712219238,2.784903764724732,0.1156146600842476,1.312001953125,840.5588484335309,840.38950042337,859.6951735817104,839.2040643522438,-2.918252465369823
23.988292008999544,23.979340013740188,-8.693348274091672,18.15999984741211,-7.022259712219238,2.784903764724732,0.1156146600842476,1.312001953125,837.8492802709568,838.865368331922,855.7154953429297,837.0025402201524,-2.918252465369823
23.99829200899954,23.596060735362208,-8.766194941319386,18.100000381469727,-8.236695289611818,3.07355809211731,0.1185543537139892,1.312001953125,828.1964436917866,834.8856900931414,846.9093988145639,822.4386113463166,-2.9141599100660103
24.008292008999543,23.596060735362208,-8.766194941319386,17.920000076293945,-8.324344635009766,2.381788730621338,0.1106165945529937,1.312001953125,833.276883996613,835.3090601185436,843.861134631668,818.289585097375,-2.9141599100660103
24.018292008999545,23.249988562729087,-8.846254640641416,17.85999870300293,-9.217286109924318,2.235106468200684,0.1007228270173073,1.28,828.0270956816257,832.6841659610499,840.1354784081286,798.7298899237934,-2.9120505435072137
24.028292008999543,23.077827122491925,-8.88645669372854,17.85999870300293,-9.131412506103516,2.307572841644287,0.091524064540863,1.28,821.5918712955122,819.3056731583404,836.4944961896697,794.9195596951736,-2.911133972651364
24.03829200899954,22.90676093686957,-8.926560271194989,17.690000534057617,-9.066164016723633,1.7695074081420898,0.0890998467803001,1.2480029296875,822.0999153259949,816.7654530059272,830.9906858594411,794.4115156646909,-2.9102426139012825
24.048292008999542,22.73696071989321,-8.966703621588584,17.579999923706055,-8.744697570800781,2.845233917236328,0.0938318073749542,1.2480029296875,815.41066892464,816.4267569856054,826.2489415749365,798.8992379339543,-2.9093058850808626
24.058292008999544,22.567175482867235,-9.00720409909661,17.579999923706055,-8.492502212524414,3.348362922668457,0.0999955981969833,1.2480029296875,804.4877222692633,812.7011007620661,823.5393734123624,804.0643522438611,-2.908302401612876
24.068292008999542,22.39902916236916,-9.047654501646823,17.399999618530273,-8.828252792358398,3.425589323043824,0.108481228351593,1.2480029296875,799.9153259949195,816.4267569856054,820.4911092294665,806.8585944115156,-2.907218185234545
24.07829200899954,22.232050272695016,-9.088102735306412,17.329999923706055,-7.472288131713867,2.845219612121582,0.0990812852978706,1.2480029296875,786.8755292125318,807.7900084674005,815.4953429297206,803.8103302286198,-2.9062305624070786
24.08829200899954,22.06495257789081,-9.128582503420244,17.329999923706055,-8.176750183105469,0.7290501594543457,0.0793550759553909,1.28,769.4326841659611,804.9957662997459,809.5681625740897,802.4555461473327,-2.9054350447529704
24.098292008999543,22.06495257789081,-9.128582503420244,17.15999984741211,-7.502170562744141,0.685138463973999,0.0589672699570655,1.2480029296875,761.55800169348,800.3386960203218,808.5520745131245,800.592718035563,-2.9054350447529704
24.10829200899954,22.06495257789081,-9.128582503420244,17.079999923706055,-6.253474235534668,-0.772693395614624,0.0276368465274572,1.2160009765625002,745.5546147332768,787.3835732430143,800.1693480101609,794.6655376799322,-2.9054350447529704
24.11829200899954,21.53708673176681,-9.240281320580168,17.079999923706055,-7.752830505371094,-0.9268121719360352,-0.000977779738605,1.0880029296874998,721.5918712955122,793.2260795935647,786.7061812023709,795.1735817104149,-2.9032920215659397
24.12829200899954,21.372045210728096,-9.280257298958636,16.920000076293945,-6.872447967529297,1.0236883163452148,-0.0271089971065521,0.9920019531250001,722.9466553767993,794.5808636748518,783.065198983912,792.2099915325995,-2.903564106624913
24.138292008999542,21.20900012611127,-9.319954722352232,16.850000381469727,-8.29140853881836,1.357083797454834,-0.0558529645204544,0.8639990234375,714.9026248941575,795.596951735817,772.5656223539373,793.1414055884843,-2.9041210111385607
24.14829200899954,21.04586569973857,-9.359658979717048,16.850000381469727,-8.72981357574463,-0.1217403411865234,-0.0967610627412796,0.7360009765625,721.2531752751905,792.0406435224386,766.0457239627434,784.1659610499577,-2.9050915045475745
24.15829200899954,20.884233387181077,-9.399037380264836,16.670000076293945,-9.9160852432251,-0.3597869873046875,-0.1466350257396698,0.5760009765625,725.3175275190516,790.5165114309907,768.8399661303979,780.4403048264182,-2.906557958288094
24.16829200899954,20.884233387181077,-9.399037380264836,16.559999465942383,-9.584087371826172,-2.2010705471038823,-0.1921292692422867,0.38399902343750003,726.2489415749365,789.4157493649449,760.4572396274343,783.4885690093141,-2.906557958288094
24.17829200899954,20.543156429177152,-9.459602986464072,16.559999465942383,-9.144267082214355,-2.2076270580291752,-0.2251727730035782,0.192001953125,738.272650296359,777.4767146486029,755.2921253175275,777.2226926333615,-2.90770210663707
24.18829200899954,20.38390236721649,-9.497328466108105,16.399999618530273,-8.71928596496582,-4.029375076293945,-0.2573693394660949,0.0,733.8696020321761,778.3234546994072,755.9695173581711,775.6985605419136,-2.9102715636246423
24.198292008999537,20.22508765116073,-9.534716834447078,16.329999923706055,-8.118955612182617,-2.9907062053680424,-0.2682886123657226,-0.127998046875,727.0110076206604,775.8679085520745,750.6350550381032,774.6824724809483,-2.9129545751196795
24.20829200899954,20.06679237634529,-9.571685417221628,16.329999923706055,-6.99661684036255,-3.097438335418701,-0.2823554277420044,-0.2560009765625,723.2006773920406,766.9771380186282,750.1270110076206,767.31583403895,-2.915779001848487
24.21829200899954,19.909081712949888,-9.608116623374558,16.170000076293945,-7.54266357421875,-3.752720832824707,-0.2910883724689484,-0.3519970703125,727.1803556308213,764.3522438611346,750.4657070279424,761.7273497036409,-2.918692450629559
24.22829200899954,19.752369359200884,-9.64398636728364,16.09000015258789,-8.453902244567873,-3.388447999954224,-0.2870365679264069,-0.447998046875,719.3056731583404,757.7476714648602,743.4377646062659,757.5783234546993,-2.9215616501789676
24.238292008999537,19.594970094936933,-9.67978335094018,16.010000228881836,-8.476234436035156,-2.3950400352478027,-0.2631988525390625,-0.48,714.9872988992379,755.1227773073666,741.6596104995766,750.6350550381032,-2.924217481762947
24.248292008999538,19.43950835394407,-9.71497483832617,15.9399995803833,-7.906301498413086,-1.693528175354004,-0.2449064999818802,-0.5119970703125,704.9110922946655,741.8289585097375,737.9339542760372,741.3209144792548,-2.9266694055498825
24.25829200899954,19.28541417167184,-9.74951057840022,15.9399995803833,-8.9453125,-2.625829696655273,-0.2216176986694336,-0.5119970703125,705.3344623200677,739.2887383573243,734.038950042337,738.272650296359,-2.9288807193475983
24.268292008999538,19.13187421146733,-9.783784648782802,15.769999504089355,-8.403640747070312,-1.5134055614471436,-0.192648559808731,-0.48,703.3869602032175,743.6917866215072,735.3090601185436,728.5351397121084,-2.9308055955235894
24.278292008999536,18.97857849406197,-9.817752205169116,15.710000038146973,-7.182245254516602,-1.836068868637085,-0.1595220565795898,-0.4160009765625,695.0889077053345,727.5190516511431,730.9060118543607,724.1320914479254,-2.9324030965493884
24.288292008999537,18.82649696421317,-9.85116605419782,15.609999656677246,-9.048795700073242,-2.2782788276672363,-0.1356859654188156,-0.19199707031250002,711.346316680779,727.1803556308213,730.1439458086368,720.2370872142252,-2.9337592432083626
24.29829200899954,18.82649696421317,-9.85116605419782,15.50999927520752,-8.196767807006836,-0.3817543983459472,-0.0847113132476806,-0.19199707031250002,713.46316680779,727.3497036409822,730.9060118543607,719.4750211685013,-2.9337592432083626
24.308292008999537,18.82649696421317,-9.85116605419782,15.40999984741211,-8.116053581237795,-0.734304666519165,-0.0306387674063444,-0.0319970703125,712.1083827265029,709.9068585944115,730.5673158340389,702.5402201524132,-2.9337592432083626
24.318292008999535,18.3601746342797,-9.94175487858922,15.40999984741211,-7.30689525604248,-1.1556310653686523,0.0220245849341154,0.2239990234375,711.7696867061811,698.8992379339543,728.7891617273497,701.4394580863675,-2.9309521756290366
24.328292008999536,18.2107484069423,-9.974218868580024,15.25999927520752,-8.599531173706055,0.4670910835266113,0.0778664723038673,0.4480029296875,712.4470787468247,695.9356477561388,726.333615580017,690.1778154106689,-2.9301728618801115
24.338292008999538,18.062069911846148,-10.006726419569343,15.199999809265137,-7.433403015136719,2.0606849193573,0.1338903903961181,0.7680029296874998,712.3624047417443,678.9161727349704,725.6562235393734,688.7383573243014,-2.9288331612041127
24.348292008999536,17.914398865177606,-10.03903378669818,15.199999809265137,-7.961343288421632,1.4111504554748535,0.1930954456329345,1.0560009765625,708.5520745131245,672.9043183742591,723.9627434377646,683.065198983912,-2.926903681790622
24.358292008999534,17.76735793570715,-10.071570213129664,15.039999961853027,-6.36781120300293,3.3944041728973398,0.2453011274337768,1.3760009765625,710.9229466553768,667.9932260795936,719.813717188823,680.186282811177,-2.924452719807777
24.368292008999536,17.621042120688855,-10.10433157560246,14.979999542236328,-7.168445587158203,4.124335289001465,0.2927478551864624,1.6639990234375004,707.7900084674005,659.9491955969517,713.9712108382727,674.1744284504657,-2.921525802419995
24.378292008999537,17.621042120688855,-10.10433157560246,14.979999542236328,-8.22807502746582,4.524460792541504,0.3389813899993896,1.9520019531250001,706.0118543607113,667.9085520745131,709.5681625740897,673.7510584250634,-2.921525802419995
24.388292008999535,17.316807814694645,-10.150435686607496,14.839999198913574,-7.984936237335206,6.092887401580811,0.3686096668243408,2.2080029296875,701.1854360711261,674.0897544453852,709.2294665537679,676.1219305673158,-2.9233232983344952
24.398292008999533,17.172912546900097,-10.18333214800439,14.75999927520752,-7.8244829177856445,5.567782402038574,0.3830467462539673,2.432001953125,688.6536833192209,675.3598645215918,699.0685859441152,669.2633361558002,-2.9194950263360373
24.408292008999535,17.02970705388082,-10.216657482491582,14.65999984741211,-7.905757904052734,5.635715484619141,0.3805916905403137,2.72,690.2624894157493,664.5215918712955,697.4597798475868,664.9449618966977,-2.9156856649352965
24.418292008999536,16.88749922931135,-10.250009972982996,14.589999198913574,-8.079319953918459,3.3050796985626225,0.3551065325736999,2.72,689.0770533446232,663.6748518204911,697.121083827265,663.6748518204911,-2.912135026316094
24.428292008999534,16.745871315345212,-10.283276943037311,14.529999732971191,-6.730539321899414,1.1856117248535156,0.329842209815979,2.8160009765625,681.1176968670618,647.2480948348857,690.6011854360711,647.502116850127,-2.9088365287230435
24.438292008999532,16.605105769741282,-10.316640569675169,14.529999732971191,-7.57615852355957,2.0956232547760014,0.3030690252780915,2.8160009765625,682.0491109229466,645.4699407281964,689.7544453852666,644.623200677392,-2.9058061303896996
24.448292008999534,16.46511975180354,-10.350361354573666,14.380000114440918,-7.249330043792725,4.194054126739503,0.298835963010788,2.7839990234375,675.1905165114309,646.4013547840813,683.4038950042336,648.2641828958509,-2.9028173461212394
24.458292008999535,16.326080852687873,-10.384461059112942,14.299999237060549,-7.702567100524902,5.330260276794434,0.2964085042476654,2.72,662.8281117696866,656.9009314140559,674.5131244707875,659.9491955969517,-2.8998536172520066
24.468292008999533,16.18775154236904,-10.419115677714592,14.299999237060549,-6.565912723541261,6.320678234100343,0.2771210670471191,2.6560009765625,660.7112616426757,659.7798475867909,671.2955122777307,659.4411515664691,-2.8970818806578795
24.47829200899953,16.18775154236904,-10.419115677714592,14.170000076293944,-6.661262035369874,5.240801334381104,0.2384122163057327,2.4960009765624998,649.618966977138,655.7154953429297,667.8238780694327,654.614733276884,-2.8970818806578795
24.488292008999533,15.905137235823934,-10.468939001999034,14.059999465942385,-7.47165584564209,3.815180778503418,0.1958210170269012,2.3360009765624996,643.861134631668,653.85266723116,654.4453852667231,650.973751058425,-2.8961602978768677
24.498292008999535,15.76952451874821,-10.503553786324016,13.969999313354492,-7.075186729431152,2.86697268486023,0.1478277593851089,1.9520019531250001,636.155800169348,647.7561388653683,647.2480948348857,647.0787468247248,-2.8946874846498853
24.508292008999533,15.634220172141168,-10.538276302232548,13.880000114440918,-7.296751022338867,1.7344586849212646,0.1036235243082046,1.76,626.5876375952582,647.0787468247248,646.8247248094834,645.215918712955,-2.8936516209816356
24.51829200899953,15.499150998520031,-10.572982997934938,13.789999961853027,-7.203298091888429,0.4866294860839844,0.0646390840411186,1.76,624.3861134631668,640.3048264182895,640.2201524132091,635.8171041490262,-2.8930031964847394
24.528292008999532,15.365661202515149,-10.60725115361526,13.789999961853027,-7.275330543518066,-0.4316990375518799,0.0254365094006061,1.5680029296875,625.1481795088907,637.8492802709568,639.3734123624047,636.7485182049111,-2.8927497049265605
24.538292008999534,15.232369149779444,-10.641666185760837,13.630000114440918,-7.333747863769531,0.9355976581573486,0.0055089970119297,1.2480029296875,621.2531752751905,631.752751905165,633.5309060118543,635.2243861134631,-2.89269457166522
24.548292008999532,15.100053851425152,-10.675932724613318,13.56999969482422,-7.654212951660156,0.7854299545288086,-0.0137265995144844,1.2480029296875,626.333615580017,634.7163420829805,634.038950042337,636.3251481795089,-2.8928317426218437
24.55829200899953,14.96825445612674,-10.710210368265942,13.489999771118164,-7.074426651000977,1.0280959606170654,-0.0294783879071474,0.9920019531250001,630.9060118543607,641.4902624894157,638.8653683319221,641.151566469094,-2.893126715981062
24.56829200899953,14.83631882805341,-10.7447128717338,13.449999809265137,-3.79533052444458,1.4243656396865847,-0.0427627153694629,0.9920019531250001,632.2607959356477,641.5749364944961,638.8653683319221,641.4902624894157,-2.893555892431667
24.578292008999533,14.705024889325111,-10.779202980479242,13.4399995803833,-1.6807308197021484,1.5140595436096191,-0.0388544015586376,0.96,636.3251481795089,634.9703640982218,638.6113463166807,636.155800169348,-2.893944232277262
24.58829200899953,14.574172259723229,-10.81377980101152,13.40999984741211,-1.356391191482544,1.9665019512176516,-0.0218834709376096,0.8960009765625,639.3734123624047,636.917866215072,634.8010160880609,635.9864521591871,-2.89416248764365
24.59829200899953,14.442722017388434,-10.848617535106056,13.389999389648438,-1.1398532390594482,1.3680565357208252,-0.0147384200245141,0.8960009765625,633.1075359864521,640.7281964436918,634.8856900931414,635.393734123624,-2.894310293372918
24.60829200899953,14.295538915840153,-10.877250065638156,13.380000114440918,-1.33949875831604,0.7205548882484437,-0.0099660893902182,0.8639990234375,629.9745977984759,633.6155800169348,636.155800169348,629.4665537679932,-2.884303224724319
24.618292008999532,14.295538915840153,-10.877250065638156,13.380000114440918,-1.313022017478943,0.4752990901470185,-0.0009587912936694,0.8639990234375,634.9703640982218,635.7324301439457,635.1397121083827,634.9703640982218,-2.884303224724319
24.62829200899953,14.034226962696826,-10.946980752229582,13.389999389648438,-1.2143325805664062,-1.2834656238555908,-0.0003599084157031,0.832001953125,633.0228619813716,636.155800169348,629.4665537679932,633.4462320067739,-2.884316376734697
24.638292008999528,13.903382940952492,-10.981646370904247,13.369999885559082,-2.300052881240845,-1.300100922584534,0.001672557904385,0.8,623.2853513971211,624.3861134631668,623.1160033869602,614.3945808636748,-2.8842996220614756
24.64829200899953,13.773602610958283,-11.015961536630735,13.369999885559082,-5.505869388580323,-0.9236955642700196,-0.0024737261701375,0.8,624.2167654530059,619.7290431837425,619.2209991532599,601.6088060965284,-2.884324327451343
24.65829200899953,13.773602610958283,-11.015961536630735,13.34999942779541,-5.505869388580323,-0.9236955642700196,-0.0024737261701375,0.7680029296874998,620.1524132091448,617.2734970364098,613.3784928027095,586.8755292125318,-2.884324327451343
24.66829200899953,13.515902465569122,-11.084372443529372,13.1899995803833,-9.548879623413086,0.1909976005554199,0.0241643171757459,0.7680029296874998,614.9872988992379,611.0076206604572,612.4470787468247,568.7552921253175,-2.8840316618855804
24.678292008999527,13.389324514996948,-11.118102737545524,13.109999656677246,-9.848325729370115,1.1441702842712402,0.0417512953281402,0.8960009765625,605.2497883149873,601.1854360711261,614.3099068585943,578.1541066892464,-2.883615612610293
24.68829200899953,13.262997576997307,-11.15212748893162,13.029999732971191,-9.225603103637695,2.9281923770904545,0.0691175162792205,0.8960009765625,601.7781541066893,595.2582557154954,613.46316680779,587.6375952582557,-2.882923020921255
24.69829200899953,13.138212041067838,-11.185965837114049,12.929999351501465,-8.465551376342773,2.6920299530029297,0.0978914573788643,0.9920019531250001,581.3717188823031,595.004233700254,614.5639288738357,594.9195596951736,-2.8819476314915002
24.70829200899953,13.013702295291198,-11.2199027200992,12.829999923706056,-6.944539546966554,2.1641955375671387,0.1173464059829711,1.12,580.186282811177,586.1134631668077,610.3302286198137,585.6900931414056,-2.880774979900111
24.718292008999526,13.013702295291198,-11.2199027200992,12.829999923706056,-7.702674388885499,1.5838570594787598,0.1313047260046005,1.28,585.6900931414056,567.9932260795936,601.94750211685,585.774767146486,-2.880774979900111
24.728292008999528,12.895386343993222,-11.24663377333338,12.670000076293944,-7.301231861114503,2.3228163719177246,0.1614273488521576,1.44,579.5088907705334,568.5012701100762,603.8103302286198,582.5571549534293,-2.8807919146829173
24.73829200899953,12.650719253450182,-11.31412953062656,12.56999969482422,-7.29740047454834,3.609620094299317,0.1909559220075607,1.6,569.1786621507197,571.9729043183743,596.4436917866215,570.8721422523286,-2.877273840125569
24.748292008999528,12.529408864708476,-11.348173794224248,12.479999542236328,-7.776182651519776,3.7774062156677246,0.2120503485202789,1.76,562.8281117696866,569.0093141405588,583.9119390347163,567.4851820491109,-2.8751529342086934
24.758292008999526,12.409171983629642,-11.382085473219192,12.389999389648438,-9.216603279113771,2.3178284168243413,0.2139105498790741,1.8880029296875,561.0499576629975,567.2311600338696,590.5165114309907,555.8001693480102,-2.873014748754401
24.768292008999527,12.289559959728708,-11.41600503010321,12.300000190734863,-7.489943981170655,1.884727954864502,0.2083916515111923,2.0160009765625,563.5901778154107,553.4292972057578,578.5774767146486,543.6917866215072,-2.8709306851733425
24.77829200899953,12.170785657786208,-11.449795166922968,12.210000038146973,-8.864809989929201,1.201122522354126,0.1975119262933731,2.112001953125,565.1143099068586,552.7519051651143,579.0855207451312,541.6596104995766,-2.8689535899924907
24.788292008999527,12.05288742701144,-11.48374125184169,12.119999885559082,-8.268638610839844,2.933011531829834,0.1924983561038971,2.2080029296875,552.1591871295512,544.3691786621507,573.4123624047418,531.3293818797629,-2.867026726564693
24.798292008999525,12.05288742701144,-11.48374125184169,12.019999504089355,-8.652286529541016,2.1724953651428223,0.1964784413576126,2.3039990234375005,543.0990685859441,548.3488569009314,570.2794242167654,532.3454699407282,-2.867026726564693
24.808292008999526,12.05288742701144,-11.48374125184169,11.929999351501465,-10.42148208618164,4.402988433837891,0.2170094102621078,2.3680029296874996,545.1312447078747,554.2760372565622,564.6909398814564,539.2040643522438,-2.867026726564693
24.818292008999528,11.70529687583009,-11.567016490267225,11.829999923706056,-8.690478324890138,5.102492332458496,0.2224485129117966,2.3680029296874996,552.2438611346316,544.9618966977138,561.0499576629975,539.5427603725656,-2.8640385050641397
24.828292008999526,11.591227068974788,-11.600943126092442,11.75999927520752,-8.47506332397461,3.2358860969543457,0.2144349366426468,2.4960009765624998,550.6350550381032,535.5630821337849,558.6790855207452,528.3657917019475,-2.8618918059801706
24.838292008999524,11.478085505259347,-11.634737908033852,11.6899995803833,-7.814644813537598,1.8564910888671875,0.2016557902097702,2.56,544.7925486875529,530.3132938187977,556.3928873835732,519.8983911939034,-2.859876115413978
24.848292008999525,11.365946040756125,-11.668736115399684,11.59999942779541,-8.740710258483888,3.757374525070191,0.1980215907096862,2.56,540.8975444538527,535.5630821337849,549.7883149872989,516.8501270110075,-2.8578965151517037
24.858292008999527,11.25444693370264,-11.703175766852285,11.50999927520752,-8.021663665771484,5.351210594177246,0.2118665277957916,2.6560009765625,531.0753598645216,525.6562235393734,551.4817950889077,521.7612193056731,-2.8557734572705256
24.868292008999525,11.143980085820374,-11.737773192333057,11.420000076293944,-6.390473365783691,5.048273086547852,0.2460250109434128,2.6560009765625,524.4707874682472,523.7933954276037,549.9576629974598,521.5071972904318,-2.8533163769817795
24.878292008999523,11.03432880606356,-11.772649570077917,11.31999969482422,-6.955852508544922,5.306967735290527,0.2825281918048859,2.752001953125,498.3911939034716,514.9872988992379,547.2480948348857,512.7857747671464,-2.8504942636767217
24.888292008999525,10.925438435921915,-11.807585635664504,11.239999771118164,-8.193751335144045,3.715928077697754,0.2982130646705627,3.0080029296875,504.6570702794242,503.47163420829804,543.3530906011854,501.1007620660457,-2.84751106938097
24.898292008999526,10.925438435921915,-11.807585635664504,11.149999618530272,-7.159243583679199,3.530806541442871,0.3100577294826508,3.0080029296875,510.49957662997457,499.74597798475867,545.1312447078747,498.98391193903467,-2.84751106938097
24.908292008999524,10.703652692688898,-11.863779382924958,11.09999942779541,-6.202884197235108,2.3840250968933105,0.3226009905338288,3.1360009765625,507.8746824724809,479.3395427603725,538.6960203217612,473.1583403895004,-2.841304783615417
24.918292008999522,10.596572822452137,-11.89858922530142,11.039999961853027,-6.779253959655762,2.2647216320037846,0.3493456840515136,3.2960009765625,508.72142252328536,471.80355630821333,538.5266723116004,451.98983911939035,-2.8378052498999047
24.928292008999524,10.490627049150918,-11.933641560991772,10.949999809265137,-6.688135147094727,4.845057487487793,0.3823576271533966,3.4560009765625,517.696867061812,461.98137171888226,533.1922099915325,441.9983065198984,-2.833986873461061
24.938292008999525,10.385447442832412,-11.968934730852848,10.880000114440918,-7.432264804840089,5.005632877349854,0.4237505197525024,3.7760009765625,516.5961049957663,463.9288738357324,529.2972057578323,410.584250635055,-2.829750483634701
24.948292008999523,10.281120493103847,-12.004718924612853,10.809999465942385,-7.874338150024414,6.874568939208984,0.4714086949825287,4.0639990234375,515.9187129551227,471.54953429297206,527.0956816257409,404.6570702794242,-2.8250312311213825
24.95829200899952,10.177812852262711,-12.04097541423423,10.809999465942385,-7.471529006958008,7.669544219970703,0.5056802034378052,4.4160009765625,516.934801016088,478.15410668924636,535.2243861134632,399.49195596951733,-2.819973228273991
24.968292008999523,10.075367409509123,-12.07767207432516,10.679999351501465,-5.761323928833008,7.405963897705078,0.5340240001678467,5.0880029296875,521.6765453005927,460.4572396274344,521.3378492802709,401.0160880609653,-2.814641014603492
24.978292008999524,10.075367409509123,-12.07767207432516,10.619999885559082,-5.170999050140382,5.644150257110597,0.5621170401573182,5.0880029296875,519.6443691786621,450.6350550381033,529.043183742591,395.08890770533446,-2.814641014603492
24.988292008999522,9.874961624729997,-12.125576578491575,10.619999885559082,-5.801323890686035,8.351085662841797,0.5986034870147705,5.5039990234375,516.342082980525,452.24386113463163,527.6037256562236,383.74259102455545,-2.8050715549789835
24.99829200899952,9.774457666158709,-12.163599661472396,10.5,-6.647203922271729,9.96407222747803,0.6419332623481752,6.368002929687501,519.6443691786621,455.54614733276884,523.9627434377646,394.49618966977135,-2.798625904081053
25.008292008999522,9.675542944644642,-12.202059686964216,10.4399995803833,-5.610090732574464,10.090471267700195,0.684779465198517,6.368002929687501,512.870448772227,453.51397121083824,528.0270956816257,399.0685859441151,-2.7918042382231683
25.018292008999524,9.577073708782027,-12.241462806292224,10.369999885559082,-5.724178314208984,10.50519561767578,0.7233719825744629,6.72,512.870448772227,446.3166807790008,523.3700254022015,389.5850973751058,-2.7845651788711088
25.02829200899952,9.479675623560633,-12.28151954421509,10.329999923706056,-5.6745452880859375,10.376964569091797,0.7566907405853271,7.1039990234375,510.24555461473324,446.2320067739204,520.4911092294666,387.4682472480948,-2.777007840365574
25.03829200899952,9.382979155963394,-12.322214169447976,10.260000228881836,-5.9329118728637695,9.289554595947266,0.7859647870063783,7.392001953125,506.85859441151564,441.4902624894157,518.1202370872142,392.0406435224386,-2.769144826996115
25.04829200899952,9.286853477637244,-12.363627531637531,10.260000228881836,-5.245683670043945,9.105584144592289,0.8160924315452577,7.712001953125,505.9271803556308,424.97883149872985,512.6164267569856,397.37510584250634,-2.7609630913025462
25.058292008999523,9.191602666751212,-12.405368391469558,10.130000114440918,-4.775811195373535,7.529272079467773,0.8525772690773011,8.1280029296875,504.0643522438611,406.01185436071125,513.8018628281118,390.26248941574937,-2.752435090769712
25.06829200899952,9.097247837504264,-12.447394242912472,10.079999923706056,-4.283825874328613,6.823673248291016,0.8834799528121948,8.1280029296875,498.05249788314984,398.3911939034716,515.9187129551227,389.3310753598645,-2.743625365593278
25.07829200899952,9.002578082529128,-12.49029025926442,10.079999923706056,-3.0735344886779785,6.933568477630616,0.920735001564026,8.256000976562499,499.4072819644369,388.9077053344623,511.1769686706181,371.12616426756983,-2.734366217560382
25.08829200899952,8.909230588589281,-12.533272817224097,9.989999771118164,-3.0943846702575684,6.65484380722046,0.9523288607597352,8.3839990234375,495.2582557154953,387.29889923793394,512.7857747671464,366.6384419983065,-2.7248699573292647
25.098292008999522,8.823355284795165,-12.54960701770879,9.949999809265137,-4.3091020584106445,8.204355239868164,0.9940152168273926,8.576000976562499,496.0203217612193,388.4843353090601,510.24555461473324,356.64690939881456,-2.7192774218968583
25.10829200899952,8.823355284795165,-12.54960701770879,9.899999618530272,-3.599702119827271,9.65853500366211,1.0322015285491943,9.0239990234375,495.5122777307366,394.49618966977135,509.56816257408974,358.4250635055038,-2.7192774218968583
25.118292008999518,8.73095995725231,-12.593589350162867,9.869999885559082,-4.861804485321046,10.613691329956056,1.0638147592544558,9.0239990234375,500.16934801016083,399.8306519898391,510.24555461473324,356.22353937341234,-2.70892268568431
25.12829200899952,8.54984133536939,-12.683384018665867,9.869999885559082,-4.307417392730714,10.831062316894531,1.0786161422729492,9.28,498.22184589331073,401.86282811176966,510.4149026248941,355.969517358171,-2.6875417436761455
25.13829200899952,8.460275231096274,-12.729751985191626,9.789999961853027,-3.998802423477173,11.81674098968506,1.0935565233230593,9.792001953125,498.64521591871295,398.05249788314984,505.24978831498726,356.9009314140559,-2.6765923704896823
25.14829200899952,8.37162864688592,-12.77686107462243,9.739999771118164,-3.545759439468384,11.21816158294678,1.1069418191909792,9.792001953125,499.6613039796782,393.4801016088061,503.47163420829804,353.25994919559696,-2.665526393755836
25.158292008999517,8.283792273906252,-12.824833875722163,9.6899995803833,-3.138112545013428,11.357322692871094,1.1074990034103396,10.3039990234375,497.37510584250634,380.6943268416596,500.8467400508044,352.1591871295512,-2.654458279540474
25.16829200899952,8.196460935388384,-12.873706504465394,9.649999618530272,-2.89294958114624,10.575227737426758,1.0987319946289062,10.432001953125,495.1735817104149,371.0414902624894,500.0,352.0745131244708,-2.6434500134228323
25.17829200899952,8.110221847902476,-12.923184329565569,9.630000114440918,-2.9523999691009526,10.582252502441406,1.095997333526611,10.432001953125,495.6816257408975,369.6020321761219,498.7298899237934,357.0702794242168,-2.632510171111587
25.188292008999518,8.024688080936789,-12.973535838600178,9.59000015258789,-3.483655691146851,10.9027099609375,1.0948673486709597,10.56,490.00846740050804,371.12616426756983,499.8306519898391,360.37256562235393,-2.6215612470296286
25.198292008999516,7.940134946649627,-13.02474730994376,9.59000015258789,-3.574789524078369,11.950998306274414,1.1050950288772583,10.6239990234375,489.24640135478404,383.14987298899234,496.1896697713802,379.59356477561386,-2.610516894159527
25.208292008999518,7.856625214820702,-13.07698157276219,9.519999504089355,-4.118471145629883,13.499015808105469,1.1203135251998904,10.816000976562501,485.6054191363251,386.62150719729044,493.4801016088061,390.93988145639287,-2.5993137695916704
25.21829200899952,7.856625214820702,-13.07698157276219,9.479999542236328,-3.710525989532471,13.504755020141602,1.1325131654739382,10.816000976562501,482.98052497883145,383.31922099915323,492.6333615580017,401.2701100762066,-2.5993137695916704
25.228292008999517,7.856625214820702,-13.07698157276219,9.479999542236328,-2.4983344078063965,12.800300598144531,1.1523975133895876,10.976000976562501,480.9483488569009,374.93649449618965,490.770533446232,404.3183742591024,-2.5993137695916704
25.238292008999515,7.623193903624192,-13.2250257682118,9.399999618530272,-2.204543113708496,11.542074203491213,1.1674089431762695,11.1360009765625,483.0651989839119,369.8560541913632,492.2099915325995,405.24978831498726,-2.568580743431935
25.248292008999517,7.542954625039427,-13.280431870154326,9.34999942779541,-1.6973581314086914,10.565409660339355,1.1718934774398806,11.2960009765625,483.0651989839119,354.3607112616427,491.7019475021168,402.62489415749366,-2.556860143426517
25.25829200899952,7.463341268769777,-13.336513732544212,9.34000015258789,-1.2436161041259766,9.616074562072756,1.1754062175750732,11.5839990234375,482.30313293818796,332.93818797629126,489.24640135478404,394.9195596951736,-2.5451102960405176
25.268292008999516,7.384311268151226,-13.393446875223855,9.329999923706056,-1.3286395072937012,10.056356430053713,1.1738228797912598,11.5839990234375,478.662150719729,323.7087214225233,485.9441151566469,396.35901778154107,-2.533360324267361
25.278292008999514,7.306116824948527,-13.451080891408973,9.31999969482422,-1.668743133544922,10.42523193359375,1.1803197860717771,11.68,484.9280270956816,317.61219305673154,486.70618120237083,396.4436917866215,-2.521557700483383
25.288292008999516,7.228725867879054,-13.509544678250442,9.31999969482422,-1.533369064331055,11.144694328308107,1.187093734741211,11.7760009765625,477.64606265876375,325.0635055038103,487.29889923793394,399.8306519898391,-2.509690453784598
25.298292008999518,7.151954652662858,-13.568932930106849,9.269999504089355,-1.4078717231750488,11.207929611206056,1.203881859779358,11.8080029296875,478.8314987298899,328.3657917019475,487.6375952582557,396.9517358171041,-2.4976329898607594
25.308292008999516,7.07624903586334,-13.62900374105505,9.260000228881836,-2.067969799041748,11.82223892211914,1.2276293039321902,11.8080029296875,481.7950889077053,336.4098221845893,486.70618120237083,398.47586790855206,-2.485363440390612
25.318292008999514,7.07624903586334,-13.62900374105505,9.260000228881836,-1.9898467063903809,12.55877685546875,1.2450697422027588,11.8080029296875,477.05334462320064,345.385266723116,486.1981371718882,401.86282811176966,-2.485363440390612
25.328292008999515,7.015413866488613,-13.676328132153438,9.220000267028809,-1.363905906677246,11.84307384490967,1.2621963024139404,11.8080029296875,479.76291278577474,345.8086367485182,488.73835732430143,398.81456392887384,-2.4706339387122203
25.338292008999517,6.868864540934596,-13.800201052634518,9.1899995803833,-1.326725959777832,11.126727104187012,1.2754631042480469,11.84,480.86367485182046,349.11092294665536,483.74259102455545,395.5969517358171,-2.445280302867369
25.348292008999515,6.796677064795427,-13.86337830399926,9.149999618530272,-1.2461705207824707,11.217185974121094,1.285515904426575,11.872001953125,473.5817104149026,343.86113463166805,486.7908552074513,391.44792548687553,-2.432418106792605
25.358292008999513,6.725316351500724,-13.927397234434428,9.119999885559082,-1.537144660949707,11.552190780639648,1.2829910516738894,11.872001953125,475.190516511431,344.8772226926333,487.29889923793394,391.44792548687553,-2.419569243399403
25.368292008999514,6.654901551364039,-13.99206250900104,9.09999942779541,-1.4437451362609863,11.231363296508787,1.278503298759461,11.872001953125,474.428450465707,345.6392887383573,483.657917019475,387.4682472480948,-2.406784527423506
25.378292008999516,6.585309361829379,-14.057378735922777,9.079999923706056,-1.041440486907959,10.610214233398438,1.271095156669617,11.9039990234375,476.6299745977985,342.2523285351397,484.3353090601185,379.42421676545297,-2.394086013139665
25.388292008999514,6.516085212222617,-14.123622165956192,9.079999923706056,-0.7914295196533203,9.65443515777588,1.2639321088790896,11.9039990234375,474.93649449618965,341.4902624894157,481.71041490262485,373.9204064352244,-2.381402707749638
25.398292008999512,6.516085212222617,-14.123622165956192,9.059999465942385,-1.0154814720153809,10.637298583984377,1.270186424255371,11.9360009765625,472.6502963590178,346.2320067739204,480.1016088060965,369.432684165961,-2.381402707749638
25.408292008999513,6.516085212222617,-14.123622165956192,9.059999465942385,-1.727315902709961,10.731697082519531,1.2724047899246218,11.9680029296875,473.4123624047417,356.9009314140559,478.662150719729,372.05757832345466,-2.381402707749638
25.418292008999515,6.330030816084684,-14.298103420449973,9.019999504089355,-1.9386663436889648,11.588199615478516,1.2849218845367432,11.9680029296875,473.4123624047417,371.9729043183742,476.6299745977985,374.8518204911092,-2.3419665959275635
25.428292008999513,6.265101294394027,-14.36667242947978,9.019999504089355,-1.7566709518432615,13.377697944641117,1.2941157817840576,11.9680029296875,467.6545300592718,376.1219305673158,478.32345469940725,381.4563928873836,-2.3290066294353737
25.43829200899951,6.201282446753724,-14.435935450609977,8.989999771118164,-0.5329036712646484,13.04478931427002,1.296528220176697,12.0,468.83996613039795,377.22269263336153,476.6299745977985,385.85944115156644,-2.3160592883503925
25.448292008999513,6.138271725355763,-14.50613474820006,8.989999771118164,-0.5170059204101562,12.498493194580078,1.290135741233826,12.0,467.4851820491109,376.4606265876376,475.5292125317527,386.02878916172733,-2.30314963824883
25.458292008999514,6.076184847996725,-14.577162698906273,9.0,-0.09124755859375,12.377878189086914,1.2818291187286377,12.032001953125,464.69093988145636,374.8518204911092,473.2430143945808,380.77900084674,-2.290324941436599
25.468292008999512,6.014963476865075,-14.648838432524355,8.989999771118164,-0.9472036361694336,11.155955314636232,1.258336424827576,12.032001953125,465.45300592718036,373.1583403895004,478.662150719729,379.1701947502117,-2.2777280887035447
25.47829200899951,5.954469083815962,-14.721410169580318,8.960000038146973,-0.0910396575927734,11.081491470336914,1.232246518135071,12.032001953125,460.965283657917,369.6020321761219,474.8518204911092,371.12616426756983,-2.265369499046746
25.48829200899951,5.895264543862623,-14.794218773637535,8.949999809265137,-0.6408405303955078,11.187636375427248,1.2088109254837038,12.032001953125,470.194750211685,370.5334462320068,474.8518204911092,366.3844199830652,-2.2533168502869687
25.498292008999513,5.895264543862623,-14.794218773637535,8.949999809265137,-0.018559455871582,12.024118423461914,1.189902901649475,12.032001953125,464.7756138865368,370.95681625740895,472.311600338696,361.2193056731583,-2.2533168502869687
25.50829200899951,5.789359437527976,-14.916150461061797,8.949999809265137,-0.0534677505493164,11.766263008117678,1.1811492443084717,12.032001953125,462.4047417442845,372.98899237933955,470.78746824724806,365.7917019475021,-2.227676716962398
25.51829200899951,5.73315041225903,-14.9909402522073,8.949999809265137,-0.3414463996887207,12.261333465576172,1.1829466819763184,11.9680029296875,464.01354784081286,376.7146486028789,468.5859441151566,371.0414902624894,-2.2158554404816386
25.52829200899951,5.677847507133512,-15.066596825397532,8.9399995803833,0.1775846481323242,12.360547065734863,1.17940092086792,11.84,464.69093988145636,376.20660457239626,468.3319220999153,380.2709568162574,-2.2040563810809517
25.538292008999512,5.623546730096623,-15.14302812341919,8.929999351501465,-0.0074167251586914,12.53157138824463,1.176737666130066,11.84,468.24724809483484,377.64606265876375,468.3319220999153,383.8272650296359,-2.1922786350653696
25.54829200899951,5.570088761287546,-15.220112247001133,8.90999984741211,0.7538299560546875,11.316329002380373,1.1837611198425293,11.712001953125,467.1464860287891,374.76714648602876,470.0254022015241,385.85944115156644,-2.1804399062335933
25.55829200899951,5.517436123183732,-15.297829094320496,8.90999984741211,0.7358665466308594,10.650121688842772,1.193949103355408,11.68,469.34801016088056,370.11007620660456,473.32768839966127,382.7265029635902,-2.168501280565372
25.56829200899951,5.472980507591189,-15.337560523694185,8.899999618530273,0.7735819816589355,10.27011489868164,1.2043910026550293,11.68,471.8882303132938,368.83996613039795,476.20660457239626,385.69009314140555,-2.152170964416057
25.57829200899951,5.422205377180694,-15.415715319625765,8.90999984741211,1.4183311462402344,9.81223487854004,1.2145285606384275,11.52,472.98899237933955,364.69093988145636,473.7510584250635,382.13378492802707,-2.1400534887449956
25.58829200899951,5.372104840983767,-15.494718610724815,8.920000076293945,1.010413646697998,10.18492317199707,1.2247827053070068,11.52,469.0939881456393,366.3844199830652,473.49703640982216,383.4038950042337,-2.127798373098556
25.598292008999508,5.322893949894688,-15.574333761170347,8.929999351501465,0.7797589302062988,10.617563247680664,1.2315160036087038,11.4880029296875,469.9407281964437,365.3683319220999,476.6299745977985,378.49280270956814,-2.1154782333300934
25.60829200899951,5.274673080194574,-15.654383035359896,8.929999351501465,0.3834714889526367,10.663369178771974,1.2279943227767949,11.423999023437501,469.68670618120234,368.5859441151566,478.8314987298899,382.2184589331075,-2.103214404529779
25.61829200899951,5.227379076535764,-15.735232822891126,8.920000076293945,0.8031096458435059,11.531103134155272,1.217416763305664,11.423999023437501,467.40050804403046,371.2955122777307,476.1219305673158,380.18628281117697,-2.091040829016463
25.62829200899951,5.180962857265561,-15.816595284797964,8.90999984741211,0.4981460571289062,10.568541526794435,1.209014892578125,11.423999023437501,466.29974597798474,372.39627434377644,473.1583403895004,384.1659610499577,-2.0789547271433255
25.638292008999507,5.135451750096998,-15.898774195311914,8.920000076293945,1.5394940376281738,11.416744232177734,1.2058881521224978,11.392001953125,465.28365791701947,370.7027942421676,470.7027942421676,389.24640135478404,-2.0668912570241096
25.64829200899951,5.090832008520225,-15.98157232386456,8.929999351501465,1.1029272079467771,10.993967056274414,1.2071219682693484,11.392001953125,467.0618120237087,367.4851820491109,473.07366638441994,388.99237933954277,-2.054811414844294
25.65829200899951,5.047218494410541,-16.065042965312085,8.949999809265137,1.755720138549805,11.686662673950195,1.209160327911377,11.392001953125,467.99322607959357,362.0660457239627,475.10584250635054,391.44792548687553,-2.0427215528143554
25.668292008999508,5.004505025291674,-16.149152165277965,8.949999809265137,1.4371752738952637,11.154182434082031,1.206512451171875,11.392001953125,476.54530059271804,363.75952582557153,473.83573243014393,389.7544453852667,-2.030654138568962
25.678292008999506,4.962758670215622,-16.233814982060917,8.979999542236328,1.405116081237793,11.171256065368654,1.213224172592163,11.3280029296875,471.71888230313294,360.7112616426757,477.7307366638442,390.3471634208298,-2.018528850537648
25.688292008999507,4.922054258468737,-16.319130902068313,8.979999542236328,1.1492881774902344,11.928359031677248,1.2219440937042236,11.3280029296875,473.1583403895004,360.20321761219304,478.5774767146486,388.1456392887383,-2.0063117519273694
25.69829200899951,4.882187691864326,-16.405154360586163,8.979999542236328,1.049039363861084,11.049720764160156,1.2265663146972656,11.263999023437501,472.1422523285351,364.86028789161725,477.3920406435224,391.27857747671464,-1.9940241677630004
25.708292008999507,4.843452561676792,-16.491530988977757,8.989999771118164,0.7385087013244629,11.470134735107422,1.220595359802246,11.263999023437501,474.93649449618965,369.432684165961,478.91617273497036,387.72226926333616,-1.9818222999820412
25.718292008999505,4.843452561676792,-16.491530988977757,9.010000228881836,0.6321558952331543,11.701288223266602,1.2011622190475466,11.263999023437501,474.8518204911092,375.61388653683315,479.2548687552921,385.4360711261643,-1.9818222999820412
25.728292008999507,4.780572962043931,-16.626849768143785,9.010000228881836,0.6330933570861816,10.830646514892578,1.1852600574493408,11.232001953125,473.4123624047417,379.59356477561386,476.4606265876376,394.5808636748518,-1.9584365468891245
25.738292008999508,4.744993598164559,-16.714155511301346,9.019999504089355,0.7939004898071289,11.034185409545898,1.1672989130020144,11.232001953125,466.8924640135478,381.541066892464,475.78323454699404,395.1735817104149,-1.9467580027763698
25.748292008999506,4.710399270326702,-16.801810217631797,9.050000190734863,1.3818888664245603,10.536972045898438,1.1516908407211306,11.200000000000001,473.2430143945808,382.7265029635902,474.51312447078743,394.83488569009313,-1.9352606008515987
25.758292008999504,4.67658995794529,-16.89011702418372,9.050000190734863,1.6766300201416016,9.896211624145508,1.1409531831741335,11.1360009765625,472.1422523285351,385.18204911092295,471.0414902624894,396.2743437764606,-1.9238527120474553
25.768292008999506,4.643571371303669,-16.97893909114651,9.059999465942385,1.5458345413208008,9.36655902862549,1.1310327053070068,11.0080029296875,471.2955122777307,387.6375952582557,471.71888230313294,397.37510584250634,-1.9125367329373326
25.778292008999507,4.643571371303669,-16.97893909114651,9.059999465942385,1.8851397037506104,9.399444580078123,1.1204806566238406,11.0080029296875,469.34801016088056,388.56900931414054,473.2430143945808,396.0203217612193,-1.9125367329373326
25.788292008999505,4.5927393231180496,-17.11709192290248,9.059999465942385,1.5243051052093506,8.564445495605469,1.0956978797912598,10.8480029296875,469.51735817104145,390.51651143099065,472.39627434377644,396.2743437764606,-1.8907284919225422
25.798292008999503,4.562384573853984,-17.20634350035306,9.09000015258789,1.5415778160095217,8.829446792602539,1.0632541179656982,10.272001953125,468.7552921253175,394.24216765453,471.6342082980525,399.74597798475867,-1.880114719848533
25.808292008999505,4.532839896206197,-17.29651314035074,9.09999942779541,1.5539560317993164,9.79845714569092,1.0348727703094482,10.272001953125,466.5537679932261,399.91532599491956,468.9246401354784,400.1693480101609,-1.869732693073869
25.818292008999506,4.504398347996134,-17.386624046512242,9.130000114440918,1.6983652114868164,9.909882545471191,1.0006755590438845,9.92,465.3683319220999,401.86282811176966,467.8238780694327,401.1007620660457,-1.859752667946848
25.828292008999505,4.476845057891917,-17.477481258591467,9.139999389648438,1.5071711540222168,10.148784637451172,0.9562546610832215,9.1839990234375,463.42082980524975,405.16511430990687,466.72311600338696,402.5402201524132,-1.8501832907892442
25.838292008999503,4.45036351502677,-17.568610858073402,9.15999984741211,1.1254534721374512,10.408992767333984,0.9035452008247375,9.1839990234375,462.8281117696867,408.97544453852663,466.8077900084674,403.8103302286198,-1.8411534483689116
25.848292008999504,4.424747917242875,-17.660216052692892,9.15999984741211,1.2532758712768557,9.500758171081545,0.8433533906936646,8.352001953125,461.1346316680779,408.6367485182049,467.31583403895,405.16511430990687,-1.8327167053669462
25.858292008999506,4.399800320004242,-17.75243250532302,9.1899995803833,1.196453332901001,8.155324935913086,0.7871702909469604,7.936000976562499,459.18712955122777,409.73751058425063,467.0618120237087,404.995766299746,-1.8248172339132203
25.868292008999504,4.3756923509528844,-17.84425238091954,9.199999809265137,1.006139039993286,7.096447944641113,0.7327275872230531,7.936000976562499,460.62658763759526,412.5317527519052,464.6062658763759,409.22946655376796,-1.8175168681928375
25.8782920089995,4.3756923509528844,-17.84425238091954,9.210000038146973,1.2322626113891602,5.923723697662354,0.690630853176117,7.2639990234375,460.4572396274344,413.9712108382726,461.2193056731583,409.4834885690093,-1.8175168681928375
25.888292008999503,4.332991367565138,-17.987737336150772,9.210000038146973,1.3749147653579714,3.9572792053222656,0.6441377997398378,6.848002929687501,460.4572396274344,415.66469093988144,455.88484335309056,409.1447925486875,-1.8001719739210973
25.898292008999505,4.310127859252489,-18.080019706871894,9.220000267028809,1.7154302597045898,3.509741306304932,0.5973086953163148,6.848002929687501,459.1024555461473,416.59610499576627,456.3082133784928,412.0237087214225,-1.794192626646735
25.908292008999503,4.287645432695246,-18.1723912908608,9.229999542236328,1.5492061376571655,3.4809226989746094,0.5537625551223755,5.952001953125,457.91701947502116,420.91447925486875,455.969517358171,411.68501270110073,-1.7886576469222337
25.9182920089995,4.265536056631891,-18.265045628010657,9.229999542236328,1.5096875429153445,3.6771721839904794,0.5026180148124696,5.44,456.1388653683319,423.62404741744285,456.05419136325145,411.26164267569857,-1.7836314715674475
25.928292008999502,4.2437157194551896,-18.35832718202771,9.260000228881836,1.2764917612075808,3.725457191467285,0.4536532163619995,5.44,452.9212531752752,424.047417442845,456.98560541913633,410.9229466553768,-1.7790742852933492
25.938292008999504,4.222639155733894,-18.451059680997773,9.260000228881836,1.083017349243164,4.986039638519288,0.4139638841152191,4.96,455.0381033022862,426.3336155800169,457.66299745977983,415.4106689246401,-1.774950047082308
25.948292008999502,4.201811144440135,-18.544542677300303,9.279999732971191,0.8500877618789673,4.113884449005128,0.3739168345928192,3.9039990234375,449.28027095681625,427.7730736663844,450.38103302286197,425.6562235393734,-1.7712008976456435
25.9582920089995,4.181292306658313,-18.637795382388617,9.300000190734863,1.7404240369796755,2.692223310470581,0.3218969404697419,3.9039990234375,449.1955969517358,427.18035563082134,451.39712108382724,433.4462320067739,-1.767990373394022
25.9682920089995,4.160823241856682,-18.73137462541732,9.31999969482422,1.6248619556427002,1.3745067119598389,0.2753572463989258,3.3920019531249994,448.85690093141403,429.9745977984758,454.1913632514818,428.11176968670617,-1.765239626518232
25.978292008999503,4.160823241856682,-18.73137462541732,9.329999923706056,1.460371971130371,0.7376330494880677,0.2316487282514572,2.9120019531249994,446.90939881456393,433.8696020321761,454.0220152413209,425.0635055038103,-1.765239626518232
25.9882920089995,4.136160459109182,-18.89351008225689,9.34999942779541,1.045338034629822,0.1500499546527862,0.194894403219223,2.432001953125,451.735817104149,435.3090601185436,451.735817104149,431.4140558848433,-1.7520465386091433
25.9982920089995,4.116390617198042,-18.986991199625415,9.34999942779541,0.8621175289154053,-0.0876437723636627,0.1595323085784912,1.6,449.5342929720576,438.1879762912786,449.1955969517358,436.4098221845893,-1.7504526623924974
26.0082920089995,4.096601792661122,-19.08067419135288,9.369999885559082,0.851742446422577,-0.124733030796051,0.1226925179362297,1.152001953125,447.24809483488565,438.86536833192207,448.4335309060118,433.95427603725653,-1.7492253581049368
26.018292008999502,4.076840511152663,-19.17432889524182,9.369999885559082,0.4239892363548279,-0.1425985544919968,0.0855223089456558,1.152001953125,445.385266723116,441.4055884843353,447.7561388653683,446.9940728196444,-1.7483703601222655
26.0282920089995,4.056993838061628,-19.268142894351747,9.380000114440918,1.5083420276641846,-0.7200686931610107,0.0397532247006893,0.2560009765625,443.7764606265876,444.1998306519898,448.85690093141403,445.2159187129551,-1.7479730746799664
26.0382920089995,4.036966502322658,-19.362218096145007,9.399999618530272,1.5465630292892458,-1.4713319540023806,-0.0200488064438104,-0.2239990234375,442.3370025402201,449.78831498729886,446.8247248094835,451.6511430990686,-1.7481737107334503
26.0482920089995,4.0171060605407245,-19.456442869637296,9.420000076293944,1.580716848373413,0.4778578877449035,-0.0658387467265129,-0.2239990234375,443.268416596105,449.8729889923793,444.5385266723116,452.83657917019474,-1.7488322859389935
26.0582920089995,3.996620478714745,-19.550679525766387,9.429999351501465,1.2399771213531494,-4.337287902832031,-0.1306903958320617,-1.0239990234375,443.6071126164267,454.10668924640134,447.3327688399661,455.20745131244706,-1.750139749513286
26.0682920089995,3.9756600679288434,-19.644764028641703,9.429999351501465,0.538374662399292,-5.0931901931762695,-0.1819149106740951,-1.3439990234375003,444.8772226926333,455.2921253175275,449.0262489415749,453.85266723116,-1.7519580728191553
26.078292008999497,3.9541133673526594,-19.738920347409174,9.4399995803833,1.243577003479004,-5.649115085601808,-0.2124718129634857,-1.3439990234375003,440.5588484335309,459.0177815410669,440.47417442845045,470.61812023708717,-1.7540821810357683
26.0882920089995,3.9321266506492063,-19.832958931352834,9.469999313354492,0.2503495216369629,-5.057941913604737,-0.2345130890607834,-1.887998046875,445.0465707027942,462.74343776460626,438.6960203217612,456.5622353937341,-1.7564263591811675
26.0982920089995,3.9321266506492063,-19.832958931352834,9.479999542236328,0.2241690158843994,-3.6093022823333754,-0.2768521308898926,-2.1119970703125,446.8247248094835,460.2878916172735,438.9500423370025,462.2353937341236,-1.7564263591811675
26.1082920089995,3.89257144140068,-19.990142952820648,9.469999313354492,0.0694351196289062,-2.4656190872192383,-0.3103677332401276,-2.1119970703125,439.20406435224385,464.01354784081286,437.8492802709568,463.9288738357324,-1.7563299822412428
26.118292008999497,3.8702291699389946,-20.083673732874463,9.489999771118164,-0.1892504692077636,-2.636568069458008,-0.3501334190368652,-2.4639990234375,433.4462320067739,466.97713801862824,432.93818797629126,462.91278577476714,-1.759833316571973
26.128292008999498,3.8474308366193286,-20.177024648168707,9.5,-0.3589448928833008,-4.352837085723878,-0.3889793753623962,-3.2960009765625,431.160033869602,470.5334462320068,423.9627434377646,464.9449618966977,-1.7637233848357305
26.1382920089995,3.824319463188212,-20.27045990128682,9.529999732971191,0.648735523223877,-3.671657085418701,-0.4344696700572968,-3.2960009765625,430.56731583403894,471.71888230313294,415.4106689246401,466.3844199830652,-1.7680695275918579
26.148292008999498,3.800810853696977,-20.36380358928699,9.539999961853027,0.7193437814712524,-4.26072645187378,-0.4802425503730774,-4.3519970703125,429.6359017781541,478.0694326841659,411.346316680779,467.6545300592718,-1.7728690860469762
26.158292008999496,3.776776507964712,-20.4575884048018,9.539999961853027,1.0016757249832156,-4.444266796112061,-0.530374586582184,-4.9919970703125,430.1439458086367,479.59356477561386,398.5605419136325,468.1625740897544,-1.7781928061372936
26.168292008999497,3.7523533215526186,-20.55098085987232,9.550000190734863,1.2364723682403564,-5.005980491638184,-0.5814900398254395,-4.9919970703125,428.61981371718883,483.0651989839119,388.653683319221,473.1583403895004,-1.7840029872970387
26.1782920089995,3.731166123956326,-20.624355250864035,9.550000190734863,1.6387211084365847,-4.795897006988526,-0.6267273426055908,-6.271997070312499,426.58763759525823,477.1380186282811,375.0211685012701,474.0050804403048,-1.7875931308275226
26.188292008999497,3.731166123956326,-20.624355250864035,9.550000190734863,-0.4163568019866943,-5.16602897644043,-0.6558908820152284,-6.656000976562499,424.13209144792546,477.307366638442,368.7552921253175,475.8679085520745,-1.7875931308275226
26.198292008999495,3.680266448574967,-20.809916549973536,9.529999732971191,-1.0623414516448977,-5.6776533126831055,-0.6709330677986146,-6.656000976562499,424.47078746824724,477.9847586790855,362.4047417442845,474.76714648602876,-1.8008500124868108
26.208292008999496,3.653651539955744,-20.902378302166703,9.529999732971191,-0.9811136722564696,-7.99375057220459,-0.6730512380599976,-7.296000976562499,424.3861134631668,472.1422523285351,365.28365791701947,471.71888230313294,-1.8075829254674916
26.218292008999498,3.626081810438919,-20.994299071611707,9.529999732971191,-2.586922883987427,-9.6878080368042,-0.6736292243003846,-7.5200000000000005,426.0795935647756,475.3598645215919,387.0448772226926,474.1744284504657,-1.8143243506693865
26.228292008999496,3.5972985041658063,-21.085528812610125,9.519999504089355,-3.620906829833984,-12.213918685913086,-0.6808462738990785,-7.5200000000000005,437.34123624047413,480.6943268416596,417.5275190516511,479.08552074513125,-1.8211407609089802
26.238292008999494,3.5667136149409235,-21.176851847464555,9.5,0.0023145675659179,-15.380887031555178,-0.6924429535865785,-7.807998046874999,428.1964436917866,473.7510584250635,415.8340389500423,483.0651989839119,-1.8280991926418069
26.248292008999496,3.535084263350042,-21.267105696852337,9.550000190734863,1.628251075744629,-14.33230209350586,-0.7099665999412538,-8.0639990234375,422.0999153259949,473.1583403895004,412.1930567315834,482.7265029635902,-1.83515890433265
26.258292008999497,3.502441571109556,-21.357624562921394,9.559999465942385,0.3075051307678222,-10.791143417358398,-0.745489239692688,-8.0639990234375,422.7773073666384,482.47248094834885,407.28196443691786,484.7586790855207,-1.842614856050949
26.268292008999495,3.4689638279890835,-21.448224913290787,9.56999969482422,2.947745561599732,-9.149622917175297,-0.7885690331459047,-8.3519970703125,426.58763759525823,485.35139712108383,403.97967823878065,483.657917019475,-1.8504913263961156
26.278292008999493,3.434853162145405,-21.539023489122982,9.59999942779541,1.9345545768737795,-7.020683765411378,-0.8504099249839784,-8.8,419.9830651989839,486.28281117696866,399.4072819644369,484.41998306519895,-1.8590045414444831
26.288292008999495,3.434853162145405,-21.539023489122982,9.609999656677246,2.807259798049927,-5.753373146057129,-0.926599383354187,-9.247998046874999,420.49110922946653,488.73835732430143,402.87891617273493,490.6011854360711,-1.8590045414444831
26.298292008999496,3.434853162145405,-21.539023489122982,9.639999389648438,2.448232650756836,-6.643857955932617,-1.0184055566787722,-9.76,418.5436071126164,494.9195596951736,401.9475021168501,491.1939034716342,-1.8590045414444831
26.308292008999494,3.3269220300812106,-21.79620399954969,9.6899995803833,3.1576476097106934,-7.588224887847901,-1.0982421636581423,-10.24,419.30567315834037,501.18543607112616,405.7578323454699,498.98391193903467,-1.8908112538756239
26.318292008999492,3.289891746065759,-21.88687308988151,9.710000038146973,2.5727758407592773,-8.801158905029297,-1.1732074022293093,-11.1039990234375,416.5114309906858,508.80609652836574,408.12870448772225,506.350550381033,-1.9025368832771772
26.328292008999494,3.251839737021088,-21.977788456163463,9.760000228881836,3.165753602981568,-9.131903648376468,-1.2344253063201904,-11.1039990234375,418.7129551227773,514.3945808636748,406.18120237087214,507.3666384419983,-1.9149011376430547
26.338292008999495,3.21301933290934,-22.06839468515872,9.800000190734863,2.814866542816162,-9.005172729492188,-1.2884416580200195,-11.36,416.0033869602032,515.6646909398814,402.9635901778154,517.696867061812,-1.927767110629956
26.348292008999493,3.173183592402653,-22.15964117985664,9.829999923706056,2.969599008560181,-7.877942085266113,-1.3277902603149414,-11.68,417.35817104149027,523.5393734123624,395.8509737510584,520.1524132091448,-1.9411121133821592
26.35829200899949,3.132688481947392,-22.249968657849625,9.859999656677246,3.284284830093384,-9.3535795211792,-1.3527092933654783,-11.68,415.07197290431833,523.2853513971211,393.39542760372564,521.8458933107536,-1.9545763037649788
26.368292008999493,3.090744046012836,-22.34057462008299,9.899999618530272,2.6668238639831543,-11.374059677124023,-1.3724120855331423,-11.7439990234375,419.3903471634208,522.0999153259949,406.01185436071125,519.3056731583404,-1.9683141542906224
26.378292008999495,3.047516775693825,-22.430809080201083,9.929999351501465,2.369872093200684,-12.716567039489748,-1.3854727745056152,-11.84,422.9466553767993,521.3378492802709,407.95935647756136,519.9830651989839,-1.9821731630146344
26.388292008999493,3.047516775693825,-22.430809080201083,9.979999542236328,2.9674196243286133,-13.47622585296631,-1.404860258102417,-11.84,427.85774767146484,525.3175275190516,409.3141405588484,518.7976291278577,-1.9821731630146344
26.39829200899949,2.9610757687452827,-22.597148556891614,10.010000228881836,3.356998443603516,-13.97300910949707,-1.421226978302002,-11.967998046875,432.6841659610499,527.6037256562236,411.346316680779,517.1888230313293,-2.0036032611203805
26.408292008999492,2.914002905989975,-22.686440226088305,10.050000190734863,3.209117889404297,-13.896280288696287,-1.428692936897278,-12.2239990234375,441.57493649449617,527.8577476714648,408.6367485182049,521.0838272650296,-2.0178758705327966
26.418292008999494,2.8655129296109165,-22.77594909267535,10.09999942779541,3.888773441314697,-12.398765563964844,-1.431387543678284,-12.2239990234375,448.17950889077053,528.0270956816257,404.8264182895851,521.6765453005927,-2.0322293195673837
26.42829200899949,2.8160516963923485,-22.864682394699376,10.139999389648438,3.548053741455078,-12.336589813232422,-1.4260131120681765,-12.32,461.3886536833192,529.805249788315,391.532599491956,525.9102455546147,-2.04644489865793
26.43829200899949,2.7649559665467263,-22.953903304360423,10.199999809265137,3.2411656379699707,-11.92045783996582,-1.4046970605850222,-12.3519970703125,466.97713801862824,535.2243861134632,387.89161727349705,524.047417442845,-2.0605675445958043
26.44829200899949,2.7130514070227028,-23.04212455860992,10.25,4.004522323608398,-11.922250747680664,-1.3868277072906494,-12.3519970703125,461.89669771380187,530.3132938187977,380.1016088060965,525.6562235393734,-2.074383566455245
26.458292008999493,2.6597227721353724,-23.1302836249949,10.25,3.891403198242188,-12.26113510131836,-1.3578391075134275,-12.287998046875,474.5977984758679,543.0990685859441,377.98475867908553,528.4504657070279,-2.0879438154730594
26.46829200899949,2.605044499499991,-23.21838880897,10.300000190734863,4.176918029785156,-11.909090042114258,-1.3398046493530271,-12.127998046875,480.0169348010161,542.675698560542,387.8069432684166,530.3132938187977,-2.1013482378756323
26.47829200899949,2.549071990147956,-23.306346812474803,10.34999942779541,3.706157684326172,-11.769834518432615,-1.3302083015441897,-12.127998046875,483.4885690093141,540.4741744284504,398.47586790855206,533.0228619813716,-2.1146794856715503
26.48829200899949,2.492057544524002,-23.393549789577484,10.399999618530272,3.5962443351745605,-12.463773727416992,-1.3192409276962282,-12.0,483.0651989839119,551.735817104149,424.13209144792546,541.6596104995766,-2.127842630933336
26.498292008999492,2.492057544524002,-23.393549789577484,10.4399995803833,4.631252288818359,-11.64942741394043,-1.307024002075195,-11.84,485.18204911092295,547.502116850127,432.00677392040643,547.1634208298052,-2.127842630933336
26.50829200899949,2.440153999936466,-23.45169378423159,10.479999542236328,4.370567321777344,-11.231818199157717,-1.3107336759567263,-11.84,491.8712955122777,549.8729889923793,434.71634208298053,551.3124470787468,-2.1453086533197014
26.518292008999488,2.320008257024397,-23.623996972680917,10.519999504089355,3.9523251056671143,-10.762325286865234,-1.3047022819519043,-11.807998046875,509.22946655376796,550.6350550381032,440.98221845893306,549.4496189669771,-2.171444541635693
26.52829200899949,2.257610772552145,-23.7101274631798,10.56999969482422,5.4350175857543945,-12.849240303039553,-1.3091772794723513,-11.7760009765625,512.2777307366638,551.0584250635055,446.8247248094835,544.2845046570702,-2.184586555227198
26.53829200899949,2.194190273287073,-23.795278289795803,10.630000114440918,4.548675537109375,-13.72018814086914,-1.3171399831771853,-11.7760009765625,514.225232853514,550.2116850127011,445.0465707027942,543.6917866215072,-2.1977315639237096
26.54829200899949,2.1291582569859924,-23.88026520215669,10.679999351501465,4.160870552062988,-13.857598304748535,-1.3191874027252195,-11.7439990234375,523.5393734123624,552.497883149873,446.3166807790008,544.8772226926334,-2.2109482723543143
26.558292008999487,2.062906592059267,-23.96446660812653,10.719999313354492,3.714220523834229,-14.310638427734377,-1.3247623443603516,-11.7439990234375,519.8983911939034,548.6028789161727,449.5342929720576,538.0186282811177,-2.2241898820528396
26.56829200899949,1.9955108639329973,-24.047724799224746,10.729999542236328,1.7748737335205078,-14.634746551513672,-1.3179028034210205,-11.711997070312501,498.3065198983912,550.973751058425,454.27603725656223,533.4462320067739,-2.2373465884300705
26.57829200899949,1.926566607613905,-24.130402494403366,10.760000228881836,0.5957674980163574,-15.178144454956056,-1.3013861179351809,-11.52,493.4801016088061,559.9491955969518,458.59441151566466,541.2362404741745,-2.2503992215270747
26.58829200899949,1.926566607613905,-24.130402494403366,10.760000228881836,2.6679935455322266,-13.972108840942385,-1.3080233335494995,-11.52,506.51989839119386,570.4487722269263,463.42082980524975,548.9415749364945,-2.2503992215270747
26.598292008999486,1.7983027499602249,-24.25782233641051,10.81999969482422,5.234086990356445,-12.512399673461914,-1.335252404212952,-11.167998046875,528.1964436917866,572.4809483488568,463.42082980524975,554.2760372565622,-2.2843308200329946
26.608292008999488,1.725860418733694,-24.338403773618094,10.84000015258789,5.914666652679444,-10.774320602416992,-1.3648785352706911,-10.847998046875,546.0626587637595,574.5977984758679,463.9288738357324,557.4936494496189,-2.297979917781607
26.61829200899949,1.6520559791807856,-24.41903548223968,10.920000076293944,6.502553939819336,-10.178386688232422,-1.3764487504959109,-10.847998046875,552.6672311600338,579.1701947502116,467.6545300592718,560.203217612193,-2.3117772092552573
26.628292008999487,1.5773885088062625,-24.49898370571539,10.969999313354492,5.867948532104492,-10.63279151916504,-1.3686838150024414,-10.1439990234375,547.5867908552075,586.7061812023709,468.9246401354784,568.1625740897545,-2.3254369498215115
26.638292008999485,1.5013341272581922,-24.57882090466418,11.029999732971191,6.636654853820801,-10.652256965637209,-1.35172700881958,-9.76,530.9906858594411,595.1735817104149,471.80355630821333,581.4563928873836,-2.3389477614819785
26.648292008999487,1.4236919168464108,-24.65840569817396,11.09999942779541,6.414678096771241,-12.118337631225586,-1.3272230625152588,-9.76,517.2734970364098,596.1049957662997,478.5774767146486,588.5690093141405,-2.3522481421324133
26.65829200899949,1.3448410454314863,-24.737164931167968,11.15999984741211,6.785759925842285,-13.455422401428224,-1.3085405826568604,-9.2160009765625,514.3945808636748,582.0491109229466,484.08128704487723,588.8230313293818,-2.3653107609115582
26.668292008999487,1.2643795300840863,-24.815363191706957,11.210000038146973,5.755362033843995,-14.55634880065918,-1.2930017709732058,-9.2160009765625,519.0516511430991,575.4445385266723,486.3674851820491,587.8069432684166,-2.378245082149294
26.678292008999485,1.2643795300840863,-24.815363191706957,11.239999771118164,5.322752952575684,-13.256510734558107,-1.2546771764755251,-9.0239990234375,528.7891617273497,584.1659610499577,498.64521591871295,572.8196443691786,-2.378245082149294
26.688292008999486,1.1189011294417384,-24.94294652299055,11.300000190734863,5.514968395233155,-12.642271041870115,-1.21832811832428,-8.831997070312498,538.0186282811177,578.2387806943268,511.6003386960203,567.4851820491109,-2.4038980386288404
26.698292008999488,1.035260833313492,-25.01842980576266,11.34999942779541,3.204470157623291,-13.483598709106444,-1.1837196350097656,-8.8,556.3928873835732,580.1016088060965,525.3175275190516,570.956816257409,-2.4157146215751073
26.708292008999486,0.9502526737794624,-25.093424887162403,11.380000114440918,4.232643127441406,-12.729288101196287,-1.1502071619033816,-8.8,569.7713801862828,586.3674851820491,537.1718882303132,574.0897544453852,-2.427219424532483
26.718292008999484,0.8638086547872844,-25.167859962317145,11.40999984741211,4.849324703216554,-13.08038330078125,-1.1212385892868044,-8.8,584.5046570702794,586.6215071972904,544.5385266723116,570.6181202370872,-2.438454254957735
26.728292008999485,0.7761543428514879,-25.24143677922652,11.449999809265137,5.783125877380371,-13.668507575988771,-1.090421438217163,-8.607998046874998,593.1414055884843,586.53683319221,550.2963590177815,571.549534292972,-2.4493558591735383
26.738292008999487,0.687381189021637,-25.31428433717011,11.519999504089355,5.286523818969727,-12.830160140991213,-1.0609804391860964,-8.607998046874998,599.7459779847586,591.7866215071973,547.2480948348857,578.9161727349704,-2.4599532585321118
26.748292008999485,0.5969509997768254,-25.38678032703684,11.559999465942385,6.209299087524414,-12.782630920410156,-1.0296257734298708,-8.16,595.8509737510584,597.2904318374259,541.5749364944961,579.8475867908552,-2.470272827228955
26.758292008999483,0.5056516253611094,-25.458372186682627,11.639999389648438,6.305741310119629,-12.300278663635256,-0.994678556919098,-7.903999023437501,596.4436917866215,599.5766299745977,531.6680779000847,584.0812870448772,-2.4801980226759657
26.768292008999484,0.4129804342233733,-25.529513376141484,11.6899995803833,5.882233619689941,-12.00306034088135,-0.9841067790985109,-7.903999023437501,606.350550381033,604.7417442845046,519.8983911939034,590.6011854360711,-2.490037907935077
26.778292008999486,0.319158934094854,-25.600117614127363,11.739999771118164,5.81236743927002,-11.5777006149292,-0.99675053358078,-7.616000976562499,611.346316680779,610.6689246401354,518.2049110922947,587.4682472480948,-2.5000051661212854
26.788292008999484,0.319158934094854,-25.600117614127363,11.789999961853027,6.245547294616699,-10.77266025543213,-1.017376780509949,-7.1039990234375,610.3302286198137,615.9187129551227,522.0999153259949,594.4961896697714,-2.5000051661212854
26.798292008999482,0.1522740471527682,-25.72264136178608,11.859999656677246,6.074857711791992,-10.535772323608398,-1.0204694271087646,-7.1039990234375,603.3869602032175,616.8501270110075,523.7933954276037,604.4030482641829,-2.5268415164623708
26.808292008999484,0.0553398228180993,-25.79122290857029,11.899999618530272,6.418119430541992,-10.664020538330078,-1.0159033536911013,-6.751997070312499,593.7341236240474,612.1083827265029,526.92633361558,608.7214225232854,-2.537002235782511
26.818292008999485,-0.0427976393867311,-25.85917104322808,11.960000038146973,6.528084754943848,-11.50084972381592,-1.0078018903732302,-6.6239990234375,587.5529212531752,608.9754445385266,530.1439458086368,609.5681625740897,-2.5470795242390114
26.828292008999483,-0.1421762527255446,-25.92635370971432,12.019999504089355,6.13796329498291,-12.55610752105713,-0.9925068616867064,-6.6239990234375,585.4360711261643,613.0397967823877,531.752751905165,606.0118543607113,-2.5570043467585197
26.83829200899948,-0.2428463899859982,-25.99287449105151,12.06999969482422,6.233007431030273,-12.46296501159668,-0.97614586353302,-6.5600000000000005,578.662150719729,613.2938187976291,539.0347163420829,606.5198983911939,-2.5667723125612714
26.848292008999483,-0.3445761322476302,-26.05849394152191,12.139999389648438,5.649504184722901,-12.780769348144531,-0.94662344455719,-6.496000976562499,571.9729043183743,614.5639288738357,539.2040643522438,606.4352243861134,-2.5762342498194233
26.858292008999484,-0.4475978579222618,-26.12328420211151,12.210000038146973,5.639935970306397,-13.266971588134766,-0.9142625927925112,-6.496000976562499,569.6867061812023,611.7696867061812,541.4902624894157,607.70533446232,-2.585379046800144
26.868292008999482,-0.5516934977873327,-26.187214926259216,12.25999927520752,4.080840110778809,-12.698557853698732,-0.8714621067047119,-6.496000976562499,577.1380186282811,619.1363251481795,547.502116850127,606.9432684165961,-2.5941048792851706
26.87829200899948,-0.6565866232113358,-26.25005063088001,12.31999969482422,4.585795402526856,-13.043807029724125,-0.8479492068290712,-6.4639990234375,583.9119390347163,617.0194750211684,549.2802709568163,607.7900084674005,-2.6025696050870994
26.888292008999482,-0.7632768776167588,-26.31235973458875,12.380000114440918,5.150554180145265,-13.177122116088867,-0.8159042596817017,-6.4639990234375,580.4403048264182,621.8458933107536,554.3607112616427,613.0397967823877,-2.6107626820813454
26.898292008999483,-0.7632768776167588,-26.31235973458875,12.4399995803833,4.4639601707458505,-12.83246612548828,-0.7886070013046265,-6.431997070312499,575.6985605419136,617.2734970364098,549.1955969517358,608.8907705334462,-2.6107626820813454
26.90829200899948,-0.9419013865579432,-26.42843457487572,12.460000038146973,3.1722068786621094,-11.985382080078123,-0.7582117915153505,-6.431997070312499,565.7070279424216,613.46316680779,551.4817950889077,609.4834885690093,-2.626922049826578
26.91829200899948,-1.0501904182264408,-26.48760366139581,12.479999542236328,1.7041740417480469,-12.063107490539553,-0.7321688532829286,-6.431997070312499,569.2633361558002,624.7248094834886,553.5139712108382,610.4149026248941,-2.6342535068857305
26.92829200899948,-1.0501904182264408,-26.48760366139581,12.489999771118164,1.7041740417480469,-12.063107490539553,-0.7321688532829286,-6.431997070312499,580.77900084674,622.8619813717189,564.0135478408129,627.1803556308213,-2.6342535068857305
26.938292008999483,-1.268923972410296,-26.60401530717514,12.550000190734863,5.4391493797302255,-9.860210418701172,-0.6827057003974916,-6.4,590.6011854360711,616.8501270110075,565.961049957663,619.3056731583404,-2.648126057602457
26.94829200899948,-1.3797118661192085,-26.661422313946915,12.59000015258789,4.841316223144531,-8.940919876098633,-0.6746320724487305,-6.4,593.9034716342082,620.0677392040643,565.3683319220999,612.3624047417443,-2.654876393013655
26.95829200899948,-1.491420840652767,-26.71785859364945,12.630000114440918,5.0608181953430185,-11.655071258544922,-0.6840298175811768,-6.336000976562499,587.3835732430143,620.0677392040643,569.4326841659611,615.4106689246402,-2.661712281359786
26.96829200899948,-1.6041493345690658,-26.773315123876145,12.65999984741211,3.7904133796691895,-12.933937072753906,-0.7010812163352967,-6.271997070312499,588.7383573243014,630.6519898391193,573.9204064352243,616.342082980525,-2.668726262702069
26.97829200899948,-1.6041493345690658,-26.773315123876145,12.710000038146973,4.370756149291992,-9.885347366333008,-0.7288969159126283,-6.271997070312499,594.1574936494496,625.402201524132,573.4123624047418,621.2531752751905,-2.668726262702069
26.98829200899948,-1.801164833241102,-26.88980715049577,12.75,4.424125671386719,-8.734657287597656,-0.7502347826957704,-5.9839990234375,596.9517358171041,626.4182895850973,568.1625740897545,621.16850127011,-2.68807355797262
26.998292008999478,-1.9153781224874096,-26.94353217519039,12.799999237060549,2.8627960681915288,-7.882133483886719,-0.7541248798370361,-5.8239990234375005,597.4597798475868,634.6316680779,573.5817104149025,627.0956816257409,-2.6956139005921833
27.00829200899948,-2.0303168470815245,-26.99661021968016,12.829999923706056,4.044306755065918,-8.505362510681154,-0.7423937320709229,-5.8239990234375005,591.5325994919559,634.8856900931414,576.4606265876375,626.5029635901778,-2.7030318128172772
27.01829200899948,-2.1461571226578906,-27.04899214282039,12.880000114440918,3.446674585342408,-9.459131240844728,-0.7295231819152832,-5.6000000000000005,583.4038950042337,630.397967823878,575.6138865368332,627.2650296359018,-2.7103329513630903
27.02829200899948,-2.2625492897804134,-27.10030581690416,12.920000076293944,2.331613540649414,-10.994547843933107,-0.7098251581192017,-5.2160009765625,581.7950889077053,633.7002540220152,575.3598645215918,632.1761219305673,-2.7174301807618284
27.038292008999477,-2.379478878334345,-27.15057364157871,12.9399995803833,1.303257942199707,-11.2932767868042,-0.6857610344886781,-5.2160009765625,585.012701100762,634.2082980524979,579.0008467400507,639.8814563928873,-2.724285822588731
27.04829200899948,-2.497228595667367,-27.200162649208625,12.969999313354492,2.3838257789611816,-9.871685028076172,-0.6605411767959595,-4.927998046875,589.3310753598645,631.8374259102455,577.1380186282811,639.5427603725656,-2.730898787351142
27.05829200899948,-2.615284987295696,-27.249187317981978,12.989999771118164,2.995543718338013,-7.499006271362305,-0.6516539454460145,-4.8319970703125,590.9398814563929,636.6638441998306,573.666384419983,626.5876375952582,-2.7374087952018207
27.068292008999478,-2.733705563923752,-27.29824173585469,13.00999927520752,1.92817771434784,-3.230231285095215,-0.6483464241027832,-4.8319970703125,598.0524978831498,635.7324301439457,574.0897544453852,629.7205757832345,-2.743896117705565
27.078292008999476,-2.733705563923752,-27.29824173585469,13.00999927520752,2.5394721031188965,-4.082335948944093,-0.6502937674522401,-4.8319970703125,591.7019475021168,635.3090601185436,572.311600338696,624.809483488569,-2.743896117705565
27.088292008999478,-2.9552701737621945,-27.40246438624388,13.039999961853027,1.0003416538238523,-7.810351371765137,-0.6401680707931519,-4.8960009765625,585.0973751058425,633.7849280270957,568.5012701100762,630.4826418289584,-2.753399400394829
27.09829200899948,-3.074384196820552,-27.449626091736075,13.029999732971191,-0.765108585357666,-9.281368255615234,-0.6182805299758911,-4.8960009765625,589.0770533446232,636.5791701947502,576.2066045723963,628.8738357324302,-2.7595835264842945
27.108292008999477,-3.1937605942163003,-27.495934827229963,13.029999732971191,-0.015322208404541,-8.823009490966797,-0.5939260721206665,-4.96,590.6011854360711,631.0753598645216,574.5977984758679,629.5512277730736,-2.765518958260105
27.118292008999475,-3.313680386067583,-27.54138944192063,13.029999732971191,-0.6126112937927246,-9.29073715209961,-0.5645256638526918,-5.0239990234375,590.4318374259102,629.8899237933954,578.5774767146486,628.1964436917866,-2.771173092679734
27.128292008999477,-3.4337150512797305,-27.585687058555948,13.0,-0.1572022438049316,-10.38784408569336,-0.5407857298851014,-5.0239990234375,589.415749364945,630.397967823878,580.3556308213379,629.2972057578323,-2.7765760453533685
27.13829200899948,-3.554312132698163,-27.629003886237093,13.0,0.6155352592468262,-10.872894287109377,-0.5368642210960389,-5.087998046875001,586.9602032176122,628.7044877222693,586.2828111769686,623.454699407282,-2.781943018465131
27.148292008999476,-3.675354977968665,-27.671544584587277,13.00999927520752,0.9025626182556152,-9.630678176879885,-0.5512757301330566,-5.12,575.952582557155,627.6037256562236,578.1541066892464,624.2167654530059,-2.7874557705090863
27.158292008999474,-3.796547631056807,-27.71344750400021,13.0,-0.34273362159729,-7.711681365966797,-0.5709344744682313,-5.12,573.7510584250634,627.3497036409822,571.549534292972,624.1320914479254,-2.793165790415844
27.168292008999476,-3.917638682261732,-27.75488792146978,12.989999771118164,-0.9602603912353516,-5.497818946838379,-0.5993025898933412,-5.1519970703125,566.1303979678239,628.281117696867,566.6384419983065,628.3657917019475,-2.799153523859121
27.178292008999478,-4.032394877089975,-27.791504992657917,12.979999542236328,-0.9438579082489014,-4.316694259643555,-0.6274233460426332,-5.2160009765625,550.973751058425,629.6359017781541,560.7959356477561,625.5715495342929,-2.8067115758497887
27.188292008999476,-4.032394877089975,-27.791504992657917,12.949999809265137,-1.613455057144165,-4.377557754516602,-0.6626612544059755,-5.2160009765625,537.1718882303132,630.9906858594411,557.4936494496189,631.2447078746825,-2.8067115758497887
27.198292008999474,-4.274922658514107,-27.87183426651307,12.9399995803833,-1.6859130859375,-7.427705764770508,-0.7059986591339111,-5.28,523.3700254022015,629.2972057578323,559.1024555461473,625.5715495342929,-2.8204139459875104
27.208292008999475,-4.395856938723127,-27.91056700003942,12.90999984741211,-2.1322145462036133,-8.47877311706543,-0.75447815656662,-5.3439990234375,508.8907705334462,627.3497036409822,560.0338696020322,627.4343776460627,-2.827940732196907
27.218292008999477,-4.517014050936137,-27.948503334562304,12.869999885559082,-2.5621371269226074,-8.806053161621094,-0.808356761932373,-5.3439990234375,495.1735817104149,625.4868755292125,563.1668077900084,624.1320914479254,-2.836020437561728
27.228292008999475,-4.638615359360934,-27.98550575312088,12.809999465942385,-2.8987374305725098,-10.146312713623049,-0.8564756512641908,-5.567998046875,479.5088907705334,623.5393734123624,560.2878916172734,627.7730736663844,-2.844611527668689
27.238292008999473,-4.759503262938965,-28.021351156292795,12.779999732971191,-3.1631209850311284,-9.864198684692385,-0.91240131855011,-5.6960009765625,467.9085520745131,623.8780694326841,558.2557154953429,623.7087214225232,-2.8537135612768334
27.248292008999474,-4.880946372401631,-28.056309294110875,12.739999771118164,-3.39380431175232,-10.533750534057615,-0.9743518233299256,-5.6960009765625,458.0016934801016,626.0795935647756,555.207451312447,627.9424216765452,-2.8634823913079113
27.258292008999476,-5.001681035325,-28.090067801048704,12.6899995803833,-3.6694576740264897,-10.276221275329592,-1.0171420574188232,-6.111997070312499,451.82049110922947,627.2650296359018,549.0262489415749,625.2328535139712,-2.873629066614342
27.268292008999474,-5.122599729207654,-28.12283847252479,12.670000076293944,-3.847845792770386,-10.341969490051271,-1.0416312217712402,-6.271997070312499,447.41744284504654,625.5715495342929,543.7764606265877,623.9627434377646,-2.8840456172425206
27.278292008999472,-5.243338421634651,-28.154590904743277,12.639999389648438,-4.006978511810304,-9.814802169799805,-1.0529009103775029,-6.271997070312499,435.7324301439458,621.4225232853514,535.9017781541066,610.4149026248941,-2.8945726080559377
27.288292008999473,-5.3638613175012,-28.185407159621523,12.579999923706056,-4.627985954284668,-8.868648529052734,-1.0380994081497197,-6.4639990234375,428.3657917019475,621.3378492802709,533.1922099915325,619.4750211685013,-2.904956067259206
27.298292008999475,-5.484271366401753,-28.21518665577555,12.550000190734863,-4.707409858703613,-9.266698837280272,-1.0081095695495603,-6.687998046874999,418.03556308213376,618.8823031329382,525.9949195596952,612.0237087214225,-2.9150494112952283
27.308292008999473,-5.604392630237822,-28.243655978129425,12.469999313354492,-5.147355079650879,-11.058337211608888,-0.995137095451355,-6.687998046874999,432.93818797629126,615.0719729043184,524.7248094834886,609.6528365791702,-2.9250097886079227
27.31829200899947,-5.604392630237822,-28.243655978129425,12.429999351501465,-4.940012454986573,-10.840456008911133,-0.9797210097312928,-6.72,439.2887383573243,611.1769686706181,525.1481795088907,607.5359864521591,-2.9250097886079227
27.328292008999473,-5.848826870673133,-28.30631437227614,12.389999389648438,-5.2860517501831055,-10.744078636169435,-0.966147005558014,-6.751997070312499,439.5427603725656,598.2218458933107,537.4259102455546,590.9398814563929,-2.9353939714010595
27.338292008999474,-5.96772723592394,-28.33164763110166,12.34999942779541,-6.708463668823242,-11.28433609008789,-0.9383642673492432,-6.72,425.74089754445384,593.8187976291279,543.4377646062659,587.2988992379339,-2.9447630630997184
27.348292008999472,-6.086683850804649,-28.35583965333995,12.25999927520752,-5.684602737426758,-11.033662796020508,-0.9015495777130128,-6.72,411.93903471634206,594.6655376799322,544.1998306519898,585.6900931414056,-2.953790587264483
27.35829200899947,-6.205073177844525,-28.3785167108876,12.199999809265137,-5.440285682678223,-12.793623924255373,-0.8888433575630189,-6.656000976562499,414.3099068585944,586.6215071972904,544.8772226926334,589.5850973751058,-2.9626682046081543
27.36829200899947,-6.323319105740118,-28.399921754595447,12.149999618530272,-4.550614356994629,-12.453267097473146,-0.8868264555931092,-6.496000976562499,421.76121930567314,585.6054191363252,543.3530906011854,587.3835732430143,-2.971528849014125
27.378292008999473,-6.323319105740118,-28.399921754595447,12.079999923706056,-4.659797668457031,-11.367149353027344,-0.8864374160766602,-6.496000976562499,426.6723116003387,582.8111769686706,544.5385266723116,585.3513971210838,-2.971528849014125
27.38829200899947,-6.567112039075651,-28.4364040644673,12.039999961853027,-4.4460954666137695,-10.274323463439943,-0.8831631541252137,-6.367998046874999,411.1769686706181,577.7307366638441,539.2040643522438,581.9644369178662,-2.9902952013477204
27.39829200899947,-6.684684478834972,-28.45459387816277,12.0,-4.990944862365723,-9.190320014953617,-0.8671671748161317,-6.207998046874999,403.2176121930567,576.7146486028789,535.6477561388654,582.4724809483488,-2.998969345811119
27.40829200899947,-6.801732649606804,-28.471814158653128,11.949999809265137,-5.278900623321534,-8.77491569519043,-0.8418921232223511,-5.8239990234375005,398.47586790855206,577.8154106689246,534.3776460626588,577.6460626587638,-3.007382438055444
27.418292008999472,-6.918587958597481,-28.48799579599689,11.899999618530272,-5.268914699554444,-9.408723831176758,-0.812908709049225,-5.6000000000000005,406.0965283657917,573.4123624047418,531.5834038950043,574.5977984758679,-3.015519463707548
27.42829200899947,-7.034933706099202,-28.503189988943788,11.880000114440918,-5.486475944519043,-9.076348304748535,-0.7917957901954652,-5.6000000000000005,408.72142252328536,565.7070279424216,528.1964436917866,569.0939881456393,-3.0234404345195856
27.43829200899947,-7.150621925070228,-28.517445882205788,11.809999465942385,-5.796433448791504,-8.565135002136232,-0.7707632184028627,-5.247998046875,416.08806096528366,559.4411515664691,530.9060118543607,561.0499576629975,-3.0311397899608323
27.44829200899947,-7.266109284828241,-28.530926637778258,11.75,-5.859870910644531,-7.770694732666016,-0.7572468519210815,-5.1839990234375,414.64860287891617,558.5944115156647,517.2734970364098,560.4572396274343,-3.0387239864700746
27.45829200899947,-7.380857241542081,-28.5434368369233,11.699999809265137,-6.198151588439941,-8.411405563354492,-0.743933916091919,-5.1839990234375,408.12870448772225,556.6469093988145,512.4470787468247,560.0338696020322,-3.0461620769626165
27.46829200899947,-7.49497147027823,-28.55486002164991,11.630000114440918,-7.032041549682617,-9.63404655456543,-0.7436882853507997,-5.087998046875001,408.97544453852663,554.8687552921253,509.3141405588484,553.4292972057578,-3.0535984207964475
27.478292008999468,-7.608533997025017,-28.565240277784422,11.550000190734863,-7.0642361640930185,-9.882997512817385,-0.7503352761268617,-5.087998046875001,410.9229466553768,553.0906011854361,503.5563082133785,548.0101608806096,-3.0611057020671097
27.48829200899947,-7.721235581756504,-28.574620564060474,11.4399995803833,-7.375221252441406,-9.492805480957031,-0.7502787113189697,-5.087998046875001,418.458933107536,552.6672311600338,502.45554614733277,543.0990685859441,-3.068600074647023
27.49829200899947,-7.721235581756504,-28.574620564060474,11.34999942779541,-8.096476554870607,-10.171637535095217,-0.7518006563186646,-5.3119970703125,429.72057578323455,551.0584250635055,498.47586790855206,549.2802709568163,-3.068600074647023
27.50829200899947,-7.721235581756504,-28.574620564060474,11.279999732971191,-7.831394195556641,-10.528470993041992,-0.748155176639557,-5.407998046875,436.66384419983063,546.6553767993225,488.99237933954277,551.3971210838272,-3.068600074647023
27.518292008999467,-8.063271491429715,-28.595485296189416,11.210000038146973,-6.802912712097168,-10.566617012023928,-0.7464182972908021,-5.407998046875,429.6359017781541,544.4538526672311,484.9280270956816,549.5342929720575,-3.094185958764232
27.52829200899947,-8.173473755015783,-28.60026741206219,11.149999618530272,-7.037433624267578,-11.098501205444336,-0.7587513327598573,-5.6960009765625,415.49534292972055,544.4538526672311,482.2184589331075,547.502116850127,-3.101772379453326
27.53829200899947,-8.283314304920545,-28.603947791898857,11.079999923706056,-6.114667892456055,-11.07578468322754,-0.776496410369873,-5.887998046874999,403.64098221845893,541.5749364944961,471.8882303132938,543.0990685859441,-3.109547703497345
27.548292008999468,-8.392366838911387,-28.606618714593957,11.019999504089355,-5.976290225982667,-10.370241165161133,-0.7902827858924867,-5.887998046874999,391.3632514817951,538.7806943268416,460.2878916172735,537.5952582557155,-3.117444494440381
27.558292008999466,-8.50081182247105,-28.608296268885617,10.969999313354492,-6.118983745574952,-10.100496292114258,-0.8030503392219545,-6.24,390.6011854360711,534.9703640982218,450.71972904318375,533.8696020321761,-3.125467906075645
27.568292008999467,-8.608826274582489,-28.609153542397948,10.90999984741211,-6.383897304534913,-8.82547378540039,-0.8067837357521058,-6.367998046874999,390.26248941574937,531.3293818797629,441.6596104995766,536.6638441998306,-3.1335441992372814
27.57829200899947,-8.608826274582489,-28.609153542397948,10.84999942779541,-5.544025897979737,-8.505120277404787,-0.8141677975654603,-6.367998046874999,377.81541066892464,526.2489415749365,436.32514817950886,528.8738357324302,-3.1335441992372814
27.588292008999467,-8.832954752772704,-28.60772688380544,10.800000190734863,-5.782990455627441,-8.170613288879396,-0.829889178276062,-6.847998046874999,374.93649449618965,524.5554614733277,429.4665537679932,525.4022015241321,-3.1502864680673155
27.598292008999465,-8.939275738035583,-28.606214119015853,10.75,-5.931237697601319,-7.782520771026612,-0.8496040105819702,-7.1039990234375,381.62574089754446,520.9144792548688,422.6079593564775,520.2370872142252,-3.158779056527203
27.608292008999467,-9.04498040971387,-28.603949977145003,10.6899995803833,-6.2737698554992685,-7.925744533538819,-0.8820738196372987,-7.1039990234375,389.66977138018626,518.0355630821338,425.6562235393734,518.289585097375,-3.1675995760086777
27.618292008999468,-9.149889221819077,-28.60072215463902,10.630000114440918,-7.408506393432617,-9.459461212158203,-0.91514790058136,-7.456000976562499,392.2099915325995,512.1930567315834,436.4098221845893,516.0033869602032,-3.176753228169582
27.628292008999466,-9.253957876577523,-28.596492146269878,10.539999961853027,-7.532816886901855,-10.3584680557251,-0.9588185548782348,-8.0319970703125,393.3107535986452,512.7857747671464,443.268416596105,516.1727349703641,-3.1863395757730983
27.638292008999464,-9.357438394398612,-28.59121931951985,10.469999313354492,-6.800688266754151,-10.766151428222656,-0.9841725826263428,-8.0319970703125,397.37510584250634,516.5114309906859,441.91363251481795,515.8340389500423,-3.196189270144538
27.648292008999466,-9.460038628801057,-28.58488407152759,10.40999984741211,-7.09880256652832,-11.17739486694336,-1.0094624757766726,-8.287998046875,400.1693480101609,514.225232853514,438.4419983065199,516.8501270110075,-3.2062826819022745
27.658292008999467,-9.561951243090666,-28.5774452883918,10.359999656677246,-6.526930809020996,-11.43413829803467,-1.0165005922317507,-8.767998046874999,398.1371718882303,515.8340389500423,431.922099915326,513.5478408128704,-3.21644743577786
27.668292008999465,-9.663080814961011,-28.569022596728622,10.289999961853027,-6.71515703201294,-10.761804580688477,-1.0155135393142702,-8.767998046874999,385.01270110076206,514.055884843353,419.30567315834037,508.97544453852663,-3.2265996560787698
27.678292008999463,-9.76390229443996,-28.55965562279537,10.239999771118164,-5.664481163024902,-9.960748672485352,-1.0051177740097048,-8.96,369.51735817104145,505.58848433530903,407.45131244707875,508.3827265029636,-3.2366767052184797
27.688292008999465,-9.76390229443996,-28.55965562279537,10.179999351501465,-5.782313346862793,-10.121793746948242,-0.98763245344162,-8.927998046874999,366.72311600338696,505.0804403048264,401.0160880609653,504.40304826418287,-3.2366767052184797
27.698292008999466,-9.877017094398154,-28.54099285183288,10.139999389648438,-4.978725433349609,-9.49815845489502,-0.9764677286148072,-8.927998046874999,371.2108382726503,508.3827265029636,405.3344623200677,505.7578323454699,-3.241644007795729
27.708292008999464,-10.07568305150662,-28.51778789626777,10.09999942779541,-4.043891906738281,-9.077978134155272,-0.974423348903656,-8.8639990234375,366.89246401354785,502.87891617273493,415.91871295512277,498.1371718882303,-3.2611368323110823
27.718292008999462,-10.17442195574976,-28.504936212567408,10.09000015258789,-4.211242198944093,-8.81004524230957,-0.9741348028182985,-8.8639990234375,351.56646909398813,497.71380186282806,419.3903471634208,494.49618966977135,-3.2708860676116003
27.728292008999464,-10.272434227378724,-28.491310078417666,10.050000190734863,-3.912690401077271,-8.74984645843506,-0.9810322523117064,-8.8639990234375,342.3370025402201,496.2743437764606,422.86198137171885,492.88738357324297,-3.2806800080367693
27.738292008999466,-10.370223745282235,-28.476759971620854,10.010000228881836,-3.8031165599823,-9.317721366882326,-0.9939348697662354,-8.927998046874999,332.0914479254869,493.05673158340386,428.95850973751055,490.93988145639287,-3.2906311958824985
27.748292008999464,-10.4673680098288,-28.461426257216484,9.979999542236328,-3.437780141830445,-9.040515899658203,-1.011827111244202,-8.96,333.27688399661304,494.07281964436913,430.82133784928027,490.68585944115154,-3.300741255240412
27.75829200899946,-10.564086188058871,-28.4452423736122,9.960000038146973,-3.4937849044799805,-9.213013648986818,-1.0324699878692627,-8.96,346.0626587637595,496.1896697713802,425.14817950889073,490.26248941574937,-3.3110644683125385
27.768292008999463,-10.66049633673106,-28.428071916528737,9.929999351501465,-2.513514518737793,-10.01239776611328,-1.0489629507064822,-8.991997070312499,347.24809483488565,501.1007620660457,421.08382726502964,501.5241320914479,-3.3215595898455503
27.778292008999465,-10.756330152382477,-28.41003224264561,9.90999984741211,-2.932716608047486,-9.807040214538576,-1.059582829475403,-9.087998046874999,343.4377646062659,498.22184589331073,418.03556308213376,495.1735817104149,-3.332150355550682
27.788292008999463,-10.756330152382477,-28.41003224264561,9.880000114440918,-3.981256723403931,-11.14669704437256,-1.0815579891204834,-9.087998046874999,343.35309060118544,499.237933954276,419.47502116850126,492.4640135478408,-3.332150355550682
27.79829200899946,-10.948991132346892,-28.36667246231193,9.84000015258789,-2.9004440307617188,-12.45231342315674,-1.097114324569702,-9.247998046874999,337.0025402201524,497.121083827265,419.7290431837426,495.34292972057574,-3.356252479224481
27.808292008999462,-11.043088116440682,-28.34494314812714,9.800000190734863,-3.0967941284179688,-13.43393325805664,-1.121429443359375,-9.311997070312499,328.61981371718883,497.03640982218457,418.88230313293815,497.6291278577477,-3.367464891375989
27.818292008999464,-11.136734970133489,-28.32208177529111,9.779999732971191,-2.431215286254883,-12.686284065246584,-1.148395895957947,-9.311997070312499,325.3175275190516,498.5605419136325,409.22946655376796,494.1574936494496,-3.378949934579283
27.828292008999462,-11.229951901473392,-28.298307925961943,9.789999961853027,-1.926659107208252,-10.89453125,-1.1592656373977663,-9.567998046875,320.8298052497883,499.15325994919556,400.08467400508044,496.10499576629974,-3.390539263212049
27.83829200899946,-11.322911149850295,-28.273610430296777,9.779999732971191,-1.436790943145752,-10.026756286621094,-1.1601386070251465,-9.727998046875,315.32599491955966,498.98391193903467,392.71803556308214,497.37510584250634,-3.402148936176304
27.84829200899946,-11.415492180380364,-28.24796192011853,9.769999504089355,-1.3454346656799316,-10.104015350341797,-1.1588547229766846,-9.727998046875,320.8298052497883,495.76629974597796,388.73835732430143,493.64944961896697,-3.41374686629925
27.858292008999463,-11.507467174235506,-28.22142859527359,9.779999732971191,-1.845283031463623,-10.193538665771484,-1.1664984226226809,-10.207998046875,316.08806096528366,497.54445385266723,395.8509737510584,496.5283657917019,-3.425404608413573
27.86829200899946,-11.507467174235506,-28.22142859527359,9.739999771118164,-1.8617010116577148,-11.627799034118654,-1.1854728460311892,-10.4319970703125,312.27773073666384,497.121083827265,403.8103302286198,495.004233700254,-3.425404608413573
27.87829200899946,-11.693798044155889,-28.161153971533967,9.729999542236328,-1.6474018096923828,-12.661096572875977,-1.2190965414047243,-10.4319970703125,320.575783234547,498.05249788314984,418.458933107536,491.7019475021168,-3.44776206815939
27.88829200899946,-11.784521014844245,-28.130982883317447,9.710000038146973,-0.8908214569091797,-13.54967212677002,-1.2651768922805788,-10.88,317.1888230313294,500.59271803556305,419.8983911939035,497.37510584250634,-3.4604258906836076
27.898292008999462,-11.874594820921194,-28.099683048654114,9.719999313354492,-0.2862439155578613,-13.298768997192385,-1.3052537441253662,-11.1039990234375,314.9026248941575,501.43945808636744,415.66469093988144,495.93564775613885,-3.4734547647245204
27.90829200899946,-11.964404402534836,-28.06733312462886,9.739999771118164,-0.8854923248291016,-11.842776298522953,-1.3387069702148438,-11.1039990234375,319.8983911939035,502.9635901778154,409.8221845893311,496.9517358171041,-3.486846928421583
27.918292008999458,-12.05379003971948,-28.03393751560059,9.729999542236328,-0.9358773231506348,-11.612377166748049,-1.3631795644760134,-11.263999023437501,318.6282811176969,505.58848433530903,407.3666384419983,501.7781541066892,-3.500491061344773
27.92829200899946,-12.14249888950468,-27.999545425561237,9.710000038146973,-1.3478889465332031,-11.879827499389648,-1.3943129777908327,-11.4560009765625,315.7493649449619,506.350550381033,405.6731583403895,501.18543607112616,-3.514427861653216
27.93829200899946,-12.230791260821157,-27.96417000724449,9.699999809265137,-0.2512464523315429,-11.204546928405763,-1.412959098815918,-11.4560009765625,313.46316680779,508.29805249788313,406.0965283657917,500.5080440304826,-3.5285419428841163
27.94829200899946,-12.318695313360934,-27.927748474575807,9.710000038146973,-1.1749835014343262,-11.28040885925293,-1.428450107574463,-11.6160009765625,317.10414902624893,508.6367485182049,401.2701100762066,502.5402201524132,-3.5428403936679427
27.958292008999457,-12.4057826217311,-27.890349926072552,9.719999313354492,-1.57098388671875,-11.965846061706545,-1.4408683776855469,-11.68,333.95427603725653,510.07620660457235,401.69348010160877,501.5241320914479,-3.5572336048629984
27.96829200899946,-12.492237583286052,-27.851826319991464,9.699999809265137,-2.108707904815674,-12.554588317871094,-1.4375072717666628,-11.68,346.8247248094835,508.0440304826418,405.41913632514814,499.8306519898391,-3.571610377513734
27.97829200899946,-12.57800798164868,-27.81213991271382,9.699999809265137,-2.6504220962524414,-13.017096519470217,-1.418753504753113,-11.7439990234375,364.52159187129547,502.70956816257404,402.2861981371719,501.35478408128705,-3.585822930063385
27.98829200899946,-12.57800798164868,-27.81213991271382,9.699999809265137,-1.7506799697875977,-13.48843288421631,-1.3836538791656494,-11.84,374.428450465707,503.0482641828958,402.116850127011,496.9517358171041,-3.585822930063385
27.998292008999456,-12.743867948249218,-27.714896644531432,9.710000038146973,-1.311765193939209,-12.215059280395508,-1.3494794368743896,-11.84,373.49703640982216,501.43945808636744,402.20152413209144,492.2099915325995,-3.6092948146320114
28.008292008999458,-12.82778342038611,-27.67185383600096,9.699999809265137,-0.7139439582824707,-11.274370193481444,-1.3219945430755615,-11.967998046875,362.15071972904315,498.8992379339543,397.88314987298895,493.05673158340386,-3.6225317676105138
28.01829200899946,-12.910876830100428,-27.62798936205636,9.719999313354492,-0.6544022560119629,-10.98196029663086,-1.2950327396392822,-11.967998046875,356.05419136325145,504.995766299746,405.16511430990687,486.1134631668078,-3.635459234426452
28.028292008999458,-12.993337250246729,-27.58282804715693,9.719999313354492,-0.8729157447814941,-13.184194564819336,-1.27726149559021,-11.967998046875,357.91701947502116,501.0160880609653,409.0601185436071,484.6740050804403,-3.648230619109955
28.038292008999456,-12.993337250246729,-27.58282804715693,9.719999313354492,-0.8729157447814941,-13.184194564819336,-1.27726149559021,-11.967998046875,348.43353090601187,497.20575783234545,414.98729889923794,486.1134631668078,-3.648230619109955
28.048292008999457,-13.156578180347866,-27.488732323530314,9.719999313354492,0.212066650390625,-13.366438865661625,-1.2399158477783203,-11.84,338.61134631668074,505.5038103302286,419.1363251481795,485.52074513124467,-3.6732541680286093
28.05829200899946,-13.236916179173086,-27.43990090768116,9.729999542236328,0.5414271354675293,-14.556177139282228,-1.2417711019515991,-11.84,336.4098221845893,511.2616426756985,412.701100762066,488.1456392887383,-3.685651438975856
28.068292008999457,-13.316673981862891,-27.38980889402926,9.739999771118164,0.9166555404663086,-14.136295318603516,-1.2536566257476809,-11.7760009765625,325.3175275190516,514.9026248941575,415.8340389500423,490.34716342082976,-3.6981736463160244
28.078292008999455,-13.396404737520152,-27.33833350204896,9.760000228881836,2.2366719245910645,-12.700546264648438,-1.2735092639923096,-11.52,300.1693480101609,519.7290431837425,412.44707874682473,496.1896697713802,-3.7109503238836967
28.088292008999456,-13.475530654363403,-27.285936587604887,9.800000190734863,2.8540267944335938,-11.731056213378906,-1.2997263669967654,-11.52,290.93988145639287,519.7290431837425,410.0762066045724,496.9517358171041,-3.723944786248285
28.098292008999458,-13.475530654363403,-27.285936587604887,9.859999656677246,2.0486702919006348,-12.282209396362305,-1.3305190801620486,-11.2319970703125,286.53683319221,521.930567315834,412.95512277730734,499.8306519898391,-3.723944786248285
28.108292008999456,-13.475530654363403,-27.285936587604887,9.889999389648438,1.7928977012634275,-11.432273864746094,-1.3615077733993532,-11.167998046875,293.05673158340386,531.752751905165,414.81795088907705,502.9635901778154,-3.723944786248285
28.118292008999454,-13.715882405342624,-27.104710329274567,9.899999618530272,2.0604324340820312,-10.283017158508304,-1.4037654399871826,-11.167998046875,298.8992379339543,539.7121083827265,413.8018628281118,505.41913632514814,-3.771485814190594
28.128292008999455,-13.793187637220193,-27.04779829552105,9.880000114440918,1.967672348022461,-10.755523681640623,-1.4547264575958252,-11.0719970703125,301.7781541066892,538.3573243014395,413.1244707874682,506.9432684165961,-3.7860556090911746
28.138292008999457,-13.869729034936393,-26.98999692055549,9.90999984741211,1.876856803894043,-11.6577844619751,-1.5012691020965576,-11.040000000000001,316.59610499576627,535.1397121083827,410.66892464013546,506.51989839119386,-3.80105074720306
28.148292008999455,-13.945761606770215,-26.931346951573737,9.949999809265137,0.8383617401123047,-10.643545150756836,-1.5315370559692385,-11.040000000000001,319.47502116850126,542.9297205757832,407.95935647756136,509.9068585944115,-3.8163613562473233
28.158292008999453,-14.021381332508623,-26.871937761988463,9.949999809265137,0.8484430313110352,-9.34761142730713,-1.550947189331055,-11.1039990234375,321.1685012701101,547.3327688399661,405.3344623200677,509.3141405588484,-3.831875990194401
28.168292008999455,-14.096661032252928,-26.81180373367013,9.989999771118164,1.2227914333343506,-8.403635025024414,-1.5698865652084353,-11.2319970703125,324.13209144792546,551.2277730736664,397.2904318374259,508.8907705334462,-3.847588689609477
28.178292008999456,-14.171348908044394,-26.75102732739956,9.989999771118164,1.438706636428833,-8.657776832580568,-1.5834314823150637,-11.2319970703125,316.1727349703641,550.5503810330229,396.4436917866215,511.2616426756985,-3.8634052459160944
28.188292008999454,-14.245396075447903,-26.68929493343951,10.0,0.871612548828125,-10.704316139221191,-1.61147677898407,-11.36,324.5554614733277,545.6392887383573,417.61219305673154,509.9068585944115,-3.8795169246896637
28.198292008999452,-14.245396075447903,-26.68929493343951,10.010000228881836,-0.5035948753356934,-15.009960174560549,-1.6406397819519043,-11.4560009765625,348.264182895851,540.8128704487722,415.2413209144792,511.7696867061812,-3.8795169246896637
28.208292008999454,-14.245396075447903,-26.68929493343951,9.989999771118164,0.2217550277709961,-20.277687072753903,-1.6755592823028564,-11.4560009765625,361.04995766299743,538.3573243014395,420.9991532599492,511.34631668077895,-3.8795169246896637
28.218292008999455,-14.456562070064464,-26.49315454342182,9.979999542236328,0.5285024642944336,-19.6468505859375,-1.7006525993347168,-11.52,377.64606265876375,529.805249788315,423.1160033869602,513.8018628281118,-3.9250612614010656
28.228292008999453,-14.525519066196347,-26.42593281300243,10.010000228881836,0.4881467819213867,-18.214881896972656,-1.701486110687256,-11.5839990234375,382.47248094834885,527.8577476714648,423.87806943268413,513.1244707874682,-3.942070832624591
28.23829200899945,-14.59336888117935,-26.357590519631373,10.0,0.1482467651367187,-16.44252967834473,-1.6800276041030886,-11.5839990234375,383.8272650296359,536.155800169348,424.72480948348857,514.3945808636748,-3.9588718937432184
28.248292008999453,-14.660274617618828,-26.288218008033823,9.989999771118164,0.2620844841003418,-14.624189376831056,-1.656865119934082,-11.5519970703125,390.26248941574937,522.9466553767993,433.27688399661304,512.6164267569856,-3.9754535650465748
28.258292008999454,-14.725933457333731,-26.21813592679216,9.989999771118164,-0.8502764701843262,-13.989643096923828,-1.6252793073654177,-11.5519970703125,404.40304826418287,519.9830651989839,436.4098221845893,521.0838272650296,-3.991689680258684
28.268292008999452,-14.790073569957205,-26.14664301279068,9.979999542236328,-0.4392604827880859,-18.334739685058597,-1.5982706546783447,-11.5519970703125,425.14817950889073,525.5715495342929,423.1160033869602,512.6164267569856,-4.00767008521866
28.27829200899945,-14.853157333940812,-26.073839103319223,9.979999542236328,0.5804882049560547,-17.15224838256836,-1.6009227037429812,-11.4560009765625,451.22777307366636,522.3539373412362,428.78916172734966,513.2938187976291,-4.023711358924668
28.288292008999452,-14.914819233876653,-26.00025464798076,9.979999542236328,0.4219536781311035,-16.380323410034183,-1.6131670475006104,-11.327998046875,479.6782387806943,525.5715495342929,429.2125317527519,514.9026248941575,-4.039819168257605
28.298292008999454,-14.914819233876653,-26.00025464798076,10.0,0.269597053527832,-13.890557289123535,-1.6232887506484988,-11.327998046875,508.80609652836574,528.0270956816257,426.7569856054191,516.6807790008468,-4.039819168257605
28.30829200899945,-14.914819233876653,-26.00025464798076,10.019999504089355,1.1888303756713867,-11.993602752685549,-1.6416850090026855,-11.1039990234375,529.805249788315,529.1278577476714,428.1964436917866,516.2574089754445,-4.039819168257605
28.31829200899945,-15.100066032789954,-25.752626097467974,10.019999504089355,1.0028581619262695,-9.614057540893556,-1.6558496952056885,-11.040000000000001,532.8535139712108,529.5512277730736,432.5994919559695,516.0033869602032,-4.084840066509418
28.32829200899945,-15.15912542691271,-25.67581894014048,10.0,0.8782291412353516,-8.954747200012209,-1.6541703939437868,-11.040000000000001,534.038950042337,532.0067739204064,434.4623200677392,516.0033869602032,-4.1013880648327365
28.338292008999453,-15.21757577198556,-25.59849502264196,10.0,0.5089914798736572,-8.267092704772951,-1.65006959438324,-10.88,533.8696020321761,529.5512277730736,439.2887383573243,515.4953429297206,-4.1179009406649705
28.34829200899945,-15.27523560219741,-25.520696491074496,9.989999771118164,0.7232470512390137,-8.805624008178711,-1.6445064544677734,-10.7839990234375,523.0313293818797,532.1761219305673,438.7806943268416,516.4267569856054,-4.134334619180538
28.35829200899945,-15.33216366511274,-25.442154458256017,10.0,0.8946900367736816,-9.74831771850586,-1.639857888221741,-10.5919970703125,519.22099915326,532.8535139712108,439.5427603725656,515.3259949195597,-4.150742174793368
28.36829200899945,-15.388120602746913,-25.36292219531133,9.989999771118164,1.2928900718688965,-11.152288436889648,-1.642062425613403,-10.5919970703125,522.6079593564775,531.6680779000847,436.49449618966975,513.8865368331922,-4.1671573024149104
28.378292008999452,-15.442721218918033,-25.28227080100781,9.989999771118164,3.625311374664306,-16.237186431884766,-1.6242851018905642,-10.527998046875,455.0381033022862,529.043183742591,431.24470787468243,513.7171888230313,-4.183400137943426
28.38829200899945,-15.442721218918033,-25.28227080100781,9.989999771118164,3.625311374664306,-16.237186431884766,-1.6242851018905642,-10.4960009765625,443.43776460626583,526.4182895850973,430.7366638441998,514.3945808636748,-4.183400137943426
28.398292008999448,-15.49502020235025,-25.20004492300645,9.969999313354492,-1.1679649353027344,-25.22754669189453,-1.4802775382995603,-10.4319970703125,436.32514817950886,510.1608806096528,430.6519898391194,507.79000846740047,-4.198994286595127
28.40829200899945,-15.579588811494531,-25.011327694482347,9.929999351501465,-5.205870628356934,-22.78837203979492,-1.3794307708740234,-10.4,429.4665537679932,514.817950889077,424.13209144792546,498.1371718882303,-4.2291566643175935
28.41829200899945,-15.62467314155178,-24.926871590815576,9.859999656677246,-5.513020992279054,-20.23391914367676,-1.2493009567260742,-10.367998046875,424.72480948348857,504.233700254022,420.2370872142252,496.8670618120237,-4.241651449109946
28.42829200899945,-15.66798756410685,-24.8419931834029,9.809999465942385,-4.396612167358398,-18.029830932617188,-1.1675269603729248,-10.207998046875,420.2370872142252,502.116850127011,416.6807790008467,493.5647756138865,-4.253323367257843
28.438292008999447,-15.709627576468698,-24.75663155515833,9.75,-3.837552070617676,-17.083518981933594,-1.1088781356811523,-10.1119970703125,417.78154106689243,500.2540220152413,409.6528365791702,489.83911939034715,-4.264414781811063
28.44829200899945,-15.749180055851316,-24.67075673276201,9.699999809265137,-3.770033836364746,-19.288494110107425,-1.0374921560287478,-10.1119970703125,419.64436917866215,495.93564775613885,414.5639288738357,485.2667231160034,-4.274785241043753
28.45829200899945,-15.787097620242902,-24.584114569954856,9.679999351501465,-2.2914280891418457,-18.008737564086918,-0.9697222113609316,-9.887998046875,430.99068585944116,496.4436917866215,413.0397967823878,492.2099915325995,-4.284494938698125
28.46829200899945,-15.823870293008582,-24.496968690854008,9.6899995803833,-0.6376824378967285,-14.108654022216797,-0.9349933266639712,-9.76,454.1913632514818,504.0643522438611,430.82133784928027,499.15325994919556,-4.29385355691941
28.478292008999446,-15.823870293008582,-24.496968690854008,9.710000038146973,2.0721552371978764,-8.729755401611328,-0.8962501287460327,-9.76,476.6299745977985,511.7696867061812,436.4098221845893,513.1244707874682,-4.29385355691941
28.488292008999448,-15.912768213371024,-24.321106378033907,9.779999732971191,4.194159030914308,-7.40314817428589,-0.8867614269256592,-9.5039990234375,491.10922946655376,534.3776460626588,436.2404741744284,521.16850127011,-4.319673849655732
28.49829200899945,-15.948234251723187,-24.23213268971624,9.809999465942385,4.076305866241456,-6.288247585296632,-0.9205593466758728,-9.407998046874999,501.0160880609653,561.55800169348,436.49449618966975,541.9983065198984,-4.328882507041673
28.508292008999447,-15.982771829475649,-24.14241263854692,9.84000015258789,4.799539566040039,-10.12187385559082,-0.98675674200058,-9.407998046874999,504.8264182895851,602.2015241320914,438.0186282811177,555.9695173581711,-4.338735949382812
28.518292008999445,-16.016826482676763,-24.051017013612583,9.929999351501465,8.413925170898438,-10.867961883544922,-1.0636547803878786,-9.151997070312499,493.98814563928875,630.2286198137172,435.4784081287045,514.3945808636748,-4.349396578573721
28.528292008999447,-16.050090836906573,-23.958647210411492,10.029999732971191,8.36631488800049,-11.348965644836428,-1.145554780960083,-8.48,480.18628281117697,624.9788314987298,441.6596104995766,513.7171888230313,-4.360854027309262
28.53829200899945,-16.08279040168805,-23.86558526969299,10.109999656677246,7.282824039459229,-9.182269096374512,-1.188788890838623,-8.48,469.6020321761219,571.6342082980525,440.81287044877223,527.4343776460627,-4.372717529955668
28.548292008999447,-16.11466587912255,-23.770997054822946,10.219999313354492,8.43672275543213,-11.692898750305178,-1.2039453983306885,-7.616000976562499,464.9449618966977,507.5359864521592,449.44961896697714,533.4462320067739,-4.384764148531037
28.558292008999445,-16.1451221875471,-23.676081051266973,10.300000190734863,2.676896572113037,-13.258172988891602,-1.156935214996338,-7.1039990234375,470.11007620660456,522.3539373412362,453.4292972057578,531.9220999153259,-4.396326042106654
28.568292008999446,-16.174264187568482,-23.580266488480603,10.329999923706056,3.613929748535156,-13.898530960083008,-1.051302313804627,-7.1039990234375,473.7510584250635,530.9906858594411,465.62235393734125,527.7730736663844,-4.406836548718662
28.578292008999448,-16.201892700378643,-23.4831617572296,10.389999389648438,5.582621574401856,-16.192302703857422,-0.961233139038086,-6.367998046874999,480.9483488569009,528.281117696867,486.6215071972904,529.6359017781541,-4.416458267151416
28.588292008999446,-16.23125495104905,-23.41263401797534,10.479999542236328,5.610682487487793,-15.230805397033691,-0.8837562799453735,-6.336000976562499,486.1981371718882,531.752751905165,506.51989839119386,527.2650296359018,-4.423935197865913
28.598292008999444,-16.2567093203377,-23.314091683762427,10.539999961853027,6.223006248474121,-12.753544807434084,-0.831490159034729,-6.336000976562499,503.0482641828958,531.4987298899238,526.2489415749365,525.5715495342929,-4.432255840564917
28.608292008999445,-16.28134069636629,-23.214840804722648,10.59999942779541,5.542129039764405,-10.684715270996094,-0.8105949759483339,-6.367998046874999,526.7569856054191,539.5427603725656,550.7197290431837,526.6723116003387,-4.440362169115769
28.618292008999447,-16.305081902176703,-23.114732399796196,10.649999618530272,5.790867805480957,-10.520674705505373,-0.7697012424468994,-6.496000976562499,541.6596104995766,552.497883149873,567.7392040643522,529.7205757832345,-4.448059357710871
28.628292008999445,-16.328237647505652,-23.013751366385453,10.719999313354492,6.87969732284546,-8.653039932250977,-0.7496185898780824,-6.496000976562499,547.7561388653683,544.4538526672311,563.1668077900084,537.0872142252329,-4.455551962000751
28.638292008999443,-16.350796218805158,-22.91172776201901,10.789999961853027,7.056715488433839,-8.41163444519043,-0.7446441054344178,-6.847998046874999,533.3615580016934,544.4538526672311,564.1828958509738,547.502116850127,-4.463004964822229
28.648292008999444,-16.37267302343315,-22.80891930244351,10.859999656677246,6.653603076934815,-8.361544609069826,-0.7262124419212342,-6.9439990234375,495.6816257408975,553.5986452159187,560.6265876375952,564.6062658763759,-4.470269852596356
28.658292008999446,-16.39328967076835,-22.70527975449156,10.949999809265137,6.724888801574707,-12.00074863433838,-0.6817195415496826,-6.9439990234375,498.47586790855206,550.5503810330229,571.3801862828111,582.3878069432684,-4.477078914780247
28.668292008999444,-16.412827611021168,-22.60101240313821,11.0,3.697667837142945,-11.557485580444336,-0.6292800307273866,-7.1039990234375,514.3945808636748,546.0626587637595,575.02116850127,600.7620660457239,-4.483372759310594
28.678292008999442,-16.412827611021168,-22.60101240313821,11.06999969482422,7.412944793701172,-11.400169372558594,-0.5585325956344604,-7.071997070312499,517.6121930567316,556.2235393734123,563.1668077900084,619.1363251481795,-4.483372759310594
28.688292008999444,-16.412827611021168,-22.60101240313821,11.179999351501465,9.688661575317385,-10.613365173339844,-0.5141857862472534,-7.071997070312499,524.3014394580863,555.8848433530906,548.5182049110923,613.46316680779,-4.483372759310594
28.698292008999445,-16.50947903001806,-22.28163287894036,11.289999961853027,11.559149742126468,-9.507193565368654,-0.503082275390625,-7.167998046874999,529.043183742591,564.436917866215,542.3370025402202,596.528365791702,-4.505320522937251
28.708292008999443,-16.52665102499127,-22.172415888607382,11.40999984741211,11.070298194885256,-7.563029289245605,-0.5287578105926514,-7.231997070312499,539.6274343776461,571.6342082980525,540.1354784081287,572.8196443691786,-4.510607465672121
28.71829200899944,-16.543463595250447,-22.06209848505324,11.50999927520752,10.40031147003174,-6.659420967102051,-0.5751032233238221,-7.231997070312499,551.3124470787468,576.545300592718,544.1151566469093,561.4733276883996,-4.516357669728987
28.728292008999443,-16.559942567004367,-21.95078228621685,11.59999942779541,9.020300865173342,-6.055583477020265,-0.62945556640625,-7.391997070312499,556.5622353937341,589.415749364945,550.1270110076206,574.0050804403048,-4.522655671089834
28.738292008999444,-16.576044578089302,-21.8385322277573,11.679999351501465,9.187776565551758,-5.958801746368409,-0.669286072254181,-7.456000976562499,550.2963590177815,591.7866215071973,550.5503810330229,589.9237933954275,-4.529347248867691
28.748292008999442,-16.591356510518114,-21.72489998468611,11.779999732971191,10.243305206298828,-8.953306198120117,-0.6936487555503846,-7.456000976562499,548.2641828958509,595.5122777307366,543.4377646062659,596.3590177815411,-4.536290675715574
28.75829200899944,-16.606087793925646,-21.610322831657776,11.859999656677246,9.418018341064451,-8.071239471435547,-0.7172475457191468,-7.456000976562499,551.8204911092295,596.528365791702,545.7239627434377,602.878916172735,-4.543465709409671
28.768292008999442,-16.620149824047797,-21.49513558591466,11.960000038146973,8.069768905639648,-7.899785995483398,-0.7258642911911011,-7.456000976562499,544.2845046570702,588.9923793395427,546.9093988145639,615.6646909398814,-4.550711365934231
28.778292008999443,-16.633372304621442,-21.37927608569961,12.029999732971191,4.963179111480714,-8.636896133422852,-0.701270580291748,-7.456000976562499,541.9136325148179,585.774767146486,545.6392887383573,621.6765453005927,-4.557722894677764
28.78829200899944,-16.633372304621442,-21.37927608569961,12.059999465942385,1.1514599323272705,-8.439214706420898,-0.656342625617981,-7.456000976562499,542.0829805249788,587.4682472480948,545.4699407281964,621.0838272650296,-4.557722894677764
28.79829200899944,-16.705215564498154,-21.16320396000059,12.059999465942385,1.0321056842803955,-8.07992935180664,-0.6079933047294618,-7.456000976562499,542.5063505503811,581.8797629127857,539.2040643522438,592.887383573243,-4.568272973951789
28.80829200899944,-16.716663208936147,-21.04744084719655,12.06999969482422,-0.7859759330749512,-9.28230094909668,-0.5718859434127808,-7.5200000000000005,550.8890770533446,593.0567315834039,548.1795088907705,580.8636748518205,-4.573988419226136
28.818292008999443,-16.727297656904152,-20.930762947371093,12.09000015258789,3.0534496307373047,-8.970221519470217,-0.5427574515342714,-7.5200000000000005,555.8001693480102,596.6977138018628,558.4250635055038,581.9644369178662,-4.579426599649093
28.82829200899944,-16.73728903815182,-20.81375851417497,12.149999618530272,5.486818790435792,-7.66877317428589,-0.545536994934082,-7.551997070312499,566.8077900084674,605.1651143099068,572.6502963590177,596.8670618120237,-4.5848725996326145
28.83829200899944,-16.746804271360787,-20.695368886269392,12.219999313354492,8.348411560058594,-7.032983779907227,-0.580279052257538,-7.551997070312499,576.545300592718,612.870448772227,579.5088907705334,603.2176121930567,-4.590681748689345
28.84829200899944,-16.75568185003759,-20.57570334473349,12.309999465942385,9.468849182128906,-7.87209177017212,-0.6273771524429321,-7.5839990234375,585.3513971210838,618.2049110922947,576.1219305673158,608.3827265029636,-4.596971818272888
28.85829200899944,-16.763827204541755,-20.45524921205745,12.399999618530272,9.77898693084717,-8.638865470886232,-0.6916817426681519,-7.616000976562499,593.2260795935648,625.5715495342929,566.1303979678239,617.2734970364098,-4.603889453652069
28.86829200899944,-16.771219691973997,-20.33408968961832,12.5,8.674346923828125,-8.934144973754883,-0.7557979226112367,-7.616000976562499,591.2785774767146,632.5148179508891,567.0618120237087,627.0956816257409,-4.61143625350179
28.878292008999438,-16.77758586922861,-20.211157418461568,12.59000015258789,10.988241195678713,-11.203048706054688,-0.8054084181785585,-7.5839990234375,567.1464860287891,636.0711261642675,571.2108382726502,641.0668924640136,-4.619507420168031
28.88829200899944,-16.782839853405765,-20.088140821410352,12.679999351501465,6.92872428894043,-11.635665893554688,-0.8452627062797547,-7.616000976562499,573.2430143945809,646.3166807790009,574.0897544453852,650.6350550381032,-4.627943110957769
28.89829200899944,-16.782839853405765,-20.088140821410352,12.75999927520752,7.916377544403077,-11.174749374389648,-0.8849802613258363,-7.616000976562499,583.1498729889923,646.4860287891617,573.2430143945809,670.956816257409,-4.627943110957769
28.90829200899944,-16.85142145522701,-19.84411279124797,12.859999656677246,7.686734199523926,-9.585061073303224,-0.9004626274108887,-7.68,588.48433530906,652.4978831498729,580.3556308213379,692.2099915325995,-4.644571815301643
28.918292008999437,-16.855580849458025,-19.718485141301542,12.9399995803833,7.861005783081055,-6.770635604858398,-0.9079597592353822,-7.776000976562499,598.3911939034716,656.3928873835732,593.4801016088061,699.3226079593564,-4.65364426057732
28.92829200899944,-16.859094836036533,-19.59195859728792,13.029999732971191,7.408678531646729,-6.922468662261964,-0.9154021739959716,-7.776000976562499,605.2497883149873,658.8484335309059,600.1693480101609,702.3708721422523,-4.662801110822838
28.93829200899944,-16.86196680900502,-19.464771131507952,13.119999885559082,7.599205017089844,-6.818388938903809,-0.9178072214126588,-7.936000976562499,607.9593564775614,662.9974597798475,615.0719729043184,712.9551227773073,-4.671971734326089
28.948292008999438,-16.863976144038894,-19.33667119860285,13.1899995803833,7.373827934265137,-8.170644760131836,-0.9112054109573364,-8.0639990234375,609.1447925486875,666.8077900084674,615.8340389500423,717.9508890770533,-4.681087038470221
28.958292008999436,-16.864792724598892,-19.207725304081595,13.25999927520752,8.092898368835451,-10.7722864151001,-0.9052484631538392,-8.0639990234375,612.2777307366638,672.0575783234547,616.5114309906859,727.0110076206604,-4.690140161952794
28.968292008999438,-16.864540007588268,-19.07800959720554,13.359999656677246,7.707845687866211,-10.827556610107422,-0.9074756503105164,-8.256000976562499,625.1481795088907,669.3480101608806,616.934801016088,732.7688399661304,-4.699215126160592
28.97829200899944,-16.86309152800793,-18.947594134874212,13.4399995803833,7.445588111877441,-11.508458137512209,-0.8936049938201904,-8.5119970703125,624.3861134631668,678.9161727349704,627.1803556308213,741.8289585097375,-4.708148184848252
28.988292008999437,-16.86033630388363,-18.816276994130696,13.519999504089355,7.753448486328125,-12.25920295715332,-0.8618770837783813,-8.5119970703125,624.8941574936495,676.8839966130398,629.7205757832345,748.09483488569,-4.716771057216729
28.998292008999435,-16.856173598217918,-18.684332511323586,13.59999942779541,7.705079078674316,-13.193358421325684,-0.8323798775672914,-8.767998046874999,630.397967823878,678.8314987298899,633.0228619813716,749.8729889923793,-4.7250904820479995
29.008292008999437,-16.85072182460185,-18.55157412610488,13.679999351501465,7.587332248687745,-12.587852478027344,-0.7976775765419007,-8.8639990234375,631.8374259102455,687.9762912785775,633.5309060118543,748.0101608806096,-4.7330678207496355
29.01829200899944,-16.85072182460185,-18.55157412610488,13.75,7.738669872283936,-12.09897804260254,-0.7642590999603271,-8.8639990234375,634.2082980524979,690.008467400508,639.6274343776461,752.8365791701947,-4.7330678207496355
29.028292008999436,-16.876087502378162,-18.27269555387771,13.84000015258789,7.979710578918457,-11.417849540710453,-0.7517541050910951,-9.0239990234375,641.4902624894157,690.2624894157493,643.1837425910245,746.6553767993225,-4.738460277156297
29.038292008999434,-16.86878509459069,-18.137095099990884,13.920000076293944,8.367202758789062,-8.487085342407227,-0.7598588466644287,-9.087998046874999,658.7637595258255,693.0567315834039,651.3124470787468,733.5309060118543,-4.746068278928623
29.048292008999436,-16.860695246335307,-18.00114490420829,13.989999771118164,8.005986213684084,-8.229662895202638,-0.7813122868537904,-9.087998046874999,665.0296359017781,701.4394580863675,658.7637595258255,723.0313293818797,-4.7538677959523215
29.058292008999437,-16.851548273250565,-17.863949423127575,14.06999969482422,7.965847969055176,-9.611495018005373,-0.8100927472114564,-9.120000000000001,669.6867061812023,708.2980524978831,665.7917019475021,720.6604572396274,-4.761983587568243
29.068292008999435,-16.841218235516642,-17.726580411236473,14.139999389648438,7.721510887145996,-11.203993797302248,-0.8240313529968262,-9.120000000000001,670.194750211685,717.3581710414902,665.5376799322607,728.8738357324302,-4.770207586695737
29.078292008999433,-16.829555914536517,-17.588087299357742,14.229999542236328,8.81054210662842,-12.225871086120607,-0.8355711698532104,-9.120000000000001,662.1507197290432,725.9949195596952,660.3725656223539,731.160033869602,-4.778562692778569
29.088292008999435,-16.829555914536517,-17.588087299357742,14.299999237060549,9.347164154052734,-15.425806045532228,-0.86168771982193,-9.087998046874999,658.0016934801016,744.8772226926334,653.6833192209991,723.8780694326841,-4.778562692778569
29.098292008999437,-16.826305258487437,-17.320273166689617,14.399999618530272,8.296914100646974,-13.984625816345217,-0.9086524248123168,-9.087998046874999,664.2675698560541,748.856900931414,656.6469093988145,731.752751905165,-4.79964892838393
29.108292008999435,-16.810261149563686,-17.179600007844876,14.469999313354492,9.204095840454102,-15.03858757019043,-0.963946282863617,-9.087998046874999,668.077900084674,745.3852667231159,651.4817950889077,736.6638441998306,-4.809293667941829
29.118292008999433,-16.7929122215659,-17.038343548080316,14.559999465942385,8.420110702514648,-13.841583251953123,-1.0241473913192751,-9.087998046874999,669.3480101608806,743.6917866215072,657.5783234546993,745.8933107535986,-4.819533667033396
29.128292008999434,-16.774423278045873,-16.8964677317813,14.639999389648438,7.86821174621582,-11.946172714233398,-1.0494530200958252,-8.96,676.4606265876375,745.4699407281964,665.7070279424216,754.7840812870448,-4.830024934507718
29.138292008999436,-16.754607854910358,-16.75392721351207,14.719999313354492,7.454556941986085,-12.277303695678713,-1.0566270351409912,-8.96,680.4403048264182,750.2963590177815,666.8924640135479,757.324301439458,-4.840594469736059
29.148292008999434,-16.733587405684894,-16.611022255560176,14.779999732971191,6.228099822998047,-11.818235397338867,-1.065847396850586,-8.8639990234375,686.4521591871295,754.6994072819645,674.7671464860288,771.1261642675698,-4.851252679422031
29.15829200899943,-16.711627540408625,-16.467541612510995,14.859999656677246,6.210861682891847,-9.46479606628418,-1.053614377975464,-8.8639990234375,689.9237933954275,756.0541913632514,676.0372565622354,780.6096528365791,-4.861794088379837
29.168292008999433,-16.688493879700623,-16.323793360932832,14.929999351501465,5.147738456726074,-10.345888137817385,-1.0266740322113037,-8.831997070312498,694.4961896697713,765.5376799322607,688.3149872988992,818.0355630821338,-4.872064245805119
29.178292008999435,-16.66399960230676,-16.17958712897418,14.979999542236328,6.002005100250245,-11.42302131652832,-0.978413462638855,-8.8639990234375,691.9559695173582,761.55800169348,690.1778154106689,834.1236240474174,-4.881853269811527
29.188292008999433,-16.63818170498767,-16.035214868382955,15.06999969482422,6.4292874336242685,-11.853300094604492,-0.931548535823822,-8.8639990234375,682.8111769686706,746.9093988145639,688.1456392887384,822.2692633361557,-4.891155864574087
29.19829200899943,-16.610909187713887,-15.890611164577468,15.130000114440918,3.093719005584717,-12.727739334106444,-0.8817334771156312,-8.8639990234375,686.3674851820491,757.4936494496189,689.3310753598645,802.7942421676545,-4.8999815998020875
29.208292008999432,-16.582029172712563,-15.7460768947899,15.170000076293944,4.29727602005005,-14.50685691833496,-0.8465879559516908,-8.991997070312499,701.2701100762066,757.4936494496189,692.7180355630821,792.5486875529213,-4.9084408104920945
29.218292008999434,-16.582029172712563,-15.7460768947899,15.210000038146973,5.446843624114991,-18.758865356445312,-0.8257879614830018,-9.087998046874999,703.3869602032175,764.7756138865368,690.8552074513124,785.9441151566468,-4.9084408104920945
29.228292008999432,-16.533856915200705,-15.46332535570105,15.279999732971191,7.097687244415284,-19.39119911193848,-0.8285677433013916,-9.087998046874999,719.7290431837425,763.3361558001693,697.4597798475868,773.666384419983,-4.916283329717037
29.23829200899943,-16.500125336816087,-15.3173417252851,15.329999923706056,5.805516719818116,-14.805994033813477,-0.8701158761978149,-9.087998046874999,739.9661303979678,769.8560541913632,700.1693480101609,767.2311600338695,-4.925006677522564
29.24829200899943,-16.464914627240546,-15.17115144959418,15.380000114440918,6.678570747375488,-14.719534873962404,-0.9171422123908998,-9.151997070312499,748.6028789161727,783.065198983912,708.7214225232854,771.3801862828111,-4.934189242750823
29.258292008999433,-16.428390629731794,-15.024833386296972,15.4399995803833,6.458355903625488,-13.613732337951662,-0.9527440667152406,-9.151997070312499,759.61049957663,793.9881456392887,709.5681625740897,778.0694326841659,-4.943714175661147
29.26829200899943,-16.3906080278775,-14.87800919766382,15.519999504089355,7.82846736907959,-12.474671363830568,-1.0083967447280886,-9.120000000000001,775.6138865368332,797.2057578323454,714.9872988992379,781.4563928873836,-4.9537906804555165
29.27829200899943,-16.35163619086625,-14.730689785463342,15.589999198913574,7.618255615234375,-11.583009719848633,-1.0614343881607058,-8.96,781.8797629127857,800.0,712.7857747671464,800.7620660457239,-4.964397928375495
29.28829200899943,-16.31143711016628,-14.582847793589576,15.639999389648438,7.466443061828613,-11.352898597717289,-1.1070910692214968,-8.96,788.5690093141405,804.4030482641829,715.2413209144793,804.233700254022,-4.9754664529499495
29.298292008999432,-16.26990883556789,-14.434344462546775,15.719999313354492,7.52351188659668,-11.398561477661133,-1.1311140060424805,-8.8639990234375,770.1100762066045,813.5478408128704,718.3742591024555,814.6486028789161,-4.986791605510125
29.30829200899943,-16.26990883556789,-14.434344462546775,15.799999237060549,7.666457176208496,-12.660140037536625,-1.135867476463318,-8.671997070312498,754.7840812870448,813.5478408128704,721.8458933107536,823.8780694326841,-4.986791605510125
29.31829200899943,-16.26990883556789,-14.434344462546775,15.869999885559082,5.780923366546632,-13.921916961669922,-1.1229611635208132,-8.671997070312498,737.8492802709568,813.6325148179509,725.3175275190516,841.744284504657,-4.986791605510125
29.32829200899943,-16.159948026644315,-13.972271031420114,15.9399995803833,5.405087471008301,-14.3721399307251,-1.087990641593933,-8.576000976562499,746.9940728196443,811.0922946655377,731.3293818797629,861.7273497036409,-5.026716588769828
29.33829200899943,-16.11220878181579,-13.82345031137872,15.989999771118164,4.858905792236328,-14.543130874633787,-1.0377755165100098,-8.5119970703125,739.3734123624047,813.7171888230313,731.3293818797629,881.2870448772227,-5.037097303137498
29.34829200899943,-16.062370358080976,-13.674723071872492,16.06999969482422,6.150445938110352,-17.61098861694336,-0.9729801416397096,-8.5119970703125,744.2845046570702,812.7011007620661,735.2243861134631,892.7180355630821,-5.046823847603234
29.358292008999427,-16.01082663004113,-13.526058174686757,16.139999389648438,5.566621780395508,-16.180103302001953,-0.9194916486740112,-8.576000976562499,750.2963590177815,807.1972904318374,735.393734123624,896.528365791702,-5.056014151619278
29.36829200899943,-15.957669026378094,-13.377171356707024,16.209999084472656,6.065961837768555,-14.524276733398438,-0.8727949857711792,-8.64,770.2794242167654,811.7696867061811,748.2641828958509,869.1786621507197,-5.064744382149312
29.37829200899943,-15.90272301556666,-13.228160624416024,16.209999084472656,7.983848571777344,-15.50953483581543,-0.852453351020813,-8.767998046874999,774.428450465707,817.1888230313293,754.6994072819645,836.4098221845893,-5.073262607067674
29.38829200899943,-15.846139537220948,-13.078991362106292,16.35999870300293,6.264706611633301,-15.132205009460453,-0.8649774789810181,-8.767998046874999,783.657917019475,820.4064352243861,756.6469093988145,821.16850127011,-5.081916085689043
29.398292008999427,-15.787934463405207,-12.929729697864696,16.3799991607666,6.336763381958008,-15.097421646118164,-0.886091947555542,-8.831997070312498,808.8060965283657,826.4182895850973,768.670618120237,820.1524132091448,-5.090782700755311
29.408292008999428,-15.728284036719872,-12.780745495180046,16.440000534057617,5.772584915161133,-14.959722518920898,-0.9148004651069642,-8.8639990234375,815.6646909398814,834.5469940728196,777.4767146486029,819.4750211685013,-5.099921100043373
29.41829200899943,-15.728284036719872,-12.780745495180046,16.5,7.837141036987305,-16.89665794372559,-0.9546780586242676,-8.8639990234375,816.7654530059272,840.38950042337,767.2311600338695,826.8416596104995,-5.099921100043373
29.428292008999428,-15.651656783440666,-12.46166017278912,16.579999923706055,8.201659202575685,-18.568622589111328,-0.9836493730545044,-8.8,802.5402201524132,851.2277730736663,762.0660457239627,839.2040643522438,-5.112636919883322
29.438292008999426,-15.587572025958952,-12.31160095863439,16.65999984741211,7.893848896026612,-15.948236465454102,-1.003549575805664,-8.671997070312498,793.2260795935647,860.4572396274343,758.5097375105843,850.4657070279424,-5.122668577832961
29.448292008999427,-15.521649295610494,-12.161326339652325,16.709999084472656,7.552509307861328,-16.26728057861328,-1.0325846672058103,-8.3519970703125,789.4157493649449,858.1710414902625,758.5944115156647,860.3725656223539,-5.133002538840707
29.45829200899943,-15.454457735530944,-12.011336873936544,16.779998779296875,5.977374076843262,-13.981137275695804,-1.0405577421188357,-8.2239990234375,794.24216765453,852.2438611346316,763.1668077900084,870.2794242167654,-5.143399671336219
29.468292008999427,-15.385953535638764,-11.86117304949274,16.84000015258789,5.925625801086426,-12.16979503631592,-1.0452052354812624,-8.2239990234375,804.233700254022,850.1270110076206,765.8763759525825,886.1981371718882,-5.153850467741442
29.478292008999425,-15.31601650332989,-11.71118279280158,16.889999389648438,5.12877368927002,-12.76172733306885,-1.0076642036437988,-8.0639990234375,802.6248941574936,858.7637595258255,770.7027942421677,890.8552074513124,-5.163924697709369
29.488292008999426,-15.24455949813022,-11.56107302562308,16.93000030517578,5.403537750244141,-12.718154907226562,-0.9804027676582338,-7.84,808.7214225232854,854.7840812870448,773.3276883996613,897.2904318374259,-5.173739000870434
29.498292008999428,-15.17149432126124,-11.41108528723849,17.0,5.429753303527832,-13.745074272155763,-0.9422498941421508,-7.84,807.6206604572396,855.0381033022861,780.5249788314987,907.112616426757,-5.183174745168834
29.508292008999426,-15.096926449901776,-11.261828289429516,17.06999969482422,5.3342556953430185,-15.123031616210938,-0.8934183120727539,-7.84,798.1371718882302,861.55800169348,783.5732430143945,902.2861981371718,-5.192094861272643
29.518292008999424,-15.096926449901776,-11.261828289429516,17.10999870300293,5.813730239868164,-17.853290557861328,-0.8235996365547181,-7.903999023437501,797.7984758679086,863.6748518204911,791.8712955122777,906.4352243861134,-5.192094861272643
29.528292008999426,-15.008964499066405,-11.11227789656086,17.15999984741211,3.9605579376220703,-17.738208770751953,-0.7650542855262757,-7.903999023437501,802.3708721422523,863.7595258255715,789.5004233700254,915.9187129551227,-5.204083406859436
29.538292008999427,-14.849095414094894,-10.815817923087698,17.19999885559082,6.253282070159913,-17.256633758544922,-0.7411503791809082,-8.0,809.3988145639288,866.4690939881456,789.6697713801863,910.8382726502963,-5.219148557093273
29.548292008999425,-14.76671347941548,-10.667860887753625,17.270000457763672,5.92044734954834,-14.865099906921388,-0.7215662002563477,-8.127998046875,816.6807790008467,868.2472480948348,791.1939034716341,916.6807790008467,-5.226365588492751
29.558292008999423,-14.68289691402994,-10.520261697140109,17.31999969482422,6.067442893981934,-14.359782218933107,-0.7135462760925293,-8.127998046875,815.5800169348009,870.0254022015241,797.2904318374259,917.9508890770533,-5.233493218805062
29.568292008999425,-14.59766501507702,-10.372535806691424,17.399999618530273,6.097656726837159,-12.51288604736328,-0.7108340859413148,-8.1919970703125,822.9466553767993,870.1100762066045,805.8425063505504,912.4470787468247,-5.240602230789644
29.578292008999426,-14.510916776362496,-10.224973171756991,17.459999084472656,6.327746868133546,-13.537063598632812,-0.7198705673217773,-8.256000976562499,825.8255715495343,876.3759525825571,805.0804403048264,903.9796782387807,-5.2478007579671235
29.588292008999424,-14.422509242450731,-10.0774924994799,17.520000457763672,7.592312335968018,-14.686481475830078,-0.7548943161964418,-8.256000976562499,817.8662150719729,880.0169348010161,812.1930567315834,892.2099915325995,-5.255347534159892
29.598292008999422,-14.332715459978202,-9.930129991917935,17.579999923706055,5.860146045684815,-13.484619140625,-0.7797565460205078,-8.256000976562499,824.3014394580863,885.0973751058425,806.6045723962743,895.4276037256562,-5.263148066718923
29.608292008999424,-14.241675813621246,-9.78272161126885,17.639999389648438,5.802568912506104,-11.844581604003906,-0.8195708990097046,-8.1919970703125,827.0110076206604,887.129551227773,813.8018628281118,902.4555461473327,-5.271352170132939
29.618292008999425,-14.241675813621246,-9.78272161126885,17.719999313354492,6.441654205322266,-15.733829498291016,-0.853162705898285,-8.1919970703125,811.6003386960203,896.9517358171041,810.0762066045723,906.6045723962743,-5.271352170132939
29.628292008999424,-14.241675813621246,-9.78272161126885,17.75,4.830123901367188,-15.647361755371094,-0.8554267287254335,-8.16,809.1447925486875,902.1168501270109,808.8060965283657,925.9102455546147,-5.271352170132939
29.63829200899942,-13.963883609106077,-9.320647315150426,17.78999900817871,4.938875675201417,-17.1013355255127,-0.8845057487487793,-8.16,804.4030482641829,900.3386960203218,804.6570702794241,935.9017781541066,-5.300817572544718
29.648292008999423,-13.86651522131212,-9.175070371270229,17.829999923706055,4.338685989379883,-14.593460083007812,-0.9019796252250672,-8.16,802.4555461473327,908.5520745131245,808.8060965283657,937.1718882303132,-5.309832629123607
29.658292008999425,-13.76790689263146,-9.029596767833782,17.85999870300293,4.085923194885254,-12.069401741027834,-0.9008294343948364,-8.1919970703125,805.7578323454699,908.8907705334462,816.0880609652836,946.9940728196443,-5.318847143336315
29.668292008999423,-13.667653052483663,-8.88470995901491,17.920000076293945,5.918787002563477,-15.479791641235352,-0.9217911958694458,-8.3519970703125,805.4191363251482,900.2540220152413,810.6689246401354,928.5351397121084,-5.328059552200445
29.67829200899942,-13.565018707416066,-8.740743545869988,17.969999313354492,4.97678279876709,-22.05202865600586,-0.9560730457305908,-8.3519970703125,812.6164267569856,908.6367485182049,812.7857747671464,911.4309906858595,-5.337624148614738
29.688292008999422,-13.49783624562859,-8.575320984773553,18.020000457763672,4.552520751953125,-24.12482070922852,-1.047372341156006,-8.5119970703125,804.233700254022,912.2777307366638,813.2091447925486,911.7696867061811,-5.343850978965514
29.698292008999424,-13.49783624562859,-8.575320984773553,18.059999465942383,2.726827621459961,-21.118429183959964,-1.1140078306198122,-8.5119970703125,807.6206604572396,913.6325148179509,815.5800169348009,921.8458933107536,-5.343850978965514
29.708292008999422,-13.285029204847223,-8.290642097347158,18.10999870300293,6.316859245300293,-19.7456169128418,-1.136987090110779,-8.64,825.5715495342929,912.6164267569856,817.5275190516511,894.0728196443691,-5.366358598484418
29.71829200899942,-13.176143346421457,-8.14948876266097,18.13999938964844,2.7002477645874023,-19.023658752441406,-1.1961967945098877,-8.607998046874998,822.3539373412362,921.3378492802709,818.3742591024555,905.0804403048264,-5.378323406977096
29.72829200899942,-13.065459178460609,-8.00949496727404,18.170000076293945,2.739430427551269,-20.814224243164062,-1.2200759649276736,-8.447998046874998,823.0313293818797,925.1481795088907,819.1363251481795,912.2777307366638,-5.390521827880599
29.738292008999423,-12.953185831003124,-7.86969027331332,18.19999885559082,6.489307403564453,-16.714349746704105,-1.284605145454407,-8.447998046874998,839.5427603725656,925.9949195596952,823.9627434377645,911.0922946655377,-5.403366029441792
29.74829200899942,-12.83967259811189,-7.73052193706335,18.25,3.6371006965637207,-15.39630889892578,-1.3478689193725586,-7.967998046874999,844.8772226926334,932.0914479254868,828.7891617273497,912.4470787468247,-5.416848240708156
29.75829200899942,-12.725067707342228,-7.59177624243431,18.299999237060547,4.5235137939453125,-12.74725341796875,-1.371620059013367,-7.616000976562499,852.328535139712,929.4665537679932,836.4944961896697,920.4064352243861,-5.430558868882508
29.76829200899942,-12.60819581159031,-7.454737410106119,18.350000381469727,2.780611038208008,-22.76216506958008,-1.341149926185608,-7.616000976562499,842.8450465707027,937.5952582557154,844.7925486875529,929.7205757832345,-5.4439661985383845
29.778292008999422,-12.489291100933572,-7.319194648172535,18.36999893188477,0.5920095443725586,-23.05512237548828,-1.2325489521026611,-7.36,842.5910245554614,947.4174428450465,849.3649449618966,933.5309060118543,-5.456307838746249
29.78829200899942,-12.368793348816329,-7.18493160482883,18.38999938964844,4.132241249084473,-20.413028717041016,-1.1671222448349,-7.071997070312499,859.9491955969517,923.454699407282,861.7273497036409,928.3657917019475,-5.467964858619064
29.798292008999418,-12.245614294521303,-7.051991111245543,18.440000534057617,6.477020263671875,-25.901878356933597,-1.1690738201141355,-7.071997070312499,868.2472480948348,918.6282811176968,835.8171041490262,923.7933954276037,-5.4796488961769905
29.80829200899942,-12.119680500184748,-6.9207667409859965,18.5,4.717004776000977,-29.824342727661136,-1.1723554134368896,-6.9439990234375,869.6867061812023,933.7849280270956,848.9415749364945,913.3784928027095,-5.491385017139941
29.81829200899942,-11.992401510054044,-6.790433754784328,18.56999969482422,4.712403297424316,-19.73521041870117,-1.112523913383484,-6.88,871.4648602878916,926.0795935647756,861.7273497036409,909.060118543607,-5.502512102388516
29.82829200899942,-11.992401510054044,-6.790433754784328,18.600000381469727,2.15261459350586,-16.86235809326172,-1.0685776472091677,-6.88,895.6816257408975,922.0152413209145,875.8679085520745,913.5478408128704,-5.502512102388516
29.838292008999417,-11.992401510054044,-6.790433754784328,18.60999870300293,1.430063247680664,-13.180859565734863,-1.0278247594833376,-6.656000976562499,939.0347163420829,932.2607959356477,901.0160880609652,908.2980524978831,-5.502512102388516
29.84829200899942,-11.657381904422762,-6.33669929350399,18.60999870300293,0.514531135559082,-12.330510139465334,-1.015146017074585,-6.111997070312499,981.6257408975445,931.9220999153259,920.4064352243861,915.6646909398814,-5.526445538855184
29.85829200899942,-11.527301850857915,-6.2081039556725,18.6299991607666,1.5417098999023438,-10.9714994430542,-0.9769114255905152,-6.111997070312499,1016.4267569856054,935.1397121083827,930.397967823878,923.7933954276037,-5.536222795778725
29.86829200899942,-11.396358565045915,-6.080378868009034,18.6299991607666,2.371011734008789,-11.58057498931885,-0.962050199508667,-5.791997070312499,1023.8780694326841,932.8535139712108,947.6714648602879,928.6198137171888,-5.545838701186155
29.878292008999416,-11.26483969552711,-5.953177957461237,18.6299991607666,0.7056689262390137,-8.243371963500977,-0.8957471251487733,-5.44,1015.5800169348009,932.6841659610499,963.5055038103302,948.4335309060118,-5.554795736769619
29.888292008999418,-11.131062157496908,-5.826484212724421,18.65999984741211,7.541995525360108,-14.088796615600586,-0.7954847812652588,-5.087998046875001,888.0609652836579,921.16850127011,963.5055038103302,954.614733276884,-5.562760818546905
29.89829200899942,-10.996419867990264,-5.7022083246294,18.709999084472656,-1.3265962600708008,-18.465850830078125,-0.625405251979828,-5.087998046875001,842.9297205757832,916.342082980525,944.1151566469093,953.9373412362404,-5.569010093638965
29.908292008999418,-10.86090007693066,-5.579217007113941,18.649999618530277,-1.5380306243896484,-15.54045867919922,-0.5489332079887391,-5.087998046875001,845.0465707027942,893.1414055884843,891.0245554614733,945.215918712955,-5.574494708952299
29.918292008999416,-10.724035904997177,-5.457547331721304,18.649999618530277,-1.0683603286743164,-17.29326629638672,-0.5123007297515869,-5.76,846.4860287891617,884.5046570702793,874.428450465707,918.7976291278577,-5.579620154204377
29.928292008999417,-10.5862764179114,-5.337375195977254,18.59000015258789,-1.355062484741211,-17.008323669433594,-0.4944381713867187,-5.76,846.3166807790008,882.6418289585097,860.1185436071125,898.8145639288738,-5.584563234487205
29.93829200899942,-10.5862764179114,-5.337375195977254,18.56999969482422,-0.8325800895690918,-13.390199661254885,-0.4975960254669189,-5.92,838.865368331922,885.6900931414056,855.9695173581711,873.5817104149025,-5.584563234487205
29.948292008999417,-10.5862764179114,-5.337375195977254,18.549999237060547,-2.728604793548584,-13.339214324951172,-0.5226585268974305,-6.111997070312499,838.6113463166807,886.2828111769686,844.1998306519898,887.7222692633361,-5.584563234487205
29.958292008999415,-10.182317799838378,-4.971968707017589,18.529998779296875,-1.6407904624938965,-17.038656234741214,-0.5525245666503906,-5.9839990234375,836.3251481795088,892.887383573243,838.9500423370025,891.1092294665538,-5.605533141280592
29.968292008999416,-10.04148522548377,-4.856682266676729,18.489999771118164,-2.952134132385254,-15.140156745910646,-0.5902261137962342,-5.4719970703125,828.4504657070279,901.7781541066892,826.7569856054191,892.887383573243,-5.6114452472507175
29.978292008999418,-9.900252019489468,-4.74271356325611,18.46999931335449,-0.5093669891357422,-14.192920684814451,-0.6433893442153931,-5.4719970703125,824.2167654530059,906.9432684165961,806.1812023708721,906.6892464013547,-5.617869470610717
29.988292008999416,-9.757713150538436,-4.629434002590528,18.44999885559082,-0.1314239501953125,-14.429738998413086,-0.6993792057037354,-4.7360009765625,816.6807790008467,919.6443691786621,776.2066045723963,914.1405588484334,-5.624875761872691
29.998292008999414,-9.614581268437014,-4.517228830962767,18.489999771118164,2.4103684425354004,-13.566829681396484,-0.7588899731636048,-4.3839990234375,794.0728196443691,928.5351397121084,761.4733276883996,916.1727349703641,-5.632455064893126
30.008292008999415,-9.46999315472148,-4.4053459703804165,18.53999900817871,2.9629621505737305,-13.131821632385256,-0.8401319980621338,-4.3839990234375,781.3717188823031,936.4098221845893,748.856900931414,929.4665537679932,-5.640875205350884
30.018292008999417,-9.324607004338024,-4.294376903241344,18.59000015258789,2.435343742370605,-13.327506065368654,-0.917016923427582,-4.3519970703125,751.3971210838272,940.8975444538527,744.8772226926334,942.1676545300593,-5.650059577041478
30.028292008999415,-9.178613588392713,-4.184701160427063,18.559999465942383,0.8347735404968262,-14.653434753417969,-0.9917945861816406,-4.8,746.8247248094834,948.2641828958509,749.7883149872989,945.5546147332768,-5.6599777499070605
30.038292008999413,-9.032026215204713,-4.076834245127404,18.559999465942383,-2.489659786224365,-17.996906280517578,-1.0740902423858645,-4.8,756.3928873835732,950.4657070279424,761.3039796782388,959.0177815410668,-5.670709679180166
30.048292008999415,-9.032026215204713,-4.076834245127404,18.51000022888184,-2.010875701904297,-18.06913375854492,-1.1455525159835818,-5.8239990234375005,771.0414902624893,950.1270110076206,760.0338696020322,979.5935647756138,-5.670709679180166
30.058292008999416,-8.699160398084882,-3.853288470488252,18.479999542236328,-0.2894363403320312,-18.59549331665039,-1.2039836645126345,-6.431997070312499,772.7349703640982,947.7561388653683,757.9170194750211,976.9686706181202,-5.707512476702256
30.068292008999414,-8.548496710245075,-3.7507199690012287,18.479999542236328,1.3811721801757812,-20.637365341186527,-1.263690710067749,-6.431997070312499,771.9729043183743,946.4013547840813,750.1270110076206,970.7027942421677,-5.7201400318437905
30.078292008999412,-8.396363559608204,-3.6495630086562953,18.479999542236328,2.6298694610595703,-20.98153305053711,-1.3365808725357058,-7.04,770.8721422523286,942.506350550381,754.6994072819645,948.856900931414,-5.733508058482506
30.088292008999414,-8.242988381106997,-3.550058482598408,18.489999771118164,1.4348249435424805,-21.62559509277344,-1.4106343984603884,-8.0319970703125,778.662150719729,943.861134631668,761.4733276883996,932.4301439458086,-5.7476254876220665
30.098292008999415,-8.088831206700172,-3.4524848819266323,18.520000457763672,0.967388153076172,-21.411365509033203,-1.456578254699707,-8.0319970703125,784.3353090601186,949.2802709568163,774.428450465707,936.2404741744284,-5.762171808860252
30.108292008999413,-7.933348564288488,-3.3560646557196367,18.529998779296875,2.151993751525879,-18.739620208740234,-1.4933649301528933,-8.3519970703125,792.8027095681625,949.618966977138,791.0245554614733,944.0304826418289,-5.77710971647128
30.11829200899941,-7.776643497494376,-3.261155850466652,18.549999237060547,3.134708404541016,-19.312397003173828,-1.520446658134461,-8.3519970703125,822.9466553767993,960.5419136325148,810.1608806096528,942.0829805249788,-5.792315981066174
30.128292008999413,-7.618728068769416,-3.167518658874973,18.57999992370605,3.180500030517578,-17.87057685852051,-1.5305776596069336,-8.3519970703125,843.268416596105,967.7392040643522,828.9585097375106,953.5139712108382,-5.807635245037098
30.138292008999414,-7.459589203484802,-3.0757069444783065,18.61999893188477,4.928441047668457,-20.405704498291016,-1.5343173742294314,-7.967998046874999,854.7840812870448,961.7273497036409,845.6392887383573,961.3886536833191,-5.822964137566039
30.148292008999412,-7.459589203484802,-3.0757069444783065,18.649999618530277,4.047779083251953,-21.575027465820312,-1.5062438249588015,-7.136000976562499,865.8763759525825,968.077900084674,862.1507197290432,962.9974597798475,-5.822964137566039
30.15829200899941,-7.174521200534264,-2.80026990276197,18.68000030517578,5.005636215209961,-22.35635566711426,-1.469813585281372,-7.136000976562499,871.2955122777307,972.142252328535,872.9889923793395,970.3640982218459,-5.839606259902305
30.168292008999412,-7.012059197847275,-2.7110599407229605,18.709999084472656,3.979513645172119,-19.043193817138672,-1.424609899520874,-6.687998046874999,875.1905165114309,972.8196443691786,889.6697713801863,983.9966130397968,-5.853857440113395
30.178292008999414,-6.848121876498139,-2.6231085466835413,18.709999084472656,4.987812042236328,-17.63768577575684,-1.3828506469726562,-5.887998046874999,880.5249788314987,974.6824724809483,910.6689246401354,987.0448772226925,-5.867710001297135
30.18829200899941,-6.683762865999822,-2.536776238693019,18.729999542236328,4.708074092864991,-16.08748817443848,-1.349137544631958,-5.887998046874999,889.0770533446232,976.7146486028789,921.7612193056731,1001.354784081287,-5.88117144954763
30.19829200899941,-6.517891695439213,-2.451748459632611,18.75,4.814277172088624,-17.032001495361328,-1.3085076808929443,-5.6960009765625,903.471634208298,978.7468247248095,945.0465707027942,1004.9957662997459,-5.894254642042406
30.20829200899941,-6.35079074552016,-2.3682171010021715,18.78999900817871,4.786445617675781,-17.598831176757812,-1.2720727920532229,-5.4719970703125,923.1160033869602,994.0728196443691,961.8966977138018,986.8755292125317,-5.9069793005467455
30.218292008999413,-6.182260349095374,-2.285967643180443,18.799999237060547,6.6046509742736825,-16.97641181945801,-1.2431089878082275,-5.4719970703125,942.8450465707027,1009.060118543607,971.6342082980525,960.7112616426757,-5.9194207518793664
30.22829200899941,-6.012570645690632,-2.2052513357016577,18.86999893188477,7.259871482849121,-17.486438751220703,-1.2180027961730957,-5.1519970703125,966.3844199830652,1018.8823031329381,984.6740050804402,944.0304826418289,-5.931596121913381
30.23829200899941,-6.012570645690632,-2.2052513357016577,18.90999984741211,6.8624634742736825,-16.92131805419922,-1.1837676763534548,-4.8639990234375,985.9441151566468,1021.6765453005927,990.2624894157493,926.5029635901777,-5.931596121913381
30.24829200899941,-6.012570645690632,-2.2052513357016577,18.959999084472656,8.05710220336914,-16.62911415100098,-1.1518912315368652,-4.8639990234375,998.7298899237934,1029.805249788315,969.2633361558002,933.1922099915325,-5.931596121913381
30.258292008999412,-6.012570645690632,-2.2052513357016577,19.01000022888184,8.244806289672852,-16.81914329528809,-1.1144593954086306,-4.127998046875001,1001.4394580863675,1035.4784081287044,946.4013547840813,945.215918712955,-5.931596121913381
30.26829200899941,-5.293189238904297,-1.8801678792603047,19.09000015258789,10.305425643920898,-18.01118659973145,-1.08184552192688,-2.4319970703125,1002.1168501270109,1039.7967823878068,905.8425063505504,943.3530906011854,-5.96853035237976
30.278292008999408,-5.115894633539271,-1.8053667650816787,19.15999984741211,8.695478439331055,-17.050548553466797,-1.0553624629974363,-2.4319970703125,1005.3344623200677,1052.7519051651143,875.9525825571549,944.3691786621507,-5.979097051081995
30.28829200899941,-4.9376391610631325,-1.7319510966591396,19.209999084472656,9.12735366821289,-16.035898208618168,-1.0490654706954958,-0.32,1014.7332768839966,1063.1668077900085,870.3640982218459,953.7679932260795,-5.989576940766229
30.29829200899941,-4.758022361926973,-1.659371171937973,19.270000457763672,7.4003400802612305,-13.317923545837404,-1.031140208244324,0.8639990234375,1023.8780694326841,1060.8806096528365,876.2912785774766,958.9331075359864,-5.999899150106218
30.30829200899941,-4.577091522429895,-1.588245692336812,19.32999992370605,10.120184898376468,-15.894555091857912,-1.0256645679473877,0.8639990234375,1005.0804403048264,1058.9331075359864,879.6782387806943,968.2472480948348,-6.010150895254414
30.318292008999407,-4.394840856872832,-1.518526835385668,19.40999984741211,7.6190457344055185,-16.312347412109375,-0.9843423366546632,1.8239990234375003,993.5647756138865,1054.6994072819643,880.2709568162574,977.6460626587638,-6.020002053855082
30.32829200899941,-4.211180868104913,-1.4505858994623193,19.46999931335449,9.100149154663086,-18.749462127685547,-0.9474372863769532,3.2320019531249997,983.3192209991532,1054.2760372565622,883.657917019475,974.2591024555461,-6.029479354209856
30.33829200899941,-4.211180868104913,-1.4505858994623193,19.520000457763672,6.909131050109863,-17.333148956298828,-0.9196011424064636,3.2320019531249997,978.8314987298899,1045.8933107535986,892.8027095681625,975.783234546994,-6.029479354209856
30.348292008999408,-3.849352349655836,-1.3513440518622164,19.57999992370605,8.640086174011232,-18.69761276245117,-0.9024420976638794,3.7120019531249997,982.5571549534293,1042.4216765453004,890.008467400508,982.0491109229466,-6.056885753169461
30.358292008999406,-3.662549835634967,-1.2893784034030538,19.65999984741211,6.842398166656495,-16.578336715698246,-0.8741648197174072,3.9039990234375,994.3268416596104,1040.8975444538526,897.6291278577477,981.7950889077053,-6.065624683607205
30.368292008999408,-3.474349277597721,-1.2288268110702658,19.689998626708984,8.824806213378906,-16.551712036132812,-0.8573112487792969,3.9039990234375,1004.4877222692633,1035.3090601185436,902.9635901778154,984.419983065199,-6.07419840111583
30.37829200899941,-3.2850776973919293,-1.1697973624991154,19.75,6.4115948677063,-16.776945114135746,-0.8374477624893188,3.7439990234375,1016.5114309906858,1033.0228619813718,905.5038103302286,988.6536833192209,-6.082582254920163
30.388292008999407,-3.094696067338316,-1.1124700191041992,19.78999900817871,6.7683424949646005,-17.76364517211914,-0.8063689470291138,3.5839990234375,1018.3742591024555,1043.7764606265875,916.7654530059272,994.24216765453,-6.0906568951406195
30.398292008999405,-2.9036052207899403,-1.0567272691779808,19.84000015258789,6.197654724121094,-16.739944458007812,-0.7838914394378662,3.0080029296875,1022.9466553767993,1045.7239627434378,920.0677392040643,996.0203217612193,-6.098498418579191
30.408292008999407,-2.7113895627592,-1.0027820144865471,19.88999938964844,7.149710178375245,-18.400003433227543,-0.7598142623901367,3.0080029296875,1028.281117696867,1049.618966977138,924.3014394580863,1004.9110922946655,-6.106099452418328
30.41829200899941,-2.56389807060568,-0.9352612893081148,19.939998626708984,6.152921676635742,-17.57229804992676,-0.727209210395813,2.592001953125,1035.4784081287044,1051.2277730736664,934.3776460626588,1014.1405588484334,-6.115446574617732
30.428292008999406,-2.56389807060568,-0.9352612893081148,20.01000022888184,8.550714492797852,-17.940614700317386,-0.7127987146377563,1.8239990234375003,1038.0186282811176,1052.1591871295511,932.2607959356477,1016.7654530059272,-6.115446574617732
30.438292008999404,-2.176098732085625,-0.8353476457818251,20.059999465942383,6.751522541046144,-16.478439331054688,-0.6911402940750122,1.8239990234375003,1039.204064352244,1050.3810330228619,940.3048264182895,1026.4182895850972,-6.1294835054244
30.448292008999406,-1.9806630600776551,-0.7881092535831014,20.11999893188477,7.159240245819093,-19.34958076477051,-0.6714147329330444,1.44,1037.4259102455546,1053.683319220999,941.4055884843352,1029.805249788315,-6.1361986068171
30.458292008999408,-1.7840272755341997,-0.7424397116376791,20.18000030517578,7.234543323516847,-18.04672241210937,-0.6700230836868286,1.0239990234375,1039.2887383573243,1059.441151566469,947.4174428450465,1017.4428450465707,-6.142907457545515
30.468292008999406,-1.5866871405469332,-0.6986253213943467,20.270000457763672,8.233632087707521,-18.69894790649414,-0.6726720929145814,0.64,1032.4301439458086,1057.917019475021,948.4335309060118,1017.696867061812,-6.149628398468675
30.478292008999404,-1.388406016616155,-0.6566230144132498,20.31999969482422,7.295681476593018,-19.27743911743164,-0.6891221404075624,0.32,1046.4860287891618,1047.332768839966,952.0745131244707,1010.0762066045723,-6.156514191416559
30.488292008999405,-1.189117608724335,-0.6163117470662767,20.399999618530277,7.166469573974609,-18.480792999267575,-0.6879249215126039,-0.127998046875,1051.1430990685858,1039.204064352244,945.8086367485182,1008.8907705334462,-6.163390645831722
30.498292008999407,-0.9890182718162444,-0.577665093701728,20.46999931335449,6.132664680480957,-17.632797241210938,-0.6723904013633729,-0.127998046875,1058.679085520745,1040.7281964436918,953.0059271803556,1011.0922946655377,-6.170113260950028
30.508292008999405,-0.9890182718162444,-0.577665093701728,20.520000457763672,5.284459114074707,-18.57822036743164,-0.6529027819633485,-0.2560009765625,1063.251481795089,1049.2802709568161,953.259949195597,1008.467400508044,-6.170113260950028
30.518292008999403,-0.9890182718162444,-0.577665093701728,20.549999237060547,5.114331722259522,-17.623094558715824,-0.6460183262825013,-0.2560009765625,1060.7112616426757,1048.0101608806096,951.3971210838272,1004.5723962743438,-6.170113260950028
30.528292008999404,-0.4245113866587016,-0.4192028701652504,20.57999992370605,3.9311914443969727,-17.977943420410156,-0.6300113201141357,-0.2560009765625,1062.320067739204,1043.9458086367486,955.207451312447,1005.4191363251481,-6.191560495676325
30.538292008999406,-0.2224189767176484,-0.3870673843091093,20.6299991607666,6.150623321533203,-18.616369247436527,-0.6132656931877137,-0.2560009765625,1060.8806096528365,1044.1151566469093,951.735817104149,1006.4352243861134,-6.197688906555524
30.548292008999404,-0.0195446638793768,-0.3566582859947066,20.68000030517578,4.544754505157472,-17.74526596069336,-0.578065574169159,-0.2239990234375,1055.0381033022861,1042.8450465707028,949.5342929720575,1009.7375105842506,-6.203472726680528
30.558292008999402,0.183779208334149,-0.3282119314102865,20.739999771118164,5.396875381469727,-18.53756904602051,-0.5387136340141297,-0.2239990234375,1044.1151566469093,1042.506350550381,949.4496189669771,1006.1812023708721,-6.2088551056275465
30.568292008999403,0.3877082794367971,-0.3014418577279937,20.75,2.7892098426818848,-17.335458755493168,-0.5084517002105713,-0.19199707031250002,1033.869602032176,1027.0956816257408,950.4657070279424,991.1939034716341,-6.213943254510636
30.578292008999405,0.5915234486426055,-0.276522546098863,20.770000457763672,1.7235422134399414,-17.535903930664062,-0.4811407327651977,-0.2239990234375,1032.3454699407282,1024.2167654530058,947.5867908552074,987.9762912785775,-6.218749609882619
30.588292008999403,0.7955947427311919,-0.2533143593818333,20.76000022888184,-0.0747928619384765,-16.886632919311527,-0.4413440227508545,-0.2239990234375,1031.4987298899237,1025.3175275190515,947.0787468247248,986.3674851820491,-6.223163572024217
30.5982920089994,1.0001179783513905,-0.231697506849757,20.770000457763672,1.9049172401428225,-15.934076309204102,-0.4065785706043244,-0.2560009765625,1034.6316680779,1013.7171888230313,943.3530906011854,976.7993226079593,-6.2272310986987565
30.608292008999403,1.2045213608208802,-0.2117026779683747,20.779998779296875,0.6505126953125,-15.454137802124023,-0.3662628531455993,-0.2560009765625,1033.1075359864521,1008.8060965283657,943.7764606265875,976.4606265876375,-6.230891453316663
30.618292008999404,1.2045213608208802,-0.2117026779683747,20.779998779296875,-0.5464954376220703,-14.648330688476562,-0.3088638484477997,-0.2560009765625,1035.9017781541068,1011.8543607112616,939.1193903471634,974.6824724809483,-6.230891453316663
30.628292008999402,1.6019352736338195,-0.1056046328495954,20.770000457763672,-0.4047193527221679,-15.52922248840332,-0.2703672647476196,-0.2239990234375,1023.454699407282,1006.2658763759525,940.38950042337,973.2430143945808,-6.2343114877882435
30.6382920089994,1.806227726380295,-0.0890588846483902,20.75,-1.474886417388916,-15.551048278808594,-0.235310360789299,-0.127998046875,1020.0677392040643,1006.0118543607113,942.1676545300593,970.5334462320068,-6.236665206278023
30.6482920089994,2.0104179878306208,-0.0738742796880996,20.729999542236328,-1.5635347366333008,-13.975826263427734,-0.2179938405752182,-0.127998046875,1026.8416596104996,1006.0118543607113,947.0787468247248,971.8035563082134,-6.238845662342641
30.658292008999403,2.214215162391736,-0.0601004439528723,20.739999771118164,-0.5936541557312012,-13.822734832763672,-0.213117241859436,-0.0639990234375,1029.3818797629128,1000.9314140558848,954.6994072819643,968.8399661303979,-6.240972717028882
30.6682920089994,2.418636734393197,-0.0476083422863727,20.71999931335449,0.4474606513977051,-13.218786239624023,-0.2006371021270752,0.0,1026.0795935647757,996.4436917866215,950.4657070279424,965.3683319220999,-6.242979851506533
30.6782920089994,2.622908313838034,-0.0363001725566603,20.729999542236328,-0.5177173614501953,-11.996042251586914,-0.1826118975877762,0.0,1017.7815410668924,995.5122777307366,947.3327688399661,965.791701947502,-6.244805794588611
30.6882920089994,2.827145064327402,-0.026185543247153,20.709999084472656,-2.8161444664001465,-11.68210792541504,-0.1627297699451446,0.0639990234375,999.4919559695173,984.7586790855207,939.7121083827265,963.5901778154106,-6.246435457401983
30.698292008999402,3.0302271532778384,-0.0173393787961393,20.670000076293945,-4.704642772674561,-11.858430862426758,-0.1491825580596923,0.0639990234375,987.3835732430143,984.7586790855207,938.6113463166807,965.3683319220999,-6.247924791807318
30.7082920089994,3.0302271532778384,-0.0173393787961393,20.649999618530277,-4.406645774841309,-11.084708213806154,-0.1545671075582504,0.0960009765625,978.8314987298899,980.5249788314987,944.5385266723116,964.2675698560541,-6.247924791807318
30.7182920089994,3.0302271532778384,-0.0173393787961393,20.61999893188477,-4.307293891906738,-11.847256660461428,-0.1609815210103989,0.0,968.3319220999152,976.0372565622354,939.9661303979677,962.9127857747671,-6.247924791807318
30.7282920089994,3.633626829141165,0.089906978943964,20.56999969482422,-3.8095531463623047,-11.737114906311035,-0.1659766435623169,0.0,963.4208298052497,974.0050804403048,938.6113463166807,958.7637595258255,-6.255162371102298
30.7382920089994,3.835197472684316,0.0954985193279008,20.520000457763672,-4.518471717834473,-10.987200736999512,-0.1734117865562439,-0.0639990234375,957.0702794242168,974.5977984758679,936.6638441998306,962.1507197290431,-6.256895246976324
30.7482920089994,4.036536382488936,0.1002576833054554,20.46999931335449,-4.409723281860352,-9.22469711303711,-0.1774636209011078,-0.2560009765625,952.0745131244707,972.2269263336156,937.0872142252329,962.2353937341236,-6.258670219977905
30.758292008999398,4.237254586556829,0.1041259668759815,20.43000030517578,-5.588418006896973,-9.148809432983398,-0.1949050575494766,-0.2560009765625,940.8128704487722,969.2633361558002,935.3090601185436,963.2514817950889,-6.260619408101601
30.7682920089994,4.437209234146976,0.1071289999992902,20.36999893188477,-6.097426891326905,-9.076670646667482,-0.2216920852661132,-0.3519970703125,936.6638441998306,967.9932260795936,935.5630821337849,957.8323454699407,-6.262834846885705
30.7782920089994,4.637518329883592,0.1093076215692031,20.28999900817871,-5.62867021560669,-8.872076988220217,-0.2494896650314331,-0.6719970703125,936.155800169348,964.9449618966977,931.160033869602,960.965283657917,-6.265339079983217
30.7882920089994,4.836564585516788,0.1105046274500976,20.21999931335449,-5.530038356781007,-9.74250030517578,-0.2761558294296264,-0.6719970703125,935.1397121083827,962.9974597798475,929.7205757832345,953.7679932260795,-6.268100833165927
30.798292008999397,5.034835573558103,0.110753618536776,20.170000076293945,-5.439085006713867,-9.765583992004396,-0.2943428158760071,-0.8,930.5673158340389,962.4047417442845,925.2328535139711,949.5342929720575,-6.2710407496778195
30.8082920089994,5.232815192929973,0.1101782663595331,20.1299991607666,-5.523365020751953,-8.991353988647461,-0.3152711689472199,-1.0239990234375,927.2650296359018,955.3767993226079,919.4750211685013,944.2845046570702,-6.274193759026647
30.8182920089994,5.430041359188972,0.108904594125056,20.049999237060547,-7.373971939086914,-7.816771507263184,-0.3311386704444885,-1.0239990234375,917.3581710414902,959.1871295512277,918.8823031329382,946.0626587637595,-6.277506642615723
30.828292008999398,5.430041359188972,0.108904594125056,19.979999542236328,-7.288695812225343,-6.591490268707276,-0.3401176333427429,-1.1519970703125,910.8382726502963,955.1227773073666,912.7857747671464,940.6435224386113,-6.277506642615723
30.838292008999396,5.850893114216293,0.147831350628106,19.90999984741211,-6.49817991256714,-6.382911205291749,-0.3498803377151489,-1.3760009765625,908.5520745131245,948.3488569009314,905.8425063505504,941.4055884843352,-6.283949810677254
30.848292008999397,6.047106984890778,0.1454619776725236,19.85999870300293,-6.51849126815796,-6.390493869781495,-0.3589502573013305,-1.3760009765625,910.2455546147332,944.2845046570702,903.5563082133784,935.1397121083827,-6.287550777602033
30.8582920089994,6.24107085085564,0.1424325019484835,19.799999237060547,-6.489431381225586,-6.796051025390625,-0.3654062449932099,-1.4719970703125,913.7171888230313,944.9618966977138,902.1168501270109,933.9542760372565,-6.291186454323619
30.868292008999397,6.4354187092892365,0.1385267765401827,19.729999542236328,-5.990161895751953,-8.044228553771974,-0.3643967807292939,-1.5039990234375002,908.7214225232854,936.5791701947502,906.2658763759525,933.1075359864521,-6.294830158018866
30.878292008999395,6.629194364029821,0.1337506861524524,19.68000030517578,-6.508596420288086,-8.576000213623047,-0.3683474063873291,-1.5039990234375002,895.4276037256562,927.9424216765452,899.7459779847586,919.8983911939034,-6.29851556062894
30.888292008999397,6.629194364029821,0.1337506861524524,19.57999992370605,-8.863039016723633,-7.367976665496827,-0.3669629096984863,-1.5360009765625,885.012701100762,925.402201524132,896.2743437764606,917.8662150719729,-6.29851556062894
30.898292008999398,7.058967926741701,0.1399494838927459,19.459999084472656,-8.335887908935547,-6.724370002746582,-0.3735352754592895,-1.5039990234375002,878.2387806943268,920.8298052497883,898.5605419136325,920.9991532599491,-6.301706295051828
30.908292008999396,7.250923565461226,0.1339702946735271,19.40999984741211,-7.916288852691651,-5.876762866973878,-0.3722033202648163,-1.5039990234375002,867.8238780694327,910.584250635055,884.5046570702793,906.0118543607113,-6.30542992202823
30.918292008999394,7.441745477403618,0.1276205888304181,19.34000015258789,-9.232919692993164,-4.4963135719299325,-0.3628756105899811,-1.4719970703125,852.1591871295512,911.4309906858595,879.0008467400507,905.7578323454699,-6.309057636478029
30.928292008999396,7.63173600145274,0.120709833726936,19.26000022888184,-9.693174362182615,-5.161044120788574,-0.3455986976623535,-1.3760009765625,840.0508044030482,907.70533446232,877.5613886536833,905.3344623200677,-6.312515844881828
30.938292008999397,7.820801501116713,0.1133001921408062,19.170000076293945,-8.814054489135742,-5.207230091094972,-0.3433561623096466,-1.3760009765625,834.8010160880609,903.3869602032175,874.428450465707,892.887383573243,-6.315950303717797
30.948292008999395,8.008454808985283,0.1053188321037217,19.100000381469727,-10.529591560363771,-5.848338127136231,-0.340622752904892,-1.3119970703125001,828.7891617273497,900.2540220152413,870.956816257409,892.2099915325995,-6.319352792301947
30.958292008999393,8.195421832836464,0.0966317346657787,18.96999931335449,-10.137362480163576,-6.852629661560059,-0.3439018428325653,-1.1839990234375002,815.1566469093988,891.9559695173581,869.6867061812023,884.0812870448772,-6.322794185235642
30.968292008999395,8.195421832836464,0.0966317346657787,18.86999893188477,-10.537069320678713,-6.321156978607179,-0.3451049923896789,-1.1839990234375002,812.1930567315834,887.3835732430143,866.9771380186282,878.1541066892464,-6.322794185235642
30.978292008999397,8.195421832836464,0.0966317346657787,18.779998779296875,-11.056187629699709,-7.000863075256348,-0.3435460031032563,-1.12,810.8382726502963,883.8272650296359,865.3683319220999,874.7671464860288,-6.322794185235642
30.988292008999395,8.796516367050922,0.063246323610046,18.68000030517578,-9.806227684020998,-7.984885215759277,-0.340199500322342,-1.0879980468750001,800.0,878.4928027095681,854.6994072819645,875.4445385266723,-6.333932646409318
30.998292008999393,8.97988030430546,0.0519536194859514,18.59000015258789,-9.581863403320312,-5.74769401550293,-0.3404717743396759,-0.9919970703125001,790.2624894157493,873.8357324301439,853.6833192209991,870.194750211685,-6.337336062108976
31.008292008999394,9.162261950461964,0.0403406300476494,18.489999771118164,-9.306624412536625,-4.315878868103027,-0.3322088122367859,-0.9919970703125001,779.0008467400507,870.7027942421677,849.0262489415749,865.198983911939,-6.340656008534824
31.018292008999396,9.343842099015472,0.0284648947394601,18.40999984741211,-10.180915832519531,-3.329056024551392,-0.3186838030815124,-0.927998046875,762.9974597798475,864.8602878916172,839.6274343776461,859.4411515664691,-6.343845654791595
31.028292008999394,9.524392050813695,0.0163217313227305,18.31999969482422,-9.589363098144531,-3.142451763153076,-0.3045530617237091,-0.7039990234375,741.151566469094,857.9170194750211,842.0829805249788,857.0702794242168,-6.346892489504336
31.03829200899939,9.70381919265374,0.0039089055203547,18.209999084472656,-9.583381652832031,-3.189911365509033,-0.2929460108280182,-0.7039990234375,728.4504657070279,853.85266723116,839.3734123624047,851.8204911092295,-6.349820829318519
31.048292008999393,9.882595227975084,-0.0090240043823922,18.10999870300293,-9.780609130859377,-4.578273296356202,-0.2739426791667939,-0.5760009765625,708.6367485182049,844.3691786621507,831.4987298899238,841.9983065198984,-6.352564956035417
31.058292008999395,10.059757288385384,-0.0223893180908175,17.989999771118164,-9.844076156616213,-5.139159202575684,-0.2710440456867218,-0.32,699.4072819644368,840.0508044030482,831.0753598645216,838.865368331922,-6.355270999615742
31.068292008999393,10.059757288385384,-0.0223893180908175,17.920000076293945,-10.458433151245115,-5.097112178802491,-0.2612542510032654,-0.32,697.883149872989,838.9500423370025,829.2972057578323,837.1718882303132,-6.355270999615742
31.07829200899939,10.443996550250873,-0.0523440511849833,17.81999969482422,-10.77163314819336,-4.516039371490479,-0.245835468173027,-0.19199707031250002,696.6130397967823,834.2082980524979,821.16850127011,831.3293818797629,-6.361248138659009
31.088292008999392,10.61864267695698,-0.0669419135129454,17.719999313354492,-10.119749069213867,-3.860932588577271,-0.2325741946697235,0.032001953125,691.1092294665538,829.2972057578323,818.6282811176968,825.9949195596952,-6.3635724921374806
31.098292008999394,10.792471928819594,-0.0818473593105434,17.600000381469727,-10.539079666137695,-3.6117172241210938,-0.2193067967891693,0.032001953125,683.4885690093141,824.4707874682472,816.934801016088,823.6240474174429,-6.365767858633754
31.108292008999392,10.964929260719613,-0.096881874948082,17.479999542236328,-10.468866348266602,-2.651984214782715,-0.2041224539279937,0.16,669.5173581710415,817.5275190516511,807.4513124470787,811.6003386960203,-6.367807523895637
31.11829200899939,11.13680557834232,-0.1120883925856225,17.3799991607666,-9.570165634155272,-2.067236185073853,-0.1794683635234832,0.2880029296875,659.1024555461473,808.1287044877222,802.0321761219305,805.8425063505504,-6.369604473614716
31.12829200899939,11.222278117197895,-0.1198049469955963,17.279998779296875,-10.087294578552248,-3.1877031326293945,-0.1596916168928146,0.38399902343750003,647.502116850127,806.1812023708721,799.1532599491956,800.7620660457239,-6.370401008228567
31.138292008999393,11.45981396634349,-0.141721802520758,17.15999984741211,-9.611980438232422,-2.9083476066589355,-0.1394114345312118,0.6080029296874999,636.4098221845893,799.0685859441152,797.7138018628281,794.6655376799322,-6.37235392314267
31.14829200899939,11.62845733886962,-0.1575091824509959,17.079999923706055,-9.391738891601562,-1.9507362842559812,-0.1159731745719909,0.6080029296874999,639.796782387807,794.8348856900931,793.9034716342082,791.1092294665538,-6.3735124648255255
31.15829200899939,11.796631504098624,-0.173559997407788,16.969999313354492,-10.108591079711914,-2.471542835235596,-0.0989540219306945,0.7360009765625,654.9534292972057,789.6697713801863,786.53683319221,785.4360711261643,-6.374504552088682
31.16829200899939,11.796631504098624,-0.173559997407788,16.85999870300293,-10.623682975769045,-2.698025703430176,-0.0928593575954437,0.8639990234375,657.7476714648602,784.5046570702793,783.9966130397968,781.9644369178662,-6.374504552088682
31.178292008999392,12.166153520399298,-0.1940902686905875,16.729999542236328,-11.699866294860842,-2.0497913360595703,-0.0878766849637031,0.8639990234375,660.2878916172734,780.4403048264182,775.4445385266723,777.8154106689246,-6.37825715963227
31.18829200899939,12.331133224910516,-0.2103030035977237,16.60999870300293,-11.325553894042969,-1.5362682342529297,-0.0837516412138939,0.9280029296874999,671.4648602878916,773.4123624047417,774.8518204911092,772.6502963590177,-6.379095154476426
31.19829200899939,12.494972123031106,-0.2266018178713401,16.489999771118164,-10.945379257202148,-1.725841045379639,-0.0757895335555076,1.0560009765625,673.4970364098222,766.2997459779847,768.4165961049957,763.1668077900084,-6.3798532478551575
31.20829200899939,12.657652253874096,-0.242921510417737,16.3799991607666,-10.109111785888672,-1.2899298667907717,-0.0598560310900211,1.0560009765625,673.2430143945809,758.1710414902625,765.5376799322607,757.9170194750211,-6.38045129384679
31.21829200899939,12.819475061220038,-0.2591167137253816,16.260000228881836,-10.48093032836914,0.1561198234558105,-0.0312906354665756,1.1839990234375002,675.3598645215918,750.2963590177815,762.0660457239627,750.8044030482641,-6.380764319267347
31.22829200899939,12.98035556363048,-0.2750969997268693,16.15999984741211,-10.362502098083498,1.1772127151489258,-0.0026606619358062,1.44,668.4165961049957,743.5224386113463,758.679085520745,747.4174428450466,-6.380790948063624
31.238292008999387,13.13994206454181,-0.2909056113624473,16.059999465942383,-10.345375061035156,1.0033717155456543,0.026266437023878,1.44,662.6587637595258,741.744284504657,753.3446232006773,743.0990685859441,-6.380528509390519
31.24829200899939,13.2986674575647,-0.3065863904305864,15.949999809265137,-10.912175178527834,0.8409423828125,0.0460459999740123,1.6,664.436917866215,732.9381879762913,752.3285351397121,738.1879762912786,-6.380067720483251
31.25829200899939,13.456073161879637,-0.3221025481303038,15.859999656677246,-11.34462547302246,0.6772732734680176,0.0605803728103637,1.8880029296875,662.4894157493649,725.5715495342929,747.2480948348857,732.3454699407282,-6.3794621484286695
31.26829200899939,13.456073161879637,-0.3221025481303038,15.75999927520752,-11.024646759033203,1.146226406097412,0.0784381702542305,1.8880029296875,662.6587637595258,720.8298052497883,743.6917866215072,722.6079593564775,-6.3794621484286695
31.278292008999387,13.790279106122917,-0.3326109823186249,15.630000114440918,-11.484363555908203,1.1978769302368164,0.1037599146366119,2.08,672.3962743437764,717.9508890770533,735.5630821337849,711.8543607112616,-6.378897714433433
31.288292008999388,13.944858773576405,-0.3472283885229739,15.5,-11.674374580383304,1.3438167572021484,0.1311224848031998,2.3360009765624996,677.307366638442,709.4834885690093,730.7366638441998,708.5520745131245,-6.377585334140531
31.29829200899939,14.098187254752698,-0.3614865587896643,15.380000114440918,-11.149215698242188,2.289696216583252,0.1540071815252304,2.3360009765624996,680.9483488569009,696.9517358171041,723.0313293818797,697.9678238780695,-6.376045814566607
31.308292008999388,14.250525877546202,-0.3754795100652025,15.279999732971191,-10.50460433959961,2.1529126167297363,0.1767028421163559,2.4960009765624998,680.6943268416596,683.9119390347163,722.8619813717188,690.2624894157493,-6.37427933551074
31.318292008999386,14.401959274690904,-0.3891705053614492,15.1899995803833,-11.06083869934082,2.483297824859619,0.2062515020370483,2.752001953125,668.077900084674,676.3759525825571,715.9187129551227,685.6054191363252,-6.372214658792974
31.328292008999387,14.55215957064484,-0.4023707641014596,15.06999969482422,-10.751349449157717,3.698461771011353,0.2392665445804596,2.752001953125,663.6748518204911,664.9449618966977,712.5317527519052,676.4606265876375,-6.369822851312837
31.33829200899939,14.70126328910897,-0.4152050650888895,14.949999809265137,-11.789658546447756,3.334437370300293,0.268181711435318,2.9120019531249994,662.4894157493649,663.4208298052498,708.9754445385266,669.9407281964436,-6.367140077663525
31.348292008999387,14.849149299792494,-0.4276129376118403,14.81999969482422,-12.04298973083496,3.572807788848877,0.2979356646537781,3.2320019531249997,658.8484335309059,661.3039796782388,700.9314140558848,671.0414902624893,-6.364160297657937
31.358292008999385,14.996008393199546,-0.4395164376098395,14.679999351501465,-11.916728019714355,4.231040000915527,0.3211869299411774,3.2320019531249997,663.1668077900084,657.5783234546993,697.121083827265,662.4047417442845,-6.360945291767412
31.368292008999386,15.141459286606423,-0.450878235495749,14.549999237060549,-11.510220527648928,4.456384658813477,0.3379779756069184,3.3920019531249994,665.7917019475021,648.4335309060118,689.8391193903472,664.6062658763759,-6.357569544245988
31.378292008999388,15.141459286606423,-0.450878235495749,14.429999351501465,-10.651687622070312,4.399775028228761,0.3515024781227112,3.5839990234375,657.9170194750211,638.9500423370025,684.5893310753598,660.0338696020322,-6.357569544245988
31.388292008999386,15.4422669179004,-0.472605235849856,14.329999923706056,-10.368215560913086,5.250245571136476,0.3640684485435486,3.5839990234375,644.1151566469093,632.7688399661304,687.0448772226925,650.6350550381032,-6.3536325376074245
31.398292008999384,15.585154511832116,-0.4825404933333023,14.1899995803833,-10.65923309326172,4.779411792755128,0.380216270685196,3.6480029296875003,641.151566469094,624.3014394580863,676.7993226079593,648.3488569009314,-6.349828112261022
31.408292008999386,15.726879917572647,-0.4920522950807495,14.09000015258789,-10.214786529541016,4.001337051391602,0.3903534710407257,3.7120019531249997,630.8213378492802,610.4149026248941,669.5173581710415,643.7764606265877,-6.345927466366433
31.418292008999387,15.867693464866022,-0.5011785117373642,13.989999771118164,-10.68869495391846,3.510797500610352,0.3875182569026947,3.7120019531249997,622.4386113463166,597.2904318374259,660.3725656223539,632.3454699407282,-6.342050809228233
31.428292008999385,16.007449480315106,-0.5100218744822921,13.869999885559082,-10.930451393127443,2.544976234436035,0.3762119114398957,3.7120019531249997,616.4267569856054,594.24216765453,659.4411515664691,626.5029635901778,-6.338286361608027
31.438292008999383,16.145844759922213,-0.5185136133500715,13.739999771118164,-11.51748275756836,2.54563570022583,0.3606288135051728,3.6480029296875003,605.2497883149873,583.9119390347163,643.861134631668,616.5114309906859,-6.334683000252916
31.448292008999385,16.283307674528494,-0.5266846601502173,13.609999656677246,-11.533380508422852,2.542212963104248,0.3445528149604797,3.4880029296875,595.9356477561388,579.3395427603725,640.1354784081287,614.5639288738357,-6.331235093103238
31.458292008999386,16.43267479840964,-0.5399390778119593,13.489999771118164,-12.764102935791016,3.663215160369873,0.3342015147209167,3.4880029296875,588.2303132938188,583.5732430143945,633.9542760372566,613.46316680779,-6.328938946760172
31.468292008999384,16.43267479840964,-0.5399390778119593,13.369999885559082,-11.606807708740234,4.078726768493652,0.3276793956756592,3.3920019531249994,567.6545300592718,592.2946655376799,630.8213378492802,610.4149026248941,-6.328938946760172
31.478292008999382,16.701814205999646,-0.5539833050335732,13.25999927520752,-12.228841781616213,5.293581485748292,0.3261879980564118,3.2960009765625,551.9051651143099,594.3268416596105,621.5918712955123,609.3141405588484,-6.322400822732416
31.488292008999384,16.834717886173298,-0.5600619351818046,13.119999885559082,-11.299503326416016,5.639913558959961,0.3254578411579132,3.2,545.8086367485182,592.5486875529213,619.5596951735816,604.9110922946655,-6.319146325019841
31.498292008999385,16.966444903727275,-0.5658044014581737,12.989999771118164,-11.648330688476562,3.683210849761963,0.3068250715732575,3.0720019531249996,532.7688399661304,580.186282811177,613.46316680779,599.1532599491956,-6.316078296688613
31.508292008999383,17.09694895750399,-0.5712600680246203,12.869999885559082,-11.422698974609377,2.5942635536193848,0.2750745415687561,2.7839990234375,524.7248094834886,574.1744284504657,611.0076206604572,588.9077053344623,-6.3133299148799695
31.51829200899938,17.226549409013444,-0.5764661759962825,12.75,-11.662483215332031,2.194221019744873,0.2542617619037629,2.7839990234375,518.7976291278577,570.956816257409,605.0804403048264,585.1820491109229,-6.310784208028633
31.528292008999383,17.35486608601899,-0.5814003425065263,12.639999389648438,-11.77227020263672,2.101837158203125,0.230878546833992,2.6239990234375,514.3945808636748,560.2878916172734,595.5122777307366,575.5292125317527,-6.308474544030362
31.538292008999385,17.48235322192607,-0.58612255690964,12.519999504089355,-12.113006591796877,1.893328666687012,0.2170412838459015,2.432001953125,509.9068585944115,550.2116850127011,591.6172734970364,570.6181202370872,-6.306296474753943
31.548292008999383,17.608474746828687,-0.590455760809025,12.389999389648438,-11.331057548522953,2.849435806274414,0.2010442912578582,2.432001953125,500.5080440304826,548.9415749364945,585.5207451312447,566.2997459779847,-6.304283349527794
31.55829200899938,17.732921600100223,-0.594410688048595,12.279999732971191,-11.270645141601562,3.195871353149414,0.2001125514507293,2.3039990234375005,495.004233700254,538.272650296359,573.07366638442,566.5537679932261,-6.302288571424882
31.568292008999382,17.732921600100223,-0.594410688048595,12.139999389648438,-11.367223739624023,4.418418407440186,0.1970699280500412,2.1760009765625,478.74682472480947,529.805249788315,570.4487722269263,562.4894157493649,-6.302288571424882
31.578292008999384,17.984503638140367,-0.593571556362684,12.019999504089355,-11.398120880126951,4.09516716003418,0.1957719177007675,2.1760009765625,464.01354784081286,530.397967823878,565.4530059271804,549.8729889923793,-6.294669976868829
31.58829200899938,18.1058430961767,-0.5960762537214468,11.899999618530272,-11.89305305480957,2.822628974914551,0.1910576224327087,2.1439990234375004,464.69093988145636,524.8941574936495,553.6833192209991,530.3132938187977,-6.292760905672236
31.59829200899938,18.226053228974248,-0.5982497306477285,11.800000190734863,-12.635381698608398,3.1571106910705566,0.1985172480344772,2.1439990234375004,463.9288738357324,524.809483488569,541.9136325148179,533.4462320067739,-6.290774504499894
31.60829200899938,18.34491334870677,-0.5998664497623766,11.679999351501465,-12.202961921691896,4.792542457580566,0.2103040367364883,2.1439990234375004,469.0939881456393,524.2167654530059,540.8975444538527,537.0025402201524,-6.288672920209444
31.618292008999383,18.46284730955757,-0.6012522037388117,11.559999465942385,-11.95765495300293,3.076898097991944,0.204756572842598,2.2080029296875,450.2963590177815,514.225232853514,543.1837425910245,518.6282811176968,-6.286622280914146
31.62829200899938,18.579558816008788,-0.6023980968289404,11.429999351501465,-12.15384292602539,2.488600730895996,0.1906772702932358,2.3039990234375005,441.32091447925484,503.8950042337002,537.7646062658764,509.0601185436071,-6.284712555064403
31.63829200899938,18.69452585409916,-0.6032226377104664,11.289999961853027,-12.17724132537842,2.923175811767578,0.188287615776062,2.3039990234375005,453.1752751905165,496.6977138018628,531.160033869602,504.4877222692633,-6.282835426784318
31.64829200899938,18.808676049899105,-0.6037398060657857,11.170000076293944,-12.425363540649414,3.0907559394836426,0.1929855346679687,2.4,459.18712955122777,485.18204911092295,523.7087214225232,496.6977138018628,-6.2809040549039725
31.658292008999382,18.808676049899105,-0.6037398060657857,11.050000190734863,-12.444372177124023,2.905587673187256,0.2051723152399063,2.6560009765625,467.1464860287891,479.3395427603725,518.2049110922947,488.1456392887383,-6.2809040549039725
31.66829200899938,19.03610725477386,-0.6153312020425394,10.920000076293944,-13.059062957763672,3.560253143310547,0.2190879881381988,2.6560009765625,464.7756138865368,480.86367485182046,517.1041490262489,484.25063505503806,-6.276588025258584
31.678292008999378,19.146018501597425,-0.6150535280774747,10.800000190734863,-12.757049560546877,3.911964893341065,0.2278275340795517,2.7839990234375,448.4335309060118,479.08552074513125,506.7739204064352,458.848433530906,-6.274316813471725
31.68829200899938,19.25507213084374,-0.6143692276848673,10.670000076293944,-12.940109252929688,4.148457050323487,0.235600084066391,3.1039990234375,438.1879762912786,476.9686706181202,497.7984758679085,442.59102455546144,-6.271958399506116
31.69829200899938,19.362545040983623,-0.613234740928362,10.539999961853027,-13.689242362976076,4.59438419342041,0.2469824701547623,3.1039990234375,422.86198137171885,478.0694326841659,496.5283657917019,438.9500423370025,-6.269489931519797
31.70829200899938,19.46867544692788,-0.6115121974222187,10.399999618530272,-14.06062412261963,5.729731559753418,0.2667886018753052,3.2960009765625,416.0033869602032,460.62658763759526,481.87976291278574,438.61134631668074,-6.266821221149667
31.718292008999377,19.57360172927694,-0.6093608597007601,10.269999504089355,-12.82356357574463,4.974165916442871,0.276119202375412,3.5839990234375,402.3708721422523,432.6841659610499,474.93649449618965,436.32514817950886,-6.264058517624389
31.72829200899938,19.67723281583747,-0.6069266627493449,10.119999885559082,-12.06929683685303,3.901345252990722,0.3013019263744355,3.84,395.4276037256562,415.7493649449619,475.190516511431,434.20829805249787,-6.26104736896949
31.73829200899938,19.7798240895565,-0.6040861719425517,10.010000228881836,-10.965675354003906,4.441245555877686,0.3392402827739716,4.3839990234375,380.0169348010161,386.70618120237083,466.97713801862824,428.45046570702794,-6.257656748763094
31.74829200899938,19.88126617510317,-0.6008336724022598,9.899999618530272,-12.123135566711428,4.706545829772949,0.3789643049240112,4.3839990234375,394.1574936494496,393.9034716342083,462.8281117696867,420.74513124470786,-6.253864127707613
31.758292008999376,19.88126617510317,-0.6008336724022598,9.779999732971191,-13.100992202758787,3.232266902923584,0.3924621343612671,4.64,431.83742591024554,392.6333615580017,455.88484335309056,406.18120237087214,-6.253864127707613
31.768292008999378,20.075683024113005,-0.6122340393093646,9.619999885559082,-13.669042587280272,3.678370952606201,0.3866932988166809,5.1520019531250005,449.1955969517358,385.35139712108383,450.38103302286197,391.44792548687553,-6.247754575936208
31.77829200899938,20.1729975264873,-0.6085374291581285,9.479999542236328,-12.764638900756836,3.691563129425049,0.3922296464443207,5.1520019531250005,434.54699407281964,382.0491109229466,441.74428450465706,373.7510584250635,-6.243830506430493
31.788292008999377,20.268787955527028,-0.6044027438416797,9.31999969482422,-13.864844322204592,4.656083106994629,0.4056800603866577,5.3439990234375,416.1727349703641,381.87976291278574,430.9060118543607,374.25910245554616,-6.239774580190465
31.798292008999375,20.363555028457977,-0.5999080975493367,9.170000076293944,-13.90785789489746,4.341834545135499,0.4200185835361481,5.632001953125,400.08467400508044,381.20237087214224,423.45469940728196,376.1219305673158,-6.2355577750818885
31.808292008999377,20.45603186243101,-0.5950902850701668,9.029999732971191,-14.536399841308594,4.398965835571289,0.4258497059345246,5.632001953125,382.30313293818796,377.64606265876375,411.93903471634206,377.5613886536833,-6.231318775936268
31.81829200899938,20.547669066660315,-0.5898948163402031,8.899999618530273,-13.606019973754885,4.303319454193116,0.4278164505958557,5.7280029296875,352.24386113463163,370.27942421676545,406.01185436071125,369.2633361558002,-6.227037147531016
31.828292008999377,20.6380825249546,-0.5843798879129884,8.75,-13.459709167480469,4.0558228492736825,0.4324379861354828,5.9839990234375,339.20406435224385,357.66299745977983,404.995766299746,361.30397967823876,-6.222702564769941
31.838292008999375,20.72677227113268,-0.5786391181403836,8.609999656677246,-13.251444816589355,3.607062339782715,0.4380080401897431,5.9839990234375,342.9297205757832,342.76037256562233,405.58848433530903,352.66723116003385,-6.218331573890362
31.848292008999376,20.814281443981148,-0.5725843479810196,8.479999542236328,-13.317092895507812,3.895610809326172,0.4497902393341064,6.1120019531250005,360.20321761219304,331.3293818797629,401.6088060965283,348.85690093141403,-6.213833997501604
31.858292008999378,20.814281443981148,-0.5725843479810196,8.34999942779541,-13.01758670806885,4.6324872970581055,0.4649322628974914,6.368002929687501,369.3480101608806,323.9627434377646,390.3471634208298,329.9745977984758,-6.213833997501604
31.868292008999376,20.98407275168011,-0.5588075239770427,8.199999809265137,-12.567134857177734,3.706258773803711,0.4668594896793366,6.368002929687501,363.25148179508886,319.81371718882303,375.78323454699404,306.68924640135475,-6.20533504765944
31.878292008999374,21.0674102305184,-0.5520806892869389,8.09000015258789,-11.685527801513672,2.392783641815185,0.4610487520694733,6.432001953125,338.6960203217612,320.2370872142252,357.2396274343776,290.68585944115154,-6.20074874750509
31.888292008999375,21.14996725664946,-0.5451469132626714,7.960000038146973,-12.028852462768556,2.5872645378112797,0.4527418911457062,6.656000976562499,330.4826418289585,325.91024555461473,352.5825571549534,288.99237933954277,-6.196220145548453
31.898292008999377,21.2311885838458,-0.5379897504055835,7.839999675750732,-12.049846649169922,3.079324245452881,0.4423239827156067,6.656000976562499,323.7087214225233,321.5071972904318,359.0177815410669,324.9788314987299,-6.191801550102867
31.908292008999375,21.31133103503029,-0.5304599366820227,7.71999979019165,-11.992312431335453,4.149666786193848,0.4377058148384094,6.72,326.58763759525823,327.9424216765453,365.02963590177814,344.7925486875529,-6.18742053055523
31.918292008999373,21.39023522908077,-0.5222764519535344,7.609999656677246,-10.876962661743164,6.604398727416992,0.4512802362442016,6.88,339.62743437764607,333.3615580016935,357.32430143945805,344.7925486875529,-6.182911498272277
31.928292008999374,21.468465717848893,-0.5135198670574501,7.489999771118164,-11.681153297424318,6.351992607116699,0.4420543015003205,6.88,361.30397967823876,332.00677392040643,347.24809483488565,318.2895850973751,-6.178460289831123
31.938292008999376,21.54457410947291,-0.5043704921950481,7.369999885559082,-12.258609771728516,6.253383636474609,0.4362511932849884,6.9439990234375,349.44961896697714,324.30143945808635,345.72396274343777,300.25402201524133,-6.174113799658692
31.948292008999374,21.61947022991827,-0.4949220706816471,7.25,-13.254085540771484,4.823566913604737,0.4105371236801147,7.0720019531250005,332.5994919559695,319.05165114309904,348.17950889077053,284.3353090601185,-6.170012739042897
31.958292008999372,21.684876016118945,-0.4946290254575592,7.089999675750732,-13.426593780517578,4.129365921020508,0.3831693828105927,7.0720019531250005,329.3818797629128,311.7696867061812,342.3370025402201,287.4682472480948,-6.164490980004496
31.968292008999374,21.756811228437176,-0.48484382055107,6.960000038146973,-13.409719467163086,4.040011882781983,0.3549851477146149,7.136000976562499,318.5436071126164,297.37510584250634,332.93818797629126,294.0728196443692,-6.16094595611086
31.978292008999375,21.82767637880398,-0.4746888908808105,6.829999923706055,-13.34335803985596,4.602221488952637,0.3489890098571777,7.328002929687501,297.54445385266723,288.9077053344623,325.3175275190516,287.29889923793394,-6.157445169424741
31.988292008999373,21.896959705128616,-0.4642953982944351,6.699999809265137,-12.237247467041016,4.539113998413086,0.3566154837608337,7.328002929687501,288.73835732430143,282.0491109229466,320.575783234547,281.62574089754446,-6.153886840173721
31.99829200899937,21.965169298761936,-0.4536277161332379,6.559999942779541,-12.150965690612797,4.301959037780762,0.3701791167259216,7.456000976562499,275.52921253175276,277.1380186282811,316.08806096528366,283.8272650296359,-6.150183463900342
32.008292008999376,22.03230626908503,-0.4425889275736069,6.449999809265137,-10.518478393554688,4.977072715759277,0.3963725566864013,7.712001953125,277.5613886536833,279.5088907705334,309.22946655376796,280.6943268416596,-6.146220592636817
32.018292008999374,22.098515701146702,-0.4312084565821646,6.359999656677246,-9.74049949645996,4.8506364822387695,0.4167598783969879,7.712001953125,268.5859441151566,278.662150719729,291.78662150719725,276.54530059271804,-6.14204991756514
32.02829200899937,22.163511195166134,-0.4197446806972582,6.25,-10.854818344116213,3.385647773742676,0.4289032220840454,7.84,264.18289585097375,272.1422523285351,280.2709568162574,259.2718035563082,-6.13776088943464
32.03829200899937,22.22721751227589,-0.4081544887081194,6.12999963760376,-11.820720672607422,3.2788963317871094,0.4392769038677216,8.1280029296875,268.67061812023707,267.9085520745131,282.13378492802707,261.47332768839965,-6.133370009757188
32.048292008999375,22.289779955330072,-0.3964983457280677,6.0,-11.648322105407717,2.670323371887207,0.4380678832530976,8.1280029296875,266.9771380186283,264.7756138865368,288.73835732430143,258.3403895004234,-6.128988812884787
32.05829200899937,22.289779955330072,-0.3964983457280677,5.889999866485596,-10.914905548095703,2.7438063621521,0.4319703280925751,8.2880029296875,262.4894157493649,254.86875529212531,279.76291278577474,250.97375105842505,-6.128988812884787
32.06829200899937,22.40124644355329,-0.3896547930758975,5.779999732971191,-11.81869125366211,2.4458107948303223,0.4249486327171325,8.672001953125001,251.31244707874683,247.16342082980523,275.3598645215919,246.40135478408126,-6.119745503417524
32.07829200899937,22.460182008258027,-0.3781731319334411,5.62999963760376,-12.147775650024414,1.9222683906555176,0.4153631925582886,8.672001953125001,249.11092294665536,234.12362404741742,270.95681625740895,241.57493649449617,-6.115581081150216
32.088292008999375,22.517751940283468,-0.3667887286386148,5.509999752044678,-12.125957489013672,1.5268340110778809,0.4074026942253113,8.8639990234375,240.38950042337,224.3861134631668,266.0457239627434,239.45808636748518,-6.111506863828515
32.09829200899937,22.574176210164616,-0.3554095671530998,5.389999866485596,-11.501912117004396,1.778834342956543,0.4030351042747497,9.28,245.55461473327688,221.76121930567314,264.35224386113464,235.81710414902625,-6.107477093175751
32.10829200899937,22.62946164783072,-0.343921081459255,5.259999752044678,-10.31661128997803,2.682358741760254,0.4036809206008911,9.28,239.1193903471634,222.60795935647755,255.63082133784926,226.33361558001693,-6.103450393547851
32.11829200899937,22.68354699047451,-0.3323215027559494,5.150000095367432,-12.002717971801758,3.066823005676269,0.4074573516845703,9.408002929687502,239.54276037256562,226.0795935647756,256.22353937341234,226.75698560541912,-6.099377086807058
32.128292008999374,22.736621858532843,-0.3203438685771378,5.019999980926514,-11.680596351623535,4.713473320007324,0.4173600673675537,9.6960009765625,233.86960203217612,222.9466553767993,245.55461473327688,220.23708721422523,-6.0951866735330125
32.13829200899937,22.78819760229028,-0.3081709053445794,4.909999847412109,-11.96084213256836,4.806474685668945,0.4223167300224304,9.6960009765625,231.922099915326,221.16850127011006,242.76037256562233,216.76545300592718,-6.090964315765552
32.14829200899937,22.83842688218526,-0.2958937590771046,4.769999980926514,-11.975868225097656,4.071654796600343,0.426726222038269,9.76,224.64013547840813,214.39458086367483,231.4987298899238,212.53175275190515,-6.0867067228634015
32.15829200899937,22.83842688218526,-0.2958937590771046,4.639999866485596,-11.613203048706056,3.605038166046143,0.4200425446033478,9.92,220.66045723962742,212.0237087214225,236.5791701947502,207.11261642675697,-6.0867067228634015
32.16829200899937,22.92425053929479,-0.2750762106950354,4.529999732971191,-11.38063621520996,1.9621925354003904,0.4048931300640107,9.92,219.5596951735817,202.62489415749363,223.37002540220152,201.10076206604572,-6.0771747747103
32.17829200899937,22.970911920017805,-0.263005552584194,4.429999828338623,-11.529385566711428,1.0811586380004885,0.3922421634197235,10.0480029296875,209.73751058425063,197.121083827265,218.20491109229465,194.49618966977138,-6.073252356816815
32.18829200899937,23.01650149874584,-0.2510345838408272,4.319999694824219,-11.702203750610352,1.136770725250244,0.3793556094169616,10.368002929687501,211.93903471634206,192.12531752751903,214.30990685859442,190.93988145639287,-6.069449578907075
32.19829200899937,23.060849965714663,-0.239195986454206,4.190000057220459,-11.22378921508789,1.2943310737609863,0.3695992827415466,10.368002929687501,202.20152413209144,186.6215071972904,214.64860287891617,186.3674851820491,-6.065756056945836
32.20829200899937,23.104094859397943,-0.2274065818256885,4.079999923706055,-10.591686248779297,1.727078914642334,0.3673271238803864,10.528002929687501,202.20152413209144,184.50465707027942,211.26164267569854,187.46824724809483,-6.062090496039899
32.21829200899937,23.146532892446185,-0.2155174046141592,3.990000009536743,-9.468052864074709,2.367680311203004,0.3648321032524109,10.976000976562501,198.1371718882303,180.6943268416596,207.87468247248094,184.6740050804403,-6.058439395038632
32.22829200899937,23.18814670552534,-0.2035075259523196,3.929999828338623,-8.057756423950195,2.843257427215576,0.3722076117992401,10.976000976562501,190.51651143099068,176.54530059271804,198.5605419136325,180.44030482641827,-6.054718032399967
32.238292008999366,23.22888142964134,-0.191427998179486,3.849999904632568,-8.21237087249756,2.76608157157898,0.3798526227474213,11.1680029296875,194.66553767993224,173.92040643522438,195.1735817104149,175.69856054191362,-6.050921321073502
32.24829200899937,23.26899843839904,-0.1792987713439769,3.7699999809265137,-6.66044569015503,2.2266831398010254,0.3884725868701935,11.52,188.73835732430143,168.33192209991532,197.2904318374259,172.0575783234547,-6.047038636529371
32.25829200899937,23.26899843839904,-0.1792987713439769,3.68999981880188,-6.084503650665284,1.591679573059082,0.3888119757175446,11.52,191.1939034716342,167.14648602878916,195.766299745978,171.29551227773072,-6.047038636529371
32.26829200899937,23.33526971302083,-0.1639926708600878,3.639999866485596,-5.053138732910156,1.0932896137237549,0.3893574178218842,11.68,189.07705334462318,164.5215918712955,193.7341236240474,170.3640982218459,-6.037909690627217
32.278292008999365,23.373891913428803,-0.1520256155862202,3.5999999046325684,-3.629529714584351,0.934272050857544,0.382905513048172,11.8080029296875,186.19813717188822,164.01354784081286,183.74259102455545,162.91278577476714,-6.034073061929973
32.28829200899937,23.4119744711294,-0.1402046272807292,3.569999933242798,-4.5255632400512695,0.2492773532867431,0.3712751269340515,11.8080029296875,179.93226079593563,156.5622353937341,177.64606265876375,160.37256562235393,-6.030358632342512
32.29829200899937,23.449054375885268,-0.1286231747926344,3.509999990463257,-8.378694534301758,0.1745638847351074,0.3540456295013428,11.9039990234375,169.68670618120237,152.41320914479255,173.66638441998305,150.12701100762067,-6.026816491202823
32.308292008999366,23.48482993538808,-0.1172339723331191,3.3999998569488525,-11.405441284179688,1.0069284439086914,0.3402221202850342,12.0639990234375,167.2311600338696,151.98983911939035,167.82387806943268,146.4860287891617,-6.023414273244583
32.318292008999364,23.519608041126126,-0.1059840610788758,3.289999961853028,-11.095702171325684,1.104475975036621,0.3331109583377838,12.0639990234375,164.0982218458933,145.55461473327688,165.62235393734122,143.0990685859441,-6.020074112976083
32.32829200899937,23.55335981157127,-0.0948174007733946,3.179999828338623,-9.761215209960938,1.6549839973449707,0.332787424325943,12.2560009765625,159.44115156646907,138.35732430143946,164.01354784081286,143.6917866215072,-6.016746797305466
32.33829200899937,23.586260932521533,-0.0836408136812199,3.0899999141693115,-8.883220672607422,2.117048740386963,0.3371620178222656,12.672001953125001,155.4614733276884,134.8856900931414,160.20321761219304,142.2523285351397,-6.013373090314751
32.348292008999366,23.618429593448337,-0.0725354304639713,3.0199999809265137,-7.449414253234863,1.595014572143555,0.3437425196170807,12.672001953125001,152.58255715495343,133.0228619813717,157.91701947502116,136.155800169348,-6.009938864626285
32.35829200899936,23.64986657481717,-0.0615348319214248,2.93999981880188,-7.460737228393555,1.1955845355987549,0.3506483733654023,12.896000976562501,150.80440304826416,134.038950042337,155.8848433530906,135.39373412362403,-6.006434307061674
32.36829200899937,23.64986657481717,-0.0615348319214248,2.869999885559082,-6.299337387084961,0.5252528190612793,0.3528513312339782,13.280000000000001,139.88145639288737,124.21676545300592,145.21591871295513,125.48687552921253,-6.006434307061674
32.37829200899937,23.686887972065072,-0.0398229846945162,2.799999952316284,-9.159902572631836,-0.1038374900817871,0.3451687693595886,13.280000000000001,141.9983065198984,122.86198137171888,145.46994072819643,127.0956816257409,-5.998710687667073
32.388292008999365,23.715522519309804,-0.0295050859738292,2.690000057220459,-9.08843994140625,0.0303754806518554,0.3355209529399872,13.503999023437501,138.10330228619813,122.09991532599491,141.4055884843353,121.25317527519051,-5.995351881588151
32.39829200899936,23.74329211466529,-0.0193571449439019,2.5899999141693115,-8.164900779724123,0.5951378345489502,0.3267808556556701,13.632001953125,134.71634208298053,118.12023708721422,138.35732430143946,118.03556308213378,-5.992092724227648
32.40829200899937,23.77050434289216,-0.009320992664912,2.5,-7.433074951171875,0.4811189174652099,0.316663920879364,13.632001953125,131.83742591024554,118.62828111769686,136.49449618966977,117.78154106689246,-5.988918840176838
32.418292008999366,23.797182600158283,0.0006744290580616,2.429999828338623,-5.30702018737793,0.9645824432373048,0.3101954758167267,13.6639990234375,126.67231160033869,107.95935647756139,128.45046570702794,109.14479254868755,-5.985820586195155
32.428292008999364,23.823215873361743,0.0104974112918371,2.369999885559082,-6.910795211791992,0.4203982353210449,0.2970264256000519,13.6960009765625,122.35393734123623,104.82641828958509,120.06773920406435,104.40304826418289,-5.982842464127183
32.43829200899936,23.847963967612262,0.0198538000530227,2.2699999809265137,-10.470340728759766,-0.2457585334777832,0.288060188293457,13.6960009765625,119.89839119390346,104.40304826418289,122.52328535139712,102.79424216765453,-5.979969763064995
32.44829200899937,23.87219303399772,0.0290729478060489,2.180000066757202,-7.915432929992676,0.0135354995727539,0.2762920558452607,13.7280029296875,122.09991532599491,103.1329381879763,118.96697713801862,99.40728196443692,-5.977200521318169
32.458292008999365,23.89545013626477,0.0378979560160184,2.0999999046325684,-8.749129295349123,-0.4984378814697265,0.2737075090408325,13.76,106.5198983911939,90.60118543607112,106.5198983911939,89.41574936494496,-5.974471671214419
32.46829200899936,23.89545013626477,0.0378979560160184,2.0,-11.27443504333496,-0.3383336067199707,0.2672854959964753,13.8239990234375,106.26587637595257,89.66977138018628,105.16511430990685,88.31498729889924,-5.974471671214419
32.47829200899936,23.92425997685462,0.0541188795689482,1.899999976158142,-9.915714263916016,-0.1003460884094238,0.257940024137497,13.8239990234375,101.6934801016088,86.28281117696866,102.62489415749364,82.9805249788315,-5.969079484185374
32.488292008999366,23.944201910461548,0.0619754205776853,1.7899999618530271,-10.511080741882326,0.1980810165405273,0.2413627505302429,13.8560009765625,91.95596951735817,76.20660457239627,91.87129551227773,82.04911092294665,-5.966667700433535
32.498292008999364,23.963311874495982,0.0695306215952382,1.6799999475479126,-9.738685607910156,-0.1449689865112304,0.2311437875032425,13.8880029296875,88.65368331922099,77.47671464860288,90.43183742591025,80.01693480101609,-5.96435202137191
32.50829200899936,23.981457790646,0.0767697812438341,1.569999933242798,-9.634597778320312,-0.0302367210388183,0.2138440608978271,13.92,87.29889923793395,71.12616426756985,90.93988145639288,75.86790855207451,-5.9622158771001805
32.51829200899936,23.99893550306444,0.0837714879109756,1.4900000095367432,-7.919732093811035,-0.115196943283081,0.2030288428068161,13.952001953125,83.74259102455545,71.38018628281118,85.35139712108382,71.21083827265029,-5.960188252929998
32.528292008999365,24.01577576822391,0.0905240671685385,1.409999966621399,-7.401509761810304,-0.2761449813842773,0.1993571519851684,13.9839990234375,84.2506350550381,66.97713801862828,78.49280270956815,68.24724809483489,-5.958193922824182
32.53829200899936,24.032166060542107,0.0971350802628124,1.350000023841858,-5.561093330383301,-0.0215516090393066,0.2002873569726944,13.9839990234375,81.79508890770533,70.61812023708721,82.81117696867061,67.31583403895004,-5.956191146668997
32.54829200899936,24.048190320419742,0.1036487179713249,1.309999942779541,-4.299428939819336,0.1696329116821289,0.2009832412004471,13.9839990234375,67.99322607959357,56.56223539373412,70.11007620660457,58.34038950042337,-5.954182753717882
32.55829200899936,24.063542642950885,0.1098336717455734,1.25,-6.742881298065186,-0.5865521430969238,0.1979747861623764,13.9839990234375,63.928873835732425,53.42929720575783,66.3844199830652,54.022015241320915,-5.952197626845431
32.568292008999364,24.063542642950885,0.1098336717455734,1.149999976158142,-11.119713783264162,-0.6038799285888672,0.1786628216505051,13.9839990234375,64.35224386113462,60.711261642675694,65.45300592718036,51.73581710414902,-5.952197626845431
32.57829200899936,24.063542642950885,0.1098336717455734,1.0399999618530271,-10.042634963989258,-0.3857917785644531,0.1546521484851837,13.9839990234375,59.61049957662997,51.397121083827265,57.91701947502116,43.776460626587635,-5.952197626845431
32.58829200899936,24.09074387538369,0.1243718557743911,0.9399999976158142,-10.35566520690918,-0.6668133735656738,0.1371141523122787,13.952001953125,51.73581710414902,44.369178662150716,53.51397121083827,43.776460626587635,-5.946282633603692
32.59829200899936,24.101690397184548,0.1288503996475853,0.8399999737739563,-10.878067016601562,-0.5512661933898926,0.1155922040343284,13.952001953125,50.12701100762066,40.05080440304826,48.51820491109229,44.792548687552916,-5.945129385920639
32.60829200899936,24.11195886758009,0.1330616747660259,0.7400000095367432,-8.664451599121094,-0.3846011161804199,0.1006363928318023,13.952001953125,46.48602878916172,40.22015241320914,42.84504657070279,37.59525825571549,-5.94412287899055
32.61829200899936,24.12150303073813,0.1369873675449134,0.6699999570846558,-8.221416473388672,-0.3323850631713867,0.088441863656044,13.92,42.08298052497883,40.728196443691786,44.87722269263336,41.06689246401355,-5.943236162803439
32.62829200899936,24.130911948700323,0.1408887759493261,0.6100000143051147,-3.3549771308898926,0.0543030500411987,0.0907819494605064,13.8880029296875,38.8653683319221,37.08721422523285,38.61134631668078,40.22015241320914,-5.94233001077056
32.63829200899936,24.139934313934624,0.1445428258883433,0.5799999833106995,-4.186513900756836,-0.6809203624725342,0.0872985497117042,13.76,36.49449618966977,29.466553767993226,34.123624047417444,33.86960203217612,-5.941457525632295
32.64829200899936,24.148549921900862,0.1479773622487527,0.5199999809265137,-4.470034122467042,-0.7073489427566528,0.072116456925869,13.6,35.22438611346317,34.20829805249788,31.58340389500423,33.86960203217612,-5.940736447720308
32.65829200899936,24.15700090397704,0.1512370239291323,0.5,-3.0382485389709477,-0.9751701354980468,0.058192916214466,13.152001953125,31.329381879762913,27.349703640982217,28.789161727349704,29.551227773073666,-5.940153339799981
32.66829200899936,24.15700090397704,0.1512370239291323,0.4699999988079071,-4.255808830261231,-1.4250197410583496,0.0490113347768783,11.9039990234375,30.90601185436071,28.3657917019475,27.265029635901776,28.19644369178662,-5.940153339799981
32.67829200899936,24.15777243968548,0.1461230146464829,0.4399999976158142,-3.668320655822754,-1.1292303800582888,0.0408482365310192,11.9039990234375,26.164267569856055,27.519051651143098,23.878069432684164,27.011007620660457,-5.937495962425765
32.68829200899936,24.164945059018947,0.1484053735557917,0.4099999964237213,-3.901471138000488,-1.1632132530212402,0.0292530618607997,11.1039990234375,25.825571549534292,22.86198137171888,22.184589331075358,24.724809483488567,-5.937202539353535
32.69829200899936,24.17171990563681,0.1504816735484805,0.3700000047683716,-4.129062652587891,-0.7932078838348389,0.0161101780831813,8.96,23.454699407281964,23.454699407281964,20.23708721422523,23.200677392040642,-5.93704137627089
32.70829200899936,24.17817284572276,0.1523782695009739,0.3400000035762787,-3.833919763565064,-0.6625087261199951,0.0110768554732203,8.96,21.253175275190515,21.591871295512277,17.69686706181202,23.708721422523283,-5.936930473134459
32.718292008999356,24.184237072781823,0.154103442128034,0.3100000023841858,-4.018411159515382,-0.4295803308486938,-0.00339832669124,7.7439990234375005,20.829805249788315,19.64436917866215,19.390347163420827,20.829805249788315,-5.936964427200891
32.72829200899936,24.190059186296104,0.1557003180195329,0.2699999809265136,-3.2661530971527104,-0.3890056610107422,-0.0024653444997966,5.44,16.42675698560542,18.628281117696865,15.749364944961895,17.27349703640982,-5.936989136461851
32.73829200899936,24.195580220153985,0.1571500590915032,0.2599999904632568,-3.102448701858521,-0.3928477764129638,-0.0051795523613691,5.44,15.241320914479255,16.088060965283656,15.834038950042336,17.10414902624894,-5.937040755345152
32.74829200899936,24.200789862945747,0.1584724561903286,0.2399999946355819,-3.437268972396851,-0.2099769115447998,-0.0073038386180996,4.4160009765625,14.733276883996613,14.14055884843353,14.733276883996613,16.257408975444537,-5.937113875506107
32.758292008999355,24.205810007153996,0.1597202092390058,0.2199999988079071,-2.461253881454468,-0.1133465766906738,-0.0056765372864902,2.8160009765625,13.632514817950888,11.600338696020321,11.769686706181202,13.97121083827265,-5.9371706354112685
32.76829200899936,24.205810007153996,0.1597202092390058,0.209999993443489,-2.536072254180908,0.093795895576477,0.0009512878023087,2.8160009765625,11.092294665537679,12.277730736663843,12.447078746824724,13.632514817950888,-5.9371706354112685
32.77829200899936,24.18915417772208,0.1548924822489498,0.199999988079071,-2.55960488319397,0.1599647998809814,0.006777080707252,2.3039990234375005,11.600338696020321,9.398814563928873,11.26164267569856,12.277730736663843,-5.936897702765835
32.788292008999356,24.193034095173317,0.155886992868617,0.1799999922513961,-2.0345959663391118,0.5371790528297425,0.007877167314291,1.5360009765625,9.906858594411515,9.398814563928873,9.229466553767994,7.366638441998306,-5.936818957460697
32.798292008999354,24.196621154686127,0.156768521844951,0.1700000017881393,-2.785133600234986,0.1356523036956787,0.0103031527251005,1.5360009765625,8.46740050804403,7.366638441998306,8.38272650296359,8.044030482641828,-5.936715896554148
32.80829200899936,24.20005770616326,0.1576073720125229,0.1700000017881393,-1.8955283164978027,0.1100406646728515,0.009678391739726,1.2480029296875,7.705334462320067,5.503810330228619,9.144792548687553,7.281964436917866,-5.936619410397636
32.81829200899936,24.20319929407878,0.1583438920966714,0.1599999964237213,-2.806893587112427,0.0737802982330322,0.0095399301499128,1.12,7.451312447078746,8.21337849280271,4.8264182895850976,6.689246401354784,-5.936523890638797
32.828292008999355,24.206265780750343,0.1589827995260345,0.1499999910593032,-1.5978052616119385,-0.4215321540832519,0.0078918309882283,0.9280029296874999,5.165114309906858,2.3708721422523285,5.334462320067739,4.995766299745978,-5.936444989338209
32.83829200899935,24.20913979429617,0.1595179349154186,0.1599999964237213,-1.979312896728516,-0.3549349308013916,0.0049858996644616,0.9280029296874999,2.540220152413209,1.7781541066892463,5.165114309906858,4.657070279424216,-5.936395129200383
32.84829200899936,24.211846724239013,0.1599675975881929,0.1499999910593032,-1.8846209049224851,-0.2805848717689514,-0.0013339644065126,0.8639990234375,3.2176121930567314,3.8103302286198137,2.4555461473327687,1.8628281117696865,-5.936408455473967
32.858292008999356,24.214422355042647,0.1602978429755243,0.1400000005960464,-1.780082941055298,-0.5302760004997255,-0.0037360854912549,0.7680029296874998,1.2701100762066044,1.0160880609652836,1.8628281117696865,2.201524132091448,-5.936445916948247
32.868292008999354,24.214422355042647,0.1602978429755243,0.1199999973177909,-1.808141589164734,-0.1562429666519165,-0.0042673200368881,0.7680029296874998,0.7620660457239627,1.8628281117696865,0.9314140558848433,1.1854360711261642,-5.936445916948247
32.87829200899935,24.19385159232515,0.1592602662925278,0.0999999940395355,-1.63247287273407,-0.2500070333480835,-0.007084019947797,0.7360009765625,0.5927180355630821,0.0,0.0846740050804403,0.5927180355630821,-5.938379693245891
32.88829200899936,24.195577930521573,0.1593874692531719,0.089999996125698,-1.270402789115906,-0.2160379886627197,-0.0066031282767653,0.64,0.0,0.0,-0.2540220152413209,0.0,-5.938445812626961
32.898292008999356,24.1972770844944,0.1594984159054998,0.0,-0.6177573204040527,-0.116073191165924,-0.0027925374452024,0.64,-0.5927180355630821,-0.1693480101608806,0.3386960203217612,-0.42337002540220153,-5.938473741969538
32.908292008999354,24.198970242884275,0.1595752582308447,0.0,-0.290132462978363,-0.2491330057382584,-0.000556526472792,0.6080029296874999,-1.1854360711261642,-1.0160880609652836,1.2701100762066044,-0.7620660457239627,-5.938479292102726
32.91829200899935,24.20070381857484,0.1596782147813861,0.0,0.1716355383396148,0.0038122460246086,0.0031870435923337,0.6080029296874999,-0.5080440304826418,-0.6773920406435224,-0.5927180355630821,0.42337002540220153,-5.938447379145574
32.92829200899936,24.20248878343676,0.1597725721779489,0.0,0.3511307537555695,-0.1653200089931488,0.0044451155699789,0.5760009765625,-0.1693480101608806,-0.1693480101608806,-0.8467400508044031,-1.0160880609652836,-5.938402836889626
32.938292008999355,24.20437590980913,0.1599068539369639,0.0,0.9115139245986938,-0.0526537299156188,0.0035416204482316,0.5760009765625,0.0,-0.1693480101608806,-0.42337002540220153,-0.5927180355630821,-5.9383675288005975
32.94829200899935,24.20636005508335,0.1600737924644679,0.0,0.9136322140693666,-0.0125874876976013,0.0003463589819148,0.5760009765625,0.0,-0.0846740050804403,0.0,-0.1693480101608806,-5.938364056543349
32.95829200899935,24.208466283292697,0.1602580212547542,0.0,1.175462603569031,-0.1881047487258911,-0.0015600551851093,0.5760009765625,0.0,-0.0846740050804403,0.0,0.0,-5.938379622117385
32.968292008999356,24.184887851944595,0.1624863149581571,0.0,0.8432990312576294,-0.1110897362232208,-0.0022314025554806,0.5439990234375001,0.0846740050804403,0.0,0.1693480101608806,0.1693480101608806,-5.9393405825166665
32.978292008999354,24.186653737347573,0.1627210327935025,0.0,0.5204198360443115,-0.2992886304855346,-0.0051715741865336,0.512001953125,0.0846740050804403,0.0,0.2540220152413209,0.2540220152413209,-5.939392304374208
32.98829200899935,24.188434877621205,0.1629358909108458,0.0,0.1944151073694229,-0.251317024230957,-0.0056367791257798,0.512001953125,0.0846740050804403,0.0,0.3386960203217612,0.3386960203217612,-5.939448822629951
32.99829200899935,24.190202807450053,0.1631125575103263,0.0,-0.0433421283960342,-0.3089607954025268,-0.0034921013284474,0.512001953125,0.1693480101608806,0.0,0.1693480101608806,0.0846740050804403,-5.939483654523676
