elapsed_time,true_x,true_y,true_vx,acc_x,acc_y,yaw_rate,steer_angle,wheel_speed_rr,wheel_speed_rl,wheel_speed_fr,wheel_speed_fl,true_yaw
47.32186735399995,0.0097821583777922,-0.0024283563324429,0.0719894383231065,0.2570201362214516,-0.089208250328472,-0.0021937973150155,0.1503999996185303,0.0,0.0,0.0,0.0,-1.4996637342940529e-05
47.33186735399995,0.0106013351064958,-0.0026579788445811,0.0749939402805429,0.2867417420321326,-0.0907665258888728,-0.0039856948812177,0.134399995803833,0.0,0.0,0.0,0.0,-5.1774666259182844e-05
47.341867353999945,0.0114590109643467,-0.0029009195612626,0.0781596104214854,0.2941043738886919,-0.0739517470142469,0.0021965104100833,0.134399995803833,0.0,0.0,0.0,0.0,-5.1272881092416326e-05
47.35186735399994,0.01209720328381,-0.0030827765463653,0.0803693150288939,0.2824250323370803,-0.0908024409614723,-0.0049244265831338,0.134399995803833,0.0,0.0,0.0,0.0,-7.774185751637734e-05
47.36186735399994,0.0130077700781305,-0.0033425006770995,0.0833568227539618,0.269044121285086,-0.0747988553464987,0.0035702091124312,0.134399995803833,0.0,0.0,0.0,0.0,-7.002407790830643e-05
47.37186735399994,0.013954989376032,-0.0036149603510103,0.0863406122102665,0.2623794440606821,-0.0823791315841469,-0.0044341021279605,0.134399995803833,0.0,0.0,0.0,0.0,-0.0001079727030712482
47.38186735399994,0.0146614712810023,-0.0038197775340759,0.0884267596884624,0.2687507144298977,-0.0917250384971283,0.0009368517972734,0.134399995803833,0.0,0.0,0.0,0.0,-9.727131407194803e-05
47.391867353999935,0.0156609556592873,-0.0041109942486158,0.0913410616393284,0.2510833429877896,-0.0883891298153396,-0.0020437588458449,0.134399995803833,0.0,0.0,0.0,0.0,-9.950360396604925e-05
47.40186735399993,0.0166947813311148,-0.004412877576978,0.09422198711468,0.2536648586551563,-0.0622483737272671,0.0003939364303353,0.134399995803833,0.0,0.0,0.0,0.0,-9.209372032094458e-05
47.41186735399993,0.017458150375921,-0.0046370061070547,0.0961647503831236,0.2433290060506175,-0.0935055671374909,-0.0037800361796869,0.134399995803833,0.0,0.0,0.0,0.0,-0.00010641198166460654
47.42186735399993,0.0177409515416627,0.0006153590384578,0.0956961983568153,0.2466771651633294,-0.0977163832037361,-0.0016664230967331,0.134399995803833,0.0,0.0,0.0,0.0,-0.00017939445584755579
47.43186735399993,0.0188254838951694,0.0005321151075413,0.0986458040566287,0.2645615924261528,-0.0976272722102524,0.0024470224744431,0.12159999847412109,0.0,0.0,0.0,0.0,-0.00017806713495245567
47.441867353999925,0.0196311185907408,0.0004651473007593,0.100931839738723,0.275348894403073,-0.0774204739137086,-0.0034293254306105,0.12159999847412109,0.0,0.0,0.0,0.0,-0.00019830065563130857
47.45186735399992,0.0207696512998375,0.0003635498581637,0.1040222136048548,0.2974826223331663,-0.0848959969538834,-0.0019196161092046,0.12159999847412109,0.0,0.0,0.0,0.0,-0.00021212493729110766
47.46186735399992,0.0219440328393397,0.0002498975741336,0.1073935651358808,0.3302152940551456,-0.078953028736625,-0.0024227211630803,0.12159999847412109,0.0,0.0,0.0,0.0,-0.00025567231791836977
47.47186735399992,0.0228233186170748,0.0001599046505963,0.1099220371435315,0.3080548545303853,-0.0914975070149364,-0.0046045416330741,0.12159999847412109,0.0,0.0,0.0,0.0,-0.00028369103618931774
47.48186735399992,0.0240571695074087,2.88518718697e-05,0.1128478221157589,0.2649433956610195,-0.079836260208661,0.0010247664718011,0.12159999847412109,0.0,0.0,0.0,0.0,-0.0002883770942148429
47.491867353999915,0.0253234727580923,-0.0001140674222344,0.1152755912418136,0.2072646675332259,-0.0800663440407528,-0.002116289724089,0.134399995803833,0.0,0.0,0.0,0.0,-0.0003174987487155669
47.50186735399991,0.0262535210888122,-0.0002242661660075,0.11675778540667,0.1800431394906406,-0.0700828737910067,3.50162220134e-05,0.134399995803833,0.0,0.0,0.0,0.0,-0.00030620707664108434
47.51186735399991,0.0275529433985924,-0.000385763081299,0.1178931297461368,0.0913062750855006,-0.0711989151474647,-0.0066179625836376,0.134399995803833,0.0,0.0,0.0,0.0,-0.0003563188082341724
47.52186735399991,0.0225866755797973,0.0001957032732573,0.0959617939472556,0.192989573407081,-0.0775596730061313,-0.0067905089841191,0.134399995803833,0.0,0.0,0.0,0.0,0.00046090502018205157
47.53186735399991,0.0233672575600513,8.72252473884e-05,0.0980697495828999,0.296732404842218,-0.0867696967158201,-0.0020636674216894,0.134399995803833,0.0,0.0,0.0,0.0,0.0004499639599683628
47.541867353999905,0.0244894238406165,-7.16927617867e-05,0.102614082980853,0.4212350204344899,-0.0669384843789,0.0005835866344231,0.134399995803833,0.0,0.0,0.0,0.0,0.0004239971992201797
47.5518673539999,0.0256624442146278,-0.0002396996175962,0.1075640400556286,0.4423162508893898,-0.0978524931359233,0.0012172187379155,0.134399995803833,0.0,0.0,0.0,0.0,0.0004452411853752869
47.5618673539999,0.0265495714862461,-0.0003688750877599,0.1107566166757023,0.4004375055394411,-0.0913567078787588,0.0030983514057663,0.134399995803833,0.0,0.0,0.0,0.0,0.0004584838387686962
47.5718673539999,0.0278033065613542,-0.0005569646443569,0.1145208774956349,0.3033584850999254,-0.0924714151594567,-0.0010736643895263,0.134399995803833,0.0,0.0,0.0,0.0,0.00047178155094193807
47.5818673539999,0.0290899178627585,-0.0007585244850261,0.11735489848622,0.2327494979413702,-0.104391304153473,-0.003015643501983,0.134399995803833,0.0,0.0,0.0,0.0,0.0004610205789333209
47.591867353999895,0.0300436571477796,-0.0009137653809823,0.1192004567799134,0.2295903369063964,-0.1169854929968939,0.0018426402502592,0.1503999996185303,0.0,0.0,0.0,0.0,0.0004743561162463598
47.60186735399989,0.0313769046931194,-0.0011366623805633,0.1215669770380205,0.2169581372238642,-0.0934199028992418,-0.0025047044634604,0.1503999996185303,0.0,0.0,0.0,0.0,0.00046080086920248655
47.61186735399989,0.0327381321148886,-0.0013690130416446,0.1240501275802884,0.2301548171165665,-0.0766074297067909,-0.0045775167665365,0.1503999996185303,0.0,0.0,0.0,0.0,0.0004056180394072129
47.62186735399989,0.024633995812421,0.0015341619358304,0.0918128051531302,0.2542404724339783,-0.0488314825135889,-0.0031116356809952,0.1503999996185303,0.0,0.0,0.0,0.0,1.866726569687104e-05
47.63186735399989,0.0256686840201421,0.0014123747455838,0.094480360917061,0.2332670765561262,-0.0606545262633418,-0.0020490643869296,0.1503999996185303,0.0,0.0,0.0,0.0,-1.4226854053919983e-05
47.641867353999885,0.0267303310298409,0.0012817348897849,0.0968907183882999,0.2093403755324612,-0.1020822142688241,0.0061926058410327,0.1503999996185303,0.0,0.0,0.0,0.0,9.845639777439766e-06
47.65186735399988,0.0275151593369992,0.0011791813146949,0.098476554019498,0.1883510791675113,-0.1029551398399106,0.0060004009368707,0.1503999996185303,0.0,0.0,0.0,0.0,2.0099179439938316e-05
47.66186735399988,0.0286209376886822,0.0010263973171287,0.1007523014266633,0.2100912784638845,-0.1273819962316696,0.004912291545296,0.1503999996185303,0.0,0.0,0.0,0.0,4.674338080585548e-05
47.67186735399988,0.0297579653372557,0.0008613058749107,0.1036184682000684,0.2651612968953857,-0.109483050245365,0.0025854431333599,0.1503999996185303,0.0,0.0,0.0,0.0,4.933364625740287e-05
47.68186735399988,0.030604814097432,0.000733871844029,0.105957764658136,0.3035952965496313,-0.0983102972171216,-0.0015049250285815,0.1503999996185303,0.0,0.0,0.0,0.0,2.63948108039662e-05
47.691867353999875,0.0318037715389298,0.000548188947496,0.1099023680461728,0.3729768170267435,-0.0829088767378186,-0.0041066115837258,0.1503999996185303,0.0,0.0,0.0,0.0,-8.844353370828826e-06
47.70186735399987,0.0330539356848726,0.0003510663934657,0.1141317926148613,0.3822262732302048,-0.0736231213927866,-0.0028258803146148,0.1503999996185303,0.0,0.0,0.0,0.0,-4.8937523049283324e-05
47.71186735399987,0.0339904310649738,0.0002005042452941,0.1170300474522104,0.355489341682507,-0.096380259347601,0.0005430215300487,0.1503999996185303,0.0,0.0,0.0,0.0,-5.543618684969854e-05
47.72186735399987,0.0247601169234949,0.0017731706303207,0.0816584932868854,0.2777391110347973,-0.0915640394576353,0.0020851263041531,0.1503999996185303,0.0,0.0,0.0,0.0,-0.00035934416873759485
47.73186735399987,0.0256822226807749,0.0016200758362495,0.0841742919283769,0.2098374011670779,-0.0657245303089736,-0.0022007556807359,0.1503999996185303,0.0,0.0,0.0,0.0,-0.00038578560888516167
47.741867353999865,0.0263668913876429,0.0015025896005684,0.0856029455432397,0.1747697645852773,-0.0811035266396522,-0.0005429766776383,0.1503999996185303,0.0,0.0,0.0,0.0,-0.0003745367364703324
47.75186735399986,0.0273260150538442,0.0013324644514041,0.0875171652805542,0.1873141597183328,-0.0794124521618483,0.0045373728347742,0.1503999996185303,0.0,0.0,0.0,0.0,-0.0003569808913810994
47.76186735399986,0.0283097470071396,0.0011525783613211,0.0897893282299883,0.2218099232377992,-0.0734459723879302,0.0018606676109962,0.1503999996185303,0.0,0.0,0.0,0.0,-0.0003424704525866248
47.77186735399986,0.0290429633694907,0.0010154631135844,0.0917527426134098,0.244549834198005,-0.0919330220494005,-0.0029068490425763,0.1503999996185303,0.0,0.0,0.0,0.0,-0.00035947641638793033
47.78186735399986,0.0300831771319052,0.0008174670308496,0.0950579860668381,0.2914533056940838,-0.1245460711382479,0.0037600636013876,0.1503999996185303,0.0,0.0,0.0,0.0,-0.0003515932572321664
47.791867353999855,0.0311620639792754,0.0006087030886512,0.0985890710039245,0.3238463752210672,-0.1083672362563618,-0.0019049735531755,0.1503999996185303,0.0,0.0,0.0,0.0,-0.0003601526066992732
47.80186735399985,0.0319673005244437,0.0004501499647622,0.1010808122911777,0.3196763689536089,-0.0999400597536465,-0.003881605094337,0.1503999996185303,0.0,0.0,0.0,0.0,-0.00038674578683166907
47.81186735399985,0.0331098735592988,0.0002209030857539,0.1043145954347673,0.2825703440685929,-0.0789692028766044,-0.0028393980251565,0.1503999996185303,0.0,0.0,0.0,0.0,-0.0004202622085067853
47.82186735399985,0.0207689218922582,0.0002486954776907,0.0574843014682558,0.2647611960905128,-0.0739836598595663,0.0034547407466147,0.1503999996185303,0.0,0.0,0.0,0.0,4.504402498803808e-06
47.83186735399985,0.0212444665005635,7.59159268867e-05,0.0595380081347996,0.2555134515294849,-0.0984362176885397,0.0022768291993787,0.16639999389648438,0.0,0.0,0.0,0.0,9.43911938963504e-06
47.841867353999845,0.0219257905457555,-0.0001712056472004,0.0624606719709409,0.2739034601243609,-0.0916887995557237,-0.0022884853281758,0.16639999389648438,0.0,0.0,0.0,0.0,1.4211978547119606e-05
47.85186735399984,0.0226388881058074,-0.000428038501434,0.0653076540748076,0.2618615429848432,-0.0681846179007009,0.0009869172619879,0.16639999389648438,0.0,0.0,0.0,0.0,4.015500266202698e-06
47.86186735399984,0.02317814668799,-0.0006214674430291,0.0674148936629419,0.26093727057893,-0.0749480986076618,0.0009191576796541,0.16639999389648438,0.0,0.0,0.0,0.0,1.5248645236147732e-05
47.87186735399984,0.0239094249460312,-0.0008807565452115,0.0701631536940875,0.274702965993945,-0.0606104280561483,0.0007663276400863,0.16639999389648438,0.0,0.0,0.0,0.0,1.1925338780470665e-05
47.88186735399984,0.0247483726583313,-0.0011761004746328,0.0730936605732785,0.2595435048140783,-0.0765640849519467,0.0001061039809136,0.16639999389648438,0.0,0.0,0.0,0.0,3.5463248224018586e-06
47.891867353999835,0.0253840965857121,-0.0014000339375889,0.0751921067595458,0.2449840685090537,-0.1055868031487248,0.000778707105563,0.1503999996185303,0.0,0.0,0.0,0.0,8.082762707222003e-06
47.90186735399983,0.02627925665101,-0.0017175223781,0.0780320233881424,0.2384976130436459,-0.1002020757313277,0.0005996547565192,0.1503999996185303,0.0,0.0,0.0,0.0,1.463322453573056e-05
47.91186735399983,0.0268351087967807,-0.0019149493883888,0.0798109806127239,0.2494933487809427,-0.094267528102999,-9.27009212423e-05,0.1503999996185303,0.0,0.0,0.0,0.0,1.4186006206518954e-05
47.92186735399983,0.0194475735143611,-0.002405876477182,0.0519439327136252,0.2823688687886236,-0.0815476847561549,-0.0026953776569017,0.1503999996185303,0.0,0.0,0.0,0.0,9.495725360907576e-05
47.93186735399983,0.0200489520938978,-0.0027446011765071,0.055193724774322,0.3032483015024713,-0.0571088838191514,0.003879050304981,0.1503999996185303,0.0,0.0,0.0,0.0,0.00011030376996711905
47.941867353999825,0.0204801184401315,-0.0029811072520877,0.0575125268939391,0.305133462269442,-0.0991859102399983,-0.001044969591481,0.1503999996185303,0.0,0.0,0.0,0.0,0.00010503355965328064
47.95186735399982,0.0211744291952878,-0.0033539255064952,0.0609690501281462,0.3001079843199343,-0.093291811847539,-0.002155121270083,0.1503999996185303,0.0,0.0,0.0,0.0,6.330627031837132e-05
47.96186735399982,0.0218738316141138,-0.0037210563189504,0.0640933325079299,0.2816823196089698,-0.0798252100687513,-0.0011254022096598,0.1503999996185303,0.0,0.0,0.0,0.0,6.560768065296664e-05
47.97186735399982,0.0223666868545871,-0.0039765957765182,0.0659304708600761,0.2416893268561934,-0.0892849578060159,0.0001426858359326,0.1503999996185303,0.0,0.0,0.0,0.0,5.533487603125969e-05
47.98186735399982,0.0231531863419366,-0.0043796745203493,0.0686653925691987,0.2299130787752386,-0.0808812735596903,-1.62380013613e-05,0.1503999996185303,0.0,0.0,0.0,0.0,5.7220279842606185e-05
47.991867353999815,0.0239317151297228,-0.004773383731696,0.0712118818899509,0.2476788603534451,-0.0690252295565828,-0.0011764686957353,0.1503999996185303,0.0,0.0,0.0,0.0,3.918410992390679e-05
48.00186735399981,0.0244807447941445,-0.0050485356656619,0.0730096032140077,0.2519687440284258,-0.0866911575912807,0.0001979658264438,0.1503999996185303,0.0,0.0,0.0,0.0,3.875290093602494e-05
48.01186735399981,0.0253456969008579,-0.0054771705674548,0.0759793564929073,0.264445730133699,-0.0926006322197348,0.0026489910758664,0.1503999996185303,0.0,0.0,0.0,0.0,5.402687471937081e-05
48.02186735399981,0.0230028247763296,-0.0064729970033703,0.067092225725523,0.2721306745168056,-0.1178360909207062,-0.0007235149877393,0.1503999996185303,0.0,0.0,0.0,0.0,0.0004435908388591427
48.03186735399981,0.023524167334123,-0.0067838059074063,0.0693529379075501,0.2704773983079187,-0.0917106724680885,5.31291776154e-05,0.1503999996185303,0.0,0.0,0.0,0.0,0.00040428678347212443
48.041867353999805,0.0243538740490035,-0.0072696330863712,0.072663176930179,0.2905163480502613,-0.0950799052720367,-0.0024802846591124,0.1503999996185303,0.0,0.0,0.0,0.0,0.00038480743035600987
48.0518673539998,0.0251825787275597,-0.0077450716427575,0.0757529037505756,0.2720596822309806,-0.0892047070718871,-0.0022346008051048,0.1503999996185303,0.0,0.0,0.0,0.0,0.0003818556500485916
48.0618673539998,0.0257624461891575,-0.0080739612037005,0.0777921588478677,0.2702393551353073,-0.0883999718880646,-0.0025958153597936,0.1503999996185303,0.0,0.0,0.0,0.0,0.0003799059028568353
48.0718673539998,0.0266896441258441,-0.008592622214586,0.0809456578924583,0.2782718383332736,-0.079000545185394,-0.0032880661849094,0.1503999996185303,0.0,0.0,0.0,0.0,0.0003553003898184559
48.0818673539998,0.0276054570307271,-0.0090977731295193,0.0837356713640518,0.2510967319665745,-0.0546808055740937,-0.0014927540016728,0.16639999389648438,0.0,0.0,0.0,0.0,0.0003299948405581048
48.091867353999795,0.0282475611360435,-0.009447668957266,0.0856681776505815,0.2712930387856352,-0.0588531349175694,-0.0030297786286527,0.16639999389648438,0.0,0.0,0.0,0.0,0.0003021023507296176
48.10186735399979,0.029262559630255,-0.0099913497653347,0.0887772661647922,0.2754329557213309,-0.0605468775468934,-0.0003727698515163,0.16639999389648438,0.0,0.0,0.0,0.0,0.0002953796631816176
48.11186735399979,0.030266471682796,-0.0105196964980273,0.091901469055196,0.32495075176053,-0.1740241802033605,0.0023862221034328,0.16639999389648438,0.0,0.0,0.0,0.0,0.0003000348491305921
48.12186735399979,0.0206784988693476,-0.0067743990184536,0.0570290790901328,0.8934324481087463,0.1963080758680762,-0.0019311998186121,0.134399995803833,0.0,3.0,0.0,1.0,0.00038688366845404784
48.13186735399979,0.0214987815507583,-0.0071701698985994,0.0764570658260222,2.5894338790836797,-0.4399514535137407,-0.0015964138234245,0.134399995803833,0.0,3.0,0.0,1.0,0.000372459831942716
48.141867353999785,0.0226802118452699,-0.0075596958264854,0.1145793368009493,3.7845417676387423,0.0149834598464973,0.0057464039028752,0.134399995803833,2.0,4.0,3.0,4.0,0.000387457225850795
48.15186735399978,0.0238220403932041,-0.0078386907302716,0.1529749775723995,5.993004001925754,-0.2056751284884451,0.0114382352224907,0.134399995803833,2.0,4.0,3.0,4.0,0.00045358214012507166
48.16186735399978,0.0262318723328682,-0.0082814222052387,0.2196356718139865,5.430622366645742,-0.1780107605507976,0.0063849017132761,0.134399995803833,6.0,6.0,5.0,9.0,0.0005623099884206588
48.17186735399978,0.0291011597341668,-0.0087176182788683,0.2692069820498428,4.5998559030748405,-0.0984178053289712,0.0035065201917195,0.134399995803833,6.0,6.0,5.0,9.0,0.0006056884864150163
48.18186735399978,0.0314076291057441,-0.0090188166742417,0.3086103912746598,5.337805816354901,0.1465690661920753,-0.0114702847502076,-0.47040000915527347,8.0,11.0,5.0,15.0,0.0005362955627142975
48.191867353999776,0.0354670990295826,-0.0094769024974542,0.3576246422159044,3.3606585146706807,-0.0426882427461001,-0.020379121776509,-0.47040000915527347,8.0,11.0,5.0,15.0,0.00036064016238238907
48.20186735399977,0.0398799989838495,-0.0099177414375406,0.4118609742650328,5.2459160685777215,-0.4418052882771768,-0.0343293451007684,-0.47040000915527347,12.0,11.0,12.0,18.0,1.826145150825374e-05
48.21186735399977,0.0448834744724251,-0.0103686144544354,0.4630395301136039,4.546759519614592,-0.35407001217475,-0.0438006013555279,-0.47040000915527347,12.0,11.0,12.0,18.0,-0.000424852963073849
48.22186735399977,0.0488835235126827,-0.010719217088334,0.4996962153155619,4.80975768857888,-0.4092544075729632,-0.0409600048310138,-1.5296000671386718,15.0,18.0,17.0,21.0,-0.0007672215245206305
48.23186735399977,0.0599801586030288,-0.0096469392784197,0.5772744680340647,5.004601724113657,-0.7200991258373501,-0.0444418962406396,-1.5296000671386718,15.0,18.0,17.0,21.0,-0.00345296880706475
48.241867353999766,0.0645715856138623,-0.0099688246641389,0.6141315343033421,5.223110585704603,-0.2855520895948168,-0.0397077142855647,-1.5296000671386718,21.0,22.0,23.0,25.0,-0.003788149521113649
48.251867353999764,0.0722383106685264,-0.0104866829707956,0.6739339468370591,4.91934117612483,-0.6967484573573323,-0.0375147430678041,-1.5296000671386718,21.0,22.0,23.0,25.0,-0.004220015815953044
48.26186735399976,0.0801407296571142,-0.0109947221068861,0.7265403816446293,5.0158609279859165,-0.0918108450419164,-0.0256465352421959,-1.5296000671386718,25.0,26.0,28.0,29.0,-0.004563826118097561
48.27186735399976,0.0858792707963625,-0.0113544426500901,0.7664813067497616,4.82004151933442,-0.1991565364301479,-0.031854251528891,-1.5296000671386718,25.0,26.0,28.0,29.0,-0.004794275810451468
48.28186735399976,0.0952124707722105,-0.0119233112172376,0.8224454250186258,4.770725727669174,-0.1372460087732571,-0.0352128291746069,-2.576000061035156,30.0,31.0,33.0,33.0,-0.0051753973874471195
48.291867353999756,0.1047951464726101,-0.0124992467103126,0.8800520555405669,5.459330765629878,0.0647509860644115,-0.0373186318192144,-2.576000061035156,30.0,31.0,33.0,33.0,-0.005564912421604843
48.301867353999754,0.1116609049428406,-0.0129026377305916,0.9149691052173746,4.508120871061451,-0.2911471415970269,-0.0429002148793378,-2.576000061035156,34.0,36.0,33.0,38.0,-0.0058846184269897225
48.31186735399975,0.1227175079616667,-0.0135437849168587,0.9717709402662396,4.91079855159188,0.1018120606067521,-0.0495504561087357,-2.576000061035156,34.0,36.0,33.0,38.0,-0.006421868458723505
48.32186735399975,0.1305601744305005,-0.0086712193245044,1.0147232896917069,4.725699510082305,-0.338406996087921,-0.0554001223856125,-3.468800048828125,39.0,41.0,37.0,43.0,-0.005450113154753136
48.33186735399975,0.1383935101363381,-0.008932309798907,1.0518407483120935,4.7837253433504845,0.1306266890669123,-0.0582828978638725,-3.468800048828125,39.0,41.0,37.0,43.0,-0.005865163667936174
48.341867353999746,0.1510729760410456,-0.0093212906187627,1.1074208366307492,4.870399825998957,0.107200174587143,-0.059565670696975,-3.468800048828125,43.0,46.0,41.0,48.0,-0.0065508145791559865
48.351867353999744,0.163771663524153,-0.0096861250963767,1.1625559572665418,5.354049297502372,-0.1052714680958464,-0.0626927616639175,-3.468800048828125,43.0,46.0,41.0,48.0,-0.007236365846126979
48.36186735399974,0.1727192184898455,-0.0099308677196308,1.1988963821137322,4.769957634406321,0.1307290576625637,-0.0566829264492451,-3.468800048828125,48.0,50.0,46.0,52.0,-0.007683417992426245
48.37186735399974,0.1870540938076849,-0.010306081640773,1.255794104095674,5.04335709796781,-0.244555923788005,-0.0533743763119849,-3.468800048828125,48.0,50.0,46.0,52.0,-0.008318800615253377
48.38186735399974,0.2013492501748126,-0.010669168757489,1.31052809528154,4.987773479427611,0.3948803072395781,-0.0505176074119245,-4.259200134277344,54.0,55.0,50.0,56.0,-0.008883013601379742
48.391867353999736,0.2114727708145704,-0.0109195723925508,1.3472713633761957,5.200619048814226,-0.1490469365401461,-0.0459584761819923,-4.259200134277344,54.0,55.0,50.0,56.0,-0.009268427007893598
48.401867353999734,0.2274785655248342,-0.0113031318367751,1.4051171511518468,5.006841820456951,0.0354663542799588,-0.0521270661951373,-4.259200134277344,58.0,59.0,54.0,60.0,-0.009844114525870406
48.41186735399973,0.2434623850271739,-0.0116935609241419,1.4601699710553684,4.900165350924179,-0.0331664640461971,-0.0550263166607268,-4.259200134277344,58.0,59.0,54.0,60.0,-0.01045663223421117
48.42186735399973,0.2434170736249514,-0.0023531347986053,1.4542849203144832,5.0401248438099255,-0.207238792708327,-0.0517638978177974,-5.017600097656249,63.0,64.0,59.0,66.0,-0.00910743069036419
48.43186735399973,0.2606817980406325,-0.0023692091825193,1.5114124776293436,4.951480239538501,0.0802677169870947,-0.0621139048317883,-5.017600097656249,63.0,64.0,59.0,66.0,-0.009775745114097999
48.441867353999726,0.2778032563238777,-0.0023995079916321,1.5656532461357389,5.094379720354306,-0.1383594048756907,-0.0588165301337963,-5.017600097656249,68.0,69.0,63.0,70.0,-0.010419360319740468
48.451867353999724,0.2898269763920436,-0.0024338694596559,1.6026060902757084,5.02463650881847,0.0016105100144896,-0.0667954696185864,-5.017600097656249,68.0,69.0,63.0,70.0,-0.01086900542803199
48.46186735399972,0.3088091543441545,-0.0024955223214082,1.6594048452374948,4.874080000395253,-0.1107401741007824,-0.0686346983427641,-5.017600097656249,72.0,74.0,68.0,75.0,-0.011656586340948173
48.47186735399972,0.3275558341258118,-0.0025660258762677,1.7133631095227142,4.806645642901744,-0.1530358138436562,-0.0638546107957806,-5.017600097656249,72.0,74.0,68.0,75.0,-0.012360360962679154
48.48186735399972,0.3407289930273961,-0.0026231668517618,1.7515515376593396,4.980312934957598,0.022236142524151,-0.0664278785952554,-5.673599853515625,77.0,79.0,72.0,79.0,-0.012863882889510745
48.491867353999716,0.361381570791859,-0.0027189864634943,1.8082548224502304,4.761836677709566,-0.1624472043918413,-0.0714799678495716,-5.673599853515625,77.0,79.0,72.0,79.0,-0.013654355039502068
48.501867353999714,0.3817974742316078,-0.0028391024760774,1.863732552555459,5.030357118892439,-0.1363970622010971,-0.0711100792103592,-5.673599853515625,81.0,83.0,77.0,85.0,-0.014430698432411945
48.51186735399971,0.396082573314364,-0.0029424329921063,1.9013677864418217,5.0119470841875,-0.231197896058621,-0.0707956176324871,-5.673599853515625,81.0,83.0,77.0,85.0,-0.014980690310848845
48.52186735399971,0.4184667837738042,-0.0031428531774647,1.9590858260396211,5.0753656239008045,-0.1968733420654206,-0.0694989507686413,-5.673599853515625,87.0,88.0,81.0,89.0,-0.015788105823099766
48.53186735399971,0.4305012825293967,-0.0106485512897007,1.978128157404168,5.033233689209254,-0.2020282082095312,-0.0740268080952529,-5.673599853515625,87.0,88.0,81.0,89.0,-0.01583684139100662
48.541867353999706,0.4455911741081825,-0.0110092847965295,2.0157183198505537,4.88094470811158,0.0447728070995415,-0.0761194157178906,-6.313599853515625,91.0,93.0,86.0,94.0,-0.016375791051537393
48.551867353999704,0.4693220757419483,-0.0115758829150718,2.072821425946024,4.940330336543751,-0.2650811207247066,-0.0754010811366449,-6.313599853515625,91.0,93.0,86.0,94.0,-0.017254546760364673
48.5618673539997,0.4926221418883227,-0.0121472206027897,2.128250948179964,5.108177407831511,-0.1757471522750834,-0.0842176447644648,-6.313599853515625,96.0,98.0,91.0,100.0,-0.018125165093879736
48.5718673539997,0.5165254614899193,-0.0127611685714386,2.182634454833651,4.929674725954016,-0.256392053156062,-0.0837546214912074,-6.313599853515625,96.0,98.0,91.0,100.0,-0.019010445257851716
48.5818673539997,0.5342406190322673,-0.0132247495391013,2.2226103319847565,5.076728571860378,-0.2039049059461456,-0.0806757746848253,-6.364799804687501,100.0,103.0,94.0,104.0,-0.019659116638763685
48.591867353999696,0.5592395794743645,-0.013885096246045,2.2768538757274994,4.982791363263185,0.069412720534397,-0.0833862228905379,-6.364799804687501,100.0,103.0,94.0,104.0,-0.020610526295950206
48.601867353999694,0.5765135948468354,-0.0143413239130995,2.3136943613275336,5.087653085058263,-0.1053034899897815,-0.0872027783225358,-6.364799804687501,104.0,108.0,100.0,104.0,-0.021208127390559155
48.61186735399969,0.6037561266620326,-0.0150626753143235,2.371908665066458,4.925573672839406,-0.1112288952462692,-0.0811490923314061,-6.364799804687501,104.0,108.0,100.0,104.0,-0.022190336951962087
48.62186735399969,0.6144181236681727,-0.0220932116424269,2.363202531768804,4.975151061438675,0.0634900714592081,-0.0830904272119199,-6.364799804687501,110.0,112.0,104.0,113.0,-0.022915893116057896
48.63186735399969,0.6323404087268079,-0.0227453114014566,2.4012629067540567,5.042437292237169,-0.1857994101404581,-0.0831436103023061,-6.364799804687501,110.0,112.0,104.0,113.0,-0.023525458361976302
48.641867353999686,0.6605684858636779,-0.0237760837405253,2.4595258714000146,5.184066766379415,-0.0348336059586259,-0.0778671973061057,-5.910399780273436,115.0,116.0,109.0,113.0,-0.02445439040456081
48.651867353999684,0.6881126525223072,-0.0247878149286491,2.514291123333308,4.927121266917674,-0.2755673171168462,-0.0847312560478641,-5.910399780273436,115.0,116.0,109.0,113.0,-0.025360031232786927
48.66186735399968,0.7072040452850736,-0.0255144415482504,2.5521369856959173,4.851216957662805,-0.2563821707810467,-0.0875553098164634,-5.910399780273436,120.0,121.0,113.0,122.0,-0.025981101259685536
48.67186735399968,0.7371126795081403,-0.0266873595144565,2.608821579865431,4.827812433957688,-0.5138136939474011,-0.0850050413893924,-5.910399780273436,120.0,121.0,113.0,122.0,-0.026968548161322787
48.68186735399968,0.7663301317020315,-0.0278642267456846,2.6629143873569894,4.871197143767565,-0.2448125010069431,-0.0856559791574485,-5.4208001708984375,120.0,126.0,118.0,122.0,-0.02790046845093092
48.691867353999676,0.7864653938907842,-0.0286793358915661,2.6998938556091034,4.711829561290074,0.0103141183946111,-0.0816295439614501,-5.4208001708984375,120.0,126.0,118.0,122.0,-0.028507911018400847
48.701867353999674,0.8181390601841205,-0.0299567145425572,2.755313648142752,4.826914198462175,-0.2378683322743267,-0.0796501970983278,-5.4208001708984375,125.0,131.0,123.0,131.0,-0.02942210269416553
48.71186735399967,0.848929918585442,-0.0312262133773119,2.8099770646333995,4.785656397114027,-0.249758180389126,-0.0849578257648041,-5.4208001708984375,125.0,131.0,123.0,131.0,-0.030338400631279207
48.72186735399967,0.8702043177044958,-0.0321211549986128,2.847519763484984,4.97079461596701,-0.4257048966570399,-0.0826930767556074,-5.4208001708984375,130.0,136.0,126.0,131.0,-0.030963112611087588
48.73186735399967,0.8846130056858852,-0.0348980984540647,2.822823010179441,5.029900054673229,-0.0621512756740101,-0.0838048089287374,-5.4208001708984375,130.0,136.0,126.0,131.0,-0.031096398410051816
48.741867353999666,0.9161568734810538,-0.0363436123566177,2.878851202681279,5.120552917062972,0.0159112744834612,-0.0790253967180314,-5.033599853515625,134.0,140.0,132.0,136.0,-0.031999000470945775
48.751867353999664,0.937917236076391,-0.0373437480626576,2.916568258175265,4.915746744512452,0.0765143124037342,-0.0818473679831663,-5.033599853515625,134.0,140.0,132.0,136.0,-0.032641523967012996
48.76186735399966,0.9720678158206248,-0.0389049298237614,2.974511012580749,5.097463462946492,-0.0739647251155862,-0.0817785106574602,-5.033599853515625,139.0,145.0,136.0,141.0,-0.03358591817022073
48.77186735399966,1.0053028101993495,-0.0404108526533977,3.027963120217532,4.80695895892686,0.0003965788420588,-0.0814535322955186,-5.033599853515625,139.0,145.0,136.0,141.0,-0.03450271251667288
48.78186735399966,1.028250587141211,-0.0414445787682688,3.065350918867571,5.050529006833259,-0.3851500612573497,-0.0778572642837227,-4.748800048828125,144.0,150.0,141.0,145.0,-0.03511744778566629
48.791867353999656,1.0639772206142195,-0.0430787355763219,3.122375797722745,4.976613099248076,-0.2833076519965477,-0.0790905173107315,-4.748800048828125,144.0,150.0,141.0,145.0,-0.036027790682924686
48.801867353999654,1.098815921038008,-0.0447162436672372,3.177319684883966,4.969003671947492,-0.4554369305618378,-0.0868120548401368,-4.748800048828125,149.0,155.0,145.0,150.0,-0.03695706079995075
48.81186735399965,1.1228197204694308,-0.0458750747522666,3.213596816564295,4.917594759533011,-0.2758673710367399,-0.0825134112280258,-4.748800048828125,149.0,155.0,145.0,150.0,-0.0375716183741124
48.82186735399965,1.1603474949886723,-0.0477113481334696,3.270388665480041,4.901979114795671,-0.1793235503470425,-0.0821347466348583,-4.748800048828125,154.0,160.0,150.0,154.0,-0.03852178034532618
48.83186735399965,1.1917115234960471,-0.0487564006731789,3.2859176246626998,4.783677717199063,0.0130706159125113,-0.0841678715900976,-4.748800048828125,154.0,160.0,150.0,154.0,-0.040096007534476924
48.841867353999646,1.216628701985773,-0.0499654228566998,3.3231786098299763,4.860975381176892,0.014458451447396,-0.0802969871131344,-4.460799865722656,157.0,164.0,155.0,158.0,-0.04070445414677259
48.851867353999644,1.255308102326047,-0.0518273202006392,3.379495696697078,5.002930418583721,0.3296119190688868,-0.0810260635994072,-4.460799865722656,157.0,164.0,155.0,158.0,-0.04164622442655924
48.86186735399964,1.2930164804883282,-0.0535925977195308,3.4341957956046776,4.867370239393589,0.485410280154396,-0.0874791083821929,-4.460799865722656,163.0,164.0,159.0,164.0,-0.042575659598971964
48.87186735399964,1.3189684704030746,-0.0547858450542566,3.471481494674256,5.00370504461137,-0.0662384400690391,-0.0869447462854612,-4.460799865722656,163.0,164.0,159.0,164.0,-0.04318258108254615
48.88186735399964,1.3593738630829757,-0.0566955139025696,3.5279536970129897,4.868560482926894,-0.938131185860686,-0.0853782680669047,-4.207999877929687,169.0,169.0,164.0,168.0,-0.04416851908077008
48.891867353999636,1.3986275476371912,-0.0586834241873719,3.581685171506266,4.835610000368806,-1.341641605326774,-0.0864283570456386,-4.207999877929687,169.0,169.0,164.0,168.0,-0.04509959183174927
48.901867353999634,1.4256843663823957,-0.0601558253311836,3.619453294376279,4.978551552710691,-1.253115876717018,-0.0833965018747906,-4.207999877929687,171.0,173.0,168.0,171.0,-0.045709035934109875
48.91186735399963,1.4678697791038289,-0.062565177254693,3.6772242750208113,5.058773682111206,-0.7089609597602989,-0.0793545536246617,-4.207999877929687,171.0,173.0,168.0,171.0,-0.046633724330935857
48.92186735399963,1.508909009312017,-0.0649338353755751,3.729915706096985,4.673930917382753,-0.0814063765916807,-0.0796362759388742,-4.207999877929687,176.0,178.0,172.0,176.0,-0.04750812427799211
48.93186735399963,1.5142424140151194,-0.0741238054494822,3.6743010754995375,4.683313110173044,0.4859472781321031,-0.0806838928291848,-4.207999877929687,176.0,178.0,172.0,176.0,-0.047642353302892376
48.941867353999626,1.5568406902916634,-0.0768627671820983,3.727925089352643,4.702601925975789,0.6119479128117739,-0.0831256442574285,-3.990400085449219,182.0,182.0,177.0,180.0,-0.048578847975915704
48.951867353999624,1.598243304915082,-0.0794410433599647,3.7791711901263496,4.771397366245503,0.5166086798898412,-0.0830877736522234,-3.990400085449219,182.0,182.0,177.0,180.0,-0.049495115835887775
48.96186735399962,1.6268956304368452,-0.0811982992452425,3.81534362418764,4.971969831533975,0.1610799352885147,-0.0841576693639654,-3.990400085449219,189.0,187.0,181.0,187.0,-0.05011055188594246
48.97186735399962,1.6711586413235855,-0.0839080343895321,3.8735442991505393,5.11240610914974,-0.2730389434351566,-0.0873151474748582,-3.990400085449219,189.0,187.0,181.0,187.0,-0.051095641327438504
48.98186735399962,1.7142535093232842,-0.0866122845297435,3.929036347024714,4.911402541956286,-0.7891091835505541,-0.0890145224160179,-3.7023999023437506,192.0,193.0,186.0,191.0,-0.05206301872336028
48.991867353999616,1.7439368602969023,-0.0885280321646341,3.967132088949911,5.111408927709291,-0.6333151093220298,-0.0809578721873361,-3.7023999023437506,192.0,193.0,186.0,191.0,-0.052731928864234834
49.001867353999614,1.7899780751671055,-0.0915494563884601,4.025700049060919,5.045583697056538,-0.4988923199653655,-0.0801917082812932,-3.7023999023437506,195.0,197.0,191.0,195.0,-0.05365891468854059
49.01186735399961,1.834696576552857,-0.094515090719764,4.080673390900531,5.037940887756861,-0.0003090275141689,-0.0800874521525052,-3.7023999023437506,195.0,197.0,191.0,195.0,-0.05456629499940699
49.02186735399961,1.865566037548521,-0.0965531571004898,4.119119047963841,5.096353834248768,0.1583091206081037,-0.0784285631602832,-3.7023999023437506,200.0,201.0,196.0,200.0,-0.055147679328084565
49.03186735399961,1.8984993476904903,-0.098896434971588,4.108280188443587,4.970062584251031,0.0406958265681343,-0.07627104110772,-3.7023999023437506,200.0,201.0,196.0,200.0,-0.05536944256118406
49.041867353999606,1.9441251096007344,-0.1018852304707583,4.162916470149891,5.144795962845889,-0.1368122359187976,-0.0807817198900039,-3.468800048828125,205.0,206.0,200.0,205.0,-0.0562493723897085
49.051867353999604,1.975593124499306,-0.1039643975470544,4.200034588578161,4.595756926399502,-0.4038521773870364,-0.0761599260587319,-3.468800048828125,205.0,206.0,200.0,205.0,-0.05685461882749185
49.0618673539996,2.0242059233617997,-0.1072328346757982,4.254219937046766,4.86366654100619,-0.5829227955383496,-0.074696026466124,-3.468800048828125,210.0,211.0,205.0,209.0,-0.05773506649927449
49.0718673539996,2.0714478329465207,-0.1104851353169013,4.3070795088706815,4.772005781778764,-0.7448718725543632,-0.0742297487646114,-3.468800048828125,210.0,211.0,205.0,209.0,-0.05855091005097125
49.0818673539996,2.1037407157086894,-0.1127666606002113,4.342804849114436,4.827606104581239,-0.630776693828727,-0.0738033599722952,-3.232000122070313,214.0,216.0,209.0,213.0,-0.05910380896624671
49.091867353999596,2.1543010701936565,-0.1163858395620462,4.398601103181718,4.845692172823954,-0.3062227984077421,-0.0726322331638407,-3.232000122070313,214.0,216.0,209.0,213.0,-0.0599506989558526
49.101867353999594,2.202991074047936,-0.1198807375329844,4.452928677153363,4.907976397983063,-0.0802668202414292,-0.0712387572678087,-3.232000122070313,219.0,219.0,213.0,217.0,-0.060723436047806854
49.11186735399959,2.236644071652288,-0.1222830496165171,4.490846974700605,4.977435028136725,0.3099080921452495,-0.0727599042335009,-3.232000122070313,219.0,219.0,213.0,217.0,-0.06126936443933567
49.12186735399959,2.288712923829627,-0.1259533518892655,4.5484511717666525,4.976609233632591,0.3063340432303514,-0.0722256320068563,-3.232000122070313,225.0,224.0,218.0,222.0,-0.062090806636960524
49.13186735399959,2.326241812118019,-0.1158969269675759,4.524555787735252,5.155396871042527,-0.2836820832558396,-0.0743793236009141,-3.232000122070313,225.0,224.0,218.0,222.0,-0.06178762183763481
49.14186735399959,2.3602833288334786,-0.1179603415320216,4.562728259031069,5.234783068527497,-0.3841503769917535,-0.069730311905487,-3.030400085449219,230.0,230.0,223.0,226.0,-0.06233307582110496
49.151867353999585,2.413337612514405,-0.1212137054940882,4.621173403899227,4.974060839657806,-0.1069938409661073,-0.0708673944388268,-3.030400085449219,230.0,230.0,223.0,226.0,-0.0631541765703416
49.16186735399958,2.4646001201152914,-0.1243437741993578,4.677154765743694,5.219798605776185,0.2886854911839269,-0.0743232202182002,-3.030400085449219,235.0,236.0,228.0,231.0,-0.06394309197522943
49.17186735399958,2.499814899319324,-0.1264775880631831,4.714373711575391,4.807404929804903,0.1144647663282583,-0.0704361127039776,-3.030400085449219,235.0,236.0,228.0,231.0,-0.06446549246843061
49.18186735399958,2.5543356216028625,-0.1298046546667094,4.767888811826602,4.629457825254631,-0.6831213876763895,-0.0761439242870176,-2.8448001098632814,238.0,239.0,232.0,236.0,-0.06530245480680245
49.19186735399958,2.607594803530996,-0.1331554249339746,4.820881573718721,4.865813193352594,-0.9179809130014288,-0.074741523501593,-2.8448001098632814,238.0,239.0,232.0,236.0,-0.06611195022826533
49.201867353999575,2.6437687107894434,-0.1355048663563472,4.856415272012743,4.608985295073111,-1.2795996889493138,-0.0722511522780858,-2.8448001098632814,242.0,244.0,236.0,239.0,-0.06666806460613545
49.21186735399957,2.6997606102993195,-0.139270120314058,4.909676094428419,4.6524868689355845,-1.0217251705570052,-0.0718967760938082,-2.8448001098632814,242.0,244.0,236.0,239.0,-0.06747823654612127
49.22186735399957,2.750123694523092,-0.164518399476315,4.934004660559152,4.642912642071841,-0.2594430514707046,-0.0692574080756641,-2.8448001098632814,247.0,248.0,241.0,244.0,-0.06963161793395617
49.23186735399957,2.7869552656197163,-0.1676869074652765,4.968580536494171,4.695091031486394,-0.1651645478677372,-0.0717398765402313,-2.8448001098632814,247.0,248.0,241.0,244.0,-0.07015432438775947
49.24186735399957,2.8445629190825468,-0.1726246631281395,5.022125903780475,4.738467837650524,0.2860589012243901,-0.0762987051849756,-2.6592001342773437,254.0,253.0,245.0,249.0,-0.07100154679610532
49.251867353999565,2.900101054432895,-0.1773680554982744,5.075021204441801,4.731401339737338,0.0474948229205261,-0.0736899584079768,-2.6592001342773437,254.0,253.0,245.0,249.0,-0.07182582991059716
49.26186735399956,2.938142214328067,-0.1806081265380419,5.11229877878686,5.104594079212762,-0.2680545011720711,-0.0833570223676369,-2.6592001342773437,259.0,258.0,250.0,254.0,-0.07238369242392065
49.27186735399956,2.9973016874386933,-0.1856822626980006,5.1713198080240215,5.125352964166999,-0.4840112805734363,-0.0711830614358266,-2.6592001342773437,259.0,258.0,250.0,254.0,-0.0732514345568038
49.28186735399956,3.054772209348658,-0.1906504602550726,5.229784222199652,5.357547105922747,-0.1597924491922661,-0.0821510525700688,-2.5247999572753907,264.0,262.0,254.0,260.0,-0.07412255100420215
49.29186735399956,3.0940684546804738,-0.1940660945940267,5.270052097348999,5.337612381363994,-0.0489721811671611,-0.0714916491605025,-2.5247999572753907,264.0,262.0,254.0,260.0,-0.07471126081587513
49.301867353999555,3.154831027718716,-0.1993187105135326,5.330290236318418,5.152192902155494,-0.0942868646230389,-0.0697802286081662,-2.5247999572753907,267.0,267.0,259.0,264.0,-0.07551799313195054
49.31186735399955,3.21402532294717,-0.204413830292805,5.386075915808209,5.015794412143463,-0.1095343087208559,-0.0666509795381373,-2.5247999572753907,267.0,267.0,259.0,264.0,-0.0762757833048327
49.32186735399955,3.2543013297084045,-0.2078833798014318,5.422692041106648,4.8826945074699575,-0.495130985611306,-0.0594179930979553,-2.5247999572753907,271.0,271.0,264.0,268.0,-0.07674843422412818
49.33186735399955,3.328526442676242,-0.2510138107461254,5.491661082521393,4.567846835191593,-0.6881252231858794,-0.0597212342948669,-2.5247999572753907,271.0,271.0,264.0,268.0,-0.07737569545753903
49.34186735399955,3.3892436243720003,-0.2578206470424745,5.542117717596435,4.478915520349794,-0.6612738318056477,-0.0521708060130274,-2.3552000427246096,276.0,276.0,270.0,273.0,-0.07798119078734105
49.351867353999545,3.43092648921212,-0.2625492085217604,5.577031801169268,4.442269597356884,-0.3604284558796701,-0.046124940568385,-2.3552000427246096,276.0,276.0,270.0,273.0,-0.07832336423697497
49.36186735399954,3.49491817935272,-0.2698413216677034,5.629414693320269,4.444137301228861,-0.3626813189412148,-0.0438129687963756,-2.3552000427246096,281.0,280.0,272.0,276.0,-0.07885653885391512
49.37186735399954,3.5571244865448297,-0.2769372846939328,5.681782816080522,4.733353612915601,0.0296571829211479,-0.0495120843136022,-2.3552000427246096,281.0,280.0,272.0,276.0,-0.07941238600885407
49.38186735399954,3.5997092220314,-0.281767121245442,5.716884500367276,4.682184447066478,0.8086062159702091,-0.0500533847988659,-2.188800048828125,281.0,285.0,278.0,281.0,-0.0797769233532523
49.39186735399954,3.6655037391169567,-0.2891011788379608,5.773365328137463,4.817270246225328,1.708702396797558,-0.0489254130409071,-2.188800048828125,281.0,285.0,278.0,281.0,-0.08032541372671814
49.401867353999535,3.729466871160572,-0.2960253390685237,5.828171275450785,4.998680185025734,1.2440455707488784,-0.04224105095766,-2.188800048828125,296.0,290.0,283.0,286.0,-0.08081376484712566
49.41186735399953,3.773191136776048,-0.3006872305291765,5.866075344581005,5.045008946286276,0.0311835014385419,-0.0409403845964874,-2.188800048828125,296.0,290.0,283.0,286.0,-0.0811106670046657
49.42186735399953,3.850138374244359,-0.3368071091989719,5.963575185363361,5.054406194166432,-1.1783550953521336,-0.0353903038035614,-2.188800048828125,296.0,293.0,287.0,288.0,-0.07916025709762539
49.43186735399953,3.916037906295428,-0.3450228106000626,6.018474669715318,4.902214235434492,-1.918032756028524,-0.0225226486276934,-2.188800048828125,296.0,293.0,287.0,288.0,-0.0794289283848191
49.44186735399953,3.960674174914675,-0.3506861125861288,6.053070972974493,5.166992291960547,-0.7341049674208572,-0.0196485149711239,-1.951999969482422,297.0,298.0,292.0,292.0,-0.07956916911864363
49.451867353999525,4.030517980125384,-0.3595778177794454,6.108468489781656,4.632408702028811,-0.0708253644793194,-0.0188607176074958,-1.951999969482422,297.0,298.0,292.0,292.0,-0.07977086167565436
49.46186735399952,4.09774659565985,-0.3680255558808142,6.158854693890728,4.6557166947494215,0.9114521402573208,-0.0183259019993347,-1.951999969482422,300.0,303.0,295.0,298.0,-0.07999619049755254
49.47186735399952,4.143867684982079,-0.3737126620223815,6.19291963688536,4.1665275583870605,1.6687622937218618,-0.0262704987788324,-1.951999969482422,300.0,303.0,295.0,298.0,-0.0801614308512814
49.48186735399952,4.215158366211216,-0.382356706898166,6.245614320009452,4.86545055810843,0.6496591187148766,-0.0314119599506783,-1.7663999938964845,305.0,306.0,301.0,302.0,-0.08049054881909012
49.49186735399952,4.283999726727094,-0.3906540843957382,6.300806144010504,5.27790772020813,-0.0577102743999771,-0.0249904957848163,-1.7663999938964845,305.0,306.0,301.0,302.0,-0.080768899242905
49.501867353999515,4.331365786502612,-0.3963753710345377,6.339653839736138,5.107837798506992,-0.4338967480887614,-0.028646047746372,-1.7663999938964845,311.0,312.0,306.0,307.0,-0.08096074738032338
49.51186735399951,4.404209466956958,-0.4052248384314537,6.397770665837097,4.941393984078759,-0.6048107887362554,-0.028257516754206,-1.7663999938964845,311.0,312.0,306.0,307.0,-0.08126305606830386
49.52186735399951,4.496490751768301,-0.3727336929407462,6.450555620191916,4.879121155716005,-0.6946704152382706,-0.0227758676103767,-1.7663999938964845,315.0,312.0,310.0,311.0,-0.07799758353431449
49.53186735399951,4.544653723934924,-0.3774083838549892,6.488735274122572,5.026047604072796,-0.2963239330414063,-0.0189018274385851,-1.7663999938964845,315.0,312.0,310.0,311.0,-0.07817542549981787
49.54186735399951,4.6193919895918985,-0.3846767816257,6.544761599193869,4.886787132168807,-0.0167428318983186,-0.0241800073746048,-1.5647999572753906,320.0,316.0,314.0,316.0,-0.07843062222870284
49.551867353999505,4.691874443602954,-0.3917133713993218,6.59558595935241,4.720141215548016,0.0954023817754808,-0.0154319234602813,-1.5647999572753906,320.0,316.0,314.0,316.0,-0.07863878001353393
49.5618673539995,4.741255216599361,-0.3965021682720751,6.63039791128601,4.652749350274942,-0.3359535476660186,-0.0138386837121085,-1.5647999572753906,326.0,320.0,319.0,320.0,-0.07874865567590122
49.5718673539995,4.817757239872152,-0.4039607648620143,6.683071264717451,4.503253434517182,-0.3264941539265275,-0.008380127506078,-1.5647999572753906,326.0,320.0,319.0,320.0,-0.07888549886384086
49.5818673539995,4.891309022491059,-0.4111355237626408,6.734233646700287,4.584381414683945,0.0577819774566144,-0.0069411042124616,-1.3632000732421876,329.0,325.0,324.0,324.0,-0.07895672728761297
49.5918673539995,4.941766939840472,-0.4160177401261651,6.770980756535914,5.027761392154289,0.7411748200462676,-0.0112303062432826,-1.3632000732421876,329.0,325.0,324.0,324.0,-0.07898406060498267
49.601867353999495,5.019926721890081,-0.4234874686833455,6.827687360839021,4.898658524965899,0.5533329513681414,-0.0079545360361523,-1.3632000732421876,334.0,332.0,327.0,329.0,-0.07911857372515911
49.61186735399949,5.095343673348172,-0.4306390375117036,6.883413542471874,5.1901689782004485,0.3142758306970514,-0.0089016134405944,-1.3632000732421876,334.0,332.0,327.0,329.0,-0.07922574269085687
49.62186735399949,5.146743699373548,-0.4355089644785749,6.919199997611301,4.715631129979796,-0.8865448987331563,-0.0061251708878636,-1.3632000732421876,339.0,334.0,332.0,331.0,-0.07928508541139569
49.63186735399949,5.233521869461883,-0.4138309166268133,6.96674905775564,4.936936599359565,-0.7415968179231649,-0.0147491069181264,-1.3632000732421876,339.0,334.0,332.0,331.0,-0.07949102947660269
49.64186735399949,5.310445208568336,-0.4201564834145038,7.018761191741714,4.652488216769286,-0.2540710443379966,-0.0099594054549221,-1.1776000213623048,343.0,339.0,337.0,337.0,-0.07961983856036897
49.651867353999485,5.363152706940767,-0.4244984267051424,7.054768123332725,4.570776627376919,0.0170715985592255,-0.0113386305174949,-1.1776000213623048,345.0,345.0,342.0,341.0,-0.07969792963682587
49.66186735399948,5.444595195905814,-0.4311792965126473,7.107673929120846,4.701490105309644,0.3843659427329757,-0.0160110300516791,-1.1776000213623048,345.0,345.0,342.0,341.0,-0.07985490734302489
49.67186735399948,5.522983147272615,-0.4375293919092644,7.1620277258728375,5.027800969775173,0.7700436637443987,-0.0106763201768241,-1.0080000305175782,354.0,349.0,346.0,347.0,-0.0799910036248114
49.68186735399948,5.576698356179803,-0.4418416883678389,7.199692550120213,5.0209366735154095,0.1887843177418028,-0.0150879354014219,-1.0080000305175782,354.0,349.0,346.0,347.0,-0.08009611921682315
49.69186735399948,5.659765538111095,-0.4484993069554385,7.256485359069162,4.681316382071401,0.0215637063293691,-0.0198285908334506,-1.0080000305175782,356.0,353.0,350.0,351.0,-0.08030140727218603
49.701867353999475,5.739866800192609,-0.4549634825262384,7.310245784197213,5.027242949136406,-0.6861624739284946,-0.01968675184158,-1.0080000305175782,356.0,353.0,350.0,351.0,-0.08051436961203849
49.71186735399947,5.79457723380312,-0.4594727648289022,7.34440917282517,4.791045591701683,-1.5926149741539386,-0.021640043468891,-1.0080000305175782,362.0,358.0,354.0,356.0,-0.08069047936487786
49.72186735399947,5.890203112422767,-0.4442517504049342,7.416698772346996,4.636933686224764,-1.4581234134019871,-0.0220795894398163,-1.0080000305175782,362.0,358.0,354.0,356.0,-0.08317693477137202
49.73186735399947,5.972386278983534,-0.4505897020337981,7.467487476953136,4.624875197125898,-0.7870610063724149,-0.0158767479963719,-0.8736000061035156,364.0,361.0,359.0,360.0,-0.08335275465466592
49.74186735399947,6.02804709527864,-0.4549297519497901,7.500657688616204,4.6111814442333605,-0.3704624564159992,-0.0091044554967381,-0.8736000061035156,364.0,361.0,359.0,360.0,-0.08341013244714042
49.751867353999465,6.114832263568793,-0.4616938498262705,7.5544852992916605,4.718006929605122,0.4192920410974264,-0.0170424730877356,-0.8736000061035156,370.0,368.0,363.0,365.0,-0.08355518498534553
49.76186735399946,6.198188528646119,-0.4680696456590119,7.608777529124624,5.216311020542475,1.1420282662189378,-0.0229789316308615,-0.8736000061035156,370.0,368.0,363.0,365.0,-0.0837715605870756
49.77186735399946,6.255260518264082,-0.4723670671987833,7.643916502290748,4.815405187998456,0.8021839721864783,-0.0205313792315182,-0.8736000061035156,376.0,371.0,367.0,367.0,-0.08392635927388538
49.78186735399946,6.343273721454011,-0.4789544948441023,7.700901305868101,4.945108831414017,0.0870896007704424,-0.031496720088876,-0.8736000061035156,376.0,371.0,367.0,367.0,-0.08425458739206579
49.79186735399946,6.428551364662424,-0.4854351542208717,7.756856234855376,5.050642158536901,-1.3872151718438566,-0.0274739172196426,-0.7744000244140625,381.0,376.0,372.0,372.0,-0.08456134123599546
49.801867353999455,6.48667078419867,-0.4899541624040124,7.794454906077668,4.898586423234007,-1.432963554831694,-0.0206117276936471,-0.7744000244140625,381.0,376.0,372.0,372.0,-0.0847475917186514
49.81186735399945,6.57673114623895,-0.4970958087130646,7.847008107013312,4.566334148231591,-0.6830223227798079,-0.0237308662589418,-0.7744000244140625,382.0,381.0,375.0,377.0,-0.08501024318314142
49.82186735399945,6.663007472677407,-0.4924028577292579,7.856269139203041,4.200989424391628,0.717289681566713,-0.0282854126249573,-0.7744000244140625,382.0,381.0,375.0,377.0,-0.08607555021291834
49.83186735399945,6.721758216005567,-0.496755275925815,7.890096720503413,4.645029761295782,0.4910280260305428,-0.0313234868987778,-0.7391999816894531,387.0,385.0,382.0,384.0,-0.08628586972852559
49.84186735399945,6.812957702201403,-0.5034662219781132,7.945567118764116,4.779445352574281,0.3166063384019503,-0.0360577019489913,-0.7391999816894531,387.0,385.0,382.0,384.0,-0.08669043151804634
49.851867353999445,6.900736996320707,-0.5099095119448995,7.999490061057954,5.281171123324316,0.2188455702606398,-0.0361816449888805,-0.7391999816894531,391.0,388.0,384.0,386.0,-0.08708389447329397
49.86186735399944,6.960480367445321,-0.5143019208515307,8.033357483174644,5.2549129700120005,-0.3028305245693294,-0.035198643126519,-0.7391999816894531,391.0,388.0,384.0,386.0,-0.0873249704459595
49.87186735399944,7.053474878737238,-0.521193955799486,8.092699102022433,5.007875547704188,-0.835356951461182,-0.0329616816328037,-0.7391999816894531,397.0,394.0,389.0,391.0,-0.0877103427890672
49.88186735399944,7.142666645435764,-0.5279402305316419,8.146207802150052,4.704476680675932,-1.5341911017010494,-0.0312789079137136,-0.7391999816894531,397.0,394.0,389.0,391.0,-0.08805876410260453
49.89186735399944,7.203602795605994,-0.5326744009557233,8.18342291571047,5.074753318458714,-1.3965043915258264,-0.0259682089738716,-0.7391999816894531,402.0,398.0,393.0,395.0,-0.08829198292919382
49.901867353999435,7.297952238748046,-0.5401495481862274,8.238676608606717,4.852416757533526,-0.8294806091080444,-0.0260840652201433,-0.7391999816894531,402.0,398.0,393.0,395.0,-0.08856851559780035
49.91186735399943,7.389563462583138,-0.5474726740647727,8.293150232323319,4.891412603911822,0.3069576861628542,-0.0226992371900897,-0.7391999816894531,406.0,406.0,399.0,401.0,-0.08880126316900198
49.92186735399943,7.45113863200913,-0.552366494889968,8.33079981295254,4.482537468718377,1.0895797026745877,-0.0199208419510444,-0.7391999816894531,406.0,406.0,399.0,401.0,-0.08897651965228646
49.93186735399943,7.545438237521775,-0.5602434735918027,8.306927236988749,4.959442366011168,0.6070283885217083,-0.0273358621868883,-0.7231999969482422,413.0,408.0,404.0,404.0,-0.08967774030452856
49.94186735399943,7.637024613004658,-0.5674779711411033,8.358793769584343,4.77977141839097,0.0478872974873261,-0.0314624906604779,-0.7231999969482422,413.0,408.0,404.0,404.0,-0.09001908016291336
49.951867353999425,7.699563835693437,-0.5724195585325998,8.393009355158888,4.9050295901132,-0.4187051298200139,-0.0265087619661524,-0.7231999969482422,416.0,413.0,406.0,407.0,-0.09024327024738023
49.96186735399942,7.796207225025434,-0.5801118130900327,8.444417414313225,3.92405928250781,-0.7572429081552483,-0.0295480672168165,-0.7231999969482422,416.0,413.0,406.0,407.0,-0.09057275423267605
49.97186735399942,7.88957621380673,-0.5876445555444677,8.492788455050556,4.349702765359308,-0.9163202394308186,-0.0283218233168416,-0.7231999969482422,418.0,417.0,413.0,413.0,-0.09090982430468131
49.98186735399942,7.953016859256174,-0.5928458870562638,8.526546342310102,4.857996938746456,-1.3591533605401516,-0.023764294536132,-0.7231999969482422,418.0,417.0,413.0,413.0,-0.09111661937797089
49.99186735399942,8.051213669763966,-0.6010092632301027,8.582849605478033,5.202185635671076,-0.5057240844051617,-0.027819044194457,-0.7551999664306641,421.0,420.0,416.0,418.0,-0.09142263482180289
50.001867353999415,8.146172521358244,-0.6088784409839658,8.634672094950174,4.964712159882396,0.6808100392407311,-0.0329612500494738,-0.7551999664306641,421.0,420.0,416.0,418.0,-0.09175757994000477
50.01186735399941,8.210706024492406,-0.6141631097050851,8.673073209011283,5.053705127937867,0.3483112991161967,-0.0299383899871102,-0.7551999664306641,429.0,426.0,421.0,423.0,-0.09199131195642374
50.02186735399941,8.299085513734232,-0.6263515287176812,8.676129200948843,4.82700497193076,-0.2443923715999603,-0.0324415523771632,-0.7551999664306641,429.0,426.0,421.0,423.0,-0.09373330494981733
50.03186735399941,8.394634008908788,-0.6345118034389873,8.730500335729904,4.896232707426529,-0.992652749120986,-0.0310804608199811,-0.7904000091552733,434.0,429.0,424.0,426.0,-0.09405847408365277
50.04186735399941,8.460002286445226,-0.6401647614922699,8.768862520243555,5.021813019833967,-1.7441769778111462,-0.0271283073408817,-0.7904000091552733,434.0,429.0,424.0,426.0,-0.09427439642893916
50.051867353999405,8.561116894272285,-0.6490904797304864,8.825022135080916,5.129692004564912,-1.271209697899887,-0.0246960161658107,-0.7904000091552733,434.0,438.0,430.0,431.0,-0.09457077053785815
50.0618673539994,8.658301624216348,-0.6577737687369051,8.878962514793665,4.97607454836981,-0.5971165232265163,-0.0257127861347155,-0.7904000091552733,434.0,438.0,430.0,431.0,-0.09486097354542662
50.0718673539994,8.724756476842156,-0.6637089042454011,8.911080519168797,4.602896184951386,0.5155665063928406,-0.0249200836824029,-0.7904000091552733,437.0,439.0,434.0,434.0,-0.09506490892977205
50.0818673539994,8.827464704555647,-0.6728365497388191,8.963801406359833,4.187601322796402,0.3808610500174957,-0.0261423100587739,-0.7904000091552733,437.0,439.0,434.0,434.0,-0.09533392859078663
50.0918673539994,8.926140427813149,-0.6815856700118201,9.013125635082094,4.146594555422234,0.1149889425798838,-0.0326795634277134,-0.7904000091552733,442.0,444.0,437.0,437.0,-0.09567377576606946
50.101867353999396,8.993541392714162,-0.6875899338854919,9.045431700880432,3.8668979174149034,-0.5197191739372534,-0.0248653844098599,-0.7904000091552733,442.0,444.0,437.0,437.0,-0.09587993901753131
50.11186735399939,9.097597485867524,-0.6969246951302129,9.092137989013354,4.600945450470474,-0.6374157238804804,-0.0294282553560123,-0.7904000091552733,446.0,449.0,442.0,444.0,-0.09621265401812704
50.12186735399939,9.199561752350371,-0.7186308413409228,9.038484136914736,4.928985257436172,0.1828651256119869,-0.0292467653809578,-0.7904000091552733,446.0,449.0,442.0,444.0,-0.09712249344397013
50.13186735399939,9.267247240949915,-0.7250244836100302,9.075016269813396,4.88507680788228,-0.0963791170076186,-0.0372524314356172,-0.7904000091552733,449.0,451.0,447.0,449.0,-0.09736734716985819
50.14186735399939,9.371730332936526,-0.7349020268786676,9.130730323675875,4.883139745127638,0.5226687599842653,-0.0363804503374413,-0.7904000091552733,449.0,451.0,447.0,449.0,-0.09777388193697834
50.151867353999386,9.47237156318046,-0.7444447756320147,9.18857396842821,5.233987674063683,-0.1357877403855361,-0.0306213993873896,-0.7904000091552733,453.0,457.0,451.0,453.0,-0.09814208722936407
50.161867353999384,9.541168255839407,-0.7509987753898884,9.227264335430004,4.59066534645499,-0.5534368743135941,-0.0298304158237942,-0.7904000091552733,453.0,457.0,451.0,453.0,-0.0983719001657393
50.17186735399938,9.647357171554294,-0.7611698072849414,9.28389535465322,5.053779645659341,-0.454469341954123,-0.0258367070598054,-0.7744000244140625,460.0,457.0,456.0,458.0,-0.0986888651004608
50.18186735399938,9.749509209718507,-0.7710545269129349,9.337947833541811,4.873668092748448,-0.7444969101577336,-0.0245323120563687,-0.7744000244140625,460.0,457.0,456.0,458.0,-0.09895776818590916
50.19186735399938,9.819606916659009,-0.7778823175811426,9.373635069723392,5.187550334680609,-0.41777573211946,-0.0229302527178539,-0.7744000244140625,464.0,467.0,460.0,460.0,-0.09911768209566839
50.201867353999376,9.92730311089895,-0.7883776403332442,9.425625768766425,4.0723396289399565,0.0442024175102646,-0.0095134084480354,-0.7744000244140625,464.0,467.0,460.0,460.0,-0.0992956823307206
50.211867353999374,10.030901434030104,-0.7984415113276344,9.47562481362699,4.50204122855398,-0.6444950974325138,-0.0106594856168597,-0.7744000244140625,469.0,467.0,464.0,464.0,-0.09938989525514833
50.22186735399937,10.096733694375974,-0.8091368815537316,9.4414026022239,4.430046754008237,-1.1260968300417733,-0.0101308394556655,-0.7744000244140625,469.0,467.0,464.0,464.0,-0.09688673865661705
50.23186735399937,10.205413007092908,-0.819777731400499,9.490056689394798,4.448222620792095,-0.4958691924281236,-0.0071957616400687,-0.7551999664306641,473.0,471.0,468.0,467.0,-0.09698798902878249
50.24186735399937,10.309869014400382,-0.8300318369905304,9.536262968681948,4.416330996209783,0.0595983581130657,-0.0003508152969651,-0.7551999664306641,473.0,471.0,468.0,467.0,-0.09699409382662284
50.251867353999366,10.381178509138426,-0.8370158264168133,9.569216094707024,4.589369441323583,-0.0439748657858554,-0.0027549808390192,-0.7551999664306641,477.0,475.0,473.0,473.0,-0.09698766416226318
50.261867353999364,10.491135411570449,-0.8477409046339863,9.62162686357539,4.607015138562333,0.945504567093158,-0.0055239212320174,-0.7551999664306641,477.0,475.0,473.0,473.0,-0.09703653603602846
50.27186735399936,10.597179012490844,-0.8579649609897214,9.674689370288874,4.769948344492207,1.616276762897305,-0.0019175533099259,-0.7551999664306641,481.0,477.0,477.0,478.0,-0.09708921283910549
50.28186735399936,10.669383169780817,-0.8648688039080672,9.71420621700712,5.07400499630328,0.8771305048777046,0.0012566548078832,-0.7551999664306641,481.0,477.0,477.0,478.0,-0.09708313977098344
50.29186735399936,10.780758520551366,-0.8754727530495588,9.769504965094251,4.642670269273733,0.1603247476748067,-0.0007734581203327,-0.7391999816894531,490.0,483.0,481.0,482.0,-0.09709240918369164
50.301867353999356,10.888939946970456,-0.8858428995795615,9.826379018660322,5.414195255415184,-1.037206420921813,0.0032369169240993,-0.7391999816894531,490.0,483.0,481.0,482.0,-0.09706279302670556
50.311867353999354,10.962071805591576,-0.892953085391669,9.863444056274236,4.840106671986118,-0.570101296344484,0.0103595632232867,-0.7391999816894531,494.0,486.0,486.0,486.0,-0.09701314940158894
50.32186735399935,11.085959275547944,-0.9199405566831022,9.870755885828782,5.057263845603553,-0.2431478034758052,0.0194874241571109,-0.7391999816894531,494.0,486.0,486.0,486.0,-0.09753089814041561
50.33186735399935,11.194913752170834,-0.9311674309079818,9.922398242417318,4.83811445942696,0.866262496852004,0.0162693279920841,-0.6719999694824219,498.0,494.0,492.0,490.0,-0.09735342684211357
50.34186735399935,11.268897357530005,-0.9387491737501656,9.956527509437382,4.4509383382348,0.4007514261714591,0.0097210739427186,-0.6719999694824219,498.0,494.0,492.0,490.0,-0.09726030273528369
50.351867353999346,11.383245441072075,-0.9504789442719752,10.00539282105904,4.082670087597824,-0.2202950095389272,0.0100769923922627,-0.6719999694824219,501.0,496.0,495.0,492.0,-0.097137629779813
50.361867353999344,11.49345890237188,-0.9618063922045758,10.049864347931516,4.159658750908778,-0.426060618687972,0.0100404613457639,-0.6719999694824219,501.0,496.0,495.0,492.0,-0.0970076723068512
50.37186735399934,11.60332048981946,-0.9731251031293096,10.094745668573216,4.627064505276183,0.2490660983849162,0.0126238901854904,-0.6719999694824219,504.0,501.0,500.0,499.0,-0.09686840332685324
50.38186735399934,11.683996800447268,-0.9814274969264632,10.125567200640004,3.936656484382996,-0.1216950349883718,0.0076187007191149,-0.6719999694824219,504.0,501.0,500.0,499.0,-0.09679448692287171
50.39186735399934,11.795650270665384,-0.9928572132159436,10.175239248712233,4.37799696197937,0.9209859516553168,0.01200395670451,-0.6047999954223633,506.0,503.0,504.0,503.0,-0.09667794363912378
50.401867353999336,11.871843200457567,-1.000603163036099,10.21306752652048,4.755785578583138,0.7140314824550572,0.0099569063012974,-0.6047999954223633,506.0,503.0,504.0,503.0,-0.09658530325669017
50.411867353999334,11.988893785606988,-1.0124605283860566,10.26736615504386,4.840020501079284,0.2745746323136101,0.0150742757644925,-0.6047999954223633,512.0,507.0,507.0,506.0,-0.09644500043648951
50.42186735399933,12.11274734412584,-1.0319400170815816,10.32042994412645,5.204222320565126,0.6542498313308995,0.0085643150004296,-0.6047999954223633,512.0,507.0,507.0,506.0,-0.09850558039203716
50.43186735399933,12.189806990833626,-1.0399617964514238,10.356908829319044,4.936543615888113,0.1573959509939084,0.0160788301639945,-0.5215999984741211,515.0,512.0,512.0,510.0,-0.09841341992494312
50.44186735399933,12.30847687698266,-1.0523329173629206,10.412658712858752,4.750300832577837,0.0855356597776982,0.0142187203496323,-0.5215999984741211,515.0,512.0,512.0,510.0,-0.09823391885970126
50.451867353999326,12.423576068802388,-1.0643021866853055,10.463502348455528,4.611312618801187,0.454076160370745,0.0169486563157003,-0.5215999984741211,522.0,518.0,517.0,513.0,-0.09805106178055338
50.461867353999324,12.501361515986495,-1.0723937066477578,10.497071301271552,4.109541617289037,0.5240034397202591,0.0103166214944013,-0.5215999984741211,522.0,518.0,517.0,513.0,-0.09796054205155517
50.47186735399932,12.621703584536435,-1.0848822303288208,10.543774592843318,4.005578846192049,0.2487745489321866,0.0145249072969872,-0.5215999984741211,525.0,520.0,520.0,516.0,-0.09780016524059226
50.48186735399932,12.7379734962291,-1.0969250108041768,10.588398630923413,4.233184309903197,0.1263100654827924,0.0212555997168462,-0.5215999984741211,525.0,520.0,520.0,516.0,-0.0976140050033005
50.49186735399932,12.817258465872422,-1.105167885274029,10.618530514093043,4.231797614529427,0.1516598239787423,0.0154431120484298,-0.47040000915527347,528.0,526.0,524.0,522.0,-0.09749379236631787
50.501867353999316,12.939111422666024,-1.117830242375097,10.667274909542288,4.34437590129996,0.3774470316914545,0.0115132720509109,-0.47040000915527347,528.0,526.0,524.0,522.0,-0.09733221493547296
50.511867353999314,13.056313203249262,-1.129963024078165,10.718317438659517,4.465006677268884,0.1702571951011721,0.0117683140289545,-0.47040000915527347,531.0,529.0,526.0,526.0,-0.09720172618395785
50.52186735399931,13.155802719641674,-1.1424942174513435,10.724988672917316,4.557925285499322,0.3382225725848357,0.0077679722847311,-0.47040000915527347,531.0,529.0,526.0,526.0,-0.09690266676446128
50.53186735399931,13.278894391598117,-1.15529094243267,10.779201103809232,4.842760756456843,-0.0710360825554933,0.0094982549038532,-0.4031999969482422,537.0,531.0,531.0,530.0,-0.09679162570818052
50.54186735399931,13.39791813665476,-1.1676523476274994,10.834497531293266,5.116416409435712,0.2773437581976861,0.0139555685518773,-0.4031999969482422,537.0,531.0,531.0,530.0,-0.09666272622686554
50.551867353999306,13.478693680634969,-1.1760542128602969,10.870568058453204,5.279126540503056,0.4683855127352774,0.0125743526866266,-0.4031999969482422,542.0,539.0,536.0,534.0,-0.09654908183807095
50.561867353999304,13.603417672809629,-1.1889679677940264,10.927569117801442,4.714339486524812,0.7560145069228031,0.0104492751435717,-0.4031999969482422,542.0,539.0,536.0,534.0,-0.09640558933361328
50.5718673539993,13.723872017177168,-1.201367416603528,10.9782859362943,4.3368880337019,-0.0790509122512374,0.0079422509043785,-0.4031999969482422,546.0,541.0,539.0,536.0,-0.09630014285970952
50.5818673539993,13.805772926672942,-1.2097974536151654,11.013057755204294,4.12732645830776,-0.5812532671454401,0.0043375681560585,-0.4031999969482422,546.0,541.0,539.0,536.0,-0.09623831178582123
50.5918673539993,13.932511200227784,-1.2228965185502867,11.063530110320809,4.345165628239651,-0.0725255062036562,0.006912843431976,-0.35200000762939454,549.0,547.0,543.0,542.0,-0.09616613238492128
50.601867353999296,14.054196722033318,-1.235475338397208,11.106869410206556,4.011823695632738,0.141027326916526,0.0038911940829675,-0.35200000762939454,549.0,547.0,543.0,542.0,-0.09611722773260203
50.611867353999294,14.13669465392824,-1.243970863264039,11.1367748199377,4.456743190000664,0.7314853085513772,0.0001944748903798,-0.35200000762939454,552.0,550.0,548.0,548.0,-0.09608149644643088
50.62186735399929,14.267091403540425,-1.2391769818852083,11.177832708023018,4.365554907310332,1.1198922873791213,0.0010102119478458,-0.35200000762939454,552.0,550.0,548.0,548.0,-0.09477186524637746
50.63186735399929,14.39036910802822,-1.2508913937512534,11.226366038892458,4.39804691928762,0.5715301126772262,0.0006243217966242,-0.35200000762939454,559.0,553.0,551.0,551.0,-0.09475985485293884
50.64186735399929,14.47415533590149,-1.258817141054593,11.258697492120264,4.688795857862709,0.3963288954493572,0.0022257910808311,-0.35200000762939454,559.0,553.0,551.0,551.0,-0.09474898913638971
50.651867353999286,14.603405256117046,-1.2710376291733956,11.313765195620531,4.752838336516704,-0.2483370162149411,0.0053423982193495,-0.35200000762939454,565.0,557.0,554.0,554.0,-0.09470533641842158
50.661867353999284,14.72821813229668,-1.2829289233230528,11.3683741775117,5.490172173876085,-1.0601593108968237,0.0081869935217828,-0.35200000762939454,565.0,557.0,554.0,554.0,-0.09466849463104808
50.67186735399928,14.813066159378652,-1.2910756712345408,11.406610158706986,4.918241739457104,-0.3589343632477019,0.0135729373698217,-0.35200000762939454,567.0,563.0,559.0,558.0,-0.09460097775688778
50.68186735399928,14.944469164578736,-1.303739072363464,11.459842392540224,4.244411958275287,-0.7979773557240589,0.0128789614032602,-0.35200000762939454,567.0,563.0,559.0,558.0,-0.09444274372083751
50.69186735399928,15.07039419524066,-1.315937195441635,11.508469461330888,4.210304031415394,-0.107202145709874,0.0141117244073795,-0.2847999954223633,570.0,566.0,564.0,561.0,-0.0942737052454245
50.701867353999276,15.156712496710378,-1.3243134395499032,11.54035392377942,3.478236697958034,-0.1413056735659374,0.0085342675789182,-0.2847999954223633,570.0,566.0,564.0,561.0,-0.09417067624142131
50.711867353999274,15.289117264682544,-1.3371496517532555,11.58066403427276,3.669021161883317,0.4073625573167649,0.0105213744053735,-0.2847999954223633,573.0,569.0,568.0,567.0,-0.09405801997490483
50.72186735399927,15.4409458944123,-1.339578832165266,11.668140613859928,4.349906665060567,2.2071285532589573,0.0141897272291201,-0.2847999954223633,573.0,569.0,568.0,567.0,-0.09346202743832711
50.73186735399927,15.52836373468141,-1.3474905275087026,11.70016118847435,4.157727589956782,1.6899161457439464,0.0114081903790115,-0.2847999954223633,578.0,572.0,570.0,570.0,-0.0933562294897506
50.74186735399927,15.662405623160778,-1.3594719570099436,11.752684607176482,4.84479089432705,0.6800422009260615,0.0092586580718616,-0.2847999954223633,578.0,572.0,570.0,570.0,-0.0932308235406183
50.751867353999266,15.79221623237821,-1.3710392328146983,11.804190337229803,4.48378288034839,-0.1546592554820138,0.0214056929967566,-0.2847999954223633,582.0,576.0,574.0,573.0,-0.09306797135032036
50.761867353999264,15.880083104084498,-1.3788938078009187,11.840133114017569,4.524173302424551,-0.1301421277234414,0.0354038145463018,-0.2847999954223633,582.0,576.0,574.0,573.0,-0.09286650752668878
50.77186735399926,16.016838258117282,-1.3911424387505702,11.898818265775835,5.008753502377819,0.6455869848695486,0.0440526394475013,-0.2847999954223633,582.0,584.0,581.0,577.0,-0.0924388939883957
50.78186735399926,16.147514661458,-1.4027584417384682,11.951746114316004,4.7311018693881,1.3701218634600378,0.0479952437824534,-0.2847999954223633,582.0,584.0,581.0,577.0,-0.09192881062898106
50.79186735399926,16.237069803981377,-1.4106754289462542,11.984548733461908,4.846572414611111,0.2882501702321698,0.0538726919942839,-0.24959999084472656,589.0,585.0,585.0,579.0,-0.09155074806411799
50.801867353999256,16.374452415116,-1.422774677511846,12.035533294138622,4.251902528917967,0.7939629656121895,0.0591575835066719,-0.24959999084472656,589.0,585.0,585.0,579.0,-0.0909014232892032
50.811867353999254,16.506556865010133,-1.4342360132664354,12.067188913097148,1.991072490237969,1.861953060530353,0.0674341913287596,-0.24959999084472656,592.0,587.0,588.0,580.0,-0.09019727395796616
50.82186735399925,16.62206883612375,-1.4334502626965089,12.030728028678842,0.2641709472024816,2.372238601584294,0.0759614132447433,-0.24959999084472656,592.0,587.0,588.0,580.0,-0.08873525330664378
50.83186735399925,16.760530004320238,-1.4446093409180094,12.030804636049542,-0.6708836028732885,1.62543706890485,0.075773466946814,-0.1503999996185303,593.0,585.0,583.0,571.0,-0.08788696456063125
50.84186735399925,16.892174319263933,-1.4550343542546682,12.015626442852508,-1.4044801053177518,2.527489129335353,0.0942699593096578,-0.1503999996185303,593.0,585.0,583.0,571.0,-0.08694868685347637
50.851867353999246,16.98173648601383,-1.4619635447789057,11.998620190924647,-2.720578709437004,2.088583785139789,0.1228875466539531,-0.1503999996185303,592.0,579.0,583.0,569.0,-0.08614027122785091
50.861867353999244,17.11922650018316,-1.4723954738894058,11.964528427822367,-2.6533515392990408,1.3781544411853737,0.1427796183652801,-0.1503999996185303,592.0,579.0,583.0,569.0,-0.08459582288440175
50.87186735399924,17.250043522216735,-1.482098015709615,11.923026160829076,-4.033262645614976,1.9601869288411151,0.1554085079456935,-0.1503999996185303,585.0,570.0,583.0,566.0,-0.08295710931275765
50.88186735399924,17.338373139446905,-1.488544389798807,11.88664103551226,-5.2901189763481975,1.815754990216517,0.1870220988850142,-0.1503999996185303,585.0,570.0,583.0,566.0,-0.08168529175223262
50.89186735399924,17.47404577323843,-1.4982607575866735,11.819527830305022,-6.535060038733133,1.9014440724756283,0.2018247438367934,0.07360000133514404,580.0,558.0,580.0,559.0,-0.0794300891908032
50.901867353999236,17.603730951613546,-1.5073143585899054,11.747230081234038,-7.406559251148643,2.1592966135841887,0.219727645090081,0.07360000133514404,580.0,558.0,580.0,559.0,-0.07702650218391428
50.911867353999234,17.731340383124127,-1.51594944983833,11.66769805955084,-7.934549230455356,2.457077533997743,0.2329568504743692,0.07360000133514404,569.0,558.0,573.0,550.0,-0.07453729090469621
50.92186735399923,17.79974597103663,-1.524081025082988,11.492467297723008,-7.995717744193736,2.307222446215324,0.2363797332778149,0.07360000133514404,569.0,558.0,573.0,550.0,-0.06835848805249332
50.93186735399923,17.92599090311221,-1.5317994430745896,11.416018301133391,-6.410016749180014,3.5931849318040725,0.2641364320446401,0.32,562.0,542.0,566.0,545.0,-0.06550749830512444
50.94186735399923,18.05008240307727,-1.5389161954124209,11.347866430056124,-6.078659008495034,4.281401507402724,0.2949480278326052,0.32,562.0,542.0,566.0,545.0,-0.06235641755659013
50.951867353999226,18.14018610440921,-1.543784706661341,11.297586985681727,-6.579778579599948,3.697818098509383,0.3121303906872705,0.32,553.0,535.0,558.0,538.0,-0.059897213644016664
50.961867353999224,18.26412921842059,-1.550217838570767,11.214716376029518,-7.869808857689725,2.667415411104063,0.3139723719436649,0.32,553.0,535.0,558.0,538.0,-0.05642591773220444
50.97186735399922,18.34741651025403,-1.5544360102214227,11.160723119161306,-7.302537557951102,1.0081991675774689,0.310873072906919,0.32,539.0,528.0,553.0,524.0,-0.05407487879948191
50.98186735399922,18.47454997003552,-1.5607043090606414,11.079449072891164,-7.125153260861032,3.632421763377748,0.318247326190729,0.32,539.0,528.0,553.0,524.0,-0.050453411090275194
50.99186735399922,18.59611361998613,-1.5662711978992054,10.996460340939825,-7.352922082514158,3.7106210430759696,0.3140702074480139,0.64,549.0,523.0,547.0,504.0,-0.04696856639070794
51.00186735399922,18.677929974310334,-1.569717571699579,10.94199427928024,-6.840547784960256,3.721950407549585,0.3191278904186446,0.64,549.0,523.0,547.0,504.0,-0.04459374520608574
51.011867353999214,18.80262097044353,-1.5745658449927449,10.862917300109004,-6.9946511533309605,3.8022948394563074,0.3207068663681988,0.64,546.0,521.0,538.0,501.0,-0.04093666171246671
51.02186735399921,18.907519623143177,-1.5847408137802423,10.67283752305702,-6.69055290670132,3.761915682005165,0.3281395939864193,0.64,546.0,521.0,538.0,501.0,-0.04263777838116812
51.03186735399921,18.986676949524355,-1.5876489562146754,10.619697995007154,-6.556774593179733,4.543716064094315,0.3303479400242257,1.0336000061035155,535.0,512.0,532.0,491.0,-0.040157230464838205
51.04186735399921,19.10786815357574,-1.5916334670190575,10.540345921743588,-7.27233888546467,4.686297926483894,0.3539777626958038,1.0336000061035155,535.0,512.0,532.0,491.0,-0.03619957523647674
51.05186735399921,19.223739862984218,-1.5948379193869149,10.466784926116354,-6.9940746909346805,5.056066158616227,0.3762973652340517,1.0336000061035155,529.0,503.0,527.0,487.0,-0.032117912555828944
51.061867353999205,19.30151014559363,-1.596601508683133,10.419117920187915,-6.8516431856038045,4.520296815427292,0.4044057214275909,1.0336000061035155,529.0,503.0,527.0,487.0,-0.0291896519400969
51.0718673539992,19.42031610176013,-1.5987534593824164,10.342244044799171,-6.787872825114392,5.6147385354057375,0.4151786917449891,1.0336000061035155,523.0,498.0,514.0,480.0,-0.02450319547582319
51.0818673539992,19.53392994224965,-1.6001768685924267,10.269014502301596,-6.609543907253912,4.446563215967452,0.4164388669102031,1.0336000061035155,523.0,498.0,514.0,480.0,-0.01991716016589881
51.0918673539992,19.645909162362525,-1.6011182038040868,10.205227044780123,-5.157861669511926,3.7956137671120698,0.4365811207255842,1.6288000488281251,517.0,490.0,517.0,472.0,-0.01520440364529626
51.1018673539992,19.72710841733645,-1.601543804904825,10.159541916893074,-5.751987491323517,3.4240780510000106,0.4632314655033672,1.6288000488281251,517.0,490.0,517.0,472.0,-0.011523997050365824
51.111867353999195,19.83872794649256,-1.601679275361907,10.093142054834695,-6.377742925708358,4.285529883371583,0.4791638790051438,1.6288000488281251,516.0,481.0,514.0,465.0,-0.006297021205344484
51.12186735399919,19.913752153522573,-1.6014266294362671,10.047459627114158,-6.268397666057252,5.860815791918217,0.5021503649413184,1.6288000488281251,516.0,481.0,514.0,465.0,-0.0026201048293459546
51.13186735399919,20.055308675946417,-1.6077375830412357,9.964740356971843,-5.396339828300087,5.882447031874649,0.5152345974334974,2.2688000488281252,511.0,471.0,510.0,465.0,0.005779678473547739
51.14186735399919,20.164790441374315,-1.6060123870394427,9.902022842538996,-5.538339819273104,6.3119522246731865,0.5421638751423257,2.2688000488281252,511.0,471.0,510.0,465.0,0.011656317478003185
51.15186735399919,20.238270764948854,-1.604420665326585,9.855006727625634,-5.352318301655141,5.730086493331672,0.5478694012157431,2.2688000488281252,504.0,466.0,502.0,456.0,0.015716270294003663
51.161867353999185,20.350746720340677,-1.601393271616805,9.789552532820192,-5.861139950174298,5.094232246868186,0.5473329581938554,2.2688000488281252,504.0,466.0,502.0,456.0,0.022027369813939598
51.17186735399918,20.458305590027404,-1.5978919273084686,9.729706011528627,-5.142235644834966,5.017581117763321,0.544427531715675,2.2688000488281252,500.0,461.0,498.0,445.0,0.028052813557220318
51.18186735399918,20.530737783189146,-1.595186733032157,9.68788810753268,-5.392647738072375,5.930996320368651,0.551295931788215,2.2688000488281252,500.0,461.0,498.0,445.0,0.03212814035642975
51.19186735399918,20.64119460903589,-1.5903860554824771,9.626716231888167,-5.360910096879248,6.688744875116408,0.5626238642422263,2.9695999145507814,497.0,453.0,493.0,439.0,0.03849834407959279
51.20186735399918,20.747130060256403,-1.5849499534100011,9.575800606041335,-4.827268799719295,5.944977371543238,0.5818043126357806,2.9695999145507814,497.0,453.0,493.0,439.0,0.04486714425134633
51.211867353999175,20.818029997787544,-1.5808945094627909,9.543546179324457,-3.865068506932419,5.908864947172967,0.6049027077468246,2.9695999145507814,488.0,449.0,489.0,439.0,0.049327480620169735
51.22186735399917,20.94408629728761,-1.5737760353854022,9.53473320641215,-4.765015212680902,5.294592784455823,0.638862813978804,2.9695999145507814,488.0,449.0,489.0,439.0,0.05360593881761614
51.23186735399917,21.04850926591549,-1.566751775461737,9.486348318112878,-4.574503854272823,5.092593023162475,0.6614694997483753,3.7151998901367187,485.0,439.0,489.0,440.0,0.06080027330898765
51.24186735399917,21.118734723647847,-1.5616097276179324,9.451514454261574,-4.5506062464483055,7.171264725758843,0.6783406356629351,3.7151998901367187,485.0,439.0,489.0,440.0,0.06581669436889931
51.25186735399917,21.226525954606643,-1.552910847117772,9.398537213202038,-5.01055992305586,7.430173448517089,0.6823939036996522,3.7151998901367187,486.0,436.0,486.0,439.0,0.0736426798416493
51.261867353999165,21.329369502896995,-1.543703624602215,9.348404420139206,-4.94051436335543,6.892976429413115,0.6966343859478633,3.7151998901367187,486.0,436.0,486.0,439.0,0.08128208411313068
51.27186735399916,21.39863548194902,-1.5370031777434112,9.314520526614157,-5.213766737877355,6.892270591895095,0.6920121902725828,3.7151998901367187,482.0,434.0,481.0,429.0,0.08645786714563959
51.28186735399916,21.50494281974576,-1.5259426782492964,9.26026717630757,-4.5848360887285375,7.150403613494672,0.6867894103356811,3.7151998901367187,482.0,434.0,481.0,429.0,0.09441636138898182
51.29186735399916,21.60595583176717,-1.5145590050472693,9.21697520656124,-4.12583493282628,6.931297738373975,0.6885677378517197,4.48,480.0,430.0,478.0,424.0,0.10201671545659344
51.30186735399916,21.673960178471045,-1.5063950920430895,9.190139165860485,-3.4844481845907493,6.912629890679491,0.6964391742379004,4.48,480.0,430.0,478.0,424.0,0.10717148751128777
51.311867353999155,21.778397021334943,-1.4930866240989538,9.153780119644134,-3.2925976692088508,7.420277332334715,0.7086768557201505,4.48,476.0,424.0,475.0,418.0,0.11522273644318336
51.32186735399915,21.902195302176487,-1.4638646756083162,9.168247148008636,-2.886674814262818,9.043851764675203,0.7266902751161942,4.48,476.0,424.0,475.0,418.0,0.12154743128712993
51.33186735399915,21.969498017859497,-1.4537270574953025,9.151062005675833,-2.379891661741011,8.594534911264006,0.754260801909541,5.286400146484375,472.0,422.0,475.0,417.0,0.12703874548367255
51.34186735399915,22.073509106455237,-1.4371397843050022,9.126347232336729,-2.219329337898272,7.674668365754528,0.7680351980090587,5.286400146484375,472.0,422.0,475.0,417.0,0.13582578840259002
51.35186735399915,22.17252677318604,-1.4204343651986375,9.107313823491175,-1.6789055007975553,7.112716465941393,0.7882110558528824,5.286400146484375,473.0,418.0,475.0,424.0,0.14439819092474504
51.361867353999145,22.23929866399201,-1.408738949301939,9.095684374347687,-1.5682176515014965,6.064202613766784,0.8066171185018869,5.286400146484375,473.0,418.0,475.0,424.0,0.15033436167874417
51.37186735399914,22.34186744046185,-1.3900735149571324,9.076761073601386,-2.0679195953091987,7.333276481953573,0.8197291322302237,5.286400146484375,473.0,413.0,475.0,421.0,0.15967151743052488
51.38186735399914,22.43987741882987,-1.3712867016471575,9.054572099916316,-2.442596594880842,7.625911802145248,0.8260800350646207,5.286400146484375,473.0,413.0,475.0,421.0,0.16878829300044668
51.39186735399914,22.50646671619194,-1.35793264552677,9.04026787280989,-2.592625425572295,8.136187021190771,0.8362741434290645,6.185599975585936,470.0,414.0,473.0,416.0,0.17503993565385104
51.40186735399914,22.608313097522533,-1.3365422998178111,9.016585096923398,-2.172077838322584,8.85341671702523,0.830858207043259,6.185599975585936,470.0,414.0,473.0,416.0,0.18465360955975102
51.411867353999135,22.70473997863405,-1.3151285207182892,9.005597196502833,-0.8616220527787504,8.911292775236628,0.841008185705256,6.185599975585936,470.0,414.0,473.0,412.0,0.19383394772362322
51.42186735399913,22.79860827528977,-1.292060409116417,9.053634171707378,-0.8708471618945887,7.799235739866849,0.8495275126860227,6.185599975585936,470.0,414.0,473.0,412.0,0.1992454572604645
51.43186735399913,22.899567697958823,-1.267848318532342,9.05205403306785,0.1351472998841165,6.919128793657187,0.8577247134426893,7.04,470.0,414.0,472.0,415.0,0.20902204230644142
51.44186735399913,22.99667261171009,-1.2436487783056664,9.05621070634341,0.2311629041541645,7.209202216927867,0.8745591607982734,7.04,472.0,413.0,472.0,415.0,0.2186292863133309
51.45186735399913,23.062431351500003,-1.226715776615738,9.067120608308258,0.7989490307859402,8.251350466397557,0.889687489127089,7.04,472.0,413.0,472.0,415.0,0.22523140895491095
51.461867353999125,23.163103628244,-1.1997971032450296,9.076558213451342,0.4895960167001617,9.29966742655892,0.8905478843782462,7.04,472.0,415.0,474.0,417.0,0.2354453563945609
51.47186735399912,23.2594700894727,-1.1728545147191212,9.089948151406356,1.266100824596012,8.784227381633098,0.8959034971378759,7.04,472.0,415.0,474.0,417.0,0.24531265958201887
51.48186735399912,23.355684214908944,-1.144857478619958,9.099378301969388,0.4115694901856747,8.735441107409207,0.8977106522257285,7.04,475.0,414.0,477.0,419.0,0.25522743015323646
51.49186735399912,23.425646396076043,-1.1237905036132816,9.106201705852492,0.7482118090516428,8.595400436793149,0.8984507908683915,7.04,475.0,414.0,477.0,419.0,0.2624310571969205
51.50186735399912,23.521421239936245,-1.094055265960954,9.112004260242378,0.3245092681320342,7.662505219073025,0.8873360679199576,7.04,476.0,417.0,476.0,418.0,0.27223217077288964
51.511867353999115,23.586237840125253,-1.0734382298224487,9.114896377119644,0.7621082942695495,7.0845171909250455,0.8762163691310397,7.04,476.0,417.0,476.0,418.0,0.2788081720450842
51.52186735399911,23.686091381880345,-1.040882353787495,9.121172883616635,-0.0036145316889572,7.233402154054432,0.8704855519095698,7.04,474.0,418.0,477.0,418.0,0.2888672473971323
51.53186735399911,23.820511987193587,-1.022528880910687,9.234014340349452,-0.0162114066634536,7.492488090668464,0.8648194153204279,7.04,474.0,418.0,477.0,418.0,0.29426245019364855
51.54186735399911,23.88580602869455,-1.0008450208581354,9.238744653808691,0.3543904454965875,8.038913611144267,0.8575086883240278,8.33280029296875,474.0,418.0,477.0,417.0,0.3006446097004222
51.55186735399911,23.986656758941013,-0.9664099411045476,9.246348964827192,0.4741286191172276,8.141585197352853,0.8596619321133794,8.33280029296875,474.0,418.0,477.0,417.0,0.31053047031722897
51.561867353999105,24.082954065470744,-0.9324485736892316,9.254963170241982,0.6228186315312039,8.09528281117986,0.8670521931353319,8.33280029296875,475.0,418.0,476.0,418.0,0.32005770497176794
51.5718673539991,24.17816218815582,-0.8978661696809748,9.263876961517216,0.4077893858543929,8.261779482147386,0.8778362983517236,8.33280029296875,475.0,418.0,476.0,418.0,0.329628873071723
51.5818673539991,24.247809125990116,-0.8718999997059045,9.268640171381826,0.4208097640781438,8.087893303737225,0.8815252580406808,8.86719970703125,476.0,418.0,477.0,419.0,0.33669427105145894
51.5918673539991,24.343398153048863,-0.8352936961623976,9.274175524827998,0.1966847667242438,8.686060413486327,0.881317542233297,8.86719970703125,476.0,418.0,477.0,419.0,0.3464253753735342
51.6018673539991,24.408113733276632,-0.8098693811913378,9.27492192102734,-0.1087294068146903,8.6355249908086,0.8778151776310228,8.86719970703125,477.0,417.0,480.0,420.0,0.3530160199612319
51.611867353999095,24.50665871523333,-0.7700930518364255,9.269979131243636,-0.4429414740254632,9.75318897877248,0.8827314699604945,8.86719970703125,477.0,417.0,480.0,420.0,0.3630722563731812
51.62186735399909,24.60672133224501,-0.7311271581586966,9.230490723237466,-0.3817175645028609,10.36836506004896,0.8788431000861071,9.46239990234375,477.0,418.0,478.0,418.0,0.37318605730369503
51.63186735399909,24.669906047853924,-0.7040430783860254,9.220941450788242,-1.2571864205721512,9.14788307488068,0.8966013257455603,9.46239990234375,477.0,418.0,478.0,418.0,0.37979424278117957
51.64186735399909,24.76664346220877,-0.6615787894002232,9.209498979888613,-0.9379514416765632,8.009596653057436,0.915382664327612,9.46239990234375,475.0,412.0,477.0,415.0,0.39016618130810926
51.65186735399909,24.85960154281423,-0.6197673843772051,9.203114812867558,-0.5578065167203855,7.495051138571301,0.9509807139161478,9.46239990234375,475.0,412.0,477.0,415.0,0.4005372428195942
51.661867353999085,24.922056480570888,-0.5911305397966925,9.197593053835204,-0.665893913292829,8.000104430249804,0.9773778228906754,9.46239990234375,475.0,410.0,478.0,413.0,0.4076981182168601
51.67186735399908,25.01755609312848,-0.546347456924911,9.19384263380587,-0.6151300291465294,8.612031705614129,1.0005527816724265,9.46239990234375,475.0,410.0,478.0,413.0,0.4190637116372431
51.68186735399908,25.109127382877,-0.502153264747889,9.187500349314927,-0.3280664372013327,8.985501409237969,1.0295784386700502,10.115200195312498,478.0,406.0,479.0,411.0,0.43034656207016286
51.69186735399908,25.17049033320784,-0.4717658050870059,9.189808110057504,-0.2302910861958088,10.5016154595155,1.061171871753775,10.115200195312498,478.0,406.0,479.0,411.0,0.4381344773993228
51.70186735399908,25.26456725392564,-0.423931099698414,9.189746143971147,-0.2797829228501794,10.12217199580322,1.06997300363381,10.115200195312498,480.0,408.0,483.0,412.0,0.4503802328554398
51.711867353999075,25.35474342660897,-0.3767357244759213,9.18993846523964,-0.5098753676349497,9.774235273187823,1.0906808118300024,10.115200195312498,480.0,408.0,483.0,412.0,0.46241606491539816
51.72186735399907,25.416822597392905,-0.3300077866034562,9.119917630967956,-0.7991820962267047,7.771833116707336,1.0975814269029731,10.115200195312498,482.0,409.0,487.0,407.0,0.47752748913984927
51.73186735399907,25.50823445570758,-0.2789311354227338,9.118650088940722,-0.8437286076095083,7.722041700355948,1.1043828828547448,10.115200195312498,482.0,409.0,487.0,407.0,0.4901796686298739
51.74186735399907,25.59576528433068,-0.228690440181887,9.113190335595933,-1.0408270553477208,9.305109533452654,1.1042952783367368,11.0143994140625,483.0,406.0,487.0,404.0,0.5024503774292124
51.75186735399907,25.654314206552517,-0.1942784147874052,9.110876426977878,-1.0024774086151784,11.022792199278683,1.1241158739962127,11.0143994140625,483.0,406.0,487.0,404.0,0.510751769596483
51.761867353999065,25.74385274773856,-0.1401225188210802,9.10378795468233,-0.975640671501187,12.489389314553687,1.1436864134867772,11.0143994140625,483.0,407.0,486.0,402.0,0.5238072580043677
51.77186735399906,25.829010006962317,-0.0867982532582221,9.096739744708897,-1.184184610293343,12.586334698798357,1.1848741962164355,11.0143994140625,483.0,407.0,486.0,402.0,0.536718748406777
51.78186735399906,25.886002994393547,-0.0500548497813668,9.09541931285561,-0.8630013964331478,12.56034317270138,1.23862329408416,12.083199462890626,482.0,403.0,487.0,404.0,0.5457254440353556
51.79186735399906,25.973248927570783,0.007634266819852,9.093676064088646,-0.2567949031561178,10.597497763641426,1.2669902157336264,12.083199462890626,482.0,403.0,487.0,404.0,0.5601295219894039
51.80186735399906,26.05647889098033,0.0641375413901332,9.095189024831662,-0.008010054943943,9.665132191333605,1.3087354248705825,12.083199462890626,487.0,401.0,489.0,405.0,0.5745001687555555
51.811867353999055,26.112347492485107,0.1028277243352609,9.099420565303449,-0.1856308542025636,10.06333867961399,1.3327666670087817,12.083199462890626,487.0,401.0,489.0,405.0,0.5844065749256505
51.82186735399905,26.19773992787537,0.163250298862203,9.10013426372863,-0.1219938975474847,9.259109160191278,1.3413521327104816,13.120000000000001,490.0,399.0,493.0,400.0,0.5997761627738968
51.83186735399905,26.277869369894983,0.2307802047374542,9.058781350878744,-0.0793230930358417,11.017899983419706,1.3495358151840062,13.120000000000001,490.0,399.0,493.0,400.0,0.6172358519003656
51.84186735399905,26.332263505683425,0.2715236522750616,9.059360061803185,-0.8144759571496472,11.071710473520229,1.3466917088987544,13.120000000000001,492.0,399.0,496.0,396.0,0.6273499219705365
51.85186735399905,26.4146605290662,0.3347426473526948,9.060101492957914,0.4847574649957032,10.953381119610947,1.3462140804398288,13.120000000000001,492.0,399.0,496.0,396.0,0.6427685162178683
51.861867353999045,26.4931683597802,0.3966399494885167,9.058026095995862,-0.1518482510166537,11.238268792122303,1.3478749507721934,13.120000000000001,493.0,400.0,497.0,393.0,0.6576438020126179
51.87186735399904,26.54586388569125,0.4391105167713574,9.058542457285728,0.6442316761719309,10.611696811966612,1.348757596484568,13.120000000000001,493.0,400.0,497.0,393.0,0.6676508932532528
51.88186735399904,26.62632148610827,0.505341436184797,9.0607246873603,-0.2367697894454,9.340319924491368,1.343250731658799,14.1856005859375,491.0,401.0,495.0,390.0,0.6831072343102427
51.89186735399904,26.702855416355728,0.5698159719933317,9.062164640682624,0.2606960531236587,9.145433823725703,1.3264378285968228,14.1856005859375,491.0,401.0,495.0,390.0,0.6978694720103319
51.90186735399904,26.75419276943424,0.6139846624448384,9.06444043705487,-0.3975626878922534,10.57484279840514,1.3317918722023656,14.1856005859375,489.0,400.0,495.0,384.0,0.7078757251725948
51.911867353999035,26.832174971201574,0.6827171036940765,9.068452272188765,1.048075642661103,11.992912057027892,1.3354686741424693,14.1856005859375,489.0,400.0,495.0,384.0,0.723140181979059
51.92186735399903,26.90453442418816,0.7316028999749892,8.984906652668224,0.3854958117638257,12.13557771312683,1.3279405987505817,14.1856005859375,493.0,404.0,493.0,385.0,0.7254656144655494
51.93186735399903,26.95447658695558,0.7770362481405355,8.994167756528753,1.3851645686629253,12.875723336614682,1.3175633650268268,14.1856005859375,493.0,404.0,493.0,385.0,0.7353865481033453
51.94186735399903,27.030002142272583,0.8475977023916195,9.010233272551757,1.104653451927612,10.39714537695443,1.3100797596389424,14.870400390625,496.0,407.0,496.0,401.0,0.7504788262298718
51.95186735399903,27.101878449692148,0.9167497764219994,9.030110077939934,2.196057841609063,12.057845726806232,1.300895905422071,14.870400390625,496.0,407.0,496.0,401.0,0.7648796881437765
51.961867353999025,27.149919891050647,0.9640648142147136,9.039714846235352,1.725669423760538,10.429587176326336,1.282652700503308,14.870400390625,497.0,411.0,499.0,408.0,0.7744295315198559
51.97186735399902,27.22327222903961,1.0378625863673747,9.056885596757986,1.2185697529527515,10.062729561385494,1.2543115781506609,14.870400390625,497.0,411.0,499.0,408.0,0.7889958042753162
51.98186735399902,27.29298237965678,1.109656768974135,9.069667123542946,1.3203801643828144,8.10425055408725,1.2249132507019895,15.36,497.0,413.0,501.0,411.0,0.8026228916190622
51.99186735399902,27.339831580606276,1.1587257951283367,9.083119983157951,0.94296270157312,8.160064719233427,1.217251099863974,15.36,497.0,413.0,501.0,411.0,0.8117481100023186
52.00186735399902,27.411425002293427,1.2349559133576111,9.095091556170392,1.1254014635286964,6.660722109387234,1.2159376152341406,15.36,494.0,419.0,498.0,412.0,0.8257462382381474
52.011867353999016,27.47920680276644,1.30855269633761,9.099528236140952,0.3633416030356249,7.709401227800845,1.200186624144814,15.36,494.0,419.0,498.0,412.0,0.8390242871645769
52.02186735399901,27.5386853261594,1.3608753982317672,9.049691701257112,0.2050826995831517,9.047993701291505,1.2077952740052842,15.36,493.0,420.0,496.0,408.0,0.8424474710387846
52.03186735399901,27.608321130634305,1.438238871629084,9.052074659651987,0.4513020234033593,9.943054558727187,1.2162052644238377,15.36,493.0,420.0,496.0,408.0,0.8563969066941547
52.04186735399901,27.67397817498373,1.5131482837751058,9.0558771349146,0.7378260927548631,10.688832438773694,1.2397387067230532,15.631999511718748,496.0,418.0,494.0,407.0,0.8699174209443695
52.05186735399901,27.71818084291313,1.564825792270447,9.06019481558621,0.4594660947093593,12.510914914138786,1.263449551701032,15.631999511718748,496.0,418.0,494.0,407.0,0.879282033820023
52.061867353999006,27.784848776937608,1.6448889923224077,9.064654714533312,0.8965817687559758,13.202410771963446,1.2760927167266205,15.631999511718748,497.0,414.0,495.0,413.0,0.8938612940995907
52.071867353999004,27.847645706655094,1.7226678814885996,9.068711570886268,0.1209729649890701,12.007118098925098,1.3007726316198511,15.631999511718748,497.0,414.0,495.0,413.0,0.9081420234683485
52.081867353999,27.88949508241672,1.7757528986437023,9.07284209341526,0.1718407661415479,10.622677711469116,1.3154454623681453,15.615999755859375,496.0,413.0,495.0,413.0,0.9178615392167437
52.091867353999,27.953070648169607,1.858227687298803,9.074950732604009,0.317429950827729,10.123297575642814,1.3271233503601116,15.615999755859375,496.0,413.0,495.0,413.0,0.9330163777489906
52.101867353999,28.013385283254895,1.9383598338408563,9.071268978670137,-0.4112449622299061,9.026448890032468,1.3461046008768247,15.615999755859375,501.0,416.0,495.0,410.0,0.9478190883180823
52.111867353998996,28.053623848477383,1.9929071819566595,9.074223634112109,1.0019087090946854,10.466436305925528,1.3528358821585835,15.615999755859375,501.0,416.0,495.0,410.0,0.9579357214133508
52.121867353998994,28.10580210937058,2.080334311268032,9.05948984962877,-0.6257920910661886,10.318198842501518,1.3663669974851145,15.615999755859375,501.0,415.0,497.0,408.0,0.9836636200127016
52.13186735399899,28.162448236090786,2.1627262541697845,9.060337588187764,0.5328679372636912,9.543392634924166,1.3808658651301988,15.615999755859375,501.0,415.0,497.0,408.0,0.9988720823346549
52.14186735399899,28.20006625737568,2.218775071327145,9.062653389917548,0.6055148981643118,11.035678043664786,1.377942177826395,15.235200195312501,502.0,413.0,499.0,407.0,1.0091621490352385
52.15186735399899,28.257232152638267,2.306006931844413,9.064186633274252,0.1376524801624161,9.208154086217442,1.394488809007124,15.235200195312501,502.0,413.0,499.0,407.0,1.0251261628439878
52.161867353998986,28.311053355920414,2.390127950888746,9.065949164616711,0.9307230189960656,8.31855651912256,1.4009044200953742,15.235200195312501,501.0,410.0,499.0,406.0,1.0405503354338568
52.171867353998984,28.347333441439545,2.4480004583944104,9.066897351734154,-0.267901989169474,6.829246160485461,1.4090286922715007,15.235200195312501,501.0,410.0,499.0,406.0,1.0511043858822298
52.18186735399898,28.40196704697228,2.5366499139820387,9.065310703437492,0.3059404110298144,8.489728158907537,1.3968798707424934,14.489599609375002,506.0,410.0,499.0,402.0,1.0672031421363364
52.19186735399898,28.45350373599142,2.6224976578602863,9.064982901488053,0.3726729455857656,9.796610630116517,1.3801295010107124,14.489599609375002,506.0,410.0,499.0,402.0,1.0825231637813548
52.20186735399898,28.48781057023829,2.6810547260836066,9.060535828254755,0.2606015597372993,10.9979442483822,1.3780715190408577,14.489599609375002,506.0,409.0,500.0,400.0,1.0928654232336428
52.211867353998976,28.53914884549232,2.771415698134226,9.054359854123888,0.1501549051140885,14.339290891418363,1.373882962041363,14.489599609375002,506.0,409.0,500.0,400.0,1.1086185102935753
52.221867353998974,28.621487154339963,2.852638880621196,9.0788781273011,-0.5866861124573387,15.896524337808003,1.380528347332503,14.489599609375002,505.0,408.0,497.0,400.0,1.1170259608898445
52.23186735399897,28.654247107465352,2.9124860606670144,9.079385114974292,0.2874660425903609,13.750388711190858,1.4186952139223734,14.489599609375002,505.0,408.0,497.0,400.0,1.1275221270265776
52.24186735399897,28.70314890455569,3.004811540239121,9.078237152995037,0.7252127981904517,12.931408485612142,1.4116966134511153,13.5743994140625,504.0,410.0,495.0,410.0,1.143807926428178
52.25186735399897,28.74884318690277,3.0942527710146464,9.071010463640718,0.5552385615380689,10.805348935054536,1.418798859326853,13.5743994140625,504.0,410.0,495.0,410.0,1.1594636639391567
52.261867353998966,28.77900355741569,3.1549222751086416,9.069408575138455,0.0612922729768987,10.80753306065249,1.4074420037109194,13.5743994140625,502.0,410.0,499.0,404.0,1.170032672548606
52.271867353998964,28.82435348580052,3.248675108510927,9.05987955467893,-0.0803901403855902,9.259665825930808,1.3832665974829363,13.5743994140625,502.0,410.0,499.0,404.0,1.186021556783682
52.28186735399896,28.86705132483909,3.3393522971563847,9.05246435108378,-0.0464724097705771,8.664933046539607,1.3817870024788954,12.5247998046875,502.0,409.0,497.0,401.0,1.2013480799432057
52.29186735399896,28.908385584996847,3.429708657040667,9.044717449072031,-0.2899241059107236,7.471664980544539,1.3560050062733229,12.5247998046875,502.0,409.0,497.0,401.0,1.21627484009834
52.30186735399896,28.93796310818068,3.4960390610173704,9.041229261437708,0.7366263337014833,10.378449306484692,1.3581124131115492,12.5247998046875,502.0,410.0,497.0,397.0,1.2271367332702594
52.311867353998956,28.97751429169568,3.5876342541159527,9.023908820315146,-0.226562419842186,11.725432532009767,1.341247596804914,12.5247998046875,502.0,410.0,497.0,397.0,1.241936153365308
52.321867353998954,29.002597535192603,3.668168017135953,8.982637304945685,-0.2107735499334991,11.24471508735296,1.335188604400501,12.5247998046875,501.0,407.0,496.0,394.0,1.25116094474784
52.33186735399895,29.04119506405454,3.763883859793231,8.96602390754288,-0.8191008301560041,9.012247334314894,1.3431471947365818,12.5247998046875,501.0,407.0,496.0,394.0,1.2665385880500672
52.34186735399895,29.07719061648246,3.856416847602728,8.961535181893918,0.8777488264666895,8.779588680814403,1.3467026928801504,12.5247998046875,502.0,402.0,494.0,395.0,1.2813756266428964
52.35186735399895,29.111876028904536,3.9485501636235423,8.95281016812488,0.8806737970636422,10.308202696569152,1.3777848647157651,12.5247998046875,502.0,402.0,494.0,395.0,1.296329795973361
52.361867353998946,29.136463838794946,4.015878648817998,8.94926432187416,0.5489199989243357,9.897971978718662,1.3813503019279307,12.5247998046875,502.0,401.0,492.0,396.0,1.3073657530184812
52.371867353998944,29.169419366338893,4.109060363124119,8.939462718277088,-0.4007774759531449,9.81357289932784,1.4048452054637808,12.5247998046875,502.0,401.0,492.0,396.0,1.3227574557294568
52.38186735399894,29.20119422586939,4.2023548597474845,8.933950314507639,0.3053057812411359,10.928103251678229,1.415307225149138,11.5647998046875,501.0,401.0,493.0,395.0,1.3382959095826197
52.39186735399894,29.223530719021102,4.270608142998689,8.923997090642066,0.0809012403192518,11.762954190783717,1.4246135286381392,11.5647998046875,501.0,401.0,493.0,395.0,1.3496561918105787
52.40186735399894,29.25304152274435,4.3650479362170085,8.909636659678396,-0.1094129977814755,16.181901806362635,1.4298701955642712,11.5647998046875,499.0,402.0,493.0,392.0,1.3654633765740634
52.411867353998936,29.2729450388195,4.433146323023824,8.896983270060637,-0.8296144657013392,17.072324862363832,1.4007942382416263,11.5647998046875,499.0,402.0,493.0,392.0,1.3766580012661986
52.421867353998934,29.301708403639985,4.547987745675419,8.921626958236306,-0.3997014355733402,15.542397384309226,1.3967277546176813,11.5647998046875,500.0,401.0,494.0,394.0,1.398224088905991
52.43186735399893,29.32560474580916,4.643549045725381,8.90752688208855,-0.0846305266254074,13.944021254782683,1.3674266921769629,11.5647998046875,500.0,401.0,494.0,394.0,1.4133868658805349
52.44186735399893,29.340988934273472,4.7084997670898,8.899197118662824,-0.4184100373905653,12.098164832566209,1.3681353480321028,11.273599853515625,498.0,400.0,492.0,393.0,1.4235957998527673
52.45186735399893,29.36347454073708,4.808436934515134,8.888090355645797,-0.5876684522035581,10.412080473632164,1.3700554868227888,11.273599853515625,498.0,400.0,492.0,393.0,1.439339871028809
52.461867353998926,29.38392678863688,4.905047627893388,8.883609658321621,-0.0080336497457618,8.278403989958324,1.3632021586125036,11.273599853515625,498.0,401.0,489.0,392.0,1.4544882335740903
52.471867353998924,29.39714464937119,4.970387172626364,8.87838610927529,0.2528636344519171,8.146590357792533,1.376955208225865,11.273599853515625,498.0,401.0,489.0,392.0,1.4647767152453692
52.48186735399892,29.416606605785297,5.070493991439441,8.870921500725109,0.5231895056496565,7.057962018909655,1.3814004568762983,11.123199462890625,497.0,405.0,488.0,388.0,1.4805070709813677
52.49186735399892,29.434452772458847,5.167587644296567,8.863268941942366,0.4862484660757911,9.255254722646503,1.3870246207740689,11.123199462890625,497.0,405.0,488.0,388.0,1.495823968843542
52.50186735399892,29.44576587809884,5.23274825781523,8.85740000050703,-0.0450224519886753,10.741718321036153,1.397621018264238,11.123199462890625,500.0,405.0,491.0,388.0,1.506196879105309
52.511867353998916,29.461979085756507,5.333878061670797,8.85007110108518,0.0867952296789408,12.140722676363948,1.4143082956964803,11.123199462890625,500.0,405.0,491.0,388.0,1.5224390701130677
52.521867353998914,29.494917438928216,5.458718089904232,8.884367057382889,0.7500686587501753,12.117650874506808,1.4377506788530865,11.123199462890625,505.0,403.0,493.0,389.0,1.5364120363639049
52.53186735399891,29.50414582431449,5.524709151809779,8.880501397114717,0.7135208295433756,11.324647350172478,1.4492625357581523,11.123199462890625,505.0,403.0,493.0,389.0,1.547209808718199
52.54186735399891,29.51722106370933,5.626637560236902,8.875731381799582,1.213756436898245,11.188535933286486,1.4678707685854098,11.075200195312501,508.0,401.0,493.0,389.0,1.5640829469239852
52.55186735399891,29.5283937162947,5.724552754625319,8.866073385384382,0.7176139687010219,11.807369125579768,1.4673898158186274,11.075200195312501,508.0,401.0,493.0,389.0,1.5803273504559556
52.561867353998906,29.53510624275352,5.7911176982081765,8.859593252761814,0.5289184958512931,13.371949411147282,1.4749469575124108,11.075200195312501,504.0,402.0,492.0,387.0,1.5913902158119897
52.571867353998904,29.54397213814792,5.892850941287782,8.843511474274157,-0.3776012070799486,12.497467406513753,1.4664453342404322,11.075200195312501,504.0,402.0,492.0,387.0,1.6082197933623499
52.5818673539989,29.551039621110466,5.990900899925947,8.827180619967537,-0.0871762141519533,12.602996067789354,1.4453670752520276,11.16800048828125,498.0,402.0,490.0,383.0,1.6242553785445613
52.5918673539989,29.55501343439705,6.056752468721206,8.816815084551699,0.0326043063944492,10.15510843540875,1.4354411843236128,11.16800048828125,498.0,402.0,490.0,383.0,1.6349500648727482
52.6018673539989,29.559842253041648,6.158716058288684,8.804071918566853,1.0142100498984563,11.70904182914148,1.4300370332949657,11.16800048828125,499.0,402.0,488.0,383.0,1.6514305058353493
52.611867353998896,29.562964569257872,6.2566699726276855,8.797213744981585,1.2319882756860452,11.528914966405232,1.4181153562151567,11.16800048828125,499.0,402.0,488.0,383.0,1.6671240503435412
52.621867353998894,29.56077198159254,6.331343761289756,8.769875314649324,1.28199324950547,10.81140508788908,1.4074786483096624,11.16800048828125,503.0,407.0,492.0,388.0,1.6745649846332373
52.63186735399889,29.561791576281284,6.432673475592105,8.768960383102991,2.1479307204624267,10.495914512518148,1.4003449816435944,11.16800048828125,503.0,407.0,492.0,388.0,1.690631196678964
52.64186735399889,29.561415238631557,6.530289287270171,8.771986575874319,2.2147323956908034,10.860772342793428,1.402668442514016,11.350400390625,508.0,414.0,496.0,392.0,1.7060991850629321
52.65186735399889,29.560448921539056,6.596120212309804,8.770194100358038,1.3098082230589212,9.565442539345716,1.393508787459922,11.350400390625,508.0,414.0,496.0,392.0,1.71648531776277
52.661867353998886,29.5577523346575,6.697673356879913,8.776935972792385,1.6449421175137793,10.345611064720485,1.3855496376568075,11.350400390625,511.0,417.0,496.0,396.0,1.7324545132508296
52.671867353998884,29.55377538320565,6.795475321741984,8.78357051535384,1.9753145629514703,10.7527417007672,1.3988065362451798,11.350400390625,511.0,417.0,496.0,396.0,1.747897814397534
52.68186735399888,29.55036715242925,6.861389330204377,8.788228790135044,2.3924135763068937,10.268651946024027,1.4035025309194045,11.455999755859375,511.0,419.0,497.0,399.0,1.758348250917462
52.69186735399888,29.543981559725275,6.963391197317052,8.793942358085607,2.5150149254364216,10.56809197930188,1.4201563874319605,11.455999755859375,511.0,419.0,497.0,399.0,1.7746452002640885
52.70186735399888,29.53641486497268,7.061045326403351,8.797902578600693,2.242436439580673,11.446843298477496,1.4202395540838753,11.455999755859375,511.0,429.0,493.0,399.0,1.7902899391798033
52.711867353998876,29.530459034293514,7.127028599952324,8.801835033500433,2.2986001453112683,11.851285663864989,1.4152181600964515,11.455999755859375,511.0,429.0,493.0,399.0,1.8008585659117136
52.721867353998874,29.54526685567681,7.251154396681184,8.827513943536196,2.1220613595560462,11.379168946486136,1.415205248124453,11.455999755859375,512.0,437.0,490.0,402.0,1.815817326091794
52.73186735399887,29.53470371804261,7.348707457885458,8.831788689017886,2.3908763328340523,12.68081227849067,1.4022184386642669,11.455999755859375,512.0,437.0,490.0,402.0,1.8312930126039793
52.74186735399887,29.526651343973608,7.414968182567521,8.83314768887342,2.254501088445264,12.687854263757172,1.3847570270652092,11.411199951171875,512.0,442.0,489.0,404.0,1.8417117897426585
52.75186735399887,29.512786667395485,7.51675359271071,8.841639482003561,2.863954908221427,13.559197683055826,1.3754052320278272,11.411199951171875,512.0,442.0,489.0,404.0,1.8575429640498144
52.761867353998866,29.497831815479177,7.614142097514621,8.854439949884295,3.232724714335598,12.156585235062474,1.3769144317290722,11.411199951171875,516.0,443.0,492.0,405.0,1.8727139929541712
52.771867353998864,29.48681598656228,7.680233095625913,8.863775515086,2.1808242337825074,10.6346079310952,1.3786221302980284,11.411199951171875,516.0,443.0,492.0,405.0,1.8830343696084215
52.78186735399886,29.46874395538829,7.781997136715907,8.877302024340791,3.1075462597165875,9.024579581010231,1.3716976426308662,10.864000244140625,520.0,450.0,490.0,406.0,1.8988885526085673
52.79186735399886,29.45019135796365,7.87905722170061,8.892700811170785,3.1167191353210644,10.40396053061653,1.3641139939258176,10.864000244140625,520.0,450.0,490.0,406.0,1.913933662994006
52.80186735399886,29.436815868125965,7.945214002111521,8.900841458077654,2.688695062319502,9.507540599673518,1.356688683968995,10.864000244140625,523.0,457.0,492.0,412.0,1.9241133357514344
52.811867353998856,29.415299898363795,8.046275521535513,8.912283968164749,2.7465566867899467,8.466896375879545,1.3342828794142834,10.864000244140625,523.0,457.0,492.0,412.0,1.9394482132171829
52.821867353998854,29.404550135945303,8.17212971084156,8.953448025888418,2.6608615461199983,9.387334428036835,1.3116299839159022,10.864000244140625,523.0,464.0,494.0,421.0,1.9515754979124864
52.83186735399885,29.38936541054257,8.23861030592959,8.970827311743644,3.7441621061326527,10.775773094420783,1.3059411927153977,10.864000244140625,523.0,464.0,494.0,421.0,1.961411794847353
52.84186735399885,29.364622452913117,8.340257110112008,8.997618643840358,4.947834897066948,14.0132391787603,1.299358445096643,10.086400146484376,529.0,467.0,493.0,425.0,1.9763462642879759
52.85186735399885,29.338979874279115,8.437430418342936,9.02350244066788,4.248391748527645,14.513337795574111,1.2992412632226402,10.086400146484376,529.0,467.0,493.0,425.0,1.9906308225522886
52.861867353998846,29.320546236058775,8.50363028001144,9.038151463147974,3.378275094255281,13.23742604619639,1.2989621977086054,10.086400146484376,535.0,465.0,491.0,416.0,2.0004018927555456
52.871867353998844,29.290996715166543,8.60468482467627,9.062856620118646,3.5112451176043096,10.096492057061251,1.2908148146240317,10.086400146484376,535.0,465.0,491.0,416.0,2.015287291105662
52.88186735399884,29.261410509653608,8.70130634727688,9.0800414645376,3.304849271905249,10.152684573177126,1.28700296349794,8.761599731445314,533.0,481.0,493.0,419.0,2.0294609798398735
52.89186735399884,29.24065608911263,8.76694292535733,9.092682357886751,3.5376456372917597,8.067676776821859,1.2850283862880136,8.761599731445314,533.0,481.0,493.0,419.0,2.0390702927925446
52.90186735399884,29.20756588190402,8.867877223496754,9.115587969496232,4.756908701887268,10.83678319837968,1.25949371927344,8.761599731445314,526.0,505.0,492.0,428.0,2.053695674889447
52.91186735399884,29.17454818355972,8.964121019668204,9.132990172543922,3.9307359241735713,10.985169094424876,1.2083839126850209,8.761599731445314,526.0,505.0,492.0,428.0,2.0671624329956613
52.921867353998834,29.17171451202149,9.055945545739474,9.09852151214607,4.215788057825964,12.190160682079345,1.1608260562519013,8.761599731445314,523.0,512.0,495.0,435.0,2.0747698132621273
52.93186735399883,29.135680735888,9.15590875261448,9.127154833901708,4.050081605289318,12.13199012441123,1.0901918163591746,8.761599731445314,523.0,512.0,495.0,435.0,2.0875306364616844
52.94186735399883,29.09957589843977,9.251703126350732,9.160389043711524,5.64077674464885,10.948416027427562,1.0462316279311747,7.26719970703125,528.0,512.0,499.0,441.0,2.099248285536013
52.95186735399883,29.074302962790785,9.316480125154897,9.190538224078573,5.595540829459922,10.41522144437861,1.0188658973031002,7.26719970703125,528.0,512.0,499.0,441.0,2.106903076462894
52.96186735399883,29.03410244199028,9.416416237493555,9.24515491377608,6.848416534544355,9.35747026431809,1.009254074900082,7.26719970703125,541.0,506.0,501.0,451.0,2.1185711830467735
52.971867353998825,28.99424103154235,9.512128256546085,9.297468300160435,5.721661547744853,7.231358610442162,0.994621001205824,7.26719970703125,541.0,506.0,501.0,451.0,2.1295748090029836
52.98186735399882,28.966653932887183,9.576982399466724,9.33080597538578,6.09006985825138,7.35852017115037,0.9938314859521382,5.375999755859375,557.0,523.0,498.0,463.0,2.1369872527163007
52.99186735399882,28.92304523961,9.677349932835964,9.382427438340558,6.428839810022183,6.731288673177264,0.9775005116199192,5.375999755859375,557.0,523.0,498.0,463.0,2.1483359302507976
53.00186735399882,28.880224113750515,9.773577595275489,9.438558228067055,6.363775659250674,6.323252771028273,0.9749837579636969,5.375999755859375,568.0,552.0,504.0,484.0,2.1590754433407255
53.01186735399882,28.85054693250829,9.838850469793195,9.48177377644314,8.047434307167977,8.428525032120715,0.954301561479992,5.375999755859375,568.0,552.0,504.0,484.0,2.1662671264256828
53.021867353998815,28.79704198847362,9.96301869557418,9.628165063758166,9.22788250665084,10.904797170578528,0.8887001686140318,5.375999755859375,578.0,602.0,506.0,505.0,2.1746123312798207
53.03186735399881,28.74981254657698,10.06066828519837,9.716345004269646,9.76562845507202,13.039392680394,0.8067534593808484,5.375999755859375,578.0,602.0,506.0,505.0,2.1838035547400807
53.04186735399881,28.716967717902477,10.126424715580148,9.76676587696052,7.19977288110224,11.293842304994335,0.7457675013419659,3.350400085449219,581.0,622.0,511.0,510.0,2.189456030740168
53.05186735399881,28.66493592320484,10.228049603325136,9.834802206590489,6.709865429289316,8.27194176588205,0.6892092235908545,3.350400085449219,581.0,622.0,511.0,510.0,2.197563722906505
53.06186735399881,28.613558213440385,10.32591169995384,9.898529401338765,7.363909864324302,9.080966913171563,0.6292354636706994,3.350400085449219,578.0,594.0,512.0,521.0,2.204789395859541
53.071867353998805,28.57799222380117,10.391919516041948,9.945376750959497,6.780023639656519,10.659856268915878,0.5792225833433028,3.350400085449219,578.0,594.0,512.0,521.0,2.2091838439111644
53.0818673539988,28.522047611011864,10.493714616904729,9.995387159235223,5.385036009686835,7.653663126817304,0.5027591608868957,1.1712000274658205,570.0,603.0,510.0,545.0,2.215261573010775
53.0918673539988,28.467418896011583,10.591298154942136,10.048510398953685,4.8446184969334025,4.952114350471057,0.4123602851783237,1.1712000274658205,570.0,603.0,510.0,545.0,2.2201484128028115
53.1018673539988,28.43001981002743,10.65734047084804,10.08448884606234,5.6564790171940285,4.117895158447383,0.3672940066593218,1.1712000274658205,566.0,604.0,511.0,562.0,2.222963700217524
53.1118673539988,28.371430495294984,10.759666429880811,10.1491902726627,6.026464096277335,3.448837858561425,0.2890021286343746,1.1712000274658205,566.0,604.0,511.0,562.0,2.226576608184817
53.121867353998795,28.298816760637628,10.88243004025296,10.29180879446766,8.422544988197536,3.993639528608848,0.1905003359800678,1.1712000274658205,574.0,623.0,515.0,567.0,2.2128776491930258
53.13186735399879,28.260155650388803,10.949745118824016,10.350257598080844,8.04723401567341,7.153319230052113,0.1282345099688319,1.1712000274658205,574.0,623.0,515.0,567.0,2.213985703551406
53.14186735399879,28.199312408649305,11.054199292578447,10.4459764370376,7.5676071877349,3.963925702688098,0.0166504013412129,-1.3119999694824218,593.0,630.0,516.0,542.0,2.2145968100095796
53.15186735399879,28.14013259915,11.154619562493622,10.519220169019045,7.167292332121339,3.399043443633821,-0.0861478230775906,-1.3119999694824218,593.0,630.0,516.0,542.0,2.21400289227128
53.16186735399879,28.09956575293599,11.222871286747411,10.577892256551085,7.547746899158245,3.274204539413864,-0.1590919775636455,-1.3119999694824218,608.0,612.0,519.0,526.0,2.212967986218958
53.171867353998785,28.03626907604149,11.328649717488828,10.660392483302498,7.14145076563922,0.8755681611118692,-0.2587977972161612,-3.7695999145507812,598.0,592.0,521.0,540.0,2.210347973416558
53.18186735399878,27.974893571433014,11.430647386226656,10.736758272640296,6.774314561548025,2.9314148974782976,-0.35905361223005,-3.7695999145507812,598.0,592.0,521.0,540.0,2.206765381691474
53.19186735399878,27.93316698579619,11.499466115681074,10.787898490636405,6.339157452368072,3.0349148713774747,-0.450238214079609,-3.7695999145507812,558.0,591.0,522.0,550.0,2.2035672629835914
53.20186735399878,27.867752726418846,11.606382896396834,10.860148255330184,5.254563561182749,4.352991044061865,-0.6027473764430769,-3.7695999145507812,558.0,591.0,522.0,550.0,2.19726088720156
53.21186735399878,27.804445878788016,11.708665329608325,10.91171171141165,4.05336938392633,3.1227848554745834,-0.7604644993776197,-3.7695999145507812,532.0,579.0,519.0,563.0,2.189457377045345
53.221867353998775,27.77675757591743,11.796133065579737,10.856545945342328,3.995860710351993,3.3387234311434177,-0.8792142898949354,-3.7695999145507812,532.0,579.0,519.0,563.0,2.1707451893265697
53.23186735399877,27.711837775879054,11.902964177339223,10.900823508601786,2.857458716496579,-0.1077377974587827,-1.0221969248315257,-6.163200073242189,521.0,574.0,513.0,572.0,2.159542575864941
53.24186735399877,27.649195235362697,12.006431480654012,10.928516201831597,1.1101492294178246,-3.5189165018512787,-1.1242413044735302,-6.163200073242189,521.0,574.0,513.0,572.0,2.147486855353466
53.25186735399877,27.607232678573087,12.076477932037228,10.934003071005476,0.3060688782420184,-6.8660165902613,-1.178907697046731,-6.163200073242189,513.0,577.0,502.0,572.0,2.13879255312306
53.26186735399877,27.543303802024468,12.184904137923942,10.936767562016117,-0.3987413725984404,-9.330185928800338,-1.229245417357793,-6.163200073242189,513.0,577.0,502.0,572.0,2.124853884593274
53.271867353998765,27.483064739242568,12.288990006581908,10.923872272410144,-2.007801748663129,-4.429580010657003,-1.2380766613244985,-8.32,505.0,579.0,492.0,575.0,2.1112159408730387
53.28186735399876,27.44254104059351,12.35993947744967,10.909833300389016,-2.47674083375077,-7.871007196788232,-1.2467207507794622,-8.32,505.0,579.0,492.0,575.0,2.101916937154566
53.29186735399876,27.381162562402647,12.469222667138004,10.884644383924204,-1.9540739795879447,-8.203841877137652,-1.248618864594157,-8.32,495.0,575.0,480.0,577.0,2.087552258940112
53.30186735399876,27.323781956332365,12.573882057585465,10.858978285458866,-1.890179729480716,-9.368447929929248,-1.2512895091056215,-8.32,495.0,575.0,480.0,577.0,2.0737958812212702
53.31186735399876,27.285367168177725,12.64547085203242,10.839558643688113,-3.1518843843055446,-10.884408919659448,-1.2576817591641467,-8.32,480.0,573.0,468.0,576.0,2.0643937780165826
53.321867353998755,27.227621754034264,12.755763238144008,10.81244124452322,-2.001647784129571,-11.277957840678097,-1.269685842770704,-8.32,480.0,573.0,468.0,576.0,2.049882232113747
53.33186735399875,27.09387377501879,12.839272020411052,10.700178770728773,-1.5582053908531337,-14.24250170815229,-1.292797184150157,-10.30719970703125,479.0,572.0,477.0,578.0,2.063219467268883
53.34186735399875,27.05572732620677,12.909555982157856,10.684205802812029,-1.839436343203996,-16.40388893384324,-1.2870512895218085,-10.30719970703125,479.0,572.0,477.0,578.0,2.0535780795341867
53.35186735399875,26.998714276220174,13.018394221943687,10.6781711932907,-0.2779666242493719,-17.84564743405687,-1.3302153093445548,-10.30719970703125,487.0,576.0,487.0,578.0,2.0384363922240856
53.36186735399875,26.94620768777256,13.123294744573789,10.679917693963311,0.9261980509990206,-16.874646521286024,-1.3902000088431052,-10.30719970703125,487.0,576.0,487.0,578.0,2.023376054239192
53.371867353998745,26.91143736694635,13.195430654553604,10.68530829114508,0.3724282954213995,-17.61329328759974,-1.4406430516629969,-10.30719970703125,487.0,578.0,492.0,582.0,2.0126793585250473
53.38186735399874,26.859378207826417,13.307167987290944,10.690071726496296,0.4683732244255566,-12.76713715405525,-1.4744206746971058,-10.30719970703125,487.0,578.0,492.0,582.0,1.9958403737677939
53.39186735399874,26.81113276236901,13.414489795028985,10.692926090864898,0.738653802172415,-12.97720477109596,-1.491237540545748,-11.990400390625,485.0,580.0,489.0,586.0,1.9795467162220028
53.40186735399874,26.77921608116234,13.487712658319122,10.692225479935493,-0.2858347985277363,-13.784795018393703,-1.5119041223297789,-11.990400390625,485.0,580.0,489.0,586.0,1.9682925809522966
53.41186735399874,26.73119827528393,13.600800174597566,10.691956442455584,1.1888295068268142,-10.940710666112588,-1.5195063455743372,-11.990400390625,482.0,584.0,484.0,590.0,1.9508565302925058
53.421867353998735,26.693732396745897,13.727204954301088,10.67594670940811,-0.065180781218827,-10.12488472750674,-1.5128421745354412,-11.990400390625,482.0,584.0,484.0,590.0,1.9360743160455782
53.43186735399873,26.66422666321699,13.8013145410687,10.676262591840173,0.5251557029091125,-9.370323190978928,-1.5125541053778582,-13.590400390625,484.0,585.0,480.0,591.0,1.924765007661449
53.44186735399873,26.61987401920194,13.91622967526962,10.683035002604498,0.9090301652522262,-11.472648333918748,-1.4983722342072887,-13.590400390625,484.0,585.0,480.0,591.0,1.9074020054081522
53.45186735399873,26.578882025286077,14.026559818906048,10.682430459911238,0.7115329022459207,-12.272004018370303,-1.527887196985847,-13.590400390625,484.0,589.0,479.0,594.0,1.8906329707540181
53.46186735399873,26.55191100590005,14.101588232890078,10.688247422847052,1.019563541124989,-11.092866543861716,-1.5284845224491794,-13.590400390625,484.0,589.0,479.0,594.0,1.8792294744127054
53.471867353998725,26.51145228308298,14.21800793108942,10.693649453643967,0.9283661907367832,-12.510089933131797,-1.5470414397174774,-14.90239990234375,486.0,592.0,478.0,598.0,1.8614627269539465
53.48186735399872,26.47424213485357,14.330046642956743,10.699178187787728,0.7561136256540517,-11.677018497113872,-1.5365045999150366,-14.90239990234375,486.0,592.0,478.0,598.0,1.8444377747130831
53.49186735399872,26.44987676183669,14.406122085505055,10.700188123014089,1.0002085873034854,-12.121023482721894,-1.5367103279966603,-14.90239990234375,486.0,588.0,475.0,595.0,1.832969508818164
53.50186735399872,26.41376676457994,14.523783367401226,10.701524986222612,0.7880989883082986,-13.50696823184674,-1.5052641590346003,-14.90239990234375,486.0,588.0,475.0,595.0,1.815579166942813
53.51186735399872,26.38081447714172,14.637560370823325,10.697629156695424,0.27662039827506,-16.1118984484932,-1.4795855982346016,-14.90239990234375,486.0,585.0,470.0,587.0,1.7991418876861076
53.521867353998715,26.359808641350558,14.714539618659664,10.694675888489208,0.1935436701683603,-18.60191557112341,-1.4577665824194186,-14.90239990234375,486.0,585.0,470.0,587.0,1.7882448063597356
53.53186735399871,26.305364866916563,14.84219300430843,10.667405116691416,0.3000054225814205,-17.18416360261676,-1.420330365586398,-15.980799560546872,485.0,580.0,469.0,580.0,1.7873978971265052
53.54186735399871,26.276381646898827,14.956086543344435,10.657602157250697,-0.3639679234184514,-17.54889020264932,-1.4162663077197477,-15.980799560546872,485.0,580.0,469.0,580.0,1.7718323885675875
53.55186735399871,26.257904469803997,15.03363984811292,10.66064079597111,1.043989791321188,-17.040492089937274,-1.4341293133451587,-15.980799560546872,485.0,579.0,475.0,580.0,1.7611808269545324
53.56186735399871,26.23121270146478,15.153253200122242,10.6565068472675,-0.0069340056500611,-15.58813273010683,-1.49107012196956,-15.980799560546872,485.0,579.0,475.0,580.0,1.7442301397356457
53.571867353998705,26.2074638051445,15.268452610568795,10.66055342929125,1.583178669709605,-13.99306549065522,-1.5494339253933993,-15.980799560546872,486.0,585.0,474.0,574.0,1.727371862904252
53.5818673539987,26.19231135936643,15.346641393646214,10.662155104942878,0.4617747208489995,-13.824742365300793,-1.5813428445253177,-15.980799560546872,486.0,585.0,474.0,574.0,1.7155977966142621
53.5918673539987,26.170350133655766,15.467224535109873,10.659815811901655,1.041232476132161,-10.401381173112826,-1.6202436551449193,-16.521600341796876,487.0,588.0,474.0,578.0,1.6971066418355085
53.6018673539987,26.15068900915047,15.583355503814044,10.662234131277314,0.7037364080156198,-13.64155290984974,-1.6416375816638278,-16.521600341796876,487.0,588.0,474.0,578.0,1.679060985114813
53.6118673539987,26.13814282439933,15.662410131296792,10.659382641300851,0.9019538696576668,-10.55155323594945,-1.6620527132053755,-16.521600341796876,486.0,588.0,470.0,588.0,1.6666943649727943
53.621867353998695,26.12746888360711,15.808052734552838,10.72358096626312,1.906952231575596,-10.710194507187792,-1.6601596335195727,-16.521600341796876,486.0,588.0,470.0,588.0,1.6393252394548319
53.63186735399869,26.11220577224229,15.92592013146167,10.717892720044045,0.6509435853877252,-8.512520593037202,-1.6428390060457436,-16.96,484.0,592.0,465.0,588.0,1.6211196550557154
53.64186735399869,26.102546175974062,16.005621133909983,10.71861891593486,1.8400815594063649,-9.76400752045864,-1.633354546331912,-16.96,484.0,592.0,465.0,588.0,1.6089019874364723
53.65186735399869,26.088745428193167,16.128599331710433,10.716500862860723,1.5198352402124249,-10.78596740446326,-1.616448377526289,-16.96,484.0,592.0,462.0,590.0,1.5902614928244023
53.66186735399869,26.07700393923753,16.246369365253816,10.713315948676906,1.007524688810838,-12.789255600824896,-1.603016529036606,-16.96,484.0,592.0,462.0,590.0,1.5725343330269332
53.671867353998685,26.069883227120453,16.32647250488476,10.711069917703732,1.4058015915223132,-11.966123324449883,-1.599927445501787,-16.94079956054687,483.0,589.0,462.0,591.0,1.5605643395301443
53.68186735399868,26.060388096875126,16.450026424418603,10.707134115369811,1.4319870854411858,-13.43925813440952,-1.5697771306610833,-16.94079956054687,483.0,589.0,462.0,591.0,1.5423580480496508
53.69186735399868,26.053220703080157,16.568245239202334,10.69920852903289,0.8107979707852982,-16.233449492360563,-1.5194844763009592,-16.94079956054687,482.0,590.0,458.0,592.0,1.5254568798539851
53.70186735399868,26.04955905494487,16.648581437946113,10.689600915707384,0.2560833523214566,-16.652566201589913,-1.4733788860631198,-16.94079956054687,482.0,590.0,458.0,592.0,1.5143580767835005
53.71186735399868,26.045811351981985,16.771958677149478,10.681551449533009,0.6056609330722511,-17.7876534852045,-1.4565608749343597,-16.94079956054687,481.0,582.0,459.0,591.0,1.4975333210998925
53.721867353998675,26.01621033098407,16.909812001412572,10.654549243094053,0.6835717966656069,-16.249367313562857,-1.450569813034991,-16.94079956054687,481.0,582.0,459.0,591.0,1.5026429769938843
53.73186735399867,26.014565579834308,16.989214849851198,10.649974562107095,0.9692166092934266,-16.217877857562986,-1.462071431007254,-16.723199462890626,480.0,577.0,461.0,576.0,1.4918092517407866
53.74186735399867,26.01383601147476,17.112968329975853,10.644478608436488,1.350717377479733,-16.745654086679014,-1.4849378184108806,-16.723199462890626,480.0,577.0,461.0,576.0,1.4747139450601763
53.75186735399867,26.015109575165216,17.229989703218482,10.644366055006945,1.553605587384996,-15.155156985759174,-1.5182159660336414,-16.723199462890626,481.0,575.0,461.0,568.0,1.4582635640107395
53.76186735399867,26.0169946854376,17.309917384557604,10.646560919094822,1.6764650219156696,-13.114059574423957,-1.539564732553821,-16.723199462890626,481.0,575.0,461.0,568.0,1.4467922388268697
53.771867353998665,26.02121500446893,17.43282901957492,10.643611205217963,1.8923403101307352,-12.712192499976886,-1.578015357624167,-16.723199462890626,484.0,576.0,464.0,566.0,1.4288335301228876
53.78186735399866,26.02665952134506,17.55115115968382,10.642811321823434,1.6677648571893162,-9.764867810550529,-1.602909912636862,-16.723199462890626,484.0,576.0,464.0,566.0,1.411152372371667
53.79186735399866,26.0309792580381,17.63082193780567,10.636627712362186,1.3308008373356528,-10.118614438799368,-1.5959295036620644,-16.166400146484374,488.0,584.0,464.0,568.0,1.3992010153265917
53.80186735399866,26.038721349829284,17.75389799963145,10.633438134129497,1.8938101655465167,-10.93171983117463,-1.599754732315253,-16.166400146484374,488.0,584.0,464.0,568.0,1.3807312202582107
53.81186735399866,26.047388685935196,17.87123572650501,10.6282414543,1.869801526701843,-10.038709709061248,-1.6021309688249294,-16.166400146484374,491.0,588.0,460.0,577.0,1.363138726160019
53.821867353998655,26.05391188661946,17.9511290178176,10.62338391314797,1.7030550538894975,-9.80109960848238,-1.6052105590778372,-16.166400146484374,491.0,588.0,460.0,577.0,1.3511336899563977
53.83186735399865,26.052500283733373,18.09338181094772,10.54498375173047,2.03010452630836,-8.6862940867236,-1.6013274498603778,-15.443199462890625,494.0,595.0,460.0,580.0,1.3213675687427462
53.84186735399865,26.064664295974687,18.210118162741416,10.53799643869326,2.148013483528557,-11.022434001569646,-1.6001827481951032,-15.443199462890625,494.0,595.0,460.0,580.0,1.30370655487908
53.85186735399865,26.073795985492627,18.28946829649758,10.534028921082957,2.346121826522487,-12.427393650301774,-1.5908654254957244,-15.443199462890625,496.0,591.0,460.0,577.0,1.2917756386075105
53.86186735399865,26.0893189543331,18.41130704871633,10.524860459978306,1.8667637939122228,-14.349354880009352,-1.5761660976974985,-15.443199462890625,496.0,591.0,460.0,577.0,1.2736014885830065
53.871867353998645,26.106092433305705,18.527336175354087,10.515127309950406,1.8571864824414528,-15.677227671713997,-1.566348818618622,-15.443199462890625,490.0,581.0,458.0,571.0,1.2563561349224983
53.88186735399864,26.11873655078171,18.60612362765557,10.507160058954137,1.6181543537922516,-18.90331428324047,-1.547207698796849,-15.443199462890625,490.0,581.0,458.0,571.0,1.2447353766404197
53.89186735399864,26.13991886247395,18.726261612305837,10.493250120667096,0.8464876489632227,-16.26932207419538,-1.5236326742923658,-14.29760009765625,483.0,576.0,457.0,562.0,1.2271369695266467
53.90186735399864,26.16222271953661,18.84141621614379,10.477173104612037,0.9743369179531812,-15.755295770955948,-1.50382917060324,-14.29760009765625,483.0,576.0,457.0,562.0,1.2104326811567696
53.91186735399864,26.17828544177044,18.91897735516594,10.46719954577563,1.097705784166239,-14.07323791194204,-1.5057628619065466,-14.29760009765625,478.0,570.0,455.0,559.0,1.1992103285937614
53.921867353998636,26.188787496841456,19.046471477151133,10.4338231935911,0.9710757491083384,-12.35146734962888,-1.514860356339471,-14.29760009765625,478.0,570.0,455.0,559.0,1.189656825960081
53.93186735399863,26.21407646615261,19.16012773228713,10.41699280040507,0.8108986531963183,-12.403049536666416,-1.5298805086839056,-12.8,474.0,567.0,452.0,555.0,1.1728963558356387
53.94186735399863,26.232156834838243,19.23742139398968,10.404986285801026,1.1667776218670547,-11.90064404449046,-1.535631445181182,-12.8,474.0,567.0,452.0,555.0,1.1613441463679124
53.95186735399863,26.260986108363188,19.355166406383795,10.383573696230233,0.9468624185069155,-12.064961073009702,-1.5539320715840057,-12.8,471.0,563.0,450.0,552.0,1.1435766561025107
53.96186735399863,26.290245213744363,19.46751654068256,10.362187694641278,0.789557911899131,-13.736618696884388,-1.556211790532835,-12.8,471.0,563.0,450.0,552.0,1.1264810121635067
53.971867353998626,26.311086964232928,19.5435049737924,10.347480492306287,0.9454994483739252,-15.149170174596984,-1.584621477948057,-12.8,464.0,559.0,447.0,549.0,1.1146301768807891
53.981867353998624,26.34465909845086,19.659793754709003,10.334679479495811,1.9732558495561008,-13.492670285734492,-1.6119194063749558,-12.8,464.0,559.0,447.0,549.0,1.096140169893223
53.99186735399862,26.3781729920466,19.770292184760617,10.318851532595115,1.818541414420548,-13.70299825605524,-1.6151878641843658,-10.77760009765625,460.0,563.0,454.0,545.0,1.0783482700777005
54.00186735399862,26.40185377004738,19.845414338277493,10.312398216731555,2.169919250220073,-11.131227933189956,-1.5926973039066146,-10.77760009765625,460.0,563.0,454.0,545.0,1.0663588833946842
54.01186735399862,26.439246291404416,19.960483698552213,10.299888279326405,2.4674107864283674,-9.552999045760233,-1.5616595503047452,-10.77760009765625,467.0,564.0,453.0,546.0,1.048219330937289
54.021867353998616,26.50001270921747,20.06020217965777,10.231258337644402,2.2875772175647677,-8.06036041846366,-1.5082764880299286,-10.77760009765625,467.0,564.0,453.0,546.0,1.0270788017431203
54.031867353998614,26.526380328918822,20.133851182874483,10.230856177861275,3.235799445938272,-9.783997317857924,-1.4674921431262449,-8.284799804687502,488.0,571.0,457.0,547.0,1.016027585482646
54.04186735399861,26.567928433635373,20.24689682998516,10.22632117936805,2.4839419322778973,-7.620049025714724,-1.4042411233235337,-8.284799804687502,488.0,571.0,457.0,547.0,0.9996693165113246
54.05186735399861,26.60869227071715,20.35444660491936,10.228530615795814,4.202124257831697,-9.469780777852618,-1.3333318856658356,-8.284799804687502,512.0,573.0,476.0,544.0,0.9847363898893057
54.06186735399861,26.63733012511412,20.427800254083422,10.23887034822902,4.413552350261679,-11.596149584068078,-1.2796416216536055,-8.284799804687502,512.0,573.0,476.0,544.0,0.9750161057568559
54.071867353998606,26.682603876761902,20.5396701934933,10.271816821656754,6.103353124874512,-11.463755269416502,-1.1851456119995245,-8.284799804687502,526.0,572.0,497.0,541.0,0.9610277714781953
54.081867353998604,26.727737856682047,20.646792801510976,10.298364272661964,4.815054617934015,-11.997211590621404,-1.1174541928668882,-8.284799804687502,526.0,572.0,497.0,541.0,0.9484938539063726
54.0918673539986,26.75931638642929,20.719634744212364,10.314159230950375,4.386053672035257,-9.647092511896956,-1.0663350752336491,-5.30239990234375,534.0,575.0,479.0,537.0,0.9403719399600597
54.1018673539986,26.80870721935249,20.83058288124821,10.328367360669017,3.203537112935959,-10.215149236740096,-0.9625442090069648,-5.30239990234375,534.0,575.0,479.0,537.0,0.9288837670126748
54.1118673539986,26.85711792012464,20.93618188088934,10.321498723320124,0.9332374837497556,-9.530015623326143,-0.8427740989763287,-5.30239990234375,524.0,559.0,472.0,524.0,0.9191415649484296
54.121867353998596,26.8906143454138,21.00774259935959,10.301756710022584,-1.2938638128495517,-7.502900947050459,-0.7615380832729565,-5.30239990234375,524.0,559.0,472.0,524.0,0.9132856684150548
54.131867353998594,26.86035634268716,21.14404170391766,10.085375542680064,-1.274394307880466,-7.87562362951157,-0.6253376296619843,-1.951999969482422,500.0,532.0,471.0,519.0,0.9300196213543457
54.14186735399859,26.906036998643398,21.248541783610385,10.05187200532196,-2.160957814790769,-6.27379552922933,-0.4897259708357485,-1.951999969482422,500.0,532.0,471.0,519.0,0.9241669585300273
54.15186735399859,26.937137507228822,21.318615759680835,10.027859312103562,-2.1458558301484487,-5.9992232487400114,-0.4103299528539244,-1.951999969482422,469.0,502.0,475.0,514.0,0.9210000789014819
54.16186735399859,26.98544911335396,21.426499059427663,9.990711383964754,-2.3575353134387083,-3.7084971756274094,-0.3036344251302931,-1.951999969482422,469.0,502.0,475.0,514.0,0.9171505929633044
54.171867353998586,27.03205530084744,21.529426850128893,9.955191621464818,-3.3017500274712237,-4.2585152167259,-0.2228597218073001,-1.951999969482422,469.0,471.0,482.0,507.0,0.9144097354749867
54.181867353998584,27.063610382698336,21.59870657479588,9.929014790876687,-3.0271921672462145,-2.35110089336626,-0.1852170513705457,-1.951999969482422,469.0,471.0,482.0,507.0,0.9129509526221206
54.19186735399858,27.11229869039153,21.704744131354555,9.891385459338796,-3.319529884987104,-4.782888237951132,-0.1451933033404043,1.3696000671386719,431.0,438.0,485.0,494.0,0.9111141342664268
54.20186735399858,27.15937973453954,21.806067608363477,9.848352187261046,-3.838537075581409,-3.515320461329384,-0.1005164731101709,1.3696000671386719,431.0,438.0,485.0,494.0,0.9098334300991492
54.21186735399858,27.191190109467005,21.874079527443687,9.81746896548943,-4.393968612437934,-3.607166569579474,-0.0541064418210835,1.3696000671386719,404.0,411.0,486.0,485.0,0.9093238587647238
54.221867353998576,27.26993281948529,21.964393042215992,9.734721149474122,-5.860772245120356,-5.852029356760751,0.0553913543454842,1.3696000671386719,404.0,411.0,486.0,485.0,0.9108304239697593
54.231867353998574,27.317903330677325,22.06229498869646,9.674126163945845,-6.115185799369473,-4.593953188136567,0.1659432891489458,4.736000061035156,406.0,418.0,487.0,477.0,0.912233211767223
54.24186735399857,27.35039782970712,22.128179868118835,9.632981704303502,-5.693379923729214,-2.477912991345254,0.2553202597853602,4.736000061035156,406.0,418.0,487.0,477.0,0.9139846742186121
54.25186735399857,27.400465292083936,22.22900207205383,9.57816872579989,-5.632032276024198,-4.506571374779426,0.3742647310403906,4.736000061035156,416.0,428.0,486.0,467.0,0.9178622297921477
54.26186735399857,27.44825567933891,22.324479808926128,9.532997425195289,-4.854736464241638,-1.8023443592886943,0.4996789724837965,4.736000061035156,416.0,428.0,486.0,467.0,0.9229108916971938
54.271867353998566,27.48074144632041,22.389190912197076,9.505056358805518,-4.645802954495055,-2.0340686786350823,0.5900182298219766,4.736000061035156,426.0,432.0,485.0,458.0,0.9271643760962804
54.281867353998564,27.530591616691883,22.4878826224168,9.45831308650841,-5.568709100823441,-3.7790047724446554,0.7263993800716527,4.736000061035156,426.0,432.0,485.0,458.0,0.9349584760510679
54.29186735399856,27.578314530946745,22.58149426194124,9.415516636661346,-4.511242482233541,-3.613284258169357,0.8486547034148431,8.060800170898437,426.0,427.0,486.0,450.0,0.9438404365989306
54.30186735399856,27.6108613948167,22.64487015265028,9.390979640029729,-4.579746218249316,-3.4080406907974448,0.9241013881293624,8.060800170898437,426.0,427.0,486.0,450.0,0.9506022671665996
54.31186735399856,27.66091093851261,22.741234238140144,9.360161047244237,-3.2221616507341326,-3.155704452242843,1.0747209531324968,8.060800170898437,445.0,427.0,491.0,441.0,0.9623685574225481
54.321867353998556,27.742335128730293,22.809936520480136,9.27621007625976,-3.1751349129307678,-2.4960767264707715,1.2177748460831073,8.060800170898437,445.0,427.0,491.0,441.0,0.9872169808783329
54.331867353998554,27.77519114883697,22.87121875386778,9.257426196400818,-3.815216474626362,-2.286803306904187,1.3201830292070054,11.200000000000001,475.0,416.0,497.0,428.0,0.9969322969035019
54.34186735399855,27.825435080295843,22.965073470677,9.233910211704073,-3.1254913977605367,1.711717603694627,1.4467195056765476,11.200000000000001,475.0,416.0,497.0,428.0,1.0131037261899423
54.35186735399855,27.8732909796639,23.054926608919928,9.21399137170514,-2.305849741538234,3.42833631613668,1.554284603601678,11.200000000000001,489.0,408.0,500.0,417.0,1.0298860716698819
54.36186735399855,27.9053896337109,23.115831504293197,9.195266219139606,-3.4433571602314816,6.12265054340931,1.5987593215033316,11.200000000000001,489.0,408.0,500.0,417.0,1.0417226063732081
54.371867353998546,27.953905118615484,23.209599523463496,9.167650069503068,-3.0244438338255475,8.667209246788191,1.634676082286614,11.200000000000001,496.0,400.0,502.0,403.0,1.060387663238589
54.381867353998544,27.99913411349271,23.29965244456937,9.139577638577464,-3.05279974408058,10.34571493639027,1.6466785471897278,11.200000000000001,496.0,400.0,502.0,403.0,1.0785081675982304
54.39186735399854,28.02933902608883,23.361341282393077,9.121919261540471,-2.497530701402507,9.446453289272055,1.6535981984846977,13.9552001953125,499.0,396.0,504.0,397.0,1.09094982110961
54.40186735399854,28.07437060645953,23.45550674251695,9.101293773792628,-2.520697421038619,9.42332839135448,1.6537772220824851,13.9552001953125,499.0,396.0,504.0,397.0,1.1098800801938427
54.41186735399854,28.11651305692205,23.546371218297597,9.0876651485966,-1.407113282435126,9.953137268618931,1.6885704937819077,13.9552001953125,498.0,388.0,506.0,391.0,1.1283351431739228
54.421867353998536,28.144672479082,23.608754293181804,9.084458584669026,-0.5719912306529477,10.436798078523625,1.700069564201363,13.9552001953125,498.0,388.0,506.0,391.0,1.141110460921874
54.431867353998534,28.22236870529145,23.69976994733289,9.104877215542144,0.0173478261389741,10.016605074730856,1.7374934249502891,16.33280029296875,500.0,382.0,507.0,391.0,1.137368743162501
54.44186735399853,28.2639844635686,23.79096897884985,9.103490323152796,0.0358383625166056,10.996196890260489,1.768616957481569,16.33280029296875,500.0,382.0,507.0,391.0,1.1567299653090883
54.45186735399853,28.291798387263213,23.85354758200195,9.101362496729788,-0.5001679140560524,9.730555940207374,1.767559187994802,16.33280029296875,505.0,377.0,512.0,394.0,1.1700365946490856
54.46186735399853,28.333160046265256,23.94923915127777,9.09821004275399,0.1459630207331243,11.054539849815711,1.8004746540707717,16.33280029296875,505.0,377.0,512.0,394.0,1.190648309995233
54.471867353998526,28.371782468620065,24.04182128393461,9.095215478986123,-0.3003784335033305,11.27981963758905,1.8269685519342087,16.33280029296875,510.0,373.0,517.0,390.0,1.2107069084452764
54.481867353998524,28.39737275596635,24.105272529441496,9.088104992840089,-0.0997234298281215,12.656372549778784,1.8332323042059055,16.33280029296875,510.0,373.0,517.0,390.0,1.2244794203369773
54.49186735399852,28.4348930990994,24.202099269158705,9.080026439780422,-0.3719965533315862,13.72407779023964,1.8398885726683076,18.3456005859375,513.0,377.0,523.0,388.0,1.2454743706421478
54.50186735399852,28.469576712525345,24.29637370446488,9.070292765566943,-0.1375555095793708,13.262281216608084,1.8347607301776412,18.3456005859375,513.0,377.0,523.0,388.0,1.2658207642992099
54.51186735399852,28.492128753914663,24.36027845407613,9.065938408207565,0.5480617460653809,13.516667366556426,1.8278820991633524,18.3456005859375,515.0,383.0,528.0,383.0,1.2794966853776852
54.521867353998516,28.525358638517293,24.458647080672836,9.054579736401392,-0.458675987181441,12.485652224725104,1.812740068712016,18.3456005859375,515.0,383.0,528.0,383.0,1.300336129567114
54.531867353998514,28.5563378636946,24.571664141361648,9.085983150821464,0.0887883811942647,12.72092537586766,1.7972258918238373,20.035200195312502,513.0,387.0,527.0,380.0,1.3081234460742874
54.54186735399851,28.57692053387339,24.63679445553389,9.078566279672383,-0.2852825418772107,10.58357489719432,1.7841898824497917,20.035200195312502,513.0,387.0,527.0,380.0,1.3215494271522883
54.55186735399851,28.607208105787635,24.73646036774363,9.06846722714535,0.5640570330510914,11.620933154405746,1.774771710139319,20.035200195312502,511.0,386.0,520.0,373.0,1.3419318531750455
54.56186735399851,28.634813359864864,24.832358912136584,9.049227203051196,-0.5321401480722605,12.080352331766653,1.7757870809647571,20.035200195312502,511.0,386.0,520.0,373.0,1.3614369689717307
54.571867353998506,28.652843956150647,24.898131594266328,9.038922970669883,-0.3408997390123706,14.1040843795442,1.7738131765476068,20.035200195312502,513.0,386.0,515.0,367.0,1.374783438821298
54.581867353998504,28.67893112064847,24.998434935197764,9.02314661862827,-0.5840458946924806,11.93877675285898,1.791019797783634,20.035200195312502,513.0,386.0,515.0,367.0,1.3952379435917979
54.5918673539985,28.702522448493102,25.095095620083637,9.006831874394733,-0.8082619287344607,11.48090340666911,1.795128111114471,21.270400390625,517.0,387.0,513.0,366.0,1.415012560595779
54.6018673539985,28.71781817700356,25.161352201010317,8.998410601936687,0.4907209019675629,12.106841938673936,1.8153171625507585,21.270400390625,517.0,387.0,513.0,366.0,1.4286687565671106
54.6118673539985,28.73967371420081,25.26192117993796,8.981440862829146,-0.5105001979599392,11.796174059133058,1.818115346082044,21.270400390625,518.0,386.0,516.0,367.0,1.4494170791236687
54.621867353998496,28.745171299729808,25.37005189379773,8.94593056401423,0.6394353517666063,11.84535556015062,1.8234506330061544,21.270400390625,518.0,386.0,516.0,367.0,1.4602345919207838
54.631867353998494,28.757687735904447,25.43646625341343,8.936807150289766,0.012984239335038,11.3245312061709,1.8467292783032647,22.169599609375002,517.0,385.0,516.0,367.0,1.4741109930326315
54.64186735399849,28.775612009092704,25.53764822485525,8.925229510859182,0.7975870867857897,10.977331975207608,1.8582171567536128,22.169599609375002,517.0,385.0,516.0,367.0,1.4953816105017481
54.65186735399849,28.79147817372537,25.634842805912577,8.910615251063447,0.117883233009743,9.854703465372928,1.8649281684214831,22.169599609375002,516.0,382.0,513.0,364.0,1.5158522761817321
54.66186735399849,28.80158672852248,25.70145729799151,8.899235858993066,0.4015687869502433,11.660769169352813,1.8734710785872692,22.169599609375002,516.0,382.0,513.0,364.0,1.5299511800371874
54.671867353998486,28.815548036567915,25.80260287267843,8.877493264490825,-0.5382109674544695,12.581671990204738,1.856601370598461,22.169599609375002,516.0,384.0,511.0,361.0,1.5511858028178724
54.681867353998484,28.827419465802024,25.90018701913177,8.855931512657806,-0.2029437162068372,12.05958887547935,1.849893101980458,22.169599609375002,516.0,384.0,511.0,361.0,1.5716130968774558
54.69186735399848,28.834628830051543,25.96692730095149,8.84180657323764,0.0493101121417104,12.042904807975413,1.8314991601120247,22.68800048828125,519.0,382.0,513.0,357.0,1.5854400596829064
54.70186735399848,28.84433905551913,26.068081486971945,8.820133672941303,0.2964685034645853,10.677720877809415,1.818769834624112,22.68800048828125,519.0,382.0,513.0,357.0,1.6062884034926188
54.71186735399848,28.852176046020627,26.165570845705112,8.801733407746708,-0.3117613713277815,10.71848305993671,1.801583917300127,22.68800048828125,519.0,383.0,515.0,356.0,1.6261787963827112
54.721867353998476,28.859990656927582,26.25401744405521,8.75597186375357,0.5188986434360364,10.998586161535878,1.8108866053564716,22.68800048828125,519.0,383.0,515.0,356.0,1.6362596799087301
54.731867353998474,28.865889536219004,26.354954209907177,8.738638310609051,0.0774593216221897,12.570616472368108,1.811571695182577,23.00800048828125,518.0,384.0,513.0,354.0,1.6569985194998165
54.74186735399847,28.870093809627026,26.451816238856622,8.72073397273001,0.4520273054793212,11.3228336107073,1.819074070203756,23.00800048828125,518.0,384.0,513.0,354.0,1.6769526741581346
54.75186735399847,28.87209793713517,26.518050270788248,8.710104210392725,0.955420129306542,12.9594280475255,1.8308318195802784,23.00800048828125,516.0,385.0,508.0,353.0,1.6907355683197436
54.76186735399847,28.873895701876293,26.61859419504705,8.690888761976668,0.8119951768089604,11.801484530948487,1.842888803287044,23.00800048828125,516.0,385.0,508.0,353.0,1.711726801664322
54.771867353998466,28.874110126582877,26.71544293723708,8.673179373197202,0.3494818309687765,13.576050265160864,1.8523288389971095,23.00800048828125,516.0,386.0,503.0,352.0,1.7321151014592622
54.781867353998464,28.87336468374984,26.781555483596623,8.658250243685037,1.1980286475750668,13.295316930826862,1.8433740626998585,23.00800048828125,516.0,386.0,503.0,352.0,1.7460325295080967
54.79186735399846,28.87078846625321,26.881669568573617,8.635798683147954,0.9066800935962788,13.400242054612862,1.8542146172854337,22.96320068359375,515.0,387.0,502.0,351.0,1.7672034782223975
54.80186735399846,28.866714128122823,26.977739969198687,8.61240653513565,0.6667858459256418,11.636754901013218,1.849148884778648,22.96320068359375,515.0,387.0,502.0,351.0,1.7875942208515023
54.81186735399846,28.863103756680506,27.0433643009402,8.596458929643024,0.5499013261943778,11.6622641775993,1.871667995653666,22.96320068359375,517.0,388.0,501.0,351.0,1.801654668440934
54.82186735399846,28.84821886570861,27.159581022078022,8.567606226471861,0.9870291298788356,12.481210289683569,1.8929581606496524,22.96320068359375,517.0,388.0,501.0,351.0,1.8245219499811671
54.831867353998454,28.83980632085422,27.25506974007658,8.544913973892632,0.9486561385160964,12.280252771058176,1.9013313964451488,22.96320068359375,519.0,391.0,498.0,349.0,1.8454976039869917
54.84186735399845,28.83318937058565,27.32001336546826,8.529318234981176,0.9708456909400036,13.281553312892326,1.901475328499463,22.96320068359375,519.0,391.0,498.0,349.0,1.8598111410969835
54.85186735399845,28.82176242960971,27.4186456557034,8.507042048996956,1.5949309864931085,12.4801903755828,1.8965471657064383,22.8256005859375,519.0,390.0,499.0,350.0,1.8815526043277022
54.86186735399845,28.809343394014544,27.512789790083914,8.483301692387743,1.6325293117327664,11.682012811123988,1.8954569599740412,22.8256005859375,519.0,390.0,499.0,350.0,1.9023733303158896
54.87186735399845,28.800006228895075,27.5772188569775,8.467334256482967,0.5259847958210118,11.719420877230208,1.89087986665278,22.8256005859375,519.0,392.0,502.0,348.0,1.9166679612032052
54.881867353998445,28.784544100426874,27.6748962142114,8.446166903000591,1.1199806474433869,11.393859013853191,1.887094175198131,22.307199707031252,518.0,392.0,499.0,348.0,1.9383443902717832
54.89186735399844,28.768300117066296,27.768170400248017,8.425306767509973,1.9082171448194056,11.525134561950772,1.8841292774925935,22.307199707031252,518.0,392.0,499.0,348.0,1.9590590643291006
54.90186735399844,28.756322387729075,27.83201386339486,8.410439963760947,1.5928292288715786,12.58576703785207,1.8867107664134288,22.307199707031252,518.0,392.0,499.0,348.0,1.9732836140065941
54.91186735399844,28.736863156556804,27.928335626138725,8.38659773566854,1.7027596889703498,12.53668683863714,1.892648405895215,22.307199707031252,517.0,395.0,495.0,348.0,1.9948731060224816
54.92186735399844,28.71433433734497,28.043200069475294,8.391651023698364,1.550390804446007,13.572163869493073,1.8974119959009788,21.50080078125,516.0,398.0,493.0,347.0,2.012138306767112
54.931867353998435,28.69976832271915,28.106158317800823,8.374861204987116,1.460309929367234,13.448331699852298,1.8960957031801904,21.50080078125,516.0,398.0,493.0,347.0,2.0264135814232387
54.94186735399843,28.676141395026693,28.20160212068264,8.355939775161794,1.6894553815317526,13.958622026417814,1.9053817685282517,21.50080078125,519.0,398.0,490.0,345.0,2.0482575966736767
54.95186735399843,28.65190678727901,28.292536714195197,8.332885591195902,2.266567596954192,12.585205256416163,1.916192577367408,21.50080078125,519.0,398.0,490.0,345.0,2.0692698549632014
54.96186735399843,28.634442444713315,28.35444046915233,8.314922557779619,1.344756118795787,14.87913883952612,1.9086530064620135,21.50080078125,515.0,405.0,487.0,346.0,2.0836448772353102
54.97186735399843,28.606499296933848,28.448170978265,8.288162244498592,1.0964667153814858,12.661743643093574,1.9040352866113457,21.50080078125,515.0,405.0,487.0,346.0,2.105463317599927
54.981867353998425,28.578185996927736,28.53740440325144,8.264001272163938,1.1915243699089677,13.907131494693536,1.8902244210541916,20.55360107421875,508.0,410.0,483.0,345.0,2.12633301114293
54.99186735399842,28.557976370651456,28.59810412198801,8.246800642779231,1.2848579628289567,12.952394893136864,1.887652867719409,20.55360107421875,508.0,410.0,483.0,345.0,2.1405553812379536
55.00186735399842,28.52600555256537,28.689413820023645,8.222101770662709,1.2311837559042935,12.671940106812606,1.873116639145,20.55360107421875,507.0,410.0,485.0,344.0,2.1619960416855943
55.01186735399842,28.493625191599808,28.77714844635953,8.199956996593494,2.066567791489972,12.992736122147598,1.8470741243301685,20.55360107421875,507.0,410.0,485.0,344.0,2.1825145776406876
55.02186735399842,28.47271567551349,28.858124450621396,8.206603422242276,1.4257698376084382,12.809885150665547,1.8288265639281984,19.5647998046875,510.0,411.0,488.0,344.0,2.1954806799563253
55.031867353998415,28.437056836730207,28.948019859622995,8.182261618450383,1.7196133305420365,12.961642200174293,1.80794594587058,19.5647998046875,510.0,411.0,488.0,344.0,2.2162495768585155
55.04186735399841,28.401194360349898,29.034209662424782,8.160699002324893,1.162380695218747,12.178100732070918,1.8010382062633836,19.5647998046875,512.0,407.0,488.0,344.0,2.2361803732295056
55.05186735399841,28.376168086575053,29.09213548809787,8.150812208264796,3.0690457817643058,12.636959487185294,1.7998964154151351,19.5647998046875,512.0,407.0,488.0,344.0,2.2496274260193676
55.06186735399841,28.33651460491515,29.18042724996918,8.131363383063011,2.242553246615588,12.582741475682832,1.8037652370325807,19.5647998046875,509.0,407.0,482.0,347.0,2.2702790059437827
55.07186735399841,28.29694580696405,29.264595077526927,8.111576365591931,2.174136904419644,12.998788552583886,1.811611338873416,19.5647998046875,509.0,407.0,482.0,347.0,2.290257576389246
55.081867353998405,28.26934989287693,29.321052104194205,8.097870087150511,2.589387359341058,14.594679636346577,1.8152936559932304,18.52800048828125,506.0,412.0,473.0,349.0,2.303826360997586
55.0918673539984,28.225654576035325,29.406796210805503,8.077213260572984,2.149267520795684,14.33903135018508,1.8093916814792537,18.52800048828125,506.0,412.0,473.0,349.0,2.324575433204881
55.1018673539984,28.18213277454232,29.488210959127887,8.058686314902593,2.7774237717877623,13.741481241757288,1.8217384936472425,18.52800048828125,501.0,415.0,468.0,350.0,2.3445924960129667
55.1118673539984,28.15172745170184,29.54299169212702,8.04231031075787,2.4935428118378087,14.296345902997484,1.819534232137892,18.52800048828125,501.0,415.0,468.0,350.0,2.358243461942242
55.1218673539984,28.103778322880697,29.62613315131984,8.02069705549161,1.4132942658843068,15.472654541471735,1.8216930148372517,17.491199951171875,503.0,417.0,466.0,347.0,2.379228464087415
55.131867353998395,28.046059788273112,29.71755957276689,8.036965667580139,1.5815661891007804,13.802249712744729,1.7814281958353917,17.491199951171875,503.0,417.0,466.0,347.0,2.3988068249197294
55.14186735399839,28.01293324062119,29.770656607305167,8.019803753084098,2.2122149856085267,13.369545513840349,1.7920967860282893,17.491199951171875,505.0,418.0,467.0,346.0,2.412264868219079
55.15186735399839,27.96128875724305,29.850683627467777,7.999963469537606,2.44081136346609,11.82596947741355,1.7944888601035671,17.491199951171875,505.0,418.0,467.0,346.0,2.4328072107545635
55.16186735399839,27.91010716208627,29.927147730113923,7.983647012890564,2.1766923772185893,11.283673230231775,1.810274089564417,17.491199951171875,515.0,415.0,468.0,345.0,2.4527655012182943
55.17186735399839,27.87481637474893,29.978299040217934,7.973447024710284,2.6970947573948494,12.746745437684735,1.8055779589754564,17.491199951171875,515.0,415.0,468.0,345.0,2.466321060398082
55.181867353998385,27.819770855352093,30.055925129256728,7.958774738506477,2.8775205028818043,11.563105099938165,1.8181189435280507,16.470400390625,515.0,422.0,466.0,346.0,2.487119907857951
55.19186735399838,27.76549972627292,30.129878759029296,7.93864578656137,2.625300258228849,12.27149096426874,1.8209853046759372,16.470400390625,515.0,422.0,466.0,346.0,2.5072917521744666
55.20186735399838,27.728073488776005,30.17932831080876,7.928494536588854,2.760054480354848,13.077207625621998,1.799664825909448,16.470400390625,506.0,427.0,464.0,352.0,2.5208184370595523
55.21186735399838,27.66968517096645,30.2540256977142,7.908050653613175,2.572283381511642,14.147285908169382,1.7596931882925075,16.470400390625,506.0,427.0,464.0,352.0,2.541147536998807
55.22186735399838,27.64668317556649,30.36121831609176,7.813759733015728,2.6639297249602607,16.207861325780055,1.7154882891107384,15.344000244140625,492.0,429.0,462.0,360.0,2.5570794247223856
55.231867353998375,27.608181552220493,30.40881105305229,7.802355456274698,2.9029925214446064,14.790641649007396,1.6787888300476816,15.344000244140625,492.0,429.0,462.0,360.0,2.569668587534691
55.24186735399837,27.547777184757194,30.480868354435614,7.783755992544315,2.883304854683527,14.746916060901489,1.6436220830451975,15.344000244140625,484.0,423.0,456.0,362.0,2.5886915911524966
55.25186735399837,27.48858996478511,30.54856827459854,7.771808179073122,2.8556205077195758,14.531161952285412,1.6409399533040312,15.344000244140625,484.0,423.0,456.0,362.0,2.6067930033917266
55.26186735399837,27.447655786276737,30.5938117783695,7.764026221856297,2.97663318750626,14.102847535181793,1.6493142734782769,15.344000244140625,484.0,427.0,450.0,359.0,2.6191378932780864
55.27186735399837,27.383930374693605,30.661813057661977,7.757420699624505,3.1836791666635493,15.044122754766368,1.6621573348497236,15.344000244140625,484.0,427.0,450.0,359.0,2.63816386916149
55.281867353998365,27.321039547714893,30.726187802613907,7.747807186239902,2.9678305181562723,15.036852463614307,1.6631858757923357,14.108800048828126,490.0,434.0,450.0,353.0,2.6566306594289046
55.29186735399836,27.277972002601132,30.768755560480404,7.7471800258354655,3.5566300473134067,14.582872037931873,1.6662312963632606,14.108800048828126,490.0,434.0,450.0,353.0,2.669066845608733
55.30186735399836,27.21070298102721,30.832939867016133,7.739301074244988,3.1924863160010144,14.253643321505471,1.662576546767396,14.108800048828126,490.0,435.0,450.0,354.0,2.6881537073313924
55.31186735399836,27.14503406545246,30.89321291224667,7.7290087896395985,3.534234639935524,13.558982506138804,1.6515849678379408,14.108800048828126,490.0,435.0,450.0,354.0,2.7063847661687483
55.32186735399836,27.099896325222527,30.933352265210264,7.722450331207597,3.100227440071028,13.820008084363034,1.6392190825945645,14.108800048828126,488.0,435.0,452.0,358.0,2.7186716216004614
55.331867353998355,27.020387588726795,31.002018760848014,7.745633128529377,2.92525685839463,11.744071530115788,1.6033690922967756,14.108800048828126,488.0,435.0,452.0,358.0,2.7376797550626164
55.34186735399835,26.951434855243924,31.059298042177588,7.735829411078045,3.0651942383372903,12.60095643870316,1.560212132394291,12.966400146484375,485.0,438.0,451.0,369.0,2.7551703318089533
55.35186735399835,26.90433869574777,31.097272457955764,7.727955104771939,2.6861557510616363,12.03505956643728,1.5325607589082093,12.966400146484375,485.0,438.0,451.0,369.0,2.766667451083072
55.36186735399835,26.831373750755464,31.15431785548807,7.723162688122302,3.33085695445856,12.60964981966053,1.4626980606191389,12.966400146484375,485.0,437.0,455.0,377.0,2.783677816289121
55.37186735399835,26.760485974520765,31.207813955276112,7.718173192238174,2.9763918862924976,10.590383100775018,1.4033308812536327,12.966400146484375,485.0,437.0,455.0,377.0,2.7993175083028237
55.381867353998345,26.711688715255463,31.24357946172675,7.721670613157802,3.967987804616906,12.536893604884549,1.3697672975151112,11.609599609375003,487.0,433.0,457.0,385.0,2.8096609243291675
55.39186735399834,26.635997888639736,31.297330096071025,7.72527838664431,3.52795947793158,12.540995834698991,1.346039710672714,11.609599609375003,487.0,433.0,457.0,385.0,2.8252386329240586
55.40186735399834,26.562634122940008,31.347391343990427,7.740103886602369,3.995880042195294,13.396581178361856,1.322524660640991,11.609599609375003,486.0,434.0,451.0,390.0,2.839868733445748
55.41186735399834,26.5121371310063,31.380672022816576,7.748616299176435,4.360709530741744,13.01992534970922,1.320435832220204,11.609599609375003,486.0,434.0,451.0,390.0,2.84974000202633
55.42186735399834,26.442937153835675,31.481828211422705,7.778295902042647,5.272642203201645,16.24767180832124,1.3134843186170124,10.115200195312498,478.0,436.0,443.0,393.0,2.852955694748483
55.431867353998335,26.3674720583344,31.530097609557068,7.792161427684482,4.768899120213157,15.180388365176883,1.3017016987232222,10.115200195312498,478.0,436.0,443.0,393.0,2.8673713575633926
55.44186735399833,26.315718130734744,31.561826315202858,7.80063721085117,3.477350314426172,16.555671185125636,1.2787558528031076,10.115200195312498,468.0,440.0,436.0,393.0,2.876992022533702
55.45186735399833,26.235316016381272,31.608996300618053,7.808252183989724,3.417178901634029,14.557218726892977,1.2511603621202243,10.115200195312498,468.0,440.0,436.0,393.0,2.8914888219603916
55.46186735399833,26.157355394386958,31.65253139460447,7.81434851910601,3.03875265353996,14.519663709069404,1.2080353236491126,10.115200195312498,461.0,451.0,432.0,395.0,2.9049688136743064
55.47186735399833,26.10395965410212,31.68119580649843,7.813961731569434,2.374427584698223,13.42870876649238,1.180771769423061,10.115200195312498,461.0,451.0,432.0,395.0,2.913888562944805
55.481867353998325,26.02151753635761,31.723785722493503,7.817300564704815,2.5460718073418667,12.780675418789077,1.1346876540166877,8.287999877929689,460.0,472.0,433.0,399.0,2.927148344926684
55.49186735399832,25.941694822411943,31.76314968759144,7.828242010609155,2.851286366285047,13.210096873056342,1.0942279537373738,8.287999877929689,460.0,472.0,433.0,399.0,2.9394107551579305
55.50186735399832,25.88694034402892,31.78918883445455,7.830780024415907,2.6446894937702847,10.836452913327076,1.0601487685921993,8.287999877929689,462.0,489.0,431.0,396.0,2.9474291840489966
55.51186735399832,25.802634659199043,31.82799506062561,7.853416151191131,4.476458864888014,11.311648906370612,1.0493759899565185,8.287999877929689,462.0,489.0,431.0,396.0,2.9595339161406176
55.52186735399832,25.71768328504061,31.880658464312827,7.838889913848438,4.572225053698668,9.384110114792112,1.0405875740830324,8.287999877929689,479.0,495.0,436.0,386.0,2.9728967354253846
55.531867353998315,25.66221874540537,31.90445486631675,7.85549280659788,4.18121987215087,10.438092065183609,1.044387533795076,8.287999877929689,479.0,495.0,436.0,386.0,2.9806927499510794
55.54186735399831,25.575873239457373,31.94003004694649,7.887650113732396,4.968596648343378,10.499291522764604,1.032034791122968,6.5823999023437505,498.0,499.0,442.0,376.0,2.992672578757825
55.55186735399831,25.49266316876835,31.972830151472987,7.921475175840226,5.316420322872615,10.781923199334956,1.0474609619148187,6.5823999023437505,498.0,499.0,442.0,376.0,3.0041764557815123
55.56186735399831,25.43539431978633,31.99443071315799,7.94829556224577,6.189580261675904,12.525345813529514,1.0506179601022756,6.5823999023437505,498.0,488.0,440.0,379.0,3.0120503130148015
55.57186735399831,25.346873716583406,32.02625050397891,7.984975699287053,4.913672188611204,12.12325292578086,1.0619292544653594,6.5823999023437505,498.0,488.0,440.0,379.0,3.0242111428621685
55.581867353998305,25.261459019804107,32.05516139849867,8.012605397623368,3.835382826845311,12.960662605636168,1.0594022447586915,4.752000122070313,493.0,490.0,434.0,382.0,3.035886091755392
55.5918673539983,25.20304808787858,32.07390689099376,8.026467701525496,3.84637199430636,13.614491832533648,1.0496018797704316,4.752000122070313,493.0,490.0,434.0,382.0,3.043731540977605
55.6018673539983,25.11298906332099,32.10120365077804,8.044021851149118,3.0536841576504647,13.239057396880906,1.0134377065539206,4.752000122070313,470.0,498.0,433.0,391.0,3.055531385954746
55.6118673539983,25.02546083722116,32.12590407851528,8.059525115170652,2.702516028522454,14.16264257972721,0.961709023414616,4.752000122070313,470.0,498.0,433.0,391.0,3.066375306561347
55.6218673539983,24.949107645135506,32.15615286901195,8.096894148159503,3.2034963289340954,13.862915225067118,0.9184617041553266,4.752000122070313,458.0,500.0,434.0,402.0,3.08466490269686
55.631867353998295,24.857008739541307,32.17849659986398,8.121033100862617,3.953064113694783,12.577466071756676,0.8647300770109297,4.752000122070313,458.0,500.0,434.0,402.0,3.094801629163864
55.64186735399829,24.76785829281729,32.19840447289645,8.150078112156619,4.394996416149997,13.315902648067382,0.8145297153941674,2.863999938964844,455.0,489.0,432.0,410.0,3.1040047403380853
55.65186735399829,24.707393437071747,32.21091891149572,8.173815532361576,4.360852445987972,13.81820966441579,0.7795216985497636,2.863999938964844,455.0,489.0,432.0,410.0,3.1098774097788024
55.66186735399829,24.61344425952677,32.22872109149953,8.220398293472549,4.951937914287279,14.679958354294406,0.6994495175247805,2.863999938964844,457.0,489.0,432.0,399.0,3.118207505279732
55.67186735399829,24.522413821914093,32.24405048579283,8.259900298089056,4.127020899625121,13.829074613610729,0.6395788056371868,2.863999938964844,457.0,489.0,432.0,399.0,3.1254867333974015
55.681867353998285,24.460940449293723,32.25347460306037,8.279811495635258,3.320171873426211,11.999273344874174,0.602210406660237,1.1104000091552733,459.0,465.0,431.0,395.0,3.130019763062246
55.69186735399828,24.36543005330887,32.26674885478362,8.316284318433738,3.665300517112608,11.559232568652485,0.5433415776578011,1.1104000091552733,459.0,465.0,431.0,395.0,3.136527485679043
55.70186735399828,24.2733177061792,32.2781926282468,8.346836409314296,3.1904187048110484,9.179051754918206,0.4789062978629039,1.1104000091552733,454.0,446.0,430.0,400.0,3.142078511414104
55.71186735399828,24.210621967805626,32.28529686690433,8.367022238391703,3.2925216111865376,9.447551371884332,0.4421885840846641,1.1104000091552733,454.0,446.0,430.0,400.0,3.1454505896661016
55.72186735399828,24.10123949464946,32.310752213964086,8.431744009862426,3.362847000671507,8.227408625255105,0.3735432859790115,1.1104000091552733,448.0,451.0,429.0,407.0,3.1342909435869313
55.731867353998275,24.00818357610493,32.320514359776425,8.465690286550984,3.6535651584321625,10.52951430817641,0.2941359652264708,1.1104000091552733,448.0,451.0,429.0,407.0,3.137802010670047
55.74186735399827,23.94436554767516,32.32643625691549,8.492020706355802,3.928141681970121,10.709265427594994,0.2460820967785902,-0.7551999664306641,444.0,464.0,428.0,411.0,3.139752042918031
55.75186735399827,23.84620229064146,32.334263869643614,8.531002479002616,3.5750338213784767,11.395525173123197,0.1542154690725435,-0.7551999664306641,444.0,464.0,428.0,411.0,3.1419023468967615
55.76186735399827,23.75198714627657,32.340294556013795,8.569705767775774,3.308185770853638,11.982459493515014,0.0488459442574495,-0.7551999664306641,441.0,459.0,429.0,418.0,3.1428502516860313
55.77186735399827,23.68773923989482,32.343616193418285,8.591552028659766,2.644731046948133,9.944156872224308,-0.018802382184335,-0.7551999664306641,441.0,459.0,429.0,418.0,3.1428343098596647
55.781867353998265,23.58860173511543,32.347738221275165,8.627094700412568,3.2656323181737617,7.285258489893145,-0.1143523027386857,-2.3552000427246096,435.0,437.0,426.0,426.0,3.141865910658489
55.79186735399826,23.493210248919965,32.35089670999099,8.662278739280149,3.623516792757423,5.5550626515728245,-0.2116746847644882,-2.3552000427246096,435.0,437.0,426.0,426.0,3.1399128560483454
55.80186735399826,23.42823557539171,32.35260721707304,8.686001684993958,3.128752394302606,6.250872907583832,-0.2647101112428905,-2.3552000427246096,429.0,443.0,424.0,431.0,3.1380236155284464
55.81186735399826,23.328275432182465,32.35459187450402,8.716369547133812,2.2641471643481395,5.570354119335049,-0.3480142354201563,-2.3552000427246096,429.0,443.0,424.0,431.0,3.1343217540948936
55.82186735399826,23.21242089458807,32.368446315592884,8.773459031782707,2.11746474804542,4.399604042291943,-0.4111211940052541,-2.3552000427246096,426.0,442.0,422.0,440.0,3.1185373038316184
55.831867353998256,23.146686119463244,32.36980949587069,8.789505269558466,2.0541006984376398,2.460029649205399,-0.4336358286116938,-2.3552000427246096,426.0,442.0,422.0,440.0,3.1153226157301535
55.84186735399825,23.04535209972332,32.37177657074893,8.81785993089352,2.371948208887036,-0.203485559688649,-0.4593396267966003,-3.6192001342773437,424.0,447.0,420.0,446.0,3.1101029834958864
55.85186735399825,22.94794510445479,32.37380469202152,8.842899666983065,2.4326592216599816,-2.0522748474035293,-0.4492541700826586,-3.6192001342773437,424.0,447.0,420.0,446.0,3.105086713424991
55.86186735399825,22.88162721484684,32.37537484709279,8.86441824748842,3.151090208966076,-2.751744026296206,-0.4421548135944677,-3.6192001342773437,425.0,448.0,422.0,450.0,3.101762201098447
55.87186735399825,22.77975852170764,32.378094146999295,8.894671072934097,2.945506696702717,-3.100867063205829,-0.4024849683503656,-3.6192001342773437,425.0,448.0,422.0,450.0,3.096960863885664
55.881867353998246,22.681154102317272,32.38112895070643,8.926292003499913,2.7146314076349003,-4.822881429317876,-0.3825842242989115,-4.176000061035157,427.0,450.0,425.0,450.0,3.092637546924118
55.891867353998244,22.61424801021562,32.38354877905967,8.949394861093966,3.2730837908461496,-4.956157979200508,-0.3488645810422831,-4.176000061035157,427.0,450.0,425.0,450.0,3.0899640738935537
55.90186735399824,22.5111091582279,32.387740019172966,8.983792810947822,2.842692924179479,-3.596551523171561,-0.3097391941962907,-4.176000061035157,429.0,451.0,431.0,450.0,3.086216556424117
55.91186735399824,22.41198176832623,32.39226058185475,9.016283393950244,3.1136237992504023,-4.608222256282349,-0.2741005686891297,-4.176000061035157,429.0,451.0,431.0,450.0,3.083019872258719
55.92186735399824,22.34404732040624,32.37767168217891,9.029376045791706,2.5973991301251047,-2.975992419798211,-0.2528003440119557,-4.176000061035157,436.0,451.0,435.0,451.0,3.1108525345583087
55.931867353998236,22.239481749850025,32.38031369247652,9.063400415251802,2.656351929522781,-2.5692431535422764,-0.2328837594833184,-4.176000061035157,436.0,451.0,435.0,451.0,3.108089458942641
55.941867353998234,22.13943442676177,32.38314293990921,9.090118184444488,2.306533486665442,-1.9920528955395675,-0.2069153330808572,-4.614400024414062,441.0,454.0,438.0,449.0,3.105749864357916
55.95186735399823,22.071433737145902,32.385195612110905,9.107697458296308,2.302766754392719,-1.887539057968388,-0.1924007110636435,-4.614400024414062,441.0,454.0,438.0,449.0,3.1042682849870977
55.96186735399823,21.966552455720997,32.38852751457567,9.135485611093454,2.605356272306193,-1.8151060027506143,-0.1718140845338583,-4.614400024414062,443.0,454.0,442.0,452.0,3.1022301581307343
55.97186735399823,21.865757726915216,32.392017362435595,9.162324429479652,2.13086098026158,-1.846567464829868,-0.1633534391422875,-4.614400024414062,443.0,454.0,442.0,452.0,3.1003783224129173
55.981867353998226,21.79691068619938,32.394437212379955,9.18143544209545,2.613671770419071,0.5660133207423168,-0.1496722554582856,-4.662399902343751,448.0,454.0,444.0,455.0,3.0992586244837863
55.991867353998224,21.690967433257715,32.398069125957875,9.2152384020903,3.05991480484278,1.0128665030107764,-0.1474065377193286,-4.662399902343751,448.0,454.0,444.0,455.0,3.097569439619894
56.00186735399822,21.589359982092866,32.401464665526355,9.248354600397874,2.956248570896041,0.7079989245791224,-0.1515138202696686,-4.662399902343751,449.0,456.0,446.0,456.0,3.095927927230348
56.01186735399822,21.519902778645,32.403762643389086,9.271009092121597,3.111099457389946,0.1480410156641378,-0.1620003532475085,-4.662399902343751,449.0,456.0,446.0,456.0,3.0947321313541765
56.02186735399822,21.402026670823005,32.42708342470968,9.31913435548831,3.221850495027586,-1.566006981864443,-0.1648672698475329,-4.662399902343751,451.0,459.0,449.0,460.0,3.1004196266530744
56.031867353998216,21.298966497744384,32.43097573979526,9.352042506585589,2.7576409032540607,-1.7690904369487002,-0.172114911562496,-4.662399902343751,451.0,459.0,449.0,460.0,3.0985315206219712
56.041867353998214,21.22916974178957,32.433738194338424,9.369366560987608,2.1201321773528923,-2.497888846321972,-0.165930845783445,-4.496000061035156,453.0,460.0,452.0,462.0,3.0972756152756156
56.05186735399821,21.12129193280797,32.43827115114732,9.396283398687704,2.563655997562788,-2.1350686034675466,-0.1751820981743528,-4.496000061035156,453.0,460.0,452.0,462.0,3.0953086990146326
56.06186735399821,21.01726922555986,32.44285240605951,9.424862942898413,2.403968622017715,-1.5282364934598618,-0.1711925525260891,-4.496000061035156,456.0,466.0,454.0,462.0,3.09339782625795
56.07186735399821,20.94678329753193,32.44598253142643,9.438877579076998,1.8916892141001984,0.5795991553139763,-0.1593373534700211,-4.496000061035156,456.0,466.0,454.0,462.0,3.0922034668404903
56.081867353998206,20.83838494329715,32.45078863603797,9.459080241322772,1.4429943874260056,-0.1838578003749788,-0.1534957064511081,-4.108800048828125,459.0,466.0,455.0,463.0,3.0904192699469673
56.091867353998204,20.733797270740848,32.45544431041783,9.4753233541643,1.5015744131640252,-0.0873460588414665,-0.1506736766932233,-4.108800048828125,459.0,466.0,455.0,463.0,3.088720118991473
56.1018673539982,20.66266772074215,32.458643918475936,9.484853083312762,1.452150690840729,-0.2944797480225164,-0.1367966066882849,-4.108800048828125,460.0,466.0,457.0,466.0,3.0876487118212492
56.1118673539982,20.5541774505499,32.46369652238749,9.49944595590708,1.630885268004929,-1.3820741587256635,-0.1277061458166291,-4.108800048828125,460.0,466.0,457.0,466.0,3.086145540556753
56.1218673539982,20.44351049537523,32.46104997357381,9.423945132497778,1.2207922293143654,-0.3039853915716485,-0.11597194769926,-4.108800048828125,461.0,467.0,459.0,465.0,3.0835319905527907
56.131867353998196,20.372645022292197,32.46430308461885,9.432795524887178,1.1781926385115142,0.3054487926980218,-0.1009671889132416,-4.108800048828125,461.0,467.0,459.0,465.0,3.082750685420298
56.141867353998194,20.264676625639314,32.46915134546922,9.443075570580143,0.694818922477247,0.8483073833149644,-0.0676995801489231,-3.552000122070313,462.0,466.0,460.0,466.0,3.081826069106429
56.15186735399819,20.16049272883969,32.47374004640384,9.451371759505744,0.788476860386622,0.2974749652867668,-0.0426192818830769,-3.552000122070313,462.0,466.0,460.0,466.0,3.081232864944895
56.16186735399819,20.089859398126933,32.476818489432965,9.453690739258755,0.0057175547107028,0.514037414135585,-0.0337380296342254,-3.552000122070313,462.0,463.0,463.0,463.0,3.0809757872375667
56.17186735399819,19.98105673184084,32.48154052343548,9.452166428720112,0.179566329983979,0.6557315430816572,-0.0037363177970815,-3.552000122070313,462.0,463.0,463.0,463.0,3.08084919184621
56.181867353998186,19.877129558374964,32.48593870977077,9.455356915272896,0.3654766683775512,0.935830610421236,0.0279966867878546,-2.74239990234375,464.0,463.0,464.0,461.0,3.0810254333676483
56.191867353998184,19.80636450621776,32.48883569514815,9.458621626064458,0.5577402581133769,1.8858131649745848,0.0457752452213192,-2.74239990234375,464.0,463.0,464.0,461.0,3.0813512588488865
56.20186735399818,19.69803027286842,32.493049884738795,9.462965158517807,0.3019116114526732,2.2380767563790567,0.0808901732456818,-2.74239990234375,468.0,461.0,466.0,459.0,3.0821776656133983
56.21186735399818,19.59344236104149,32.49691546321291,9.46697522159084,0.2632034662780182,1.1162566747097162,0.0986810545514359,-2.74239990234375,468.0,461.0,466.0,459.0,3.0832244616029234
56.22186735399818,19.53307588664364,32.51811222627612,9.434694803212125,1.173460748117449,1.1957693233841142,0.1018491255918484,-2.74239990234375,468.0,462.0,469.0,458.0,3.0903608912011813
56.231867353998176,19.42442416479257,32.52207471927299,9.447559963267963,0.8192283083920741,2.6028800087869275,0.1287340216418196,-2.74239990234375,468.0,462.0,469.0,458.0,3.0917428479693436
56.241867353998174,19.319973432462486,32.52545085077705,9.456157209847555,0.9133147215590098,4.349583217420801,0.1647438157355434,-1.8496000671386719,471.0,462.0,472.0,459.0,3.093425229060803
56.25186735399817,19.24972357374269,32.52741356942159,9.46193317188215,0.7987356965930165,4.470862249772327,0.1907701224427488,-1.8496000671386719,471.0,462.0,472.0,459.0,3.094791682095251
56.26186735399817,19.140644477693627,32.52986734084897,9.469598514928082,0.6681913804706718,5.310873173348999,0.2342997283118258,-1.8496000671386719,472.0,459.0,473.0,458.0,3.0973137217757785
56.27186735399817,19.03587744448608,32.531553033363224,9.476103505928084,0.4956880041315631,5.5727883194842,0.2845985254027023,-1.8496000671386719,472.0,459.0,473.0,458.0,3.1002530503984214
56.281867353998166,18.96546596539143,32.5323292506923,9.482292213988082,0.7958715500929077,5.070360316832675,0.3091150133566027,-0.5695999908447266,475.0,458.0,477.0,456.0,3.1025033238785724
56.291867353998164,18.855992998163902,32.53303559380748,9.49071474506443,0.5262176121183956,4.511008151995624,0.3588569915450202,-0.5695999908447266,475.0,458.0,477.0,456.0,3.106469639557515
56.30186735399816,18.751166765139192,32.53318252412619,9.501163449668438,1.0265936035691332,4.667609882820129,0.4081785118513987,-0.5695999908447266,476.0,454.0,480.0,455.0,3.1107678930830547
56.31186735399816,18.68024472791003,32.53296109396464,9.510238914108104,1.0066881295518917,4.904493277593571,0.4376524488422854,-0.5695999908447266,476.0,454.0,480.0,455.0,3.113968002010583
56.32186735399816,18.570600798670775,32.53198681065463,9.526052000142942,0.8419351508344637,6.99300519951831,0.4959373530821863,-0.5695999908447266,480.0,454.0,480.0,451.0,3.1194805253052964
56.331867353998156,18.463926747692422,32.52807953283183,9.457065822074757,-1.5156956224515414,7.600499062333218,0.5427087310361292,-0.5695999908447266,480.0,454.0,480.0,451.0,3.125509535716282
56.341867353998154,18.393492382514488,32.52621183017681,9.463399990221031,1.289087605927839,8.267862023641955,0.5716872732890663,0.7008000183105468,485.0,452.0,488.0,450.0,3.1297075389453073
56.35186735399815,18.284503188094167,32.52244854919616,9.465786809885255,-0.5517675048684576,7.501425824507149,0.6415471287856789,0.7008000183105468,485.0,452.0,488.0,450.0,3.136831395380501
56.36186735399815,18.17998993349276,32.518005782847446,9.4681924684117,0.4867617869049187,5.665758719696339,0.6570978438327818,0.7008000183105468,487.0,452.0,488.0,447.0,3.1440574825375807
56.37186735399815,18.10941119943131,32.51456636228543,9.472257192660534,0.2167283180281692,6.993434379898731,0.6696965191706155,0.7008000183105468,487.0,452.0,488.0,447.0,3.149032609404977
56.381867353998146,18.000428129089297,32.508531838813695,9.47517711882905,-0.3621239829843951,8.409631214958619,0.6924424322846062,2.191999969482422,491.0,448.0,492.0,446.0,3.1568688381371195
56.391867353998144,17.89563327211404,32.501737827104215,9.481890560260078,0.2386178840391335,10.32037694716846,0.7208539920582888,2.191999969482422,491.0,448.0,492.0,446.0,3.164693185849412
56.40186735399814,17.825495802100185,32.49638036090093,9.479003733068602,-0.3779936467837011,13.472296474232438,0.7564907241888978,2.191999969482422,492.0,447.0,492.0,447.0,3.1702406318707976
56.41186735399814,17.716094278695014,32.486612534412444,9.49535918288673,0.5399496134393056,11.14150914649662,0.8112787511206634,2.191999969482422,492.0,447.0,492.0,447.0,3.179412738354797
56.42186735399814,17.611663246055915,32.476092184226395,9.508598919733435,0.5859875977123031,7.960196546700755,0.8433405794953077,2.191999969482422,494.0,447.0,498.0,448.0,3.1886162770626223
56.431867353998136,17.52130485967183,32.495567265063464,9.51157262096244,0.4155229076851969,6.6206143264649775,0.8609470145682249,2.191999969482422,494.0,447.0,498.0,448.0,3.195928944110068
56.441867353998134,17.412022493802404,32.48449281448978,9.521007197370762,0.1306876406743029,2.041098725021844,0.8948044965199361,3.7920001220703132,497.0,443.0,498.0,443.0,3.2061238870446105
56.45186735399813,17.30742489855526,32.47351169040481,9.524729011568198,0.5978530041112035,4.785902065260598,0.9051572038018744,3.7920001220703132,497.0,443.0,498.0,443.0,3.216107578488693
56.46186735399813,17.23692688734325,32.46569363258743,9.532232831552683,0.3201051941335848,5.975547718695771,0.8955697094028174,3.7920001220703132,502.0,445.0,502.0,445.0,3.2228211971695746
56.47186735399813,17.12782188052337,32.452630486356,9.533743978296169,-0.14473154105421,8.949000594687847,0.8559436081297985,3.7920001220703132,502.0,445.0,502.0,445.0,3.232890050423202
56.481867353998126,17.023409198994138,32.43874929998726,9.531021558141296,-0.0791346539380351,11.536192162064944,0.8093418878811588,5.5008001708984375,501.0,445.0,505.0,445.0,3.241975623737558
56.491867353998124,16.952823806656728,32.42847512859583,9.532449026459892,-0.0316464339696293,12.90472240508416,0.793042024582659,5.5008001708984375,501.0,445.0,505.0,445.0,3.247931566655961
56.50186735399812,16.84452813960778,32.41123441742081,9.536004461576926,0.5354355188728075,12.783290153360374,0.797651149871125,5.5008001708984375,499.0,443.0,508.0,444.0,3.257046086483459
56.51186735399812,16.740741543068143,32.39319874449356,9.544109397398753,0.2934088947114878,11.195989297386204,0.8221868682190555,5.5008001708984375,499.0,443.0,508.0,444.0,3.2660104604952487
56.52186735399812,16.67068341930422,32.380315584477735,9.547142538090338,-0.0668905205861201,9.727794448526067,0.8497065442868761,5.5008001708984375,497.0,446.0,503.0,446.0,3.272265449934303
56.531867353998116,16.536618087109275,32.432616329234605,9.610692909679855,0.9537446597310096,6.700362216839881,0.8957079959221124,5.5008001708984375,497.0,446.0,503.0,446.0,3.2671247323542763
56.541867353998114,16.43197631690097,32.41569199728507,9.622382899129178,0.9083083229598452,7.105360369523471,0.9256839143461084,7.024000244140625,500.0,444.0,500.0,448.0,3.277218718023096
56.55186735399811,16.36116048948636,32.40371856994881,9.632754169180975,1.0140751510742725,7.75861695205857,0.9433810559338326,7.024000244140625,500.0,444.0,500.0,448.0,3.284225231442158
56.56186735399811,16.251676969987592,32.384057726445306,9.635998339860867,-1.2619375550573304,13.991377797044144,0.9671635699945672,7.024000244140625,503.0,444.0,507.0,447.0,3.295339544844384
56.57186735399811,16.146902044075002,32.36347190247099,9.631744950348638,-0.1250819226079714,13.377475761260476,0.9673331530926584,7.024000244140625,503.0,444.0,507.0,447.0,3.3060976000177433
56.581867353998106,16.07700211845459,32.348870868184044,9.631762483246016,-0.7843329072392683,12.056648496639518,0.9521522420980488,8.255999755859374,507.0,442.0,507.0,446.0,3.3131922889507965
56.591867353998104,15.968733750394488,32.325143790237405,9.635219022491444,-0.1544371176896917,6.209467355751184,0.9316573005937584,8.255999755859374,507.0,442.0,507.0,446.0,3.3239574945838353
56.6018673539981,15.865073057698948,32.30163429970734,9.646099507949186,1.214538923464008,5.504992691791782,0.9201283626167236,8.255999755859374,505.0,445.0,508.0,445.0,3.334126305347776
56.6118673539981,15.794453231330111,32.28543553604303,9.65473757431304,1.1214737410827982,0.132187325051774,0.9273834077447836,8.255999755859374,505.0,445.0,508.0,445.0,3.341068349718855
56.6218673539981,15.686152018481472,32.26033673060884,9.670654675563396,1.550687073340464,5.406380519837962,0.9545971299543848,8.255999755859374,505.0,446.0,507.0,444.0,3.3519044567513308
56.631867353998096,15.5663478828119,32.23487970835888,9.697718379307078,0.3521056728672073,4.8985517200476645,0.9727185408531928,8.255999755859374,505.0,446.0,507.0,444.0,3.367402360756637
56.641867353998094,15.495986980236813,32.21766649796874,9.706694918707765,1.389899978856693,5.391105744931046,0.9802414238602356,9.324799804687501,509.0,453.0,506.0,444.0,3.3747437885223732
56.65186735399809,15.387513897526354,32.19016709857725,9.721899874003917,0.9276963939161732,10.914379068031865,0.9576847133123344,9.324799804687501,511.0,458.0,509.0,445.0,3.385867061145866
56.66186735399809,15.28406999870901,32.16228125730423,9.73277962371466,0.8405907005798879,14.298256607152387,0.948483134812729,9.324799804687501,511.0,458.0,509.0,445.0,3.3963317785467275
56.67186735399809,15.21388236920972,32.14225857443177,9.736009944520417,0.6830956342186661,15.91265278816086,0.9370744412764948,9.843200073242189,513.0,449.0,514.0,450.0,3.4033567695805456
56.681867353998086,15.106953642060075,32.11003415084888,9.747576116358209,0.3077763268153274,13.572874148590424,0.8995449039913501,9.843200073242189,513.0,449.0,514.0,450.0,3.4137829595548626
56.691867353998084,15.004166164211828,32.07760628625729,9.753816705453907,0.7344274855379682,7.89421022414041,0.8729650268727228,9.843200073242189,509.0,449.0,511.0,452.0,3.4235203510796985
56.70186735399808,14.934554775860466,32.055190892750964,9.76227485812732,1.1353004809513814,5.807050914448161,0.8587621712753076,9.843200073242189,509.0,449.0,511.0,452.0,3.429984161715617
56.71186735399808,14.827583247280266,32.02014467611273,9.775057419559053,1.0731068852761216,6.473473372757496,0.8375299270481887,9.843200073242189,510.0,454.0,509.0,454.0,3.4397138853600993
56.72186735399808,14.699794524476744,31.996972168752517,9.751523840882795,1.8963270181289615,7.629162678247559,0.824732768444476,9.843200073242189,510.0,454.0,509.0,454.0,3.443823368789844
56.73186735399808,14.630728647636044,31.973721944529355,9.762242411408742,1.256003426307935,10.795262080752083,0.8010091991830408,10.025599975585937,512.0,458.0,511.0,457.0,3.449854454266881
56.741867353998074,14.524862814738272,31.936665763059903,9.778259269597989,1.1043410709924948,12.061893946109336,0.7729881045893584,10.025599975585937,512.0,458.0,511.0,457.0,3.4588293439396947
56.75186735399807,14.42320278084432,31.899698424631477,9.79476673945994,1.2424398810878752,9.100799161027478,0.7489043124788671,10.025599975585937,510.0,460.0,509.0,457.0,3.4671819819657124
56.76186735399807,14.35438793039618,31.874070516670017,9.807138406020863,1.641656833862392,8.088370699503983,0.729759178787442,10.025599975585937,510.0,460.0,509.0,457.0,3.472694293919405
56.77186735399807,14.248499321000075,31.83349806383589,9.829168232459145,1.7012493162720246,9.190231903226918,0.7120926801869617,9.78239990234375,509.0,464.0,508.0,462.0,3.4809976084726166
56.78186735399807,14.147832264438073,31.7938286982058,9.84811738870119,1.9690629446746413,7.460712852094882,0.7032402476837636,9.78239990234375,509.0,464.0,508.0,462.0,3.4887766654800862
56.791867353998065,14.079695956707711,31.76648180605841,9.866977665383354,2.5457602041044143,6.338860733491804,0.7089932772500874,9.78239990234375,513.0,466.0,512.0,466.0,3.494037616711859
56.80186735399806,13.973707919702472,31.723300458035656,9.909022714978638,4.1393371856663865,4.950682095123445,0.7096581345859913,9.78239990234375,513.0,466.0,512.0,466.0,3.5022440243613144
56.81186735399806,13.872376101732394,31.681368210892263,9.959075037446148,4.403886768353778,5.451394093203519,0.708727696226368,9.78239990234375,518.0,471.0,514.0,471.0,3.510084591369207
56.82186735399806,13.803950462940914,31.65261400928476,9.99437254256704,5.03184937472057,6.819300661229248,0.715454154851265,9.78239990234375,518.0,471.0,514.0,471.0,3.515387287760676
56.83186735399806,13.704995466721138,31.620532711885424,10.005013675816135,4.876977678971577,7.424343437122658,0.7088316269357612,9.324799804687501,524.0,477.0,516.0,477.0,3.523556758080831
56.841867353998055,13.603141726572195,31.57638466511917,10.064942004519626,5.52366732013834,7.507481832431511,0.6909948796722659,9.324799804687501,524.0,477.0,516.0,477.0,3.5312666491553513
56.85186735399805,13.534423959823204,31.54608059202713,10.10164558162204,4.939726037537572,7.014304760300042,0.6815731725870839,9.324799804687501,529.0,485.0,523.0,482.0,3.536365184160112
56.86186735399805,13.42778440612227,31.4981984761133,10.156151983996706,4.43424231368985,6.9601869978922455,0.6516076197829302,9.324799804687501,529.0,485.0,523.0,482.0,3.5440074463797155
56.87186735399805,13.32528065176274,31.451270470385605,10.207566696417407,4.436533342537505,6.951920768482565,0.6192298610138606,8.60799987792969,532.0,489.0,527.0,491.0,3.5510032687520465
56.88186735399805,13.256227750249913,31.41915561446662,10.244394079225613,4.974044095956561,7.048237701110443,0.5999561134135297,8.60799987792969,532.0,489.0,527.0,491.0,3.555521379976292
56.891867353998045,13.148693318090585,31.368391075488336,10.304902433574783,5.200029151825721,5.763109362025769,0.5713437141549654,8.60799987792969,534.0,497.0,528.0,502.0,3.5622545378179393
56.90186735399804,13.050623118810469,31.321453044596723,10.362111660232127,5.446251831892,4.5749570666242985,0.5532623711168201,8.60799987792969,534.0,497.0,528.0,502.0,3.568112123166047
56.91186735399804,12.985359731631064,31.289907571980084,10.401980933749993,5.869729447019781,5.220704515174373,0.5344077503163913,8.60799987792969,534.0,505.0,531.0,510.0,3.571923430781619
56.92186735399804,12.852276307657446,31.21810068517509,10.516010653386015,6.951513658016022,6.698158089326119,0.5276088769192377,8.60799987792969,534.0,505.0,531.0,510.0,3.5781423322806987
56.93186735399804,12.74312060780882,31.1634051142532,10.594525746783152,6.3390842255128055,6.439199794185184,0.5183613082647188,7.891199951171875,543.0,509.0,536.0,516.0,3.5841669575045225
56.941867353998035,12.667610464358203,31.125024574828583,10.646869839591655,6.473409221579871,5.797973996811488,0.5105007407768528,7.891199951171875,543.0,509.0,536.0,516.0,3.588246005021365
56.95186735399803,12.552834793611764,31.06609190767793,10.723517680188586,6.321847770896236,3.283844513943357,0.4878095843164627,7.891199951171875,549.0,517.0,541.0,519.0,3.594198849371433
56.96186735399803,12.486281941240874,31.03166754783217,10.768755602409156,6.034700781146171,2.802086382830256,0.4684446774177243,7.891199951171875,549.0,517.0,541.0,519.0,3.5975385255472303
56.97186735399803,12.375806243601144,30.97418693950021,10.839331726641102,6.18350441076414,3.73353469097487,0.4616766246013342,7.891199951171875,555.0,527.0,545.0,530.0,3.6028839617954045
56.98186735399803,12.264239797174598,30.915530392131146,10.913913362009176,6.228609126356308,4.1690826588168575,0.4424119397383144,7.891199951171875,555.0,527.0,545.0,530.0,3.6080323543533313
56.991867353998025,12.157793368362375,30.859058989224295,10.980481679136217,6.266573325569741,3.893862683671731,0.4144407846343113,7.05280029296875,559.0,534.0,549.0,547.0,3.6126736112416284
57.00186735399802,12.085150908564133,30.82020416732356,11.028253128665348,6.549847142559738,4.507656934340793,0.3930924634311409,7.05280029296875,559.0,534.0,549.0,547.0,3.6156494005067503
57.01186735399802,11.972281711469202,30.75940709112724,11.107411530994424,6.715880755400564,2.966595035137711,0.3615352852007437,7.05280029296875,565.0,540.0,555.0,559.0,3.6199411526221312
57.02186735399802,11.904203754040353,30.722511452270187,11.157376179815593,7.06795757398644,3.5599497050882216,0.3225720987611638,7.05280029296875,565.0,540.0,555.0,559.0,3.622342036800131
57.03186735399802,11.75777556106915,30.622872823278488,11.323517608811102,8.276261318914582,3.340878502147133,0.3126829800637378,6.09280029296875,570.0,550.0,561.0,564.0,3.628138872093236
57.041867353998015,11.643000198641388,30.55881940318714,11.406748800647469,6.962342101322321,3.2531208060976344,0.2826053223847764,6.09280029296875,570.0,550.0,561.0,564.0,3.631505799635697
57.05186735399801,11.573107034277928,30.51957038840392,11.453742778055917,7.236778126665672,3.558109326931225,0.2532626464985955,6.09280029296875,576.0,550.0,565.0,558.0,3.6333713696724717
57.06186735399801,11.457744535200575,30.45437172403649,11.53204630210906,6.503729276526922,2.627906234185038,0.2366857343161319,6.09280029296875,576.0,550.0,565.0,558.0,3.6361714872283852
57.07186735399801,11.34179525905509,30.388450582852425,11.605128450945564,6.328444126503381,2.284064199126693,0.2169025638968017,5.043200073242188,582.0,557.0,570.0,560.0,3.6387458050525066
57.08186735399801,11.230791234477447,30.325047356423013,11.67585867934863,6.601839808415404,2.222875110872707,0.1993114809299354,5.043200073242188,582.0,557.0,570.0,560.0,3.6409774686864798
57.091867353998005,11.153938281999134,30.28100782619019,11.722686813267266,5.873670727135628,1.3763286888119337,0.1760080758352942,5.043200073242188,587.0,569.0,572.0,561.0,3.642355696018631
57.101867353998,11.036634215841977,30.21374593512368,11.779652677199822,4.693816918080126,-0.8422980757401568,0.1574237403313637,5.043200073242188,587.0,569.0,572.0,561.0,3.644227878784015
57.111867353998,10.9241814090369,30.149414256942027,11.838113502683743,5.428160649226275,-2.060383314387801,0.1291679411953029,5.043200073242188,589.0,573.0,576.0,566.0,3.6457638584347243
57.121867353998,10.846426353100435,30.10512516251012,11.87906745824908,5.368490395869322,-2.8294715777130195,0.107956191676436,5.043200073242188,589.0,573.0,576.0,566.0,3.6466349405831
57.131867353998,10.68105564410412,30.0547504875574,11.922272599846208,5.491005455946403,-0.2280742798849332,0.0627203910058363,3.9295999145507814,589.0,581.0,582.0,579.0,3.644021075829514
57.141867353997995,10.566269998740202,29.991186138135525,11.98139167993318,5.190894827091358,0.947890091810202,0.0180456140187297,3.9295999145507814,589.0,581.0,582.0,579.0,3.64438844592675
57.15186735399799,10.487365957464611,29.947437479363423,12.018828143549408,5.245939588760767,0.4173470586620467,-0.0263392922357803,3.9295999145507814,592.0,585.0,584.0,583.0,3.644257212660208
57.16186735399799,10.36556252484449,29.87983770026804,12.076608031432396,4.9592519144461065,0.2987393538461392,-0.0843718120352193,3.9295999145507814,592.0,585.0,584.0,583.0,3.6434923709234432
57.17186735399799,10.249590914636928,29.81555177670497,12.127735370793674,4.3327140212827615,-2.063228642109232,-0.1248059153383731,3.9295999145507814,594.0,592.0,587.0,590.0,3.6422645359775014
57.18186735399799,10.169234478103448,29.77090829362812,12.160703184721504,3.890040688235019,1.166171310658921,-0.1440513967452077,3.9295999145507814,594.0,592.0,587.0,590.0,3.6411965866527165
57.191867353997985,10.04678377980304,29.70281926049414,12.20276835031076,3.0550335678795806,-0.4294564118054672,-0.1751493577508645,2.6944000244140627,594.0,602.0,590.0,596.0,3.6392646003969196
57.20186735399798,9.97187919833754,29.66128733215741,12.22853900146232,4.765035563151836,-4.218210444186207,-0.1779135120447794,2.6944000244140627,594.0,602.0,590.0,596.0,3.6380543732832606
57.21186735399798,9.848447769832209,29.59347044824571,12.28498204182118,5.364463524004901,-5.624924670059875,-0.1752371012379218,2.6944000244140627,596.0,604.0,604.0,600.0,3.636007393902856
57.22186735399798,9.738490230674705,29.52577122173724,12.16600035561925,4.011701587083085,-7.319608110262884,-0.1755166302612453,2.6944000244140627,596.0,604.0,604.0,600.0,3.632538211200715
57.23186735399798,9.663494216698831,29.4855706433628,12.198690633401926,2.992796598556328,-4.666283109241136,-0.1815365514093624,1.5232000732421875,602.0,610.0,596.0,606.0,3.6313017414149362
57.241867353997975,9.538954947972364,29.41928277650243,12.230309266743769,3.036739059705193,-4.437152860085289,-0.1691004016573563,1.5232000732421875,602.0,610.0,596.0,606.0,3.6292897064863796
57.25186735399797,9.415020934835676,29.35373970667053,12.259473473370216,2.707116299307146,-0.7477192600805054,-0.1734310065685612,1.5232000732421875,602.0,612.0,597.0,614.0,3.627335852601646
57.26186735399797,9.338634593420702,29.31330605993654,12.26966463644641,1.1301049536941086,0.3689272212449037,-0.1788788701057605,1.5232000732421875,602.0,612.0,597.0,614.0,3.626134429975035
57.27186735399797,9.213657194307684,29.24706022009208,12.2821341674009,1.1180141817093254,-0.5046337472866348,-0.1868835158899652,1.5232000732421875,604.0,609.0,597.0,611.0,3.6240549902434163
57.28186735399797,9.088759014621449,29.18116513237019,12.300058706301648,1.5673293927183856,-2.541569270056008,-0.219927804281963,1.5232000732421875,604.0,609.0,597.0,611.0,3.6216427042981194
57.291867353997965,8.969155267224426,29.118474010842096,12.315156013392878,1.137028834030894,-4.367645286955329,-0.21935944399701,0.48639999389648436,603.0,617.0,599.0,611.0,3.6192336577413458
57.30186735399796,8.887110035638608,29.07575850386703,12.326493021942907,1.891841491554321,-2.6779755514324317,-0.213020861628721,0.48639999389648436,603.0,617.0,599.0,611.0,3.6176244622201317
57.31186735399796,8.76059408260357,29.01016998297687,12.347170182954788,1.903595028646202,-2.279295278797941,-0.2232843505855231,0.48639999389648436,606.0,616.0,599.0,614.0,3.61506787805962
57.32186735399796,8.635406372031602,28.94586216992716,12.300078625382747,3.306396963984801,-4.9391772069129285,-0.233364688510583,0.48639999389648436,606.0,616.0,599.0,614.0,3.620963521004775
57.33186735399796,8.553022673899468,28.903380737049797,12.320918240640989,2.1581262022851013,-7.532010136935466,-0.2469506592988324,-0.48639999389648436,608.0,618.0,603.0,618.0,3.619135607952029
57.341867353997955,8.426634033418098,28.83919466737462,12.35601922260016,3.085777328447968,-8.771337877113577,-0.2385622629480213,-0.48639999389648436,608.0,618.0,603.0,618.0,3.6163849734835707
57.35186735399795,8.305215279199945,28.778343564308187,12.397105958328044,4.079093981242119,-2.7063245483279825,-0.2297036965972251,-0.48639999389648436,611.0,622.0,607.0,622.0,3.6137996128541143
57.36186735399795,8.221560984433998,28.73662083524369,12.426520373716317,3.8056138060184383,-1.8514695615004104,-0.2243690205018992,-0.48639999389648436,611.0,622.0,607.0,622.0,3.6120974146454596
57.37186735399795,8.093210109775184,28.672308442111827,12.476447420671873,4.276668673531252,3.92571350171436,-0.2317273175440232,-0.48639999389648436,615.0,630.0,609.0,624.0,3.609422767953439
57.38186735399795,7.970929173848968,28.610607828397296,12.513808565995754,2.893973996481125,4.063640146493486,-0.2440750185625834,-0.48639999389648436,615.0,630.0,609.0,624.0,3.606779191421099
57.391867353997945,7.886820754875833,28.567975834463557,12.536761541950188,3.227506070044412,0.8711433226623013,-0.2444407871426304,-1.328000030517578,619.0,630.0,613.0,626.0,3.604939465934922
57.40186735399794,7.75771164281422,28.50299335017882,12.57751581523241,3.474146294898697,-3.570566486724986,-0.2574574876770429,-1.328000030517578,619.0,630.0,613.0,626.0,3.602036842036018
57.41186735399794,7.6788665964053635,28.46361642264839,12.597205903776686,2.640321555229004,-5.192145389446384,-0.2448912720908043,-1.328000030517578,621.0,634.0,617.0,628.0,3.600286278668178
57.42186735399794,7.548572558742461,28.39919084430976,12.635715371009802,4.506889119433479,-5.333537509932858,-0.2380651256418988,-1.328000030517578,621.0,634.0,617.0,628.0,3.5974967778725278
57.43186735399794,7.4150276877717936,28.31795590169545,12.695454074053934,4.154930094791463,-6.67764706895453,-0.2272685026220655,-2.0191999816894532,628.0,637.0,620.0,639.0,3.5998807758995546
57.441867353997935,7.332880971058963,28.27767859090769,12.72753412925012,4.500547168380963,-4.5729739168526535,-0.2230865660102492,-2.0191999816894532,628.0,637.0,620.0,639.0,3.5982977073515925
57.45186735399793,7.202939932156528,28.214454431192596,12.780177632404255,4.624337236589517,-4.878922747802553,-0.237967821752388,-2.0191999816894532,630.0,640.0,623.0,645.0,3.5956738027482396
57.46186735399793,7.069869081916378,28.1502209146308,12.824822318180129,3.8784436178729167,-2.9400153661516555,-0.2501054852262569,-2.0191999816894532,630.0,640.0,623.0,645.0,3.5928599979180347
57.47186735399793,6.989050228085348,28.111393548239025,12.855991720669012,4.850672156385393,-1.8952324831046168,-0.2494680701427606,-2.0191999816894532,634.0,646.0,626.0,647.0,3.591123572292659
57.48186735399793,6.855316489370105,28.04731012348007,12.906052910268516,3.46148875810177,-0.655881392790658,-0.2607143610671699,-2.0191999816894532,634.0,646.0,626.0,647.0,3.588191135224462
57.491867353997925,6.720677905197976,27.98305052200575,12.94721857598807,3.903081362264348,-2.8061359108112,-0.2693198142825112,-2.576000061035156,636.0,650.0,628.0,645.0,3.5850924098731554
57.50186735399792,6.63895501032186,27.94431759979652,12.975194053482884,3.322499947102776,-5.511281231467699,-0.2826906636230417,-2.576000061035156,636.0,650.0,628.0,645.0,3.5831475070353447
57.51186735399792,6.503605681204972,27.88084479874461,13.015571262567196,4.065047270938432,-5.476761099849274,-0.2908323502585367,-2.576000061035156,640.0,654.0,630.0,649.0,3.5798845899352845
57.52186735399792,6.35509921658735,27.810510058933524,13.06613851719299,4.768964727025718,-4.955420352236459,-0.2991888481298671,-2.576000061035156,640.0,654.0,630.0,649.0,3.574374494877401
57.53186735399792,6.27227384851498,27.772515690589927,13.096047686295242,4.960952159510407,-2.5998601481576227,-0.3060652435682408,-2.8960000610351564,643.0,657.0,634.0,654.0,3.5722671338794156
57.541867353997915,6.134475953021347,27.709609865946103,13.152287073438176,5.010243445857929,-2.696046130818229,-0.3142881873688919,-2.8960000610351564,643.0,657.0,634.0,654.0,3.56865894327834
57.55186735399791,5.996160830656521,27.64696688885144,13.196641179055096,3.4205134420124987,-2.8838804229192005,-0.3254423781825335,-2.8960000610351564,646.0,659.0,637.0,657.0,3.564905828150466
57.56186735399791,5.86394449343976,27.58734849825413,13.240161349947916,4.490968317375295,-3.016941128208972,-0.3370215417799497,-2.8960000610351564,646.0,659.0,637.0,657.0,3.5612825553328364
57.57186735399791,5.772981026360872,27.54663790891625,13.268252401835309,3.2780064377204354,-4.495115347068796,-0.3340943300012413,-2.8960000610351564,649.0,666.0,642.0,661.0,3.5587603185478764
57.58186735399791,5.632867236135064,27.484408704108084,13.300765853510232,2.812587024042498,-4.909373574024724,-0.338825468476247,-2.8960000610351564,649.0,666.0,642.0,661.0,3.554881740745692
57.591867353997905,5.49935114035464,27.42580846952127,13.32542532824774,1.7126317338413184,-5.015456515479291,-0.3189600873427392,-3.046400146484375,649.0,668.0,643.0,662.0,3.551302097034498
57.6018673539979,5.407291786811564,27.38581106796368,13.3398971188857,1.9400018408142257,-5.626214083100222,-0.3147926751248674,-3.046400146484375,649.0,668.0,643.0,662.0,3.5489180567995993
57.6118673539979,5.265738046394911,27.324978815877397,13.369543335338816,2.5562560674398216,-5.858595835506327,-0.304075241913557,-3.046400146484375,649.0,668.0,646.0,666.0,3.5453351427138804
57.6218673539979,5.180120286163474,27.28860333095722,13.383300477327731,2.0092540388870845,-5.764508190849337,-0.3089286723175409,-3.046400146484375,649.0,668.0,646.0,666.0,3.5432157459362332
57.6318673539979,5.004000493436843,27.238971142770737,13.406909165560895,2.0609138933109814,-4.57503672756718,-0.3063438534421005,-3.164800109863281,653.0,668.0,647.0,668.0,3.539556778086357
57.641867353997895,4.8612112804168905,27.180445570117644,13.42280289343962,1.4992621742879153,-3.744740417590379,-0.3022049243994493,-3.164800109863281,653.0,668.0,647.0,668.0,3.5360543410929606
57.65186735399789,4.724901907057512,27.125017152738074,13.44361216903455,2.289700802982582,-3.2490883914559943,-0.3110591319863989,-3.164800109863281,652.0,672.0,648.0,668.0,3.5326843696430035
57.66186735399789,4.630877837953677,27.08698644449842,13.457656778985267,1.6288157521196138,-3.050513261543274,-0.3103080051535626,-3.164800109863281,652.0,672.0,648.0,668.0,3.530335460469624
57.67186735399789,4.486954524681431,27.029208485173225,13.473222573728044,0.97736925107622,-4.902340413057104,-0.3236967994385662,-3.164800109863281,654.0,671.0,649.0,668.0,3.5266439947246164
57.68186735399789,4.399237792755537,26.994410551418703,13.479671319538832,0.1876928592656851,-6.832350894081966,-0.3310252884546806,-3.164800109863281,654.0,671.0,649.0,668.0,3.5243445541311544
57.691867353997885,4.2552260179550565,26.93804695230103,13.485389824511158,0.4390423632729839,-6.212857061012341,-0.3375840163930338,-3.2832000732421878,653.0,672.0,649.0,670.0,3.520526782137077
57.70186735399788,4.109826708382296,26.882003135970603,13.489430737421834,0.3514892209021303,-5.707591363741866,-0.3386243646993141,-3.2832000732421878,653.0,672.0,649.0,670.0,3.516598728727235
57.71186735399788,3.9717826777429126,26.829489845805973,13.497386699360634,0.4378303087135023,-3.538788064762705,-0.343232680627614,-3.2832000732421878,652.0,671.0,650.0,672.0,3.5128543728109283
57.72186735399788,3.8769174218092055,26.79367951429051,13.500718224089386,0.4751063455534459,-4.1940761992510325,-0.3367764487726626,-3.2832000732421878,652.0,671.0,650.0,672.0,3.510308268844164
57.73186735399788,3.721244640258422,26.75232133206877,13.515679705432705,1.8338415967292545,-3.05694549396003,-0.3500394931753983,-3.3823999023437508,652.0,671.0,650.0,671.0,3.506293039869501
57.741867353997876,3.6328846275782376,26.719794909304845,13.530171281845794,1.5856883027367124,-3.587010782734094,-0.3500220365978908,-3.3823999023437508,652.0,671.0,650.0,671.0,3.5038506637624156
57.75186735399787,3.4863715935335384,26.666195070823974,13.55168446735443,1.5330544139407491,-2.8030387027150736,-0.3441144610053088,-3.3823999023437508,656.0,674.0,652.0,673.0,3.4998359994443375
57.76186735399787,3.3394447291263845,26.612852293364284,13.568395756774386,1.3361145820775222,-3.66918019738281,-0.3532179906637506,-3.3823999023437508,656.0,674.0,652.0,673.0,3.495793340572352
57.77186735399787,3.250542323429606,26.580907141558864,13.572310276443725,0.3921129475917801,-5.789823080318631,-0.3389512558935907,-3.3823999023437508,654.0,676.0,652.0,672.0,3.493419972454507
57.78186735399787,3.102850442261922,26.52852525951556,13.579172255535466,0.3548875669514545,-6.299247369845236,-0.3409632018080724,-3.3823999023437508,654.0,676.0,652.0,672.0,3.4895154015682435
57.791867353997866,2.955193655537095,26.47706648964916,13.581530121285493,0.2530050353948859,-6.699790744955843,-0.3247677025313121,-3.468800048828125,655.0,677.0,654.0,675.0,3.485733320973235
57.801867353997864,2.865368285317792,26.446202257786663,13.58573833557472,0.7940112741246681,-5.130398271642367,-0.3200495427376356,-3.468800048828125,655.0,677.0,654.0,675.0,3.4834736440551546
57.81186735399786,2.7176458230446103,26.395974914366075,13.589530186650984,-0.3505183638653307,-4.084767657880018,-0.312516496113018,-3.468800048828125,657.0,674.0,652.0,673.0,3.479831593411472
57.82186735399786,2.569807983542816,26.34628215325364,13.59105374660615,0.9110460577411424,-4.023128120359046,-0.3071253168229526,-3.468800048828125,657.0,674.0,652.0,673.0,3.476271344127038
57.83186735399786,2.4550503862664126,26.28187190867262,13.583817577838897,1.153331480787023,-4.121452975731913,-0.3141746062882886,-3.4848001098632815,655.0,672.0,651.0,673.0,3.480253354677583
57.841867353997856,2.307386986094245,26.231700816744063,13.606378151304265,2.3225228631615984,-3.65909189007869,-0.3155986511812779,-3.4848001098632815,655.0,672.0,651.0,673.0,3.476638964580168
57.851867353997854,2.158458543741736,26.181661185820403,13.626169166367774,0.9116717165657416,-4.435635393564531,-0.3180930629328508,-3.4848001098632815,659.0,677.0,654.0,672.0,3.4729582506069643
57.86186735399785,2.06792124304907,26.151555398904986,13.632592705305072,1.2008370108022026,-4.25081655288778,-0.3207386908672446,-3.4848001098632815,659.0,677.0,654.0,672.0,3.470722299053895
57.87186735399785,1.9193112282811493,26.10263273888564,13.642522874330478,0.3499675724035556,-5.093566070009105,-0.3243388518834459,-3.4848001098632815,657.0,675.0,653.0,675.0,3.467024034957227
57.88186735399785,1.7701905764129726,26.054198561169905,13.637169452944464,-0.2134492996367007,-4.316337678398173,-0.3243787648473149,-3.4848001098632815,657.0,675.0,653.0,675.0,3.463300830515555
57.891867353997846,1.6788684753498702,26.024833389077035,13.636741045253062,-1.1958444026415591,-4.83811772504567,-0.3362743942493464,-3.5007998657226564,656.0,675.0,654.0,676.0,3.4609896390718227
57.901867353997844,1.5299646297570084,25.97749630609288,13.612865566163748,-2.7868377620886564,-5.380382437100124,-0.3351581947283348,-3.5007998657226564,656.0,675.0,654.0,676.0,3.4571458188907034
57.91186735399784,1.3809483050901563,25.93085414151036,13.576301556820342,-4.057464672083969,-5.877469312982638,-0.3300095338506072,-3.5007998657226564,651.0,670.0,648.0,667.0,3.4533655979910045
57.92186735399784,1.2389959382153386,25.887075229128367,13.514058469208312,-5.722598900622106,-4.323814301420473,-0.3222481223546716,-3.5007998657226564,651.0,670.0,648.0,667.0,3.4497705049441256
57.93186735399784,1.1364866108917016,25.84561497230684,13.392493117965005,-6.625541189252972,-3.896474197870368,-0.3247842562276734,-3.552000122070313,643.0,664.0,638.0,660.0,3.4455094944418208
57.941867353997836,0.9898885400156816,25.801227421740464,13.302430436601012,-8.607869322219603,-4.749416940432662,-0.3302915172173229,-3.552000122070313,643.0,664.0,638.0,660.0,3.4417319991182707
57.951867353997834,0.8505683062429964,25.759695679872127,13.205811447036604,-8.815955247004208,-5.477075739765373,-0.3392178416657614,-3.552000122070313,629.0,656.0,629.0,655.0,3.437998696252087
57.96186735399783,0.7559564372508645,25.73190946137696,13.144504821265478,-8.606006136247917,-6.152276453052182,-0.3581844325662489,-3.552000122070313,629.0,656.0,629.0,655.0,3.4353374035362028
57.97186735399783,0.6111832281203632,25.69005322070711,13.047751358260545,-8.17969710167708,-5.110919801918776,-0.3619310720775691,-3.552000122070313,619.0,649.0,621.0,651.0,3.4312161446830323
57.98186735399783,0.4745369742014976,25.65122763347243,12.958740901819883,-7.773282618238703,-5.919675515259955,-0.3819098955354821,-3.552000122070313,619.0,649.0,621.0,651.0,3.427128240116613
57.991867353997826,0.381265841764172,25.62514879153667,12.902948050464005,-7.151644996948075,-5.677977367924239,-0.3893955370828487,-3.6192001342773437,609.0,640.0,613.0,643.0,3.4242201012572027
58.001867353997824,0.2387732005521625,25.58592026017885,12.817972505778242,-7.637793107478743,-5.264665980603177,-0.3963529368459366,-3.6192001342773437,609.0,640.0,613.0,643.0,3.4196662878089787
58.01186735399782,0.1036501834935451,25.54941757306739,12.736768998172414,-7.647952342385487,-5.01148737472915,-0.4042612636387525,-3.6192001342773437,599.0,633.0,606.0,634.0,3.4152538571668045
58.02186735399782,0.0114694670604471,25.524891206925357,12.680080916427254,-7.450085518893524,-5.254157680400316,-0.4102790907298448,-3.6192001342773437,599.0,633.0,606.0,634.0,3.4121399015774037
58.03186735399782,-0.100480864107163,25.483370206549772,12.4771927116278,-7.27471686202,-5.117639717697888,-0.4268055664257861,-3.7216000366210937,596.0,631.0,594.0,624.0,3.405095907479681
58.041867353997816,-0.1842253430234415,25.461722813164403,12.423325304200874,-7.923160660513544,-5.956004074920618,-0.4236795375363591,-3.7216000366210937,596.0,631.0,594.0,624.0,3.402131508205741
58.051867353997814,-0.321773738818012,25.42685156476915,12.33434145236895,-7.4211923188999025,-5.469321495154034,-0.4113674193666836,-3.7216000366210937,590.0,624.0,585.0,614.0,3.3973393826009897
58.06186735399781,-0.459164009646738,25.392801754518924,12.244375871382896,-7.702381939908747,-5.436003168213957,-0.4169400019798575,-3.7216000366210937,590.0,624.0,585.0,614.0,3.392538415633968
58.07186735399781,-0.588732558158814,25.361402761189733,12.164882510683627,-7.24704465903278,-5.643191999631721,-0.427232377304988,-3.7216000366210937,578.0,616.0,574.0,609.0,3.387906256641123
58.08186735399781,-0.6775784993918115,25.340269436170665,12.11210594729154,-7.097092830541803,-5.3482085124106495,-0.425339328348213,-3.7216000366210937,578.0,616.0,574.0,609.0,3.3846729321151496
58.091867353997806,-0.8126239046613435,25.30886584810829,12.030314146847816,-6.415675509200851,-6.918751957673158,-0.4377980532429848,-3.8720001220703133,567.0,606.0,569.0,603.0,3.379685972994105
58.101867353997804,-0.894088297642852,25.29037312499639,11.985134501927767,-6.362758156713436,-7.541158956289307,-0.4503986179267377,-3.8720001220703133,567.0,606.0,569.0,603.0,3.37657869760596
58.1118673539978,-1.028063972765481,25.26080521555566,11.910635363432842,-6.577995009252697,-7.731897708987786,-0.4611154971536713,-3.8720001220703133,562.0,599.0,569.0,596.0,3.371325782823661
58.1218673539978,-1.161612976739047,25.232195347072132,11.838792825879931,-5.752065830955494,-5.180849234671295,-0.4631958339843799,-3.8720001220703133,562.0,599.0,569.0,596.0,3.3659817643136614
58.1318673539978,-1.2555670963074987,25.21135687462692,11.793547709381372,-5.444700634552426,-5.175127385495299,-0.4665617812757649,-4.073599853515625,558.0,596.0,563.0,590.0,3.363428865676967
58.141867353997796,-1.3880989924843763,25.184052282766743,11.734037605915368,-4.988666148376976,-5.028228635219394,-0.4650702848771511,-4.073599853515625,558.0,596.0,563.0,590.0,3.3580749759172654
58.151867353997794,-1.5204201267930062,25.15756313101985,11.67183698912054,-5.519136723057188,-6.037373644191078,-0.4570181663175875,-4.073599853515625,554.0,591.0,558.0,588.0,3.3527333391891405
58.16186735399779,-1.6451626092508598,25.133404129535784,11.612352226861084,-5.536619314949304,-6.576004368961492,-0.4508972496950709,-4.073599853515625,554.0,591.0,558.0,588.0,3.3478013364214165
58.17186735399779,-1.7305501344225611,25.117304518406268,11.574492363238011,-5.241150789445825,-5.809588210472599,-0.4507567388634863,-4.073599853515625,551.0,586.0,549.0,583.0,3.3444043243744117
58.18186735399779,-1.8614379786511048,25.093283721281644,11.513617571992858,-5.337930959792235,-5.959835722578774,-0.4418144926087355,-4.073599853515625,551.0,586.0,549.0,583.0,3.339267731553778
58.191867353997786,-1.942507142828652,25.07881971654247,11.47939813768818,-5.179138592625325,-6.016663050724461,-0.4526479662851698,-4.275199890136719,544.0,578.0,545.0,577.0,3.336081893376226
58.201867353997784,-2.069943180160568,25.05676272045633,11.42491289548127,-4.677698292264806,-6.840320986964799,-0.4437400625092061,-4.275199890136719,544.0,578.0,545.0,577.0,3.3309988067049114
58.21186735399778,-2.198979598414747,25.035359055018617,11.375374492204129,-4.411908356422528,-6.587522029044202,-0.4556942875354034,-4.275199890136719,538.0,571.0,541.0,571.0,3.325781215062035
58.22186735399778,-2.321941634976985,25.015760690639667,11.32896868347952,-4.097015429936551,-5.796470818574508,-0.4749876347988412,-4.275199890136719,538.0,571.0,541.0,571.0,3.3206417992315496
58.23186735399778,-2.426948223444402,24.99082681369056,11.380147740479703,-4.031003847083594,-5.178945292412738,-0.4815811507055078,-4.563200073242188,532.0,569.0,538.0,567.0,3.320006241585647
58.241867353997776,-2.556264956089068,24.970905799316604,11.331407862430344,-4.520101090729214,-7.113878654483459,-0.495892541341324,-4.563200073242188,532.0,569.0,538.0,567.0,3.314357104771908
58.251867353997774,-2.678610000174876,24.9528405510945,11.286162693008242,-4.139714979748125,-6.109958975292006,-0.5061073572952091,-4.563200073242188,530.0,566.0,532.0,564.0,3.3088425557359455
58.26186735399777,-2.7624154124996187,24.94090610739838,11.25503472690275,-4.495780737234598,-6.975584931702989,-0.5106567982765934,-4.563200073242188,530.0,566.0,532.0,564.0,3.305029322308702
58.27186735399777,-2.890538357126009,24.923396807468563,11.207813685818335,-3.956232035013205,-6.485176876219395,-0.5165978125302128,-4.563200073242188,530.0,563.0,527.0,563.0,3.299119078022133
58.28186735399777,-3.012002771341112,24.90756517640367,11.162334381476215,-4.066829127447479,-5.672361384480949,-0.5205145563786816,-4.563200073242188,530.0,563.0,527.0,563.0,3.2934067420857396
58.291867353997766,-3.095397877374991,24.89713072995387,11.13192968686484,-4.123091042175566,-6.275976331149533,-0.5217992778513759,-4.883200073242188,524.0,557.0,522.0,558.0,3.2894775570907475
58.301867353997764,-3.222238055187578,24.882003308738263,11.086133333232729,-3.9929454563037856,-7.55046721870426,-0.5394465571253557,-4.883200073242188,524.0,557.0,522.0,558.0,3.2833363470174923
58.31186735399776,-3.342424620823968,24.868649758400487,11.046140351717115,-3.5686696757566527,-7.949197217992808,-0.5442656289825879,-4.883200073242188,518.0,552.0,516.0,554.0,3.2774251284445315
58.32186735399776,-3.4248232637431166,24.860046856036742,11.018529093178062,-3.767681437689833,-7.652455557948083,-0.5508225883275476,-4.883200073242188,518.0,552.0,516.0,554.0,3.273287479582078
58.33186735399776,-3.5792449160614392,24.81323240576292,11.0917921600094,-3.541883368427939,-5.890213129298205,-0.5614220157044848,-5.254400024414062,516.0,550.0,513.0,550.0,3.2669401644604843
58.341867353997756,-3.699932189927988,24.80102665694803,11.053152438701131,-3.494407842375726,-6.347788242667836,-0.5831920023535673,-5.254400024414062,516.0,550.0,513.0,550.0,3.260665342463387
58.351867353997754,-3.782352492802488,24.79317296947803,11.027199524620842,-3.4223462259578903,-7.405219188828246,-0.5875844742726479,-5.254400024414062,511.0,548.0,509.0,546.0,3.2562658779603044
58.36186735399775,-3.908761262418015,24.78195713518336,10.98003311656684,-4.376413620751567,-7.65335535698456,-0.5991265754968457,-5.254400024414062,505.0,544.0,503.0,543.0,3.249385420116993
58.37186735399775,-4.028239238625466,24.77225764248106,10.941712291426548,-3.625158991522162,-7.004112090123625,-0.5944464569388015,-5.254400024414062,505.0,544.0,503.0,543.0,3.2428968390823236
58.38186735399775,-4.109797423462015,24.76613074507405,10.915206017175503,-3.5430343644124878,-7.515438616629928,-0.6004488263628261,-5.673599853515625,503.0,539.0,499.0,542.0,3.2384163344796946
58.391867353997746,-4.234741821336315,24.757522113180183,10.872210345197557,-3.762064244593565,-6.979068062783821,-0.6089566593530331,-5.673599853515625,503.0,539.0,499.0,542.0,3.2314659132258607
58.401867353997744,-4.31050310458564,24.752762341969987,10.846223723539929,-3.549346599750442,-6.762335981020786,-0.6158200855625954,-5.673599853515625,498.0,539.0,495.0,539.0,3.227181967086815
58.41186735399774,-4.434645999011602,24.74574499897807,10.80599468707636,-3.743317445405349,-7.3244245612183985,-0.6242747269633452,-5.673599853515625,498.0,539.0,495.0,539.0,3.220045443135281
58.42186735399774,-4.558877866419946,24.73972574256233,10.763361896104694,-3.908229380715465,-7.623253987288874,-0.640467432734685,-5.673599853515625,491.0,536.0,489.0,534.0,3.212674066720629
58.43186735399774,-4.633615671588781,24.736626976274703,10.74005123634961,-2.9977452298433067,-7.995769615130706,-0.6632362803823411,-5.673599853515625,491.0,536.0,489.0,534.0,3.208135737780086
58.441867353997736,-4.778940080821239,24.723318333836826,10.636176488994234,-3.1120906432708653,-8.143705284420529,-0.676707441007406,-6.127999877929689,486.0,533.0,488.0,530.0,3.1988527085436256
58.451867353997734,-4.900818537181969,24.72015392758611,10.599629655004046,-3.375630895761147,-7.673815519668152,-0.6839246303914114,-6.127999877929689,486.0,533.0,488.0,530.0,3.1910324310637224
58.46186735399773,-4.974807265508034,24.718733081479293,10.578363647090232,-2.972202436775415,-8.018806370343158,-0.7015340668106104,-6.127999877929689,482.0,529.0,482.0,527.0,3.1861636712604984
58.47186735399773,-5.0967391181598405,24.717222811592656,10.54071393682882,-3.685381368345292,-7.238728396991956,-0.7062286057712048,-6.127999877929689,482.0,529.0,482.0,527.0,3.178021947841986
58.48186735399773,-5.21747771108994,24.71666171687744,10.499534229148368,-3.924806286146686,-7.80354199671377,-0.7065934060015865,-6.5823999023437505,478.0,526.0,476.0,526.0,3.1698730374073536
58.491867353997726,-5.332344863092754,24.71706918139237,10.465296730841963,-3.170067970970459,-8.06514671961441,-0.6990628310856537,-6.5823999023437505,478.0,526.0,476.0,526.0,3.1621705064242773
58.501867353997724,-5.410601185477862,24.717851405175907,10.440861264849207,-3.7382736124142415,-7.051255350564188,-0.7024328139283826,-6.5823999023437505,474.0,524.0,471.0,522.0,3.1569155048546738
58.51186735399772,-5.530488991088119,24.71992761567512,10.403182521882444,-3.42809760012842,-8.772582051220642,-0.7061323182605649,-6.5823999023437505,474.0,524.0,471.0,522.0,3.14878993173383
58.52186735399772,-5.64443144313905,24.72297421133656,10.371085029702554,-3.333338378676559,-8.728229735589702,-0.7130515313173974,-7.020800170898438,471.0,520.0,472.0,519.0,3.140968811792742
58.53186735399772,-5.713940666376804,24.714281494804045,10.235873943386826,-2.55696537079768,-7.666035017602159,-0.7129885171918339,-7.020800170898438,471.0,520.0,472.0,519.0,3.137172708701404
58.541867353997716,-5.83187482450766,24.71870759328139,10.204285349300717,-3.002958281905848,-7.269894580327834,-0.706984074560348,-7.020800170898438,468.0,515.0,469.0,516.0,3.1289542248295543
58.551867353997714,-5.943442491023915,24.72382451849475,10.18039105439376,-2.671694628039861,-7.195784285485733,-0.715614118028906,-7.020800170898438,468.0,515.0,469.0,516.0,3.1211204815077562
58.56186735399771,-6.019404767671976,24.72781077428984,10.16416410157549,-2.074290103103126,-7.359131933502108,-0.7202783875903503,-7.020800170898438,464.0,515.0,466.0,513.0,3.1157467465325204
58.57186735399771,-6.136408293924894,24.734778243611636,10.136115372428645,-2.3343575443527933,-7.885880038365696,-0.7240169392844373,-7.020800170898438,464.0,515.0,466.0,513.0,3.1073803350694087
58.58186735399771,-6.206608827363224,24.73949359947812,10.119132135476086,-2.5374298852160684,-8.487555555113747,-0.7285573533940993,-7.475200195312499,461.0,513.0,462.0,509.0,3.1023391097891313
58.591867353997706,-6.322517651239885,24.748172758910524,10.088623306232726,-3.139536608856718,-8.166080074131328,-0.7277810918149721,-7.475200195312499,461.0,513.0,462.0,509.0,3.0939616582600853
58.601867353997704,-6.437900837079733,24.757934780014264,10.05395869781443,-3.3286470374078245,-9.11105097416948,-0.7166642054293316,-7.475200195312499,460.0,507.0,459.0,507.0,3.0856730955783163
58.6118673539977,-6.507766466135432,24.76437506761861,10.037834678286613,-2.382246155279978,-8.265973087161068,-0.7102771274450443,-7.475200195312499,460.0,507.0,459.0,507.0,3.0806918131929097
58.6218673539977,-6.62253360976352,24.77577517151694,10.011486484201267,-2.9091978111111496,-7.166453517477051,-0.7060242418146122,-7.475200195312499,459.0,503.0,456.0,506.0,3.0725415279955866
58.6318673539977,-6.725673561800495,24.767939688847992,9.920294505798136,-2.2124606936969067,-7.020910781413817,-0.7163691453971429,-7.475200195312499,459.0,503.0,456.0,506.0,3.066720438978444
58.6418673539977,-6.7942732708480325,24.775233550986936,9.903117413357853,-2.154927745351992,-6.766039059910594,-0.7186416489625471,-7.881599731445313,452.0,500.0,454.0,502.0,3.0617291945542666
58.651867353997694,-6.907349682425544,24.78800974643058,9.88089063781616,-2.214284760806311,-7.203727833502661,-0.7231425669442154,-7.881599731445313,452.0,500.0,454.0,502.0,3.053424508809807
58.66186735399769,-7.0202879600182095,24.801794847587733,9.854523239469604,-2.4645533708838303,-7.414202425216641,-0.7317697493852624,-7.881599731445313,448.0,498.0,451.0,500.0,3.0449916543655533
58.67186735399769,-7.127022615127308,24.8157516119803,9.829975322525138,-2.3409135596042847,-7.2395373583519005,-0.7398468193350674,-7.881599731445313,448.0,498.0,451.0,500.0,3.0369059215062246
58.68186735399769,-7.200041352539364,24.82585813982514,9.80932754518514,-2.836381821402631,-8.676622857162416,-0.74178982956995,-8.249600219726563,448.0,497.0,448.0,496.0,3.0313462565641456
58.69186735399769,-7.311467294335766,24.8421972756354,9.780736455724313,-2.651855684040385,-9.200657153016143,-0.7436863177843304,-8.249600219726563,448.0,497.0,448.0,496.0,3.0228152990998365
58.701867353997685,-7.417565571543047,24.858800029632384,9.753657248695466,-2.675180806472686,-8.421633413603177,-0.7433174177340273,-8.249600219726563,447.0,495.0,445.0,493.0,3.01467603377795
58.71186735399768,-7.489883151930003,24.87065864052938,9.734089825714513,-3.0017683747653425,-7.058935790602411,-0.7302059779516982,-8.249600219726563,447.0,495.0,445.0,493.0,3.009148735753722
58.72186735399768,-7.594662756817517,24.890392736335897,9.6301355227682,-2.914057027330994,-7.856892697482592,-0.7299397637638296,-8.569600219726563,442.0,491.0,441.0,493.0,3.0002699948605573
58.73186735399768,-7.660445169617607,24.902270758792508,9.613966475468164,-2.519696364015486,-7.412956801813341,-0.730785116033153,-8.569600219726563,442.0,491.0,441.0,493.0,2.9951837928104585
58.74186735399768,-7.769141274819455,24.922723517427364,9.585312199903646,-2.579270385983321,-7.426446010074244,-0.731092625580435,-8.569600219726563,438.0,487.0,439.0,490.0,2.9867575824823502
58.751867353997675,-7.877245185194055,24.944104617289877,9.5613396695551,-1.8667808445503544,-7.108321852613559,-0.748503399997383,-8.569600219726563,438.0,487.0,439.0,490.0,2.9782029604006
58.76186735399767,-7.942236379800607,24.95742691665308,9.542227183833493,-2.029911944319601,-7.351715925919622,-0.7505325213268805,-8.569600219726563,432.0,484.0,437.0,486.0,2.972999675083636
58.77186735399767,-8.049501361700019,24.980231657621037,9.517047687042856,-2.8480339778221,-7.852654790732649,-0.758742113610096,-8.569600219726563,432.0,484.0,437.0,486.0,2.964325531611685
58.78186735399767,-8.156760270253393,25.004094713665378,9.49027635379518,-2.5413076152049863,-7.756922287362927,-0.7617283770813768,-8.841599731445312,430.0,480.0,434.0,484.0,2.9555111484569916
58.79186735399767,-8.220908096040844,25.01886839110491,9.473533724654848,-2.617284293062554,-8.055207124778379,-0.7712560675586678,-8.841599731445312,430.0,480.0,434.0,484.0,2.950174238407079
58.801867353997665,-8.326590453402707,25.04404853686635,9.445962641795749,-2.7454008822863782,-7.083272924359339,-0.7729259847729658,-8.841599731445312,428.0,480.0,430.0,480.0,2.941267521909375
58.81186735399766,-8.432299026308668,25.07015646141161,9.41666420635588,-2.8914309241674725,-6.586178043471295,-0.7721501640199814,-8.841599731445312,428.0,480.0,430.0,480.0,2.9323310027073672
58.82186735399766,-8.495620187193408,25.08628152493299,9.400364697614254,-2.581688626111136,-8.02874914405075,-0.7760418838994342,-9.0752001953125,424.0,477.0,426.0,476.0,2.926941705554102
58.83186735399766,-8.599255022818047,25.09841824576516,9.34440643950908,-2.8687718833750937,-7.997747427037025,-0.7662353870789812,-9.0752001953125,424.0,477.0,426.0,476.0,2.9177610454952685
58.84186735399766,-8.703219338012703,25.126288089435636,9.314151864633798,-2.8192399576447897,-7.808934018740196,-0.7611631561767928,-9.0752001953125,422.0,474.0,424.0,475.0,2.9089249337020857
58.851867353997655,-8.765325835551746,25.143439313561924,9.29593337755992,-2.9753944819960148,-7.773989121840486,-0.7585818623535546,-9.0752001953125,422.0,474.0,424.0,475.0,2.903679862520078
58.86186735399765,-8.868426675160718,25.172755938910303,9.26906034096308,-2.3799559470417235,-7.31913231071718,-0.7564643226493869,-9.0752001953125,420.0,469.0,420.0,473.0,2.8949420658148837
58.87186735399765,-8.970569101607985,25.202811984654016,9.23897305640239,-2.9371233842757283,-7.684291336836842,-0.750170052495455,-9.0752001953125,420.0,469.0,420.0,473.0,2.8863246187607112
58.88186735399765,-9.031938597139169,25.22138900909315,9.222898825461527,-2.8324500479130545,-7.765104232084925,-0.7544589061670902,-9.295999755859375,414.0,466.0,420.0,469.0,2.8811251113420098
58.89186735399765,-9.132975142422197,25.25284370552289,9.192556347185391,-2.718520741953187,-8.186257872607376,-0.7478688914091932,-9.295999755859375,414.0,466.0,420.0,469.0,2.872467934771699
58.901867353997645,-9.233952552198808,25.28544155205548,9.167035310597276,-2.442958529149356,-8.273725620926658,-0.7591542641475029,-9.295999755859375,412.0,464.0,417.0,466.0,2.863701985896151
58.91186735399764,-9.328820456699312,25.31712393664412,9.140660549847448,-2.569399664973606,-7.863862857955125,-0.7654778884607886,-9.295999755859375,412.0,464.0,417.0,466.0,2.85533080365361
58.92186735399764,-9.393943763206169,25.3394369818127,9.123917078439256,-2.5920274960519776,-7.1440074747128754,-0.7674484203925191,-9.295999755859375,408.0,463.0,413.0,463.0,2.849544111559268
58.93186735399764,-9.496080620372446,25.36109343836344,9.086463718145296,-2.311533805971019,-5.9915739609918255,-0.7742061180167952,-9.295999755859375,408.0,463.0,413.0,463.0,2.843365213956117
58.94186735399764,-9.555741269140317,25.382033595323364,9.067916378428052,-2.876891948341531,-6.930929583988283,-0.7743452278626449,-9.49760009765625,404.0,460.0,407.0,459.0,2.837970645389374
58.951867353997635,-9.65372996542059,25.41721983521557,9.038179254292896,-2.938836653730672,-7.086571251271037,-0.7887025048232809,-9.49760009765625,404.0,460.0,407.0,459.0,2.8289704651709817
58.96186735399763,-9.751216692678636,25.453269341066346,9.00446039494064,-3.493616688358534,-8.085060828738136,-0.7858126828473606,-9.49760009765625,404.0,455.0,404.0,456.0,2.819904312937013
58.97186735399763,-9.809770736132055,25.47546827752742,8.98700390862341,-2.7819917444764144,-8.32996457526925,-0.7885360053639775,-9.49760009765625,404.0,455.0,404.0,456.0,2.8144272488993702
58.98186735399763,-9.906123337196274,25.51296714968396,8.957728705579445,-2.667102313793972,-8.280830031549758,-0.7920891645877456,-9.849600219726563,401.0,453.0,404.0,455.0,2.8052984915193644
58.99186735399763,-10.00122923172006,25.551136971614373,8.933116649969987,-2.2769696201855103,-8.027058620170646,-0.8138729785755264,-9.849600219726563,401.0,453.0,404.0,455.0,2.796062607071021
59.001867353997625,-10.059145863767444,25.574928498657037,8.917836192666162,-2.1768263938752748,-7.207001802660026,-0.834805322096801,-9.849600219726563,400.0,452.0,401.0,456.0,2.7902969360778886
59.01186735399762,-10.153647984295006,25.614592376811007,8.897266726089587,-2.0660786151393538,-7.33430932942226,-0.8501354047872649,-9.849600219726563,400.0,452.0,401.0,456.0,2.7806028331590045
59.02186735399762,-10.247426990754406,25.655066783466783,8.874231301433776,-2.5113593754678574,-8.001340105933089,-0.8794464150943181,-9.849600219726563,393.0,451.0,399.0,455.0,2.7705990422678206
59.03186735399762,-10.303365773468215,25.67504404735035,8.810971510687754,-2.443411844394183,-9.712839407854466,-0.9033576230081736,-9.849600219726563,393.0,451.0,399.0,455.0,2.7643315260757815
59.04186735399762,-10.395661216116128,25.71691885794186,8.792519122529818,-1.8246907877047371,-10.666934798245874,-0.9089314296818618,-10.220800170898437,391.0,450.0,396.0,454.0,2.753903754695994
59.051867353997615,-10.487089347929928,25.75986935819227,8.776901927440349,-1.7893544150467822,-9.75273722521178,-0.9081730537358054,-10.220800170898437,391.0,450.0,396.0,454.0,2.7434573924407863
59.06186735399761,-10.542205393405816,25.786425098272616,8.769061996822455,-2.004324331515073,-9.126976139861648,-0.9093774805560132,-10.220800170898437,390.0,450.0,391.0,451.0,2.737124065016851
59.07186735399761,-10.632763870069416,25.83113142201776,8.752195523573338,-1.6921184656336197,-8.753569366752554,-0.9172776729761348,-10.220800170898437,390.0,450.0,391.0,451.0,2.7266073104465005
59.08186735399761,-10.72230422153159,25.87657960737593,8.737165057482272,-1.3869514158702263,-8.392934011952496,-0.9109142883055682,-10.710400390625,390.0,447.0,387.0,449.0,2.7161383590430717
59.09186735399761,-10.807670477557297,25.92096934761671,8.724037877894295,-1.545095354954214,-7.029639693195784,-0.9037507782984264,-10.710400390625,390.0,447.0,387.0,449.0,2.7061681793987313
59.101867353997605,-10.865245273035011,25.95141123143512,8.714864352755098,-1.5039861375631578,-6.019212982727318,-0.909292075290625,-10.710400390625,388.0,447.0,384.0,448.0,2.6993837566746937
59.1118673539976,-10.953779219252352,25.999066228675463,8.704300300474184,-1.4911592826533848,-7.288410153661822,-0.9147469221072962,-10.710400390625,388.0,447.0,384.0,448.0,2.688887700639974
59.1218673539976,-11.00712067442173,26.02835427956595,8.700080000902885,-0.6113060625028702,-8.200148945436807,-0.9230389344016516,-10.710400390625,385.0,445.0,387.0,448.0,2.682476875768232
59.1318673539976,-11.108743775290597,26.056981625742186,8.64987666458888,-0.2613671207839206,-8.771686263034184,-0.942161541250524,-10.710400390625,385.0,445.0,387.0,448.0,2.673584991401576
59.1418673539976,-11.195631136796417,26.10590117911204,8.650214503061692,-0.2197807351338549,-8.867721191686416,-0.9621915027210824,-11.180799560546875,384.0,443.0,388.0,450.0,2.6626043255759373
59.151867353997595,-11.248170969794009,26.13611972258733,8.65330300815406,-0.5651920678576634,-9.042745296912663,-0.977780008471951,-11.180799560546875,384.0,443.0,388.0,450.0,2.6558064097132
59.16186735399759,-11.334024204125845,26.18662405350335,8.658476683702164,0.9293994972864864,-9.69641230503743,-0.9880232701994904,-11.180799560546875,383.0,444.0,388.0,451.0,2.644497676877704
59.17186735399759,-11.419229612722043,26.23828126603495,8.667459763180506,0.3426945622109346,-10.439515217858869,-0.983961254414069,-11.180799560546875,383.0,444.0,388.0,451.0,2.633128211669725
59.18186735399759,-11.47097273167364,26.27043113289116,8.6700454396016,0.3824158044097311,-10.144683873600338,-0.9749630060884618,-11.6543994140625,386.0,444.0,388.0,451.0,2.6262552737484293
59.19186735399759,-11.555267899782288,26.324087704852683,8.679414350476081,0.4034741189433128,-9.81312516198568,-0.9615130882928606,-11.6543994140625,386.0,444.0,388.0,451.0,2.615128087344794
59.201867353997585,-11.63889086988226,26.378861017704036,8.689071759846053,0.5084001706899692,-9.6966254812659,-0.9496278098849802,-11.6543994140625,386.0,448.0,388.0,448.0,2.6041419078888497
59.21186735399758,-11.71828709390204,26.432258749904307,8.69795093319971,0.3244021971430084,-9.34764276414148,-0.9348109681571648,-11.6543994140625,386.0,448.0,388.0,448.0,2.593808996993581
59.22186735399758,-11.772311552690258,26.469378206127068,8.707712031399932,1.143778405220585,-9.47405185203671,-0.92788283426409,-11.6543994140625,387.0,445.0,389.0,448.0,2.586803626152552
59.23186735399758,-11.854221858496537,26.518212026635176,8.690824599367838,0.8276558201866988,-8.656917758187948,-0.942768881752062,-11.6543994140625,387.0,445.0,389.0,448.0,2.5770317071536852
59.24186735399758,-11.903896276038056,26.553515872095083,8.699430283469884,0.5709480794318563,-7.808700169807169,-0.9589911054742908,-12.140799560546872,387.0,445.0,389.0,451.0,2.570371279873596
59.251867353997575,-11.984851188428534,26.61201971908381,8.711765023455216,0.8548664179852564,-7.288144556087104,-0.9649282734966056,-12.140799560546872,387.0,445.0,389.0,451.0,2.5593709695001086
59.26186735399757,-12.066010993696196,26.6718431029744,8.726081069413542,0.8550990005134677,-7.150731943680956,-0.986453085516988,-12.140799560546872,387.0,446.0,390.0,451.0,2.548055518928163
59.27186735399757,-12.142767936310236,26.7295547663614,8.739074548206506,0.7265227931127765,-8.24531853655094,-1.0229804410616254,-12.140799560546872,387.0,446.0,390.0,451.0,2.536940300375759
59.28186735399757,-12.194812892241808,26.769387736672684,8.746831562973567,0.7859170882707934,-8.11446627184622,-1.0316042525308904,-12.69760009765625,387.0,446.0,390.0,455.0,2.5292319021651535
59.29186735399757,-12.27453264157911,26.8315177024214,8.761463908062813,0.6530538872305964,-8.602388134009487,-1.0499827290307384,-12.69760009765625,387.0,446.0,390.0,455.0,2.517161658819436
59.301867353997565,-12.35004881082662,26.89173405664734,8.773276999942375,0.4983002201494673,-9.460055361023622,-1.0709702653693514,-12.69760009765625,387.0,450.0,388.0,455.0,2.505466363897682
59.31186735399756,-12.400905261908605,26.933159912920125,8.778050435510545,0.362616732224815,-10.19444841973312,-1.0740766733761211,-12.69760009765625,387.0,450.0,388.0,455.0,2.4974639628509063
59.32186735399756,-12.478854545063712,26.99812083793511,8.791028531709275,0.9239653094386424,-10.59994551296716,-1.0742013458320512,-12.69760009765625,386.0,451.0,388.0,456.0,2.4850802609976532
59.33186735399756,-12.525804533121748,27.03807769756768,8.797468526623591,0.7953807001558582,-9.792712375215327,-1.0744338753172613,-12.69760009765625,386.0,451.0,388.0,456.0,2.4775908698435396
59.34186735399756,-12.610793102043298,27.09920242263269,8.77495192968045,-0.1157552474091552,-9.446977558783582,-1.0728299599590807,-13.321600341796875,385.0,453.0,388.0,456.0,2.459410254888886
59.351867353997555,-12.68620515951807,27.166447640697104,8.781036423142922,0.5403093276441253,-10.180861654609895,-1.0749964574314126,-13.321600341796875,385.0,453.0,388.0,456.0,2.4470327365406623
59.36186735399755,-12.757489567330357,27.231735168209045,8.788590995700572,0.180699866458402,-10.467506184045556,-1.0800853544807132,-13.321600341796875,385.0,453.0,388.0,457.0,2.4351939489780965
59.37186735399755,-12.805776785672716,27.27688761237017,8.793066470721929,0.3312869601427982,-9.19681289085846,-1.0866212175628327,-13.321600341796875,385.0,453.0,388.0,457.0,2.427066022961078
59.38186735399755,-12.879282966644327,27.34702957075944,8.796921954271882,-0.152203620732801,-9.63833160827134,-1.1045376391770787,-13.94239990234375,384.0,452.0,388.0,456.0,2.414435999292306
59.39186735399755,-12.948284165216402,27.41454790435385,8.803971456856372,0.1774259834675141,-10.392721511354315,-1.1329921074716098,-13.94239990234375,384.0,452.0,388.0,456.0,2.4021415536599546
59.401867353997545,-12.994913465340064,27.461175031817767,8.806690968013557,-0.2955174504735013,-10.753765240302489,-1.1477182117662752,-13.94239990234375,383.0,454.0,387.0,459.0,2.3935873210257252
59.41186735399754,-13.066167831256132,27.534066303653496,8.810141562302611,-0.1579592531633605,-10.324205560876086,-1.1583518120635028,-13.94239990234375,383.0,454.0,387.0,459.0,2.3802350027020993
59.42186735399754,-13.132765380735783,27.604060372028293,8.818329134965543,0.2684322548042029,-11.43398261044022,-1.1749318653889052,-13.94239990234375,382.0,455.0,387.0,460.0,2.36743628258895
59.43186735399754,-13.177992093036746,27.65275749511104,8.825767402818427,0.7307682309328979,-11.665750899318654,-1.1807839792624355,-13.94239990234375,382.0,455.0,387.0,460.0,2.358574004648579
59.44186735399754,-13.240428619558338,27.70801762873004,8.71119877995084,0.0669972291421983,-11.20506414132858,-1.18952160953353,-14.550400390625,381.0,453.0,387.0,460.0,2.3459587602779965
59.451867353997535,-13.303764067182916,27.779551882939646,8.720725953268527,0.5628307774101347,-10.881501903422675,-1.209010283295112,-14.550400390625,381.0,453.0,387.0,460.0,2.3327975015138693
59.46186735399753,-13.346757205003058,27.82921881071501,8.726448452985423,0.1388932879749692,-10.70367057885395,-1.2189284287060551,-14.550400390625,380.0,457.0,385.0,462.0,2.3236735821296004
59.47186735399753,-13.411866640478468,27.906155460452123,8.733668730140177,-0.0058642795982891,-10.348167663212577,-1.2366680122297509,-14.550400390625,380.0,457.0,385.0,462.0,2.3095059930356117
59.48186735399753,-13.47285465880945,27.98012811155168,8.74014047678103,0.3849555750965852,-10.32769909496752,-1.2452813157957496,-15.257600097656251,380.0,456.0,383.0,461.0,2.2959089726569712
59.49186735399753,-13.514008663641732,28.031205293365755,8.746869788722009,0.2203831591527124,-11.34876746957706,-1.2493227073843132,-15.257600097656251,380.0,456.0,383.0,461.0,2.2865539176820016
59.501867353997525,-13.57664295240262,28.110807763554792,8.753076993747163,0.5098955899599487,-9.973220737700885,-1.2449243887535129,-15.257600097656251,380.0,458.0,381.0,463.0,2.272131817624689
59.51186735399752,-13.634917790287451,28.186906500773745,8.762290402143465,0.7681585109907679,-9.403323040680942,-1.2404066570078107,-15.257600097656251,380.0,458.0,381.0,463.0,2.2585366690147963
59.52186735399752,-13.674530855983685,28.23966406875565,8.767152783700057,0.2652769094057925,-9.498550762913924,-1.2426055289369131,-15.257600097656251,381.0,458.0,381.0,467.0,2.249223389006692
59.53186735399752,-13.693388255840665,28.32426261635569,8.676662016563013,0.4196541417439305,-10.416055562586797,-1.2270264340936694,-15.257600097656251,381.0,458.0,381.0,467.0,2.237035070127438
59.54186735399752,-13.728180582110127,28.37399290986147,8.677467546125078,-0.0669946397961269,-11.737711141560114,-1.2181486013205345,-16.04800048828125,380.0,456.0,377.0,466.0,2.228512671177842
59.551867353997515,-13.784550840287842,28.456806293898985,8.681941694166158,-0.097709861718972,-12.22535090656163,-1.2095516426202413,-16.04800048828125,380.0,456.0,377.0,466.0,2.2145094113848462
59.56186735399751,-13.83942967254915,28.54030027303867,8.688824006242175,0.2093218756445993,-11.9243659805569,-1.2101357911403616,-16.04800048828125,380.0,455.0,373.0,464.0,2.2005613982738494
59.57186735399751,-13.890726022779557,28.62103921550684,8.694969280165028,-0.1786678752680406,-10.701660921138537,-1.2213886916742798,-16.04800048828125,380.0,455.0,373.0,464.0,2.1871496301470437
59.58186735399751,-13.925163706417118,28.67659758772689,8.698979970306336,0.2138726663929213,-10.343483999382386,-1.2297712219583397,-16.975999755859377,380.0,456.0,374.0,464.0,2.177919950475217
59.59186735399751,-13.977033323167728,28.762439367528334,8.710367845873828,0.1776994954118212,-9.975530612782162,-1.2426180280630652,-16.975999755859377,380.0,456.0,374.0,464.0,2.16362426285896
59.601867353997505,-14.008098533816684,28.81507106604137,8.715423181905294,0.1826453636217486,-8.75646352806791,-1.237874437621839,-16.975999755859377,380.0,458.0,374.0,463.0,2.1548711252955135
59.6118673539975,-14.058373946813507,28.902168051845784,8.731380868036672,1.2767696865620626,-9.665727805989471,-1.2452149824593963,-16.975999755859377,380.0,458.0,374.0,463.0,2.1405903705799494
59.6218673539975,-14.107471333135924,28.989952035755195,8.736126541421283,-0.8082636781403314,-9.631333207433462,-1.2568698332205717,-16.975999755859377,379.0,457.0,373.0,466.0,2.126246606946546
59.6318673539975,-14.1194287508408,29.027028956418796,8.633881613542778,0.0906308015111263,-11.85969422909064,-1.265882947511348,-16.975999755859377,379.0,457.0,373.0,466.0,2.1226463137505345
59.6418673539975,-14.16626006575332,29.11504051126596,8.644422630606005,0.2229323878565752,-10.227434571571784,-1.256429515977166,-17.900799560546872,379.0,459.0,371.0,462.0,2.1081197330717427
59.651867353997496,-14.211609605587071,29.20339507680238,8.652170841964269,0.0061370573554897,-12.279382830028007,-1.2637976935195174,-17.900799560546872,379.0,459.0,371.0,462.0,2.0936305851727632
59.66186735399749,-14.253889596167404,29.28895022776689,8.660858817213224,-0.013801972917253,-11.892590683125572,-1.269219035571443,-17.900799560546872,379.0,458.0,370.0,467.0,2.0796753137147075
59.67186735399749,-14.282077718998025,29.347813941660718,8.665306864778197,0.0647545418396788,-11.00184838823871,-1.2647211761744317,-17.900799560546872,379.0,458.0,370.0,467.0,2.0701493217327926
59.68186735399749,-14.32424259931926,29.43825724501385,8.677277243480685,0.7065290791784267,-10.105399029201344,-1.260838348490425,-18.77760009765625,379.0,459.0,372.0,468.0,2.055634846093077
59.69186735399749,-14.34939371780011,29.49359401122772,8.68219315218851,0.3075554201937632,-9.067902545552432,-1.2415769140886352,-18.77760009765625,379.0,459.0,372.0,468.0,2.046876100134289
59.701867353997486,-14.389945622455189,29.585258114260903,8.693577542846773,0.4344467251187075,-10.011431893321824,-1.2467171316716212,-18.77760009765625,379.0,457.0,370.0,468.0,2.032542483112766
59.711867353997484,-14.429309064549036,29.6773383889161,8.696694656244206,-0.3327020609624313,-7.370642007941938,-1.287518460898312,-18.77760009765625,379.0,457.0,370.0,468.0,2.0178801175752863
59.72186735399748,-14.45273718526756,29.73361912194437,8.703441303559012,0.8751367185739486,-11.654164215581966,-1.3169713914907273,-18.77760009765625,379.0,461.0,367.0,465.0,2.0087308866655684
59.73186735399748,-14.53431340711594,29.813682759301784,8.659396774475384,-1.0336312115220956,-12.475558531514816,-1.3254026309091602,-18.77760009765625,379.0,461.0,367.0,465.0,1.9943418007467966
59.74186735399748,-14.571468439000478,29.906325542594484,8.661769919143822,0.4019149896364448,-13.297055255145466,-1.3338826733853786,-19.6543994140625,378.0,462.0,370.0,467.0,1.9790095539199404
59.751867353997476,-14.593205376931513,29.962815539387595,8.665399797706046,-0.8306756703504733,-13.190980298516616,-1.3605345279995065,-19.6543994140625,378.0,462.0,370.0,467.0,1.9696611745549408
59.761867353997474,-14.627853172931822,30.05644406144974,8.671814294011604,0.8065608820023494,-9.848145969361546,-1.381890106657743,-19.6543994140625,378.0,465.0,375.0,470.0,1.953889511534874
59.77186735399747,-14.661399229570437,30.150929188648774,8.682473239463082,0.6975949035204707,-9.556159427692634,-1.4162277116299784,-19.6543994140625,378.0,465.0,375.0,470.0,1.9376570645940816
59.78186735399747,-14.680966024892966,30.208034509717685,8.68179557519271,-0.4638155170085219,-10.121626039576777,-1.4443602166392937,-20.511999511718752,378.0,465.0,377.0,472.0,1.9277246627586961
59.79186735399747,-14.71239296519914,30.30305375077788,8.68475126046051,0.1089990658979776,-12.770894723964831,-1.4458474032820223,-20.511999511718752,378.0,465.0,377.0,472.0,1.9110626081157898
59.801867353997466,-14.74233718475516,30.39820362109742,8.689196200441364,0.4681755855642008,-11.558844531228514,-1.4714492563609765,-20.511999511718752,375.0,463.0,375.0,473.0,1.8942153184038981
59.811867353997464,-14.769744002964886,30.489941637093043,8.69425083808456,0.3476126006165526,-12.595144924458223,-1.481963198061249,-20.511999511718752,375.0,463.0,375.0,473.0,1.8779511852423083
59.82186735399746,-14.787666330433938,30.55279594173747,8.698759077526715,0.4568745079989281,-11.63009248268756,-1.4959201290643993,-20.511999511718752,374.0,467.0,373.0,475.0,1.8667350427813947
59.83186735399746,-14.80003739125624,30.64783936544296,8.578376450158636,0.2527450004134829,-13.16531408863201,-1.522214461157215,-20.511999511718752,374.0,467.0,373.0,475.0,1.8405650159993707
59.84186735399746,-14.82203536108681,30.73937786478581,8.586968477561278,0.4012370154427351,-12.880530503520346,-1.5677929387803349,-21.33760009765625,372.0,468.0,376.0,477.0,1.8235326455891467
59.851867353997456,-14.83631472262393,30.80228717652365,8.590994386945441,0.1730093729193997,-11.752546004863095,-1.5925566110947638,-21.33760009765625,372.0,468.0,376.0,477.0,1.8116466902858663
59.861867353997454,-14.856845876559428,30.899003094582845,8.601242614961613,-0.1294737770028138,-12.72040022201284,-1.611421338264925,-21.33760009765625,371.0,473.0,376.0,478.0,1.7931464623829438
59.87186735399745,-14.868549355287191,30.958044938441045,8.601646254723171,-0.0093276432086026,-11.657636640337287,-1.6137424543332473,-21.33760009765625,371.0,473.0,376.0,478.0,1.7818579416556088
59.88186735399745,-14.886627605116365,31.05545937927152,8.607424760226348,0.3958500045208932,-10.846950563955378,-1.6102300870552289,-21.76,371.0,473.0,375.0,479.0,1.7633157000745383
59.89186735399745,-14.903253808223957,31.15293214962175,8.607738939336445,-0.2793097663592158,-10.675009740177902,-1.610104160844054,-21.76,371.0,473.0,375.0,479.0,1.7448024549958472
59.901867353997446,-14.91266510126314,31.212506360790297,8.610987281445114,-0.1046240913092967,-12.979336124853289,-1.600514915204441,-21.76,369.0,475.0,372.0,481.0,1.7335589337051318
59.911867353997444,-14.926769746311166,31.31056632885588,8.614076656161005,-0.0579864048381779,-12.79953489384012,-1.5945859825670796,-21.76,369.0,475.0,372.0,481.0,1.7151760211538905
59.92186735399744,-14.939109441126602,31.408948227788123,8.61711002140673,0.6899885512483301,-15.05644039453717,-1.5990591882467229,-21.76,370.0,474.0,371.0,481.0,1.696760280050616
59.93186735399744,-14.979719450777006,31.449230991040015,8.530894008704015,0.3842656360536859,-14.073367262463702,-1.582490771976057,-21.76,370.0,474.0,371.0,481.0,1.6912400649454353
59.94186735399744,-14.990710669648236,31.54692820719934,8.534946704115825,0.4879456942779413,-12.888998647823724,-1.5709900410804938,-21.94239990234375,371.0,475.0,374.0,480.0,1.6730669919586496
59.951867353997436,-14.999901215841003,31.644567245351546,8.540239011380354,-0.2414812667847121,-13.332385221225609,-1.5447422572267937,-21.94239990234375,371.0,475.0,374.0,480.0,1.6552649237337569
59.961867353997434,-15.00718167050933,31.73838966318508,8.54683998200325,0.7666255971630193,-12.19492154349192,-1.5395229987370789,-21.94239990234375,373.0,472.0,374.0,481.0,1.6382957359679557
59.97186735399743,-15.011247361002312,31.80222826383067,8.553183750718588,0.9311405291472652,-12.670989164488269,-1.521832911382353,-21.94239990234375,373.0,472.0,374.0,481.0,1.626884822021152
59.98186735399743,-15.016117433834268,31.900623820269782,8.561163817241134,0.8770736613002856,-12.932804233659189,-1.512070968437736,-21.590400390625,373.0,473.0,376.0,477.0,1.609444155316046
59.99186735399743,-15.019170358661702,31.994722628769843,8.565564898203661,0.8545782386847844,-12.737087272107994,-1.4901092546483314,-21.590400390625,373.0,473.0,376.0,477.0,1.5930188144821051
60.001867353997426,-15.020412982376586,32.05919020699664,8.570104644633336,0.3604721949373263,-13.227610401234989,-1.4821234321461594,-21.590400390625,375.0,473.0,376.0,473.0,1.5818775902935394
60.011867353997424,-15.020840329854623,32.15810840648347,8.578653153293,0.6595636500500055,-13.137460072836468,-1.4634947888673655,-21.590400390625,375.0,473.0,376.0,473.0,1.5648729972345883
60.02186735399742,-15.020258479699134,32.21773764018085,8.582009474822984,0.8769197392609583,-13.278936153055632,-1.4574906640608931,-21.590400390625,375.0,471.0,378.0,475.0,1.5547359789017905
60.03186735399742,-15.002364278113497,32.303632594263206,8.483990854588017,0.4771117295651541,-13.78184689410424,-1.4499966198792729,-21.590400390625,375.0,471.0,378.0,475.0,1.5437347527539231
60.04186735399742,-14.997914631662049,32.40165932034225,8.494084698994484,0.6820631663106715,-14.013383279009076,-1.4627876787954952,-21.10080078125,378.0,473.0,379.0,475.0,1.5268456345818322
60.051867353997416,-14.99220256508316,32.49453049023686,8.498927209667212,0.2063965140907646,-10.205072199483222,-1.468133866994404,-21.10080078125,378.0,473.0,379.0,475.0,1.5107785635175657
60.061867353997414,-14.98751431726467,32.55845705619371,8.512927410368611,1.872323856183319,-11.021231962529273,-1.4518397792534792,-21.10080078125,379.0,471.0,381.0,473.0,1.4997859906619622
60.07186735399741,-14.979138828631308,32.656305196183816,8.525559546108846,0.886462474598638,-10.741265865514704,-1.4290753782821526,-21.10080078125,379.0,471.0,381.0,473.0,1.4832822162230876
60.08186735399741,-14.973417657655611,32.71532390173006,8.533828673344676,1.264107308499364,-9.654603355379994,-1.4110085248513602,-21.10080078125,381.0,471.0,383.0,475.0,1.4734261352809068
60.09186735399741,-14.962884721657923,32.8132283493696,8.54730165395337,0.8296976292908611,-10.277951311476038,-1.4079116332288355,-21.10080078125,381.0,471.0,383.0,475.0,1.4571917000802734
60.101867353997406,-14.95088627571796,32.91120771243026,8.561936878049732,1.5924530558510863,-11.264598560958577,-1.417706118101418,-20.2943994140625,384.0,472.0,381.0,473.0,1.4409069866831765
60.111867353997404,-14.942849518629664,32.970303466462134,8.571399916223546,1.208035884812218,-13.991035010178376,-1.4166550576213657,-20.2943994140625,384.0,472.0,381.0,473.0,1.4310626122062884
60.1218673539974,-14.928024491953986,33.067993398166074,8.586789221580519,1.624664547681106,-13.931843615624624,-1.415849057685149,-20.2943994140625,385.0,475.0,384.0,471.0,1.414762238194911
60.1318673539974,-14.915719592351293,33.183613013594965,8.662159190517908,0.96969036398757,-12.99958354273524,-1.403578455781482,-19.3343994140625,387.0,474.0,388.0,474.0,1.396784403794789
60.1418673539974,-14.898375297927252,33.276982892869995,8.677458786689716,1.4283430051512096,-12.389009751436427,-1.3801498115537567,-19.3343994140625,387.0,474.0,388.0,474.0,1.381587401991519
60.151867353997396,-14.885663850405871,33.34088851653419,8.68791675510504,1.3207724419496782,-10.948365114289029,-1.3417335020556482,-19.3343994140625,389.0,474.0,389.0,475.0,1.3714429915674085
60.161867353997394,-14.865095493818863,33.43879295947628,8.701302620693705,1.5730491633463044,-10.15282117749254,-1.3170514229126302,-19.3343994140625,389.0,474.0,389.0,475.0,1.3561469532650254
60.17186735399739,-14.851867216309454,33.4984300162593,8.709753660370414,1.144523076753284,-10.607063377995049,-1.2904284909144188,-18.019200439453126,393.0,473.0,388.0,474.0,1.3470066057945933
60.18186735399739,-14.82899103415058,33.59613386921748,8.722916364132917,1.1942236562067443,-11.542881574453416,-1.2652141154976753,-18.019200439453126,393.0,473.0,388.0,474.0,1.3322950329020757
60.19186735399739,-14.804503991032762,33.69384172649083,8.737301391617663,1.2622336888565184,-11.758714005229583,-1.21131327387578,-18.019200439453126,394.0,470.0,390.0,473.0,1.318134048828731
60.201867353997386,-14.788955754408258,33.7525743950367,8.744347897968966,0.7548183443470634,-12.161239159682696,-1.154470725087405,-18.019200439453126,394.0,470.0,390.0,473.0,1.3099192453321225
60.211867353997384,-14.762025752024735,33.84965616147049,8.755322906542158,0.8774340165194014,-8.84805297758695,-1.1235463012991294,-18.019200439453126,398.0,470.0,391.0,472.0,1.296817673818176
60.22186735399738,-14.733956533268053,33.94655342742168,8.772937461902952,1.4931660486776837,-9.750562018940045,-1.128451249712252,-18.019200439453126,398.0,470.0,391.0,472.0,1.2838271321463552
60.23186735399738,-14.70849008199066,34.06387319155249,8.853164969437302,2.015198466605395,-10.26767524188666,-1.128872580159348,-16.655999755859376,402.0,473.0,397.0,469.0,1.282406096678109
60.24186735399738,-14.688969036578383,34.12748865220757,8.868282376733559,2.033582265701048,-12.692201281304389,-1.1320554186701963,-16.655999755859376,402.0,473.0,397.0,469.0,1.273936220321454
60.251867353997376,-14.657776743265968,34.2247838505921,8.889719767554471,1.5007658251663174,-11.057096662892056,-1.0949205794864856,-16.655999755859376,402.0,468.0,400.0,468.0,1.2612181138310987
60.261867353997374,-14.638212178985809,34.283402244952704,8.901203569244256,1.490779143783482,-9.913438570512266,-1.0475865544921967,-16.655999755859376,402.0,468.0,400.0,468.0,1.2537494610457947
60.27186735399737,-14.604717790020285,34.380619631750456,8.918610676725422,1.2902643542101055,-7.9299288938636785,-1.0198713492054878,-16.655999755859376,410.0,470.0,402.0,469.0,1.2418430589722622
60.28186735399737,-14.57012661599244,34.477383309866426,8.944271652274224,2.8179867363825006,-11.227743973986149,-0.9882590204490282,-16.655999755859376,410.0,470.0,402.0,469.0,1.2303323058884612
60.29186735399737,-14.535500083078269,34.569818807951684,8.964707532791326,2.095270065246936,-13.273797207875102,-0.975274578125019,-15.241600341796875,411.0,470.0,405.0,470.0,1.2195361425138183
60.301867353997366,-14.510922945953828,34.63265802019479,8.985099451355852,2.3789915009614977,-13.965350706585944,-0.9483659142694512,-15.241600341796875,411.0,470.0,405.0,470.0,1.212362085236895
60.311867353997364,-14.471808910507992,34.72842253001972,9.011458155258376,2.1867078947874474,-13.393332787032191,-0.9109900181424244,-15.241600341796875,411.0,468.0,408.0,470.0,1.2017447313189291
60.32186735399736,-14.447099889870776,34.78663115742745,9.02575878599274,1.9757116493626277,-10.55195179290426,-0.861955891690109,-15.241600341796875,411.0,468.0,408.0,470.0,1.1955261624417517
60.33186735399736,-14.366822641169628,34.88994904675258,9.10874613185878,2.05173025725919,-8.992439819975631,-0.8366313353271885,-13.94239990234375,411.0,466.0,413.0,469.0,1.1852783478336733
60.34186735399736,-14.322487692358578,34.98565646982184,9.137137406574846,2.1621503858705604,-7.855019921946779,-0.8092491327991195,-13.94239990234375,411.0,466.0,413.0,469.0,1.175814831366754
60.351867353997356,-14.279385456340934,35.07682465177046,9.167541212470674,2.4612708545927933,-6.063942224436853,-0.792415366665922,-13.94239990234375,416.0,469.0,415.0,468.0,1.1670685760798327
60.361867353997354,-14.249663215707246,35.13884015853037,9.190540661485596,2.755402412428109,-5.156988370651547,-0.7814712669422114,-13.94239990234375,416.0,469.0,415.0,468.0,1.1611999290251258
60.37186735399735,-14.203070957047771,35.234596820663775,9.231425479585392,3.230839990422937,-5.487394615771977,-0.7771703692930708,-12.899200439453125,422.0,472.0,421.0,468.0,1.152246102941188
60.38186735399735,-14.157842685343004,35.325799681027505,9.278874717360836,4.466117149098175,-6.983547628679488,-0.7657213346969676,-12.899200439453125,422.0,472.0,421.0,468.0,1.1437884230194317
60.39186735399735,-14.126284953357352,35.38823560874385,9.311262185942198,3.919132160340855,-8.044817497236092,-0.7553506200846711,-12.899200439453125,429.0,476.0,426.0,472.0,1.1380955698534743
60.401867353997346,-14.076922050182594,35.483936773819394,9.35821052000976,3.6447120392027386,-7.818176158545459,-0.7349025690669987,-12.899200439453125,429.0,476.0,426.0,472.0,1.1295653119210558
60.411867353997344,-14.046396090771244,35.54202385389897,9.387816071042453,4.278275513249557,-7.270069034068284,-0.714120424210988,-12.899200439453125,430.0,477.0,430.0,478.0,1.1244948367818879
60.42186735399734,-13.995347253835847,35.63766908531389,9.438785520240996,4.077030561124948,-5.607442111174707,-0.6979448903692385,-12.899200439453125,430.0,477.0,430.0,478.0,1.1163678247570104
60.43186735399734,-13.964853400679852,35.74087867924998,9.471988017485174,3.9620063073321656,-4.578695065545931,-0.6784456821861797,-11.84,436.0,480.0,436.0,479.0,1.1046995957839012
60.44186735399734,-13.932474347821197,35.80067333882284,9.50413631475921,4.222090719714916,-4.96724207337771,-0.6572663309940503,-11.84,436.0,480.0,436.0,479.0,1.0999030063122306
60.451867353997336,-13.880300200118391,35.895848750105614,9.554880527236884,4.578493067499182,-5.783692583497961,-0.6323202821028628,-11.84,445.0,480.0,440.0,480.0,1.0925732994195128
60.461867353997334,-13.82655704862343,35.99215943992502,9.61039694036042,4.694586373864727,-7.1047738979516994,-0.593030363044371,-11.84,445.0,480.0,440.0,480.0,1.085621744948234
60.47186735399733,-13.774025894693212,36.08446876941733,9.66184732017848,4.899108140676281,-7.063265651206419,-0.5628362568164933,-10.860799560546875,447.0,483.0,445.0,483.0,1.0793034212830124
60.48186735399733,-13.737723692702714,36.14733900055173,9.700001888138262,4.914102830918361,-6.148953824838343,-0.5418448522871839,-10.860799560546875,447.0,483.0,445.0,483.0,1.0752042084133553
60.49186735399733,-13.681042057110597,36.24439811795792,9.76189380644842,5.109958713564852,-4.523666799209408,-0.526041132460249,-10.860799560546875,452.0,486.0,450.0,485.0,1.069067894354539
60.501867353997326,-13.646130150611633,36.30368901893506,9.799751845508316,4.654709385335168,-3.696905880624826,-0.5176503573154895,-10.860799560546875,452.0,486.0,450.0,485.0,1.065388871560871
60.511867353997324,-13.58846418661195,36.40091745940188,9.859641746524392,5.329460520663604,-3.5884319195066525,-0.5161759726646822,-10.860799560546875,462.0,488.0,457.0,488.0,1.0594389899623162
60.52186735399732,-13.529772576756232,36.49888561245713,9.921873505613528,5.219134706333603,-3.8584534728084026,-0.5164739127201982,-10.860799560546875,462.0,488.0,457.0,488.0,1.053479010506219
60.53186735399732,-13.48998272785231,36.64121403685592,9.994133061432567,5.713264010407652,-3.8253994510675247,-0.5140642541727627,-9.92,471.0,495.0,462.0,496.0,1.0451051858049247
60.54186735399732,-13.451551877433385,36.70571350751951,10.036320354720738,5.524070182015018,-3.3632143578901315,-0.5099477323573602,-9.92,471.0,495.0,462.0,496.0,1.0412695482985495
60.55186735399732,-13.391690168154598,36.8053919235195,10.100479532958037,5.694193530211032,-3.9951616899694753,-0.5162216123206274,-9.92,474.0,500.0,467.0,501.0,1.0353428913677
60.561867353997314,-13.333728550736248,36.9008364154749,10.164263429443862,5.845791523115818,-4.813241216536731,-0.5054755394632304,-9.92,474.0,500.0,467.0,501.0,1.0297531062788365
60.57186735399731,-13.293847095749806,36.96580328333952,10.205798554541603,5.719404572804612,-5.645489734431348,-0.5019751512574,-9.92,479.0,504.0,472.0,505.0,1.0259874251557928
60.58186735399731,-13.23150208018364,37.06634153426575,10.271763132066768,5.475838663753586,-5.160019270945154,-0.5079627979221861,-9.92,479.0,504.0,472.0,505.0,1.0201578937042635
60.59186735399731,-13.193191150912908,37.12751367559808,10.310176486673551,5.594581994364953,-5.384302720546845,-0.5035264077087253,-9.177600097656251,484.0,509.0,478.0,508.0,1.0166233509809726
60.60186735399731,-13.12936258557963,37.22835181630551,10.37660064795944,5.6182286772385215,-5.3547356357747775,-0.4962615196011508,-9.177600097656251,484.0,509.0,478.0,508.0,1.010849516574307
60.611867353997305,-13.064424915893492,37.32961349198074,10.444265881308144,5.466671733566443,-5.145244268317214,-0.4999493131723502,-9.177600097656251,489.0,518.0,481.0,511.0,1.0051014601117496
60.6218673539973,-13.00197163242531,37.42599523959622,10.501275801249,4.867873596397583,-3.938235523853216,-0.4985275483377985,-9.177600097656251,489.0,518.0,481.0,511.0,0.9996287644813556
60.6318673539973,-12.950152024352564,37.47775264782225,10.446865045896564,4.963530009207796,-3.674853876506937,-0.5020488689834632,-8.454400024414063,496.0,522.0,490.0,518.0,0.9853013914558909
60.6418673539973,-12.882493709539016,37.57799087298821,10.507967978781224,5.072155883912837,-4.772708699308588,-0.4986196442805239,-8.454400024414063,496.0,522.0,490.0,518.0,0.9795460945070443
60.6518673539973,-12.840889327703962,37.63909921041382,10.547980633557778,5.272377127791389,-5.401130051742423,-0.4935294303466193,-8.454400024414063,502.0,528.0,497.0,526.0,0.9760769229906052
60.661867353997295,-12.771923576669291,37.73939081717722,10.612539340963028,5.494189733372825,-5.3832377416662185,-0.4871566819010988,-8.454400024414063,502.0,528.0,497.0,526.0,0.9704261279712126
60.67186735399729,-12.701690523105691,37.84018291644277,10.679536076773957,5.411879856780942,-5.473380323000494,-0.4862425335333664,-8.454400024414063,506.0,533.0,498.0,529.0,0.9648006717571685
60.68186735399729,-12.633729000022305,37.93655452079746,10.74243322919827,5.518426456371364,-4.866141457788267,-0.4876487054256459,-8.454400024414063,506.0,533.0,498.0,529.0,0.9594325223151045
60.69186735399729,-12.58661894126102,38.00278142756445,10.786394227170463,5.529146751042021,-4.379274982914546,-0.48999773625894,-7.881599731445313,512.0,539.0,504.0,534.0,0.9557444142531537
60.70186735399729,-12.51414889145708,38.10395485620298,10.85203271777828,4.972097402069671,-3.526661189529098,-0.4721769451176281,-7.881599731445313,512.0,539.0,504.0,534.0,0.950265830347269
60.711867353997285,-12.443991683588855,38.20121013556989,10.913037026269595,5.104321958574493,-2.980347091549561,-0.4613591324516492,-7.881599731445313,520.0,540.0,510.0,539.0,0.9451740321075048
60.72186735399728,-12.395741113416124,38.26775295433305,10.95522653911586,5.454954967954624,-2.9700328501145385,-0.457445570518883,-7.881599731445313,520.0,540.0,510.0,539.0,0.9417458097481985
60.73186735399728,-12.331388474075304,38.353108919959325,10.893178519025,4.722673931088855,-4.323539952883989,-0.4476818305424244,-7.22239990234375,526.0,548.0,514.0,542.0,0.9362500975704257
60.74186735399728,-12.286199598072995,38.41434291569716,10.92856426028591,5.254344595768845,-6.528069906204671,-0.4297615731422459,-7.22239990234375,526.0,548.0,514.0,542.0,0.9332010818657337
60.75186735399728,-12.210547144239362,38.51554229270444,10.990932944474803,5.264226787199371,-7.747240933064209,-0.4220293719223916,-7.22239990234375,532.0,552.0,520.0,548.0,0.9283002199300736
60.761867353997275,-12.13397035521571,38.61650799247205,11.051456078128904,5.383996152482712,-5.706231140822574,-0.412854445879897,-7.22239990234375,532.0,552.0,520.0,548.0,0.9235649534912376
60.77186735399727,-12.086698237705956,38.67835011367036,11.093390138865727,5.710590556732827,-3.714219469171459,-0.4099038490304439,-7.22239990234375,537.0,558.0,526.0,556.0,0.9207070333564031
60.78186735399727,-12.008507427208098,38.78005574455949,11.158446577182264,5.344454462325266,-3.5197666211419643,-0.4154906054924511,-7.22239990234375,537.0,558.0,526.0,556.0,0.915946183408467
60.79186735399727,-11.929779423471109,38.88183501302487,11.22428244490745,5.960274654052402,-2.8808366028678014,-0.4325676974976394,-6.6847998046875015,548.0,561.0,531.0,558.0,0.9110484394648489
60.80186735399727,-11.88134806677244,38.94409882380051,11.26703681720501,6.529103491883819,-5.372842025976272,-0.4377383586330834,-6.6847998046875015,548.0,561.0,531.0,558.0,0.908003762751316
60.811867353997265,-11.800709725599908,39.04676132922007,11.336433594381074,5.508748925458777,-6.19944982163596,-0.4380342695656585,-6.6847998046875015,550.0,565.0,536.0,564.0,0.902955605054114
60.82186735399726,-11.7188945081532,39.14951134786061,11.403733082046156,6.14857632529608,-6.221327179936508,-0.4376188283818851,-6.6847998046875015,550.0,565.0,536.0,564.0,0.8979291519207538
60.83186735399726,-11.66573390548157,39.189877030514445,11.3534519358795,5.585124340796118,-5.522356448443606,-0.4422855939663918,-6.246400146484375,550.0,576.0,541.0,568.0,0.8928210107969491
60.84186735399726,-11.582493096722652,39.29137962410719,11.416144419573495,5.295324012269192,-4.625075502281828,-0.439144121434133,-6.246400146484375,550.0,576.0,541.0,568.0,0.8877439955360694
60.85186735399726,-11.498214254551955,39.39341399081814,11.469330502408727,4.354449909437433,-3.111638922197178,-0.4356853958006087,-6.246400146484375,555.0,579.0,547.0,573.0,0.882670493509999
60.861867353997255,-11.447165933225032,39.4548990803263,11.501269839827147,4.564385733316223,-3.5534814175345217,-0.4324389156795546,-6.246400146484375,555.0,579.0,547.0,573.0,0.879615938167164
60.87186735399725,-11.361926406889824,39.55690433987398,11.558567642394058,5.279589278695485,-4.04338489129563,-0.4374206616070366,-6.246400146484375,563.0,584.0,555.0,579.0,0.874609182323204
60.88186735399725,-11.275613893430611,39.6592575076989,11.621372634068813,5.186855819741681,-4.956960010234333,-0.4334083326619848,-6.246400146484375,563.0,584.0,555.0,579.0,0.8696190182017781
60.89186735399725,-11.19271164369711,39.75647868849022,11.681724331570042,5.845362644220294,-5.097084142660817,-0.4208506944721674,-5.993599853515625,568.0,589.0,556.0,584.0,0.864969466005683
60.90186735399725,-11.135376285793692,39.823184215080985,11.724270813100192,5.666077724845134,-4.578115728641418,-0.4328062727387562,-5.993599853515625,568.0,589.0,556.0,584.0,0.8617215188738548
60.911867353997245,-11.046565651244766,39.92565469696963,11.789609753439684,5.556154164496113,-5.554108576125989,-0.4357959688995813,-5.993599853515625,573.0,591.0,562.0,589.0,0.8567265162327848
60.92186735399724,-10.960840102622177,40.023560642725805,11.852205096819588,5.853232284303012,-4.8233591300211724,-0.4367219375693697,-5.993599853515625,573.0,591.0,562.0,589.0,0.8519218947165439
60.93186735399724,-10.891820237007469,40.07015235672372,11.838976905887344,5.888539286643443,-4.955940959589412,-0.4372227861490068,-5.76,579.0,600.0,568.0,592.0,0.8481649666517577
60.94186735399724,-10.800189894555668,40.172043927486726,11.903599336043076,5.193401611798297,-5.502617512662834,-0.4361186414287043,-5.76,579.0,600.0,568.0,592.0,0.843118410026722
60.95186735399724,-10.71169770816924,40.26943472313078,11.959668275129658,4.523881121200104,-5.462577219799009,-0.4199300874861042,-5.76,583.0,604.0,572.0,597.0,0.8384224443637697
60.961867353997235,-10.651264521333012,40.33540237034346,11.991704868386728,4.134833073561396,-5.411666269193861,-0.408648687857538,-5.76,583.0,604.0,572.0,597.0,0.8353401134741902
60.97186735399723,-10.557133908165298,40.43730895532511,12.046282294254889,5.183115225257394,-4.490243299381303,-0.3841063848047194,-5.76,590.0,609.0,577.0,610.0,0.8308314088217317
60.98186735399723,-10.466430542015722,40.53468240205054,12.105513747182412,5.7318954735918455,-4.101076230277031,-0.3730959462057943,-5.76,590.0,609.0,577.0,610.0,0.8266879025738127
60.99186735399723,-10.404369682298617,40.60088439337961,12.148362470282304,5.625844623045519,-4.1495450766590025,-0.3825526243971681,-5.4879998779296875,599.0,612.0,582.0,615.0,0.823848008095177
61.00186735399723,-10.307627791428413,40.70344178559499,12.21729418246621,6.243608269698215,-4.929395663698176,-0.3943650543787828,-5.4879998779296875,599.0,612.0,582.0,615.0,0.8193521204562543
61.011867353997225,-10.21476815230164,40.80108049649875,12.28184194124856,5.910001138308011,-4.940688144009995,-0.3905621613175418,-5.4879998779296875,599.0,616.0,588.0,615.0,0.8150675812700697
61.02186735399722,-10.1510334517041,40.867554151277375,12.326829611007918,6.027599858371715,-6.166255040796658,-0.3879353775133725,-5.4879998779296875,599.0,616.0,588.0,615.0,0.8121775780501381
61.03186735399722,-10.055723828999216,40.963628361289366,12.372855868811838,6.295972413000346,-4.644447202512845,-0.3939951995614304,-5.270399780273437,606.0,625.0,595.0,620.0,0.8123867948048072
61.04186735399722,-9.96076242273368,41.06188096712202,12.429978013266089,4.357326288317162,-1.9929756422088107,-0.3868681543375051,-5.270399780273437,606.0,625.0,595.0,620.0,0.808085285326361
61.05186735399722,-9.895783798385676,41.12892547347479,12.465946322132933,4.719016112355726,-2.5099941435081328,-0.3764137023784495,-5.270399780273437,607.0,629.0,600.0,625.0,0.8052640715958752
61.061867353997215,-9.795349455500611,41.23224024459057,12.524506173164582,5.048211944718307,-2.491476720417013,-0.3661194702540939,-5.270399780273437,607.0,629.0,600.0,625.0,0.8010182487809382
61.07186735399721,-9.698816334116325,41.331171580533606,12.589423182085794,6.686296300240363,-3.8691198604620047,-0.3617821338429666,-5.270399780273437,614.0,635.0,608.0,630.0,0.7970387677060463
61.08186735399721,-9.632441928750607,41.39862656354493,12.636274570418475,6.172298943459381,-5.651400274050015,-0.3648057066432611,-5.270399780273437,614.0,635.0,608.0,630.0,0.7943114773091361
61.09186735399721,-9.529443156428346,41.50238794343981,12.707647841434229,5.762033124150415,-5.412825889378471,-0.3562944710867387,-5.033599853515625,620.0,646.0,612.0,633.0,0.7901782845324198
61.10186735399721,-9.466325905570269,41.56534217135102,12.752521620485828,6.755688936193747,-8.213863953970854,-0.3513120367076453,-5.033599853515625,620.0,646.0,612.0,633.0,0.7877348602827517
61.111867353997205,-9.361392914380994,41.6688624118048,12.82635826374201,5.90901952553741,-5.249062006720952,-0.3593141799940769,-5.033599853515625,623.0,655.0,619.0,640.0,0.7836506667776331
61.1218673539972,-9.255345836559984,41.77252337775941,12.88430899466593,5.042289447692949,-4.860077813851476,-0.351142606448144,-5.033599853515625,623.0,655.0,619.0,640.0,0.7795626687228324
61.1318673539972,-9.152382252594128,41.881570192552616,12.81731712368763,4.865036029598412,-4.526925145528774,-0.3580300803771821,-4.883200073242188,627.0,679.0,631.0,643.0,0.7779249264484646
61.1418673539972,-9.0831192602372,41.94868301695799,12.848023511305849,4.094053700003873,-3.683914359792994,-0.3612023428142781,-4.883200073242188,627.0,679.0,631.0,643.0,0.775228608543341
61.1518673539972,-8.97640942994222,42.05157939806587,12.906756266516537,5.226453356040368,-2.810926409128008,-0.3643975387060608,-4.883200073242188,631.0,679.0,656.0,650.0,0.7710636872024569
61.161867353997195,-8.8737690237201,42.15014961816817,12.959689556824507,5.117957489763284,-1.040967959745832,-0.368406758533376,-4.883200073242188,631.0,679.0,656.0,650.0,0.7670333947067014
61.17186735399719,-8.80314469523634,42.21792552304104,13.015453648097616,7.916402783027501,-0.5220699222066938,-0.3768944727631067,-4.883200073242188,637.0,688.0,680.0,656.0,0.7641988618677175
61.18186735399719,-8.6941995845405,42.322476762011306,13.085777417012302,4.894169654445301,-1.0488385352840963,-0.392321333518743,-4.883200073242188,637.0,688.0,680.0,656.0,0.7596416371681485
61.19186735399719,-8.590425672902784,42.42155887162346,13.139240079206814,5.744304612627763,-4.663188973692906,-0.361449983315507,-4.69760009765625,644.0,682.0,703.0,663.0,0.755574885270808
61.20186735399719,-8.518293546635944,42.489897666480935,13.187493545976734,6.7495838367506655,-5.1948531634480775,-0.3420619666131855,-4.69760009765625,644.0,682.0,703.0,663.0,0.7529643424994581
61.211867353997185,-8.406754724231758,42.594260760525216,13.27893856123582,8.72824005742649,-9.69124446588787,-0.291662891779762,-4.69760009765625,649.0,665.0,714.0,664.0,0.7494095478549949
61.22186735399718,-8.338666244340265,42.65718853868388,13.34354343326867,8.246602242621206,-7.701177318651188,-0.2469192710047092,-4.69760009765625,649.0,665.0,714.0,664.0,0.7475256193758678
61.23186735399718,-8.208741219021915,42.76604254510971,13.377639997362712,6.244588492860475,-6.453069288520936,-0.2320678971036472,-4.496000061035156,656.0,672.0,665.0,667.0,0.7435128056087306
61.24186735399718,-8.093530074614876,42.86996455889264,13.452678422424617,6.3918022857081525,-3.088577813654969,-0.2247086404885384,-4.496000061035156,656.0,672.0,665.0,667.0,0.7409119930838025
61.25186735399718,-7.983455641356147,42.96891647546911,13.524957525455267,6.578513244571964,-1.310488186877674,-0.2440464727917285,-4.496000061035156,666.0,676.0,662.0,677.0,0.7383005000730782
61.261867353997175,-7.907551049439665,43.03696401781997,13.576737333354169,6.86368145046691,-0.6565461434136709,-0.2432849943205985,-4.496000061035156,666.0,676.0,662.0,677.0,0.7364690687709085
61.27186735399717,-7.790356028871459,43.14138546237822,13.660876849740404,6.9396261940989294,-2.8871251100140003,-0.267365398590421,-4.496000061035156,679.0,681.0,669.0,682.0,0.7333991469001275
61.28186735399717,-7.718774936406291,43.2049989606074,13.706336757104276,6.651983969293239,-3.603684258402833,-0.2701741186518496,-4.496000061035156,679.0,681.0,669.0,682.0,0.731481960524003
61.29186735399717,-7.600111718457978,43.30987528888536,13.781682439575722,6.455503779849839,-4.425536601113884,-0.2724995497704626,-4.243200073242187,683.0,690.0,671.0,690.0,0.7283695864503734
61.30186735399717,-7.4804520787928945,43.4149124748431,13.850407465557169,6.298273982183674,-4.646396929368529,-0.2751542451207543,-4.243200073242187,683.0,690.0,671.0,690.0,0.7252248647133649
61.311867353997165,-7.365277597771215,43.515410848712655,13.912715359239108,5.254342782198695,-3.738817874418224,-0.2890246557265819,-4.243200073242187,683.0,700.0,673.0,697.0,0.7220782841736755
61.32186735399716,-7.286086033232503,43.584211223822166,13.944258784151376,3.851309554303951,-3.07277968922017,-0.2990783810119851,-4.243200073242187,683.0,700.0,673.0,697.0,0.7198523809896681
61.33186735399716,-7.15883247404628,43.6917539035173,14.007219118733364,4.512303342786825,-0.863096391866326,-0.3040517648443348,-4.022399902343751,686.0,701.0,677.0,698.0,0.7146659453206861
61.34186735399716,-7.084411520692566,43.75595837425551,14.035051070207512,4.54830702413215,-1.8042799028354224,-0.3119158705992066,-4.022399902343751,686.0,701.0,677.0,698.0,0.7124595313068797
61.35186735399716,-6.961916011982975,43.86136134386482,14.092086906644058,5.100506658223946,-2.764002972651081,-0.329641300426211,-4.022399902343751,691.0,706.0,680.0,703.0,0.7087871927006153
61.361867353997155,-6.837721627631637,43.96773152793949,14.151694456623078,5.323416275409752,-3.8492428433229273,-0.3354603992402009,-4.022399902343751,691.0,706.0,680.0,703.0,0.7049758332157768
61.37186735399715,-6.719177440647563,44.06851316844909,14.210957164852994,5.03605605230578,-5.532003457923885,-0.347618680815866,-4.022399902343751,695.0,710.0,684.0,707.0,0.701191145586222
61.38186735399715,-6.637356902986612,44.1375719663663,14.247732345280632,4.865439195298704,-5.99663457278108,-0.3530050946323457,-4.022399902343751,695.0,710.0,684.0,707.0,0.6985445699060358
61.39186735399715,-6.511570760357266,44.24300017803679,14.315027884964149,5.795384409428595,-3.609181380627168,-0.3628040922344804,-3.9072000122070314,701.0,714.0,691.0,711.0,0.6944326395350097
61.40186735399715,-6.428588817217345,44.312177137154606,14.353561720167916,5.151143552853196,-4.373440987417489,-0.3761957356189556,-3.9072000122070314,701.0,714.0,691.0,711.0,0.6916099959330873
61.411867353997145,-6.301096160318608,44.41779481366336,14.404406073249673,4.561007113932783,-4.725809199579491,-0.3808082787626466,-3.9072000122070314,707.0,720.0,695.0,716.0,0.6872633054268653
61.42186735399714,-6.162843199182436,44.52283591507556,14.4364830011161,3.810319107035568,-6.259235632526215,-0.3870820775017045,-3.9072000122070314,707.0,720.0,695.0,716.0,0.679258570555621
61.43186735399714,-6.084498372778507,44.58609766806406,14.465787316170852,3.986223441163228,-6.811199794251534,-0.3879468882650618,-3.84,709.0,725.0,699.0,724.0,0.6765557582668679
61.44186735399714,-5.960143566973197,44.68565929555399,14.514681017476844,4.615471835473711,-6.188902188144295,-0.3836019158614474,-3.84,709.0,725.0,699.0,724.0,0.6723252795071885
61.45186735399714,-5.822876968832308,44.79460036730955,14.56539774906166,3.964607475549181,-5.368819066195703,-0.3794283027842546,-3.84,711.0,729.0,700.0,727.0,0.6677434440780038
61.461867353997135,-5.743009087427766,44.85751553613052,14.590642351927608,3.292033133837657,-5.862957964761126,-0.3752507140821412,-3.84,711.0,729.0,700.0,727.0,0.6651162989684685
61.47186735399713,-5.609689859744896,44.96160498267021,14.633936728049072,4.333008625927146,-6.607358696946727,-0.3799527071046035,-3.84,713.0,731.0,704.0,730.0,0.6607616628569017
61.48186735399713,-5.476407383708962,45.06464804938011,14.670028518438308,2.745020937987563,-5.928967555206093,-0.3736653238072866,-3.84,713.0,731.0,704.0,730.0,0.6564284525869192
61.49186735399713,-5.395123864235044,45.127041541105214,14.686741077143145,2.209256891253786,-5.188878554849757,-0.3750208549033973,-3.84,713.0,734.0,706.0,730.0,0.6538360165194145
61.50186735399713,-5.260736729463138,45.22968267403792,14.70121262335545,0.7470272598215224,-3.018818999629352,-0.3794553151462672,-3.84,713.0,734.0,706.0,730.0,0.6494827746852151
61.511867353997125,-5.125718074275312,45.33216364229648,14.716862419483611,1.346921358860822,-4.397859346889488,-0.3827607722871242,-3.84,713.0,735.0,707.0,734.0,0.6450863709263172
61.52186735399712,-5.0439789453305774,45.39380678535858,14.726975660963015,1.6200808088355865,-5.764173190710099,-0.3930779439235042,-3.84,713.0,735.0,707.0,734.0,0.6423858982518879
61.53186735399712,-4.864285244127671,45.44386139237542,14.630629181803243,2.054992459755727,-5.723668121340538,-0.4112363030588048,-3.887999877929687,712.0,734.0,707.0,735.0,0.6349676242704445
61.54186735399712,-4.7266474613234815,45.54241116447391,14.647042479725943,0.7640825477606391,-8.939478616462775,-0.4421085348255865,-3.887999877929687,712.0,734.0,707.0,735.0,0.6299568957768574
61.55186735399712,-4.644056211817538,45.6009002764093,14.654289239961262,0.915003486357693,-7.8114259187316595,-0.4467769826611548,-3.887999877929687,708.0,732.0,707.0,735.0,0.6268698293524699
61.561867353997116,-4.505560408301439,45.69801857917319,14.659539991839829,0.0029778223965371,-7.713503679700371,-0.4642064029209143,-3.887999877929687,708.0,732.0,707.0,735.0,0.6215914838351553
61.57186735399711,-4.366977370119633,45.79400759153575,14.650850397032942,-1.1482785713951928,-7.066011579033822,-0.4716663208576518,-3.887999877929687,705.0,734.0,705.0,732.0,0.6162061164731084
61.58186735399711,-4.282952307136493,45.851691040166536,14.64200439741102,-1.6838812416132134,-5.943753988166495,-0.4787700174910867,-3.887999877929687,705.0,734.0,705.0,732.0,0.6128875362653842
61.59186735399711,-4.143624256302948,45.94669347968061,14.623190063014476,-1.3652129501844157,-3.968900557638552,-0.4736023152702682,-3.974400024414062,702.0,734.0,698.0,732.0,0.6074354093947305
61.60186735399711,-4.0036992824882525,46.04146388703232,14.608558507907349,-1.4555364063266674,-4.057205419190564,-0.4593873211237148,-3.974400024414062,702.0,734.0,698.0,732.0,0.6020618755128752
61.611867353997106,-3.9200705463013423,46.097740967368296,14.599695513750069,-1.025779060347497,-4.657195956071533,-0.4633465469708202,-3.974400024414062,700.0,731.0,691.0,731.0,0.5988539392144925
61.621867353997104,-3.780221578792763,46.19121194394264,14.580417955057705,-2.207967069051417,-5.820506677705029,-0.4689113023494111,-3.974400024414062,700.0,731.0,691.0,731.0,0.5934426499843487
61.6318673539971,-3.646986362789668,46.32256164609352,14.585236245220829,-1.910025599850744,-7.801147191611548,-0.4541638441083391,-4.073599853515625,701.0,729.0,692.0,729.0,0.595534897674087
61.6418673539971,-3.56241105448928,46.37927012195342,14.573843275504222,-1.782352395429241,-8.100312832985036,-0.4501346627590481,-4.073599853515625,701.0,729.0,692.0,729.0,0.592378643224629
61.6518673539971,-3.42290194779055,46.47168932908826,14.551724173473016,-1.7964203606253042,-8.22743798058326,-0.4440988105464257,-4.073599853515625,698.0,729.0,694.0,723.0,0.5872483142313384
61.661867353997096,-3.282908456323245,46.56305894514284,14.52790784994208,-2.116205797501664,-7.808741896934747,-0.4308347791974943,-4.073599853515625,698.0,729.0,694.0,723.0,0.5822435689598127
61.671867353997094,-3.197603726172747,46.61812769980068,14.518855891878072,-1.1835474832232775,-7.189976551541277,-0.4279073874368146,-4.073599853515625,694.0,726.0,695.0,724.0,0.5792429040286637
61.68186735399709,-3.05684095518647,46.70828747987243,14.51050008327755,-0.7602560516805591,-5.114780576538343,-0.4200235573183448,-4.073599853515625,694.0,726.0,695.0,724.0,0.5743640072280692
61.69186735399709,-2.916134158328793,46.79777627180575,14.501776674382896,-0.1020594039485249,-3.466701457661132,-0.4094298558011781,-4.140799865722657,691.0,722.0,694.0,723.0,0.5696674130540988
61.70186735399709,-2.830895849716013,46.851676821903816,14.501240581148949,-0.5358909171907912,-4.86917607915412,-0.4168873182413866,-4.140799865722657,691.0,722.0,694.0,723.0,0.5667824624183895
61.711867353997086,-2.6893492405924366,46.940400814881,14.48817762820803,-1.360312499636226,-6.0419329408491125,-0.4142288811948418,-4.140799865722657,691.0,717.0,691.0,717.0,0.5620024624936867
61.721867353997084,-2.547603151760612,47.02824380891041,14.472688843029577,-1.6879525246369211,-6.272980677946068,-0.4078404705514228,-4.140799865722657,691.0,717.0,691.0,717.0,0.5573036463710869
61.73186735399708,-2.4721066202796464,47.11536878025287,14.466562680542369,-2.958725180174851,-5.521226638463191,-0.407422976822875,-4.192000122070313,686.0,717.0,687.0,707.0,0.5611093327694721
61.74186735399708,-2.331123422831475,47.20341584105735,14.41702704815918,-5.731359454021364,-6.286318230749533,-0.4060712784935795,-4.192000122070313,686.0,717.0,687.0,707.0,0.5564121222730098
61.75186735399708,-2.1902605615319524,47.290350789421055,14.34399987697627,-7.510636011976127,-6.44552461294293,-0.3959101099975605,-4.192000122070313,684.0,706.0,678.0,696.0,0.5517823681489121
61.761867353997076,-2.1054747017185456,47.34228089963057,14.290438981260513,-8.18735274665923,-4.913339010790597,-0.38461437881952,-4.192000122070313,684.0,706.0,678.0,696.0,0.5490925723228577
61.771867353997074,-1.9657102297300504,47.427386665850186,14.18931262532769,-8.607010868634905,-3.0682349717859263,-0.3779858178690343,-4.192000122070313,674.0,696.0,662.0,696.0,0.5447120360421958
61.78186735399707,-1.8264548341269684,47.51156552720943,14.0920569173472,-8.204401097164848,-4.593483062491785,-0.3854845430947449,-4.192000122070313,674.0,696.0,662.0,696.0,0.5402925009896422
61.79186735399707,-1.7427486827578509,47.561773972253846,14.033313598227595,-8.35138874926696,-5.876611795248942,-0.3894109920348274,-4.207999877929687,657.0,696.0,662.0,692.0,0.5375789060848186
61.80186735399707,-1.6042230656897334,47.64404572971899,13.95000081728196,-6.7301791029405305,-6.844280018760658,-0.4053921836033792,-4.207999877929687,657.0,696.0,662.0,692.0,0.5329753365419666
61.811867353997066,-1.4667035316586472,47.72460654784877,13.854744950275355,-8.770680166456385,-8.071915622445152,-0.4357525407169187,-4.207999877929687,637.0,679.0,647.0,681.0,0.5280389101828654
61.821867353997064,-1.3832374598110553,47.77294007315701,13.799254034534808,-7.75157639135243,-7.157924405166254,-0.4638201151286559,-4.207999877929687,637.0,679.0,647.0,681.0,0.5248683268062279
61.83186735399706,-1.2301489565777666,47.821017244502656,13.530895713711814,-8.593802720459516,-7.070743981992713,-0.4934293693836254,-4.207999877929687,629.0,679.0,647.0,671.0,0.5135108934675962
61.84186735399706,-1.0943713709883585,47.895696780825865,13.440175812073834,-7.796740318794864,-7.110107109442484,-0.5081654137859732,-4.207999877929687,629.0,679.0,647.0,671.0,0.5077437996592262
61.85186735399706,-1.0122851040118226,47.94031277727584,13.38651083918276,-7.776597239694905,-7.87876636831326,-0.5095957207502875,-4.34239990234375,631.0,676.0,625.0,665.0,0.5042101475081794
61.861867353997056,-0.8773737349805392,48.01282570877268,13.299725396358358,-7.493061813540264,-5.875634249144318,-0.5162318612600643,-4.34239990234375,629.0,668.0,625.0,657.0,0.49825463626946226
61.871867353997054,-0.7427724755967469,48.08437438630387,13.213919893673646,-7.806809974375227,-5.424860646550412,-0.5156329320536857,-4.34239990234375,629.0,668.0,625.0,657.0,0.49227668157967386
61.88186735399705,-0.6616847144269962,48.12704275512262,13.158619482096862,-8.001968568406024,-6.4049988333100325,-0.5152901113580947,-4.428800048828125,612.0,660.0,602.0,649.0,0.48868745881948383
61.89186735399705,-0.5281814387022151,48.19648370614363,13.073464827779972,-6.71333654221344,-6.8386047297145005,-0.5234989459331837,-4.428800048828125,612.0,660.0,602.0,649.0,0.482664636698103
61.90186735399705,-0.3945802224379502,48.26497172884282,12.981450349284057,-8.026437644169333,-6.402765732199945,-0.5243762422614848,-4.428800048828125,598.0,653.0,602.0,639.0,0.47659706831645626
61.911867353997046,-0.3147186453373449,48.305465323331696,12.933464952857602,-7.125903167210964,-6.38194153878251,-0.5205914587262269,-4.428800048828125,598.0,653.0,602.0,639.0,0.47299590560004334
61.921867353997044,-0.1821667962665902,48.3718800698073,12.84214893535151,-8.891082544899891,-6.570224464088619,-0.5184775594014903,-4.496000061035156,593.0,646.0,590.0,626.0,0.4669551590221637
61.93186735399704,-0.0576797187275389,48.45753016239928,12.73766616408746,-7.749099866357637,-7.042049204200268,-0.5123399254683808,-4.496000061035156,593.0,646.0,590.0,626.0,0.46234884723097786
61.94186735399704,0.0216021958810309,48.49668670295025,12.681731105262982,-8.046455467517372,-7.028388667341,-0.4998389237612508,-4.496000061035156,589.0,638.0,583.0,621.0,0.4588352453154628
61.95186735399704,0.1520238557370471,48.5602777219641,12.581169939880168,-8.464015769565709,-6.273743501776349,-0.4943609109835952,-4.496000061035156,589.0,638.0,583.0,621.0,0.45313329942073266
61.961867353997036,0.2820128302986331,48.62276877148217,12.492692944764094,-7.779251529180897,-5.511240236280768,-0.4877382924349811,-4.496000061035156,581.0,628.0,579.0,616.0,0.44746488058942824
61.971867353997034,0.3605744964960887,48.66011853243476,12.437718208995497,-7.993423156165152,-5.923608874177355,-0.4774230345894371,-4.496000061035156,581.0,628.0,579.0,616.0,0.44409932353088805
61.98186735399703,0.4889819946251031,48.72048356497199,12.347735415725753,-7.621146209098586,-5.728494036913085,-0.4648225420453681,-4.444800109863281,569.0,619.0,577.0,607.0,0.43872132033881694
61.99186735399703,0.6173795069326761,48.779927018640656,12.260102876199646,-7.632051517879687,-6.097848637285889,-0.4563890092174388,-4.444800109863281,569.0,619.0,577.0,607.0,0.4334434317767035
62.00186735399703,0.6947112865570705,48.81531427282343,12.207748062331326,-7.540089506978244,-5.387489215708603,-0.4555207072051221,-4.444800109863281,563.0,611.0,576.0,607.0,0.4302900277186164
62.011867353997026,0.821976596824429,48.87282587629669,12.1208400271742,-7.625857618632481,-6.293943095773937,-0.4437446457111281,-4.444800109863281,563.0,611.0,576.0,607.0,0.42512889917244817
62.021867353997024,0.948569391671228,48.92925688586644,12.02778614600302,-7.79875313965824,-4.66616042699412,-0.4181045496131094,-4.3776000976562495,560.0,600.0,568.0,594.0,0.4202402059048933
62.03186735399702,1.049285758521829,48.96944002025812,11.973171644473863,-7.36693824170912,-4.104253571956896,-0.396192785461418,-4.3776000976562495,560.0,600.0,568.0,594.0,0.4213558591334571
62.04186735399702,1.1749769531132856,49.02461250894026,11.883870089592964,-8.044793920325608,-4.332955486691867,-0.3826903590882681,-4.3776000976562495,543.0,593.0,556.0,579.0,0.41684568988004184
62.05186735399702,1.29972936635799,49.07877740986611,11.787634109274636,-8.244977190697398,-3.791184141520929,-0.3730504512216335,-4.3776000976562495,543.0,593.0,556.0,579.0,0.4124922358775172
62.061867353997016,1.3745116302967717,49.11095843605479,11.731737010035635,-8.098670785728526,-4.088360150084851,-0.3636221344452504,-4.3776000976562495,530.0,580.0,546.0,566.0,0.40996532224299265
62.071867353997014,1.497709201804016,49.16355845640152,11.635398360209738,-8.202700148351218,-3.935491930506035,-0.3395473230616093,-4.3776000976562495,530.0,580.0,546.0,566.0,0.4059530105804244
62.08186735399701,1.6208547077973745,49.21559535356823,11.537694639979584,-8.34394264846907,-4.228622903872778,-0.3392015999772306,-4.310400085449219,509.0,571.0,541.0,554.0,0.40203700816588145
62.09186735399701,1.6943989088711149,49.24634100404458,11.476316822771768,-8.962699680098057,-4.428594933836225,-0.3317911404864024,-4.310400085449219,509.0,571.0,541.0,554.0,0.3997067113863753
62.10186735399701,1.8153680231937013,49.29639640461769,11.376940685866373,-8.866936584393423,-3.4809835473247666,-0.3269727581692467,-4.310400085449219,499.0,563.0,539.0,549.0,0.39590202817583475
62.111867353997006,1.936068450752713,49.34569095383605,11.280601900370852,-8.244872202531349,-4.73429092232354,-0.3248032637079911,-4.310400085449219,499.0,563.0,539.0,549.0,0.3921358890021099
62.121867353997004,2.008870198591291,49.37509367762252,11.218431964859365,-9.16266200173609,-3.886906582767248,-0.3225963361113249,-4.310400085449219,500.0,554.0,536.0,545.0,0.3898538918121815
62.131867353997,2.130396933720873,49.45819629517759,11.071736364923758,-8.853430483175286,-4.441526861048333,-0.3095609670269772,-4.310400085449219,500.0,554.0,536.0,545.0,0.38981723834307336
62.141867353997,2.2475625643330632,49.50601714400651,10.966340061157346,-9.277483422654868,-3.988746935888023,-0.294536750738891,-4.243200073242187,503.0,545.0,521.0,530.0,0.3863752633553197
62.151867353997,2.317746541008657,49.53445057926995,10.90438765305842,-8.940467113403272,-2.9637640058644563,-0.2826771858934718,-4.243200073242187,503.0,545.0,521.0,530.0,0.38440119536352096
62.161867353996996,2.4334816986774106,49.580955968799024,10.798138959316072,-9.561126951256416,-3.428363052622139,-0.2706502756934085,-4.243200073242187,497.0,535.0,508.0,517.0,0.38123066588112026
62.171867353996994,2.5480751985549115,49.62652086611426,10.70769003570669,-7.543470824109934,-3.463963934079093,-0.2665671153655454,-4.243200073242187,497.0,535.0,508.0,517.0,0.3781587160079906
62.18186735399699,2.617248831720396,49.65377735811536,10.667124351970406,-5.465600934474227,-3.967857022329165,-0.2705440842741818,-4.192000122070313,501.0,529.0,501.0,521.0,0.3762821353921473
62.19186735399699,2.7314279585396166,49.69827053237763,10.622521822016996,-3.581091977870253,-3.882910871862588,-0.2804810982427125,-4.192000122070313,501.0,529.0,501.0,521.0,0.37307932140481603
62.20186735399699,2.845289269582054,49.74200607995932,10.59432895868748,-1.7320835410817303,-5.2653997920891085,-0.2984085199187292,-4.192000122070313,509.0,529.0,506.0,526.0,0.36970944360155283
62.211867353996986,2.9141811415398338,49.76814149276116,10.588732567982833,-0.8150832697361801,-4.621114680734387,-0.3102391932392687,-4.192000122070313,509.0,529.0,506.0,526.0,0.3675502726970717
62.221867353996984,3.028609521113152,49.81103657456983,10.599951602496851,0.8271910430364773,-4.617824992178133,-0.3155036782423659,-4.192000122070313,516.0,532.0,506.0,524.0,0.3639034595444471
62.23186735399698,3.146520853149219,49.79407524010614,10.449309264244222,2.48485862568201,-2.9649306578949486,-0.3138797055018023,-4.192000122070313,516.0,532.0,506.0,524.0,0.354036257603208
62.24186735399698,3.21559725647149,49.8177756229714,10.468891893507587,2.655962018532206,-3.3542395512097225,-0.3132422391972899,-4.0895999145507815,518.0,535.0,506.0,527.0,0.35184129190650293
62.25186735399698,3.330075312949708,49.85671831041012,10.511621638445826,3.806173452699776,-3.9107538770618886,-0.318123442806219,-4.0895999145507815,518.0,535.0,506.0,527.0,0.348175822828812
62.261867353996976,3.445475639286013,49.89544565405959,10.579861130988856,6.163743940294596,-3.605763192767216,-0.3186938879251094,-4.0895999145507815,525.0,541.0,513.0,535.0,0.3445145875520664
62.271867353996974,3.51608250675231,49.91891487629671,10.632466383710824,7.442439557360255,-2.807218962471845,-0.3211525301821534,-4.0895999145507815,525.0,541.0,513.0,535.0,0.3422805102441079
62.28186735399697,3.632986421437652,49.95753845517623,10.72315059156164,7.938239450303941,-1.979923569147586,-0.3271993297780995,-4.057600097656249,534.0,548.0,531.0,546.0,0.3385665233615021
62.29186735399697,3.751198872059165,49.9962596728418,10.830612098078406,9.481483989703138,-3.290775026595353,-0.3246066964510554,-4.057600097656249,534.0,548.0,531.0,546.0,0.33480321833405113
62.30186735399697,3.823855900610026,50.019828996144525,10.899348388091871,9.858632993928898,-4.145250634096882,-0.3196943076296045,-4.057600097656249,545.0,559.0,564.0,563.0,0.3325570927539711
62.311867353996966,3.944084818749997,50.05848146982249,11.01232029258986,10.617918407517182,-3.262260691626147,-0.3113417893476938,-4.057600097656249,545.0,559.0,564.0,563.0,0.32896368474687016
62.321867353996964,4.0661688777835066,50.09734304792327,11.140171326977914,11.099110865186876,-2.7861102593713105,-0.2984546660133522,-4.022399902343751,556.0,570.0,592.0,584.0,0.3255200750547334
62.33186735399696,4.14044500441831,50.120833187541095,11.21744040423166,10.96544480483869,-1.6963989511897657,-0.2893473671631508,-4.022399902343751,556.0,570.0,592.0,584.0,0.32350018853935925
62.34186735399696,4.299701410290157,50.17523183286324,11.423319979626797,10.999392828830848,-2.2337920387377954,-0.2759182850255777,-4.022399902343751,573.0,583.0,604.0,604.0,0.3222570214921536
62.35186735399696,4.426358702415762,50.214967474355554,11.545919194624416,10.71523343567594,-2.744969776220855,-0.2692636902238129,-4.022399902343751,573.0,583.0,604.0,604.0,0.31911972165251906
62.361867353996956,4.503447604230706,50.239020440063534,11.61681998099578,10.142688162662084,-2.4361155140004933,-0.2591100783495551,-4.022399902343751,585.0,596.0,600.0,605.0,0.31731359252364894
62.371867353996954,4.632469290092248,50.27906399134892,11.736512316557596,10.95575696612977,-1.888340063879796,-0.2731002738028998,-4.022399902343751,585.0,596.0,600.0,605.0,0.31424690986375714
62.38186735399695,4.762534050867396,50.31927530448053,11.858009341211304,10.199017424008373,-1.4895343776169063,-0.2947863672071359,-4.16,602.0,607.0,590.0,612.0,0.31098127577573415
62.39186735399695,4.842024224284753,50.343718732198695,11.92971620021484,10.00490398126033,-2.405584169244692,-0.3002541030491435,-4.16,602.0,607.0,590.0,612.0,0.30891372826781427
62.40186735399695,4.974821547427549,50.38421390808812,12.03731743500687,8.533670833452122,-3.522777381494336,-0.3175088845091376,-4.16,621.0,607.0,588.0,605.0,0.30527829859549427
62.411867353996946,5.108316686874492,50.42442394975463,12.135405951080964,8.954574984906174,-3.5861395679943397,-0.3386129840093623,-4.16,621.0,607.0,588.0,605.0,0.30146655821670176
62.421867353996944,5.189703212167436,50.44869024557474,12.202151321704248,9.827149169978068,-4.829596072425175,-0.3593265564054896,-4.16,641.0,624.0,591.0,608.0,0.2990016027266313
62.43186735399694,5.325657599429883,50.48871399082578,12.307739636552148,8.72510636210209,-4.163471860443676,-0.3853518667082189,-4.16,641.0,624.0,591.0,608.0,0.29465288714727983
62.44186735399694,5.530647666264533,50.61575854462347,12.637560527209471,9.013071338863622,-4.8959961085514605,-0.408118683763801,-4.409599914550781,649.0,630.0,594.0,612.0,0.2918953822288144
62.45186735399694,5.615067148901593,50.64145119693902,12.700175123732055,8.967943268849893,-4.699673826331977,-0.405145119778182,-4.409599914550781,649.0,630.0,594.0,612.0,0.28911514951674877
62.46186735399694,5.756270813872585,50.68388781461997,12.797642180787552,8.213613255482061,-4.6635865656455975,-0.4187192046243585,-4.409599914550781,645.0,636.0,598.0,621.0,0.28434732914327987
62.471867353996934,5.898347545898564,50.72588217599054,12.894559862151969,8.642249966731562,-4.971449941867458,-0.423373385668963,-4.409599914550781,645.0,636.0,598.0,621.0,0.2794965404499291
62.48186735399693,5.984708220446472,50.751080396360464,12.949320896400677,8.106321335195387,-4.631885566185208,-0.4264666218291891,-4.713599853515625,643.0,643.0,604.0,632.0,0.2765427390344343
62.49186735399693,6.129079916624482,50.79265244582109,13.036679890071916,7.2604381283340444,-5.117018610466189,-0.4306741626133685,-4.713599853515625,643.0,643.0,604.0,632.0,0.2715783677958166
62.50186735399693,6.274256633667205,50.833701017713416,13.112354221569213,6.318095621294261,-5.172643713929507,-0.4332952629358783,-4.713599853515625,643.0,648.0,609.0,638.0,0.26654604968494816
62.51186735399693,6.3626102731363305,50.85829558478376,13.15932037214524,6.9620138398687645,-5.566089912126152,-0.4444683913315318,-4.713599853515625,643.0,648.0,609.0,638.0,0.2634599423718372
62.521867353996925,6.509708898799641,50.89856943077716,13.241357476066929,6.747371139499726,-6.176451148480372,-0.4630889111681933,-4.713599853515625,648.0,657.0,616.0,645.0,0.25823450783240864
62.53186735399692,6.660074159006563,50.92948718404988,13.293505085419492,6.673715714071268,-6.488631534494494,-0.4882020646799291,-4.713599853515625,648.0,657.0,616.0,645.0,0.24781933072923293
62.54186735399692,6.750840446523818,50.952873228515294,13.343030663158542,7.054344718702973,-6.240274906263634,-0.4934280756854854,-5.068800048828125,661.0,664.0,621.0,649.0,0.24436969017177756
62.55186735399692,6.900066346420838,50.99068495564359,13.420684758278972,6.611487670437799,-5.644491366206624,-0.49723969216576,-5.068800048828125,661.0,664.0,621.0,649.0,0.23867148734746735
62.56186735399692,7.050975229991318,51.028098082737166,13.4970638627227,6.540044673050421,-6.586609748907347,-0.5087792067468174,-5.068800048828125,673.0,668.0,626.0,659.0,0.2328752988207179
62.571867353996915,7.143337517553425,51.05054874196415,13.540792656579146,6.348056142373346,-6.964962664115904,-0.5156418989878592,-5.068800048828125,673.0,668.0,626.0,659.0,0.2292560054424033
62.58186735399691,7.294814229949705,51.08664553371795,13.609678482052733,5.420188462006684,-6.122367202596121,-0.5113866373161106,-5.388800048828125,670.0,670.0,630.0,666.0,0.22335090940090643
62.59186735399691,7.448007019640592,51.12218141912037,13.663673605246462,4.484816665235998,-6.8153696716250405,-0.5062345148952797,-5.388800048828125,670.0,670.0,630.0,666.0,0.2174931774754745
62.60186735399691,7.541046777997557,51.143343434522805,13.696202773715427,4.675686422202445,-6.247299662897882,-0.4974033848969507,-5.388800048828125,658.0,678.0,635.0,670.0,0.2140240846962919
62.61186735399691,7.694724373999248,51.17763700171614,13.748583060341344,4.796364827628996,-5.687399736529615,-0.4864156984504081,-5.388800048828125,658.0,678.0,635.0,670.0,0.20843413804358002
62.621867353996905,7.850884970542091,51.21167314210886,13.801622796205791,4.235396444985011,-6.506503562440792,-0.4839726908053762,-5.388800048828125,659.0,678.0,638.0,673.0,0.20281412650766495
62.6318673539969,7.963988740854506,51.29661789477085,13.876093863239287,4.4896473997590425,-6.809527603107138,-0.4825492560260192,-5.388800048828125,659.0,678.0,638.0,673.0,0.20380851860819277
62.6418673539969,8.120106313868607,51.33162653985909,13.92862469459078,4.923022950977312,-7.93813439062892,-0.480540439372284,-5.5903997802734375,664.0,683.0,643.0,674.0,0.19829442629471708
62.6518673539969,8.277692694105033,51.36588487838466,13.972741680274916,3.835019955287518,-7.48220575876331,-0.4806749229267179,-5.5903997802734375,664.0,683.0,643.0,674.0,0.19273750890983163
62.6618673539969,8.372957006011946,51.386150228650926,14.00127025319669,4.362382122079194,-5.966161242219027,-0.479818622070183,-5.5903997802734375,661.0,685.0,648.0,681.0,0.18939495731104874
62.671867353996895,8.530948298170395,51.419102861694896,14.037965802650591,2.7505142865493952,-5.968600528026523,-0.4738334177437265,-5.5903997802734375,661.0,685.0,648.0,681.0,0.18388389761413584
62.68186735399689,8.690297011937316,51.45138343106352,14.06847836026422,2.8154546177013247,-6.874949417098638,-0.4715316362780247,-5.5903997802734375,659.0,687.0,652.0,683.0,0.17846158590142952
62.69186735399689,8.786474730905066,51.47042129007664,14.087611618310737,2.99323021615124,-6.412141651170888,-0.4637303423123212,-5.5903997802734375,659.0,687.0,652.0,683.0,0.17522107220989344
62.70186735399689,8.945738141565045,51.50131860194441,14.11866264501593,2.798770273668676,-4.767175178646087,-0.4619281266958674,-5.5903997802734375,660.0,689.0,655.0,684.0,0.1699186892670244
62.71186735399689,9.106536400490306,51.53176647079723,14.14653522208648,2.2797405503477077,-6.188127326591948,-0.4594548401960202,-5.5903997802734375,660.0,689.0,655.0,684.0,0.16462030278805959
62.721867353996885,9.203167473132115,51.5496830502157,14.16172977676992,2.272764239675804,-5.797426638351335,-0.4619333031436419,-5.5903997802734375,665.0,691.0,658.0,683.0,0.16141896014168142
62.73186735399688,9.34965172722948,51.496703735896666,13.960054012899992,2.0633032938935667,-4.397451816876172,-0.4513431058026957,-5.5903997802734375,665.0,691.0,658.0,683.0,0.1469249810612295
62.74186735399688,9.509268825856394,51.521382822671086,13.98089080089104,1.6667033037712906,-5.135761961319237,-0.4402903677374779,-5.574400024414063,665.0,691.0,660.0,688.0,0.14176445188475886
62.75186735399688,9.605859289437484,51.53601253761089,13.99004974116924,1.3127486226640186,-5.112593406126192,-0.440823041084012,-5.574400024414063,665.0,691.0,660.0,688.0,0.13869000370712492
62.76186735399688,9.76511931528087,51.55951868874395,14.00232067322086,1.0313531414826236,-7.2585311434954845,-0.4344993472083653,-5.574400024414063,666.0,689.0,661.0,691.0,0.13368174750755898
62.771867353996875,9.924354917143022,51.58202524256515,13.995987675677048,-0.7624993148503756,-7.430028387397352,-0.4273434452613751,-5.574400024414063,666.0,689.0,661.0,691.0,0.12876005831680074
62.78186735399687,10.021350308285689,51.59531103254423,13.988584074525484,-1.3547762335019573,-6.272785487276419,-0.4150817512525058,-5.4879998779296875,662.0,688.0,659.0,687.0,0.12582790980859254
62.79186735399687,10.180785879692383,51.61650256917065,13.96117318376126,-2.753087519389734,-6.211717196304172,-0.4164099421206039,-5.4879998779296875,662.0,688.0,659.0,687.0,0.12104265612346715
62.80186735399687,10.339985649044328,51.63680145808406,13.917847720267428,-4.321104915229813,-6.303005952896696,-0.4123041149065923,-5.4879998779296875,656.0,679.0,655.0,678.0,0.11623879809225476
62.81186735399687,10.43573131840102,51.6486366328961,13.897022509502252,-3.027813483117382,-5.7737666591661485,-0.4101307295761043,-5.4879998779296875,656.0,679.0,655.0,678.0,0.11340157070513786
62.821867353996865,10.594494608325594,51.66772621858132,13.859843798610129,-3.427753653263321,-4.678712315251856,-0.3928694691474582,-5.4879998779296875,651.0,676.0,653.0,678.0,0.10880210855157883
62.83186735399686,10.741750369314234,51.69037618750272,13.752042642781175,-3.469657300222064,-4.1806325652829335,-0.3925253780026897,-5.4879998779296875,651.0,676.0,653.0,678.0,0.10892867490551629
62.84186735399686,10.8368680611995,51.7015807474911,13.727556824784507,-3.923791921122496,-4.763088060958512,-0.3982073707581269,-5.254400024414062,642.0,674.0,647.0,678.0,0.1061594001575613
62.85186735399686,10.993507333922784,51.719396810355775,13.68887838435573,-2.811504491279167,-5.523402131047382,-0.4005642694019173,-5.254400024414062,642.0,674.0,647.0,678.0,0.10152372797010313
62.86186735399686,11.149947948952509,51.73650535063671,13.654526874144942,-3.0753860266215054,-4.987363443771933,-0.3974621551588649,-5.254400024414062,637.0,667.0,646.0,669.0,0.09692192476217254
62.871867353996855,11.24398491716452,51.74649172631569,13.627599307113904,-4.071656789107811,-4.170954102763705,-0.4092410367413409,-5.254400024414062,637.0,667.0,646.0,669.0,0.09409354137382847
62.88186735399685,11.399463564467476,51.76254725951637,13.582271151301354,-3.8385655335110993,-5.302842519939862,-0.4169743340066683,-5.033599853515625,632.0,666.0,641.0,666.0,0.08934269148364121
62.89186735399685,11.55554121236232,51.7779347480409,13.535873863301743,-4.002862809395396,-6.063199143788672,-0.4204317433014168,-5.033599853515625,632.0,666.0,641.0,666.0,0.08443095748709008
62.90186735399685,11.648791163579231,51.78673415468768,13.50890093252726,-3.9598623742168506,-6.171359021255532,-0.4187326769118734,-5.033599853515625,635.0,661.0,633.0,661.0,0.0815243639649051
62.91186735399685,11.8029195912365,51.800614011833545,13.459986689080091,-4.149335007492422,-5.578714901109302,-0.4141123196805534,-5.033599853515625,635.0,661.0,633.0,661.0,0.07674784559074066
62.921867353996845,11.957487596006668,51.81383733749604,13.410646739716634,-4.241517024219713,-4.580571529217542,-0.4015380915620794,-5.033599853515625,631.0,661.0,625.0,657.0,0.07211346725894012
62.93186735399684,12.050251228269016,51.821502998727134,13.383293938669834,-3.891814650993223,-4.677068112133823,-0.4032957889189982,-5.033599853515625,631.0,661.0,625.0,657.0,0.06931767625802439
62.94186735399684,12.162944716853234,51.81463062221217,13.098079283151732,-3.643713480748878,-5.183178126351456,-0.3928065635304865,-4.832000122070313,629.0,655.0,617.0,654.0,0.06202247787096078
62.95186735399684,12.31272937207564,51.82496839387315,13.05418944150385,-3.696214781295012,-6.414930030906275,-0.4045218353993262,-4.832000122070313,629.0,655.0,617.0,654.0,0.05745272417988123
62.96186735399684,12.403365272815291,51.83082488560248,13.023705870997716,-4.641916023582719,-6.179813390950423,-0.416918078669134,-4.832000122070313,621.0,652.0,615.0,651.0,0.05456294765188652
62.971867353996835,12.55258726498512,51.83983648403224,12.975055256736091,-3.666033856536321,-5.960680304967656,-0.4302434773299247,-4.832000122070313,621.0,652.0,615.0,651.0,0.049669703854532656
62.98186735399683,12.701173567503789,51.84797797408317,12.932227637813428,-4.3610165544558,-6.511921939452929,-0.4387863448448645,-4.646400146484375,619.0,649.0,616.0,646.0,0.044638540978652
62.99186735399683,12.791563859341066,51.852503983081206,12.904335711182368,-3.615119330161291,-6.430924016540074,-0.444980406891437,-4.646400146484375,619.0,649.0,616.0,646.0,0.0415341241575639
63.00186735399683,12.93954488060913,51.85919469843625,12.86851723366632,-3.0542444682311407,-6.883711516393302,-0.4457120952607962,-4.646400146484375,614.0,644.0,611.0,643.0,0.03642488581514347
63.01186735399683,13.087331932870296,51.86500328710472,12.836282921017126,-2.6188646931118016,-5.538266783555517,-0.4445558764873353,-4.646400146484375,614.0,644.0,611.0,643.0,0.03133648421503406
63.021867353996825,13.176402465756729,51.868164199452416,12.81553334410726,-2.9884530281596176,-4.764045866012667,-0.4396618929384288,-4.646400146484375,611.0,642.0,608.0,642.0,0.02826620125519758
63.03186735399682,13.323571764866204,51.87286782887524,12.785662822989751,-2.645902352315758,-5.360263714482636,-0.4434839275315802,-4.646400146484375,611.0,642.0,608.0,642.0,0.023225511873775265
63.04186735399682,13.45131289118734,51.850481903233984,12.566839815029027,-2.5819174823743807,-5.255070843328451,-0.4408074935092256,-4.527999877929687,604.0,638.0,602.0,638.0,0.0158329886682303
63.05186735399682,13.538418655399129,51.85182200733115,12.5493740155129,-2.581438126277019,-6.337302932248289,-0.4434587537883935,-4.527999877929687,604.0,638.0,602.0,638.0,0.01278413590245967
63.06186735399682,13.682696368199217,51.853385062235056,12.516956600232916,-2.5041820315749344,-5.803968322327242,-0.4525592084903621,-4.527999877929687,603.0,635.0,599.0,634.0,0.007593113607001202
63.071867353996815,13.8264810917769,51.85417475052507,12.487807748754893,-2.7318870772034773,-6.699501515319659,-0.4674786455756915,-4.527999877929687,603.0,635.0,599.0,634.0,0.0022486442788685447
63.08186735399681,13.913257443102133,51.85423671032437,12.466985502883736,-3.097126208306553,-6.185386008098381,-0.4683830526715976,-4.595199890136719,601.0,633.0,597.0,630.0,-0.0010053837681672669
63.09186735399681,14.056756277672685,51.85361149966255,12.437887004748958,-2.060673150569725,-7.334069818403849,-0.4751441373336263,-4.595199890136719,601.0,633.0,597.0,630.0,-0.006466034777546512
63.10186735399681,14.199758101456572,51.85202509013458,12.415354097053,-1.8466474283946173,-7.13715964522552,-0.478978803159816,-4.595199890136719,599.0,632.0,596.0,631.0,-0.011942007868166833
63.11186735399681,14.28593281524037,51.850625412538655,12.4028675011789,-1.968399839988222,-6.957025260541462,-0.488207317295494,-4.595199890136719,599.0,632.0,596.0,631.0,-0.015310325014610613
63.121867353996805,14.428880517537513,51.84761740424658,12.38532733444676,-1.370343452180707,-6.199552456288736,-0.505866698456091,-4.595199890136719,598.0,630.0,595.0,632.0,-0.02105647113882604
63.1318673539968,14.56906929103034,51.82949876019104,12.332240973353816,-1.3509133157674538,-6.420742137511827,-0.4993354187545701,-4.595199890136719,598.0,630.0,595.0,632.0,-0.02478174936315061
63.1418673539968,14.6548050469728,51.8265831952403,12.323694977760946,-1.4632427654462543,-6.70271684638896,-0.5060855730774708,-4.729599914550781,592.0,628.0,592.0,629.0,-0.028283500729239297
63.1518673539968,14.796469873595052,51.821065246696485,12.31128867890262,-0.8402283516426072,-6.494364869957575,-0.5153543685973453,-4.729599914550781,592.0,628.0,592.0,629.0,-0.034179586905100555
63.1618673539968,14.93791055297142,51.81464931363527,12.296976973666805,-1.126686699576143,-7.3921506296888095,-0.5363894945766047,-4.729599914550781,591.0,629.0,587.0,627.0,-0.04026626495538074
63.171867353996795,15.023945785215227,51.81028110830894,12.28907955994293,-1.1537495861418106,-7.11563678179865,-0.5519901529555017,-4.729599914550781,591.0,629.0,587.0,627.0,-0.04409413332170929
63.18186735399679,15.16421006177243,51.80238401937883,12.278916219762436,-1.1145934917581148,-7.016934501055241,-0.5652430496272463,-5.017600097656249,589.0,626.0,586.0,625.0,-0.05051632602359006
63.19186735399679,15.305814059595926,51.79342227336017,12.27262425631385,-0.7635837418172393,-7.704557435255396,-0.5728980517809296,-5.017600097656249,589.0,626.0,586.0,625.0,-0.05706263161319164
63.20186735399679,15.390921908428671,51.78755670741465,12.271857826716587,0.0686347544545811,-7.370907640582946,-0.5779250287478553,-5.017600097656249,590.0,626.0,587.0,628.0,-0.06105986713949967
63.21186735399679,15.532469146245315,51.77700669491614,12.270338262038162,-0.12664980446638,-7.23868950094062,-0.5947006699797522,-5.017600097656249,590.0,626.0,587.0,628.0,-0.06789781689642589
63.221867353996785,15.67282523164235,51.765565239195375,12.27624453128946,0.8755839933555575,-7.898484351584821,-0.6066647521043346,-5.017600097656249,591.0,627.0,586.0,630.0,-0.07483059693577752
63.23186735399678,15.78319894266598,51.76721196614601,12.297423997367869,0.5977223838913842,-8.24771879420766,-0.6169981663087573,-5.017600097656249,591.0,627.0,586.0,630.0,-0.07797004818300089
63.24186735399678,15.923758632851731,51.754491596440985,12.3060252655766,1.0435161702871658,-7.7360226328172175,-0.6192346508335708,-5.44,589.0,627.0,587.0,630.0,-0.08506532654094423
63.25186735399678,16.06550198888647,51.74059154096006,12.319162113426028,0.905820211094002,-8.748016381113498,-0.6359096012691869,-5.44,589.0,627.0,587.0,630.0,-0.0923729720579453
63.26186735399678,16.150864278784717,51.73167578662266,12.328803862989878,1.2491721198093733,-8.40752819653455,-0.6491074222173808,-5.44,590.0,629.0,587.0,631.0,-0.09687893676582456
63.271867353996775,16.291737059381262,51.716093000355535,12.354240750242328,2.323663759271629,-7.897196377796984,-0.663335143535172,-5.44,590.0,629.0,587.0,631.0,-0.10439989833626881
63.28186735399677,16.4336969633255,51.69936401666208,12.379014029528603,2.124241627458815,-7.276651056570225,-0.6723609138771273,-6.060800170898438,595.0,633.0,590.0,634.0,-0.11214854978981802
63.29186735399677,16.519781854552367,51.688717624372686,12.39378945242338,2.1072086247851725,-8.049204756436778,-0.6708784142759444,-6.060800170898438,595.0,633.0,590.0,634.0,-0.11682719484965903
63.30186735399677,16.660852231433555,51.67031763704921,12.424745384967338,2.3041058070299365,-9.044464102825238,-0.6783174733347247,-6.060800170898438,596.0,635.0,593.0,643.0,-0.12458014707779787
63.31186735399677,16.803284331858745,51.65053912981613,12.452617125560746,2.413894608564981,-9.204168140391369,-0.6903953352772727,-6.060800170898438,596.0,635.0,593.0,643.0,-0.13253058413575228
63.321867353996765,16.889276646934142,51.6380402232823,12.471754681245184,2.36832158141715,-8.313852885658797,-0.6985579694731023,-6.060800170898438,599.0,637.0,595.0,644.0,-0.13738617864433555
63.33186735399676,17.07971458587909,51.61255625193647,12.65310253436733,2.025525424858844,-8.096298933979016,-0.706306580388715,-6.060800170898438,599.0,637.0,595.0,644.0,-0.14555187854549337
63.34186735399676,17.22432104282948,51.58956399829168,12.683045740678072,2.4073147897109517,-8.20606115256061,-0.7183974631382237,-6.700800170898438,600.0,642.0,595.0,644.0,-0.1538665007769462
63.35186735399676,17.311813820908114,51.57505660896416,12.700164585292036,2.2193409677580567,-8.299639326772365,-0.7379117799894536,-6.700800170898438,600.0,642.0,595.0,644.0,-0.15898175464829925
63.36186735399676,17.455424809564143,51.55035261177538,12.719573243887565,2.0224368173555742,-8.29791182331865,-0.7447313298586806,-6.700800170898438,601.0,643.0,595.0,643.0,-0.16749421857130758
63.371867353996755,17.600153925599,51.52428287790073,12.740671752536684,1.6299590018399952,-8.654361850144928,-0.7586192666688704,-6.700800170898438,601.0,643.0,595.0,643.0,-0.17624574662245834
63.38186735399675,17.687553610686702,51.50800219614811,12.751718667303734,1.6091932320134157,-7.540390925790983,-0.7562509954994062,-7.443200073242188,602.0,646.0,594.0,647.0,-0.18153015424264568
63.39186735399675,17.83151609773602,51.480164373742205,12.771800183748628,2.004381958520044,-10.130954211990586,-0.7564813886765642,-7.443200073242188,602.0,646.0,594.0,647.0,-0.1901770063399516
63.40186735399675,17.976596495077473,51.450770750340986,12.796646922725918,2.057511708212429,-10.099658128032337,-0.7639485656902923,-7.443200073242188,602.0,646.0,594.0,652.0,-0.1990118648351528
63.41186735399675,18.06367863133696,51.43246129151079,12.812499680076536,2.2000379504377734,-10.563578713571635,-0.769230101038503,-7.443200073242188,602.0,646.0,594.0,652.0,-0.20435148879859955
63.421867353996745,18.20764631254016,51.40109101571967,12.83173170006082,1.0174517375605556,-9.242461392787844,-0.7834939795667415,-7.443200073242188,603.0,646.0,596.0,651.0,-0.21329347659233738
63.43186735399674,18.37831124040332,51.37753357225595,12.915544127290936,1.770429147631435,-9.290511719824895,-0.7958142600233632,-7.443200073242188,603.0,646.0,596.0,651.0,-0.21902330292226024
63.44186735399674,18.46628433007992,51.35750114496378,12.924274337111203,0.8107415903123697,-9.108848424508754,-0.8054759060445563,-8.150399780273437,601.0,651.0,596.0,651.0,-0.22462248943385285
63.45186735399674,18.6108745732781,51.32357637246458,12.93977297598768,1.482850377869792,-8.90764285067009,-0.8075095997585774,-8.150399780273437,601.0,651.0,596.0,651.0,-0.2338960512099598
63.46186735399674,18.756351595273284,51.288199255782565,12.949600614167796,0.6288504840368984,-9.213506936212138,-0.7975417867205422,-8.150399780273437,601.0,651.0,596.0,650.0,-0.24319874578847
63.471867353996736,18.84365368883208,51.26635115288239,12.9560655296678,1.1491529018499114,-9.302753203386644,-0.7934290910928553,-8.150399780273437,601.0,651.0,596.0,650.0,-0.248717033336341
63.48186735399673,18.987925174602918,51.22922960884851,12.96873409464687,1.2977303806551836,-9.368622123430224,-0.772423837145864,-8.72320007324219,602.0,652.0,595.0,655.0,-0.2576986421008547
63.49186735399673,19.132927138638298,51.19056648015597,12.98148120264245,1.294311949897882,-9.409166989279312,-0.7719688458935603,-8.72320007324219,602.0,652.0,595.0,655.0,-0.26663236916664346
63.50186735399673,19.220066749379548,51.16667041454932,12.991332480671586,1.1728310147505,-9.578851415432627,-0.7795683250411004,-8.72320007324219,603.0,651.0,595.0,655.0,-0.2720486802915964
63.51186735399673,19.364370237520955,51.12601164729588,13.011832110501704,1.80659952844278,-10.505291301332432,-0.7976011792828392,-8.72320007324219,603.0,651.0,595.0,655.0,-0.28119376164412463
63.521867353996726,19.508508594660984,51.08407718152914,13.030344345244943,1.9972103391520648,-8.786274866523527,-0.8044721437934292,-8.72320007324219,605.0,653.0,598.0,654.0,-0.2904527070745432
63.531867353996724,19.62523246168854,51.10911486871329,13.094831970771155,2.0395167896722133,-8.411583586144813,-0.808432110880789,-8.72320007324219,605.0,653.0,598.0,654.0,-0.28943009929479524
63.54186735399672,19.77056873396397,51.06763834585443,13.109444170733932,1.387069535528195,-8.969445982085464,-0.7975559277851382,-9.193599853515625,605.0,655.0,601.0,654.0,-0.2987141485088132
63.55186735399672,19.91558845058403,51.02487349037014,13.12371492911872,1.2613053623274333,-10.444465369587906,-0.7860814669980002,-9.193599853515625,605.0,655.0,601.0,654.0,-0.30784369609800155
63.56186735399672,20.00294351894144,50.99841056166893,13.13001533892665,0.9517139369527606,-10.796214521783329,-0.7769283888039278,-9.193599853515625,606.0,657.0,601.0,655.0,-0.3132537050561093
63.571867353996716,20.14715255071193,50.953474853994365,13.145848052351475,1.4838953450502674,-11.327111799261017,-0.7687232151690953,-9.193599853515625,606.0,657.0,601.0,655.0,-0.32213295020991894
63.581867353996714,20.29228024249601,50.90670858778267,13.168397428442674,2.074294114388435,-10.1782059911806,-0.7758173701298487,-9.193599853515625,607.0,659.0,603.0,658.0,-0.33105837938659954
63.59186735399671,20.379479208167748,50.87798322668797,13.184034555990085,2.397430900783424,-8.99787685640688,-0.7754460415146112,-9.379199829101562,612.0,657.0,606.0,658.0,-0.33643569889954156
63.60186735399671,20.522902696089805,50.82969372872443,13.208767977065325,1.9220905544463864,-8.733858160741967,-0.7859176701290518,-9.379199829101562,612.0,657.0,606.0,658.0,-0.34538501415608464
63.61186735399671,20.66750588650315,50.77986742116816,13.232345164657442,2.331803010832498,-7.862569072695748,-0.7898993783568875,-9.379199829101562,612.0,657.0,606.0,658.0,-0.3544987765083971
63.621867353996706,20.754341318137094,50.74937186149795,13.245188950830206,2.1132897800940613,-8.521464882100018,-0.7802370965472817,-9.379199829101562,613.0,657.0,608.0,659.0,-0.35993590087695854
63.631867353996704,20.892942014116453,50.69025067295039,13.203135527403054,1.804643782641664,-9.284259910659884,-0.7746852344395949,-9.430399780273437,614.0,661.0,610.0,658.0,-0.3732285424955783
63.6418673539967,21.035544423371647,50.63701473150028,13.222204597659468,1.871482974621312,-10.23572152887252,-0.7464239038797534,-9.430399780273437,614.0,661.0,610.0,658.0,-0.38189150055355314
63.6518673539967,21.121462414874756,50.60425393694674,13.234300615662542,1.8918413752587653,-9.671070273667496,-0.7225421455818504,-9.430399780273437,617.0,662.0,612.0,661.0,-0.3869488512091667
63.6618673539967,21.264085578215692,50.54872208114787,13.258445040382902,2.443096857019756,-9.890207374509654,-0.6996378782705883,-9.430399780273437,617.0,662.0,612.0,661.0,-0.3951256092643027
63.671867353996696,21.405793628399284,50.49216192672603,13.287090357488864,2.76564957011023,-9.5040719021492,-0.6898284970339905,-9.126400146484375,621.0,662.0,615.0,662.0,-0.40306049632521435
63.681867353996694,21.491835420830206,50.45711764774555,13.305277836157394,2.8119674174151363,-10.424142340436592,-0.6730242101097934,-9.126400146484375,621.0,662.0,615.0,662.0,-0.40779794764935234
63.69186735399669,21.63326250222256,50.39840619720892,13.336302855300342,3.12418832000421,-10.00428132733097,-0.6553471752894502,-9.126400146484375,625.0,662.0,621.0,663.0,-0.41541632086351415
63.70186735399669,21.77542079749392,50.33799809408781,13.374170793297012,3.3206402948905493,-9.209831061673588,-0.6370885730233463,-9.126400146484375,625.0,662.0,621.0,663.0,-0.4228526766199686
63.71186735399669,21.860917447590964,50.30104588803253,13.39908742714948,3.874736298555764,-8.677138804044796,-0.6220802040253622,-9.126400146484375,628.0,665.0,624.0,664.0,-0.4271821592682574
63.721867353996686,22.00285464484684,50.23885279874679,13.447614007796032,5.11575743857424,-7.087324687699246,-0.6184867841005189,-9.126400146484375,628.0,665.0,624.0,664.0,-0.4343345759174879
63.731867353996684,22.135506087817124,50.15162429075425,13.460365842818003,4.998054736992398,-6.279295700475282,-0.6000315901007363,-8.64,638.0,668.0,632.0,666.0,-0.43998847119424556
63.74186735399668,22.22123792857219,50.11252169003669,13.496090185433214,5.15778741509841,-6.41044934347753,-0.5898964330288327,-8.64,638.0,668.0,632.0,666.0,-0.44412387284831734
63.75186735399668,22.362524250597755,50.047203047292,13.556015747972117,5.559649486777408,-7.374409011341093,-0.5598242586775153,-8.64,647.0,674.0,637.0,676.0,-0.45072797412261184
63.76186735399668,22.504474825850817,49.98051993598531,13.621931980805016,6.064381410468605,-6.15430009887449,-0.5407402900329182,-8.64,647.0,674.0,637.0,676.0,-0.45703473697015856
63.771867353996676,22.590094402278183,49.9398219885074,13.661445631554324,5.825076910918506,-6.799263460800886,-0.5287299874232545,-7.980800170898438,655.0,678.0,644.0,679.0,-0.4607133329435205
63.781867353996674,22.732173748722264,49.87144646841401,13.724161505369196,5.38272314340362,-6.849160743676249,-0.5009308089127343,-7.980800170898438,655.0,678.0,644.0,679.0,-0.46655444648218675
63.79186735399667,22.874768708420703,49.80169522353127,13.792406963161016,6.270552498038445,-8.561497286678305,-0.4767164101463526,-7.980800170898438,659.0,679.0,651.0,682.0,-0.47214814955391626
63.80186735399667,22.961180808451253,49.7588906714499,13.838269078891182,6.8221921913102,-6.988983292364764,-0.4691216052731138,-7.980800170898438,659.0,679.0,651.0,682.0,-0.4754277992670447
63.81186735399667,23.104323240101017,49.687310726528,13.909968375129669,5.907174589897119,-4.063685515316099,-0.4478216640697114,-7.980800170898438,667.0,686.0,657.0,681.0,-0.48064344093243677
63.821867353996666,23.24816890662113,49.61472182068409,13.978106192766148,6.394217097284202,-4.592470592897183,-0.4237471848947127,-7.980800170898438,667.0,686.0,657.0,681.0,-0.48560941436040794
63.831867353996664,23.335103945479656,49.57051212110129,14.021002075154003,6.0695336027346976,-4.653337042566046,-0.4075780546524881,-7.206400146484375,676.0,692.0,665.0,688.0,-0.48846965064531184
63.84186735399666,23.45574478510719,49.46583801415922,14.007770537841632,6.767037301718881,-5.334768600016846,-0.3797607425945119,-7.206400146484375,676.0,692.0,665.0,688.0,-0.4924721579033738
63.85186735399666,23.599543077353093,49.38988441353151,14.083530390997158,6.5817544858308406,-5.51331557304153,-0.3665246418028992,-7.206400146484375,679.0,696.0,668.0,692.0,-0.4967097280854158
63.86186735399666,23.68641237450241,49.34363146087129,14.132107374517952,7.05352601762075,-5.239870356959101,-0.3581333697700284,-7.206400146484375,679.0,696.0,668.0,692.0,-0.4992165361207539
63.871867353996656,23.83003454644063,49.26669141078212,14.208275782194018,6.540201709727096,-3.668835117961052,-0.3434372986953356,-6.348800048828125,688.0,700.0,677.0,695.0,-0.5032311157114171
63.881867353996654,23.974760946153893,49.18841074462907,14.294045308414738,7.931059344053174,-5.168834126166411,-0.3264225715369228,-6.348800048828125,688.0,700.0,677.0,695.0,-0.5070382515736018
63.89186735399665,24.06296026181282,49.14033074031018,14.350948505601863,7.931074813504377,-5.12587583278655,-0.3185664930240205,-6.348800048828125,693.0,711.0,680.0,700.0,-0.5093119197192797
63.90186735399665,24.20809361605057,49.060642120052776,14.432389540192622,6.6286396657348,-4.43523308569602,-0.3140358494263547,-6.348800048828125,693.0,711.0,680.0,700.0,-0.5129645074150564
63.91186735399665,24.354486144884024,48.97962927878865,14.51086417562916,7.069560414458151,-3.324965442156528,-0.3081471780210484,-6.348800048828125,698.0,714.0,688.0,707.0,-0.5165456046225546
63.921867353996646,24.443081184889103,48.930370053288186,14.558047614423849,6.926277994394908,-2.819297755247492,-0.3072618050139636,-6.348800048828125,698.0,714.0,688.0,707.0,-0.5186831881839536
63.931867353996644,24.58479298756272,48.843709927332114,14.498250505687835,7.131494438179828,-2.458468893650994,-0.2938742238304103,-5.5552001953125005,708.0,722.0,696.0,715.0,-0.5223962320027733
63.94186735399664,24.730894790605724,48.76156759250016,14.577888792490803,7.084056875996304,-1.2117584305634006,-0.2710303099466127,-5.5552001953125005,708.0,722.0,696.0,715.0,-0.5256160493234582
63.95186735399664,24.819879966376384,48.711405772526085,14.623073185342149,6.568378428137,-1.3054465135388815,-0.2620951151126096,-5.5552001953125005,724.0,724.0,703.0,719.0,-0.5274538092526015
63.96186735399664,24.966789260129456,48.62826390042992,14.699467675894493,6.813052553794675,-3.077258176804369,-0.2375064466085574,-5.5552001953125005,724.0,724.0,703.0,719.0,-0.5302746526391505
63.971867353996636,25.11515207537509,48.54382909439416,14.789076582212475,8.212652821143728,-3.280430736602015,-0.2244722617459475,-4.780799865722656,742.0,734.0,709.0,725.0,-0.532949020171551
63.981867353996634,25.204943910053164,48.49241478802999,14.84526597238996,8.075482041400239,-4.722256033694154,-0.20640597935809,-4.780799865722656,742.0,734.0,709.0,725.0,-0.5343969804662011
63.99186735399663,25.35345065943561,48.40672867625295,14.937088091574122,7.780033390180938,-5.388684877205002,-0.171120870322323,-4.780799865722656,736.0,738.0,717.0,732.0,-0.536508761067156
64.00186735399663,25.50337035649197,48.319516094695736,15.020373971248638,6.914552831653759,-2.949502599469769,-0.1628938217768459,-4.780799865722656,736.0,738.0,717.0,732.0,-0.5383865136638792
64.01186735399662,25.59387737200787,48.26668108661316,15.072689887805756,7.466350497576964,-1.7536173962043884,-0.1571235331788568,-4.780799865722656,740.0,742.0,726.0,744.0,-0.5395022943394706
64.02186735399663,25.74424417881104,48.1788114366632,15.158955351657,7.2900171026811025,-0.1560361190609596,-0.1521226951533979,-4.780799865722656,740.0,742.0,726.0,744.0,-0.5412158564257135
64.03186735399663,25.84809568652679,48.03342250973337,15.168422264076368,6.2414032739015335,-0.0673682224173089,-0.1501364889349742,-4.006400146484375,757.0,747.0,731.0,745.0,-0.5450382700655535
64.04186735399662,25.938948409712225,47.97843342203028,15.210619626318556,6.074764139480205,-1.1675204064529832,-0.1462804453191828,-4.006400146484375,757.0,747.0,731.0,745.0,-0.5460705721918782
64.05186735399661,26.089581997431107,47.88712355414154,15.292927630400452,7.468158782562712,-0.3711367916080245,-0.1444789930285714,-4.006400146484375,785.0,758.0,738.0,756.0,-0.5477639702520434
64.06186735399662,26.2410830872255,47.7950555883276,15.379437238440763,7.726750280954818,-2.314772622983567,-0.1281886459828006,-4.006400146484375,785.0,758.0,738.0,756.0,-0.5493237453665619
64.07186735399662,26.33241458334576,47.739428989746834,15.429479900290303,7.3404163353624945,-1.485793873632055,-0.1236224564089199,-4.006400146484375,797.0,763.0,744.0,768.0,-0.5501986411841272
64.08186735399661,26.485108114900264,47.64611722697076,15.515019878878906,7.669478478766323,-2.505279157302424,-0.1094797211758975,-4.006400146484375,797.0,763.0,744.0,768.0,-0.5514909752831443
64.0918673539966,26.63809313594287,47.55226049232717,15.603423051751866,7.298535957721339,-2.0541971859987607,-0.0904892431553924,-3.366400146484375,778.0,768.0,752.0,787.0,-0.5525848618929808
64.10186735399661,26.73111046735201,47.49509571851413,15.656850025219974,7.71795515736681,-0.1097535345430426,-0.0807395425137695,-3.366400146484375,778.0,768.0,752.0,787.0,-0.5531692592394515
64.11186735399662,26.884857575917422,47.40062143519687,15.744274689236155,7.245253976311949,0.712931597249662,-0.0950695327513829,-3.366400146484375,777.0,770.0,758.0,773.0,-0.5542474306150205
64.1218673539966,27.040501696309747,47.30486610163268,15.815944497900274,6.742553397085709,-1.3910740944882607,-0.1017712058107083,-3.366400146484375,777.0,770.0,758.0,773.0,-0.5553968341142099
64.1318673539966,27.11167140198912,47.26217719100556,15.761593308118044,7.526164412826764,-1.1374985538082014,-0.100498434214979,-2.828800048828125,780.0,781.0,765.0,771.0,-0.5533383784430232
64.1418673539966,27.26729137735717,47.16649191335093,15.836270243203328,6.21780473350357,-2.1430253252235825,-0.1025827359608337,-2.828800048828125,780.0,781.0,765.0,771.0,-0.5544786047405781
64.15186735399661,27.42289463101961,47.07055105489528,15.908064133177888,5.831287908873121,-2.3123961818916827,-0.1048856905725014,-2.828800048828125,784.0,788.0,770.0,775.0,-0.5556598028547061
64.1618673539966,27.51789628215749,47.01182125169756,15.948960970823393,5.750574362120523,-1.5708030946811744,-0.1058315033057658,-2.828800048828125,784.0,788.0,770.0,775.0,-0.5563968576466057
64.17186735399659,27.67381103430205,46.91523035448663,16.01220263508896,5.556265577163772,-1.0190521992651953,-0.1082809309028577,-2.828800048828125,784.0,792.0,775.0,783.0,-0.5576704873958509
64.1818673539966,27.831716345261132,46.81746821534772,16.067450554222155,4.874567769380694,1.565594522799259,-0.1159539327915863,-2.828800048828125,784.0,792.0,775.0,783.0,-0.5589824471803004
64.1918673539966,27.927079982065823,46.75845376554112,16.09697012338559,4.204646615344301,-0.1855000873107208,-0.1187511931072269,-2.390399932861328,787.0,793.0,777.0,788.0,-0.5597941231225528
64.20186735399659,28.08483797378536,46.66068497961571,16.142531548769874,4.502972064223759,-1.2946634696348416,-0.1263872039739978,-2.390399932861328,787.0,793.0,777.0,788.0,-0.5612435985879237
64.21186735399658,28.243092960644248,46.56228555826633,16.1896296761364,3.607439460621713,-3.5929648599592063,-0.122369328414098,-2.390399932861328,794.0,797.0,783.0,789.0,-0.5626815239760437
64.22186735399659,28.338728513111462,46.50248561346741,16.214548539612974,3.4565380221371163,-4.770280921714655,-0.1196484652538547,-2.390399932861328,794.0,797.0,783.0,789.0,-0.5635119408813027
64.23186735399659,28.488661826151716,46.40593330946113,16.07465397181568,2.793181728897001,-4.580970250725485,-0.1095387555503852,-2.0863999938964843,794.0,799.0,787.0,794.0,-0.5694162819114624
64.24186735399658,28.644909349613283,46.30621242339924,16.105049592158203,2.312304559797836,-3.467525104993189,-0.1092211284019442,-2.0863999938964843,794.0,799.0,787.0,794.0,-0.5707019448364737
64.25186735399657,28.7400148057555,46.24526057218744,16.117913887418382,1.7186743671779334,-2.880220448428071,-0.10699970841619,-2.0863999938964843,794.0,799.0,790.0,804.0,-0.5714595640950239
64.26186735399658,28.8963268835492,46.1449228341598,16.13824585017976,1.8531984838907236,-0.6252547390162071,-0.1120492636594484,-2.0863999938964843,794.0,799.0,790.0,804.0,-0.5727322157788748
64.27186735399658,29.052440513658464,46.04473904099037,16.157197502851325,1.9190601241428604,0.6074470344565772,-0.1220723663896237,-2.0863999938964843,795.0,803.0,789.0,803.0,-0.5740571537401183
64.28186735399657,29.147986262758234,45.98351433215649,16.175204415804842,2.806148262555104,1.7636591519092966,-0.1275395014029653,-2.0863999938964843,795.0,803.0,789.0,803.0,-0.5749736684174187
64.29186735399657,29.304975386261045,45.88306481544555,16.206142797983244,3.436381454171451,0.3188901607564345,-0.1448145405770139,-1.8847999572753906,799.0,801.0,791.0,797.0,-0.5765854475940249
64.30186735399657,29.462245345436088,45.78212873475282,16.22443615712381,1.465597418474079,-2.900869079934523,-0.1432348682644924,-1.8847999572753906,799.0,801.0,791.0,797.0,-0.578241616840979
64.31186735399658,29.557497352131573,45.72075724801001,16.23458089310508,1.458627594903564,-3.199844817382512,-0.1318645187307252,-1.8847999572753906,800.0,801.0,791.0,800.0,-0.5791871399222978
64.32186735399657,29.713734599608035,45.61949350113484,16.241177670711497,-0.2195472372181351,-5.252132403712806,-0.1219551581345516,-1.8847999572753906,800.0,801.0,791.0,800.0,-0.5806320780252041
64.33186735399656,29.864359867097317,45.51220206655952,16.199682602061966,0.5175736476122208,-4.136718656497145,-0.1276184008317155,-1.7344000244140625,796.0,802.0,792.0,805.0,-0.5842902267513976
64.34186735399656,29.95871811220269,45.44991076282807,16.192137173045364,-1.2635597017882425,-3.8931033126591057,-0.120033638355135,-1.7344000244140625,796.0,802.0,792.0,805.0,-0.5851371201411787
64.35186735399657,30.11305251038056,45.3476293679012,16.178640227947483,-0.886723758684392,-2.1084012017109166,-0.1218867818973868,-1.7344000244140625,795.0,798.0,790.0,805.0,-0.5865058870081631
64.36186735399656,30.2685756467734,45.24459221119908,16.14104823193359,-3.892059744504737,2.126255531003532,-0.1257282439092708,-1.7344000244140625,795.0,798.0,790.0,805.0,-0.5879623173157971
64.37186735399655,30.36222997868612,45.18267505525863,16.103738326057712,-5.479377879576092,1.393890762756716,-0.1239822314250813,-1.7344000244140625,783.0,793.0,785.0,781.0,-0.5888281277592639
64.38186735399655,30.51594371045673,45.08123609637843,16.031639862241068,-7.094564123343442,0.4626183361449701,-0.1308288055944947,-1.7344000244140625,783.0,793.0,785.0,781.0,-0.5902866405140039
64.39186735399656,30.66956887479021,44.97977344875744,15.951567097244196,-6.886871814152092,-1.6720110435592406,-0.1391619368024705,-1.6832000732421875,766.0,789.0,773.0,781.0,-0.5918510069795093
64.40186735399655,30.76233389700951,44.9183495186819,15.910340363844918,-5.58677002466022,-1.5916590661316312,-0.1209693084000841,-1.6832000732421875,766.0,789.0,773.0,781.0,-0.5927166439431711
64.41186735399654,30.913885959931324,44.81776067848519,15.834355396711512,-7.348942714239437,-3.869193301865762,-0.1346126789305509,-1.6832000732421875,727.0,778.0,768.0,776.0,-0.594147676239926
64.42186735399655,31.064961545051595,44.71698499345855,15.748392332380275,-7.192631933720254,-3.6221020687917314,-0.169626604029747,-1.6832000732421875,727.0,778.0,768.0,776.0,-0.5958978896490447
64.43186735399655,31.171428979580217,44.669109793378745,15.602966332978085,-7.1046174407090295,-5.313160409156114,-0.2087595189929175,-1.6832000732421875,684.0,765.0,757.0,776.0,-0.5942618761458889
64.44186735399654,31.31966371000032,44.57028414125978,15.497857907828914,-9.383712104885548,-6.871499490791955,-0.247314486628885,-1.6832000732421875,684.0,765.0,757.0,776.0,-0.5969756935416446
64.45186735399653,31.466830880335305,44.47102948772046,15.393087541637197,-9.870033897204149,-5.74157287894484,-0.2567233144361056,-1.6832000732421875,712.0,735.0,761.0,761.0,-0.5999281585644972
64.46186735399654,31.55544051425096,44.41097880142111,15.331775879212586,-8.676825588423297,-1.9208399216556589,-0.2451254811638084,-1.6832000732421875,712.0,735.0,761.0,761.0,-0.6016505210581673
64.47186735399654,31.700709392500396,44.31242555517388,15.234667483831103,-8.456167998870539,-2.05804110864159,-0.216556954205728,-1.6832000732421875,739.0,734.0,747.0,751.0,-0.604269138001774
64.48186735399653,31.84497734772853,44.21431889868146,15.13440287791457,-7.994092483367442,-0.8151533473042248,-0.1841325901847853,-1.6832000732421875,739.0,734.0,747.0,751.0,-0.6065103111949154
64.49186735399653,31.931869954992777,44.15521355542812,15.083641597868276,-6.894000229925848,0.0904278142450836,-0.1651039754608346,-1.7344000244140625,735.0,744.0,727.0,748.0,-0.6076994000842151
64.50186735399653,32.07457800542902,44.057961773668445,14.995750370527038,-7.308104344922021,-2.075921714296143,-0.1380148533846783,-1.7344000244140625,735.0,744.0,727.0,748.0,-0.6094202965828219
64.51186735399654,32.217031078138334,43.960754113734,14.894950800551957,-8.94232041847003,-2.014207854906351,-0.1338988932027746,-1.7344000244140625,716.0,745.0,696.0,745.0,-0.6110191830363871
64.52186735399653,32.30215903588733,43.90241178148892,14.83344792789288,-8.424465237679716,-5.401074166261577,-0.1309084036153079,-1.7344000244140625,716.0,745.0,696.0,745.0,-0.6119198464240241
64.53186735399652,32.43399342680085,43.77478705159219,14.63850217322607,-7.839346892502649,-9.307741366574648,-0.1589739373731505,-1.8175999450683593,721.0,737.0,684.0,740.0,-0.6136901493461185
64.54186735399652,32.57069037344396,43.67751760071858,14.552500863997825,-6.516406113822797,-11.193582808806587,-0.1784497551123379,-1.8175999450683593,721.0,737.0,684.0,740.0,-0.6157139783811594
64.55186735399653,32.65271645107549,43.6183908784425,14.506889403351176,-6.250538755956783,-8.828849599361837,-0.1977722242420385,-1.8175999450683593,717.0,725.0,702.0,727.0,-0.6170526025140846
64.56186735399652,32.787358151921964,43.52058518616924,14.432406585954435,-6.013405340166205,-3.2881155427360493,-0.2064741772063092,-1.8175999450683593,717.0,725.0,702.0,727.0,-0.6195025238442404
64.57186735399651,32.92092189995318,43.42331875130012,14.350161755886193,-7.382010224162361,-1.3071845225051173,-0.2128158918854906,-1.8175999450683593,710.0,710.0,704.0,722.0,-0.621877394435334
64.58186735399651,33.00211490123768,43.36408439796301,14.297265531962092,-7.367911891224232,-1.0249286749648838,-0.2214776436239159,-1.8175999450683593,710.0,710.0,704.0,722.0,-0.6234199338076972
64.59186735399652,33.133640493954154,43.26773319936751,14.20989690111398,-7.568912673952345,-6.109094744594882,-0.2596444162405935,-2.0191999816894532,701.0,706.0,660.0,719.0,-0.6262318989866249
64.60186735399651,33.26494888764742,43.17062405751201,14.12813321605015,-6.274483231216051,-5.600888886298661,-0.295150276210727,-2.0191999816894532,701.0,706.0,660.0,719.0,-0.6295526900066354
64.6118673539965,33.343488596090104,43.11205156764719,14.073163938840128,-8.136155147971882,-6.060771655134273,-0.3068228851851395,-2.0191999816894532,695.0,692.0,668.0,714.0,-0.6316615598810527
64.6218673539965,33.47207923998641,43.01561759566269,13.98415153591054,-7.600215679774836,-3.64954252857352,-0.3188639357077854,-2.0191999816894532,695.0,692.0,668.0,714.0,-0.6352735692203083
64.63186735399651,33.61191017544916,42.88718842519468,13.997857222913211,-6.690808667882236,-2.889488681795018,-0.3197552252346488,-2.24,685.0,705.0,683.0,707.0,-0.6480916440511435
64.6418673539965,33.68875706372556,42.827783645435005,13.94396317857587,-7.911039958150161,-2.9570116241723245,-0.3179331847963204,-2.24,685.0,705.0,683.0,707.0,-0.6502930950327988
64.6518673539965,33.814991745967454,42.72983245682202,13.856883973997324,-7.286955541286568,-2.680389430776805,-0.3095510223834343,-2.24,674.0,697.0,657.0,702.0,-0.6538726837820956
64.6618673539965,33.9403437702224,42.631820045376216,13.772054994424014,-7.551076415134255,-5.385204990756645,-0.2991244508591182,-2.24,674.0,697.0,657.0,702.0,-0.6573526479020594
64.6718673539965,34.01545017266667,42.5727414092658,13.723199258375278,-6.748966858638231,-3.21966243184763,-0.299407726432234,-2.24,661.0,689.0,625.0,690.0,-0.6594512423683989
64.6818673539965,34.13837013124657,42.47550247256156,13.636689766853646,-8.546157215821761,-5.6956299774411,-0.3269493307385633,-2.24,661.0,689.0,625.0,690.0,-0.6630823732881445
64.69186735399649,34.260561690390894,42.37742989580365,13.543066741846348,-7.216649015572317,-11.23059190597515,-0.3840912017914768,-2.5920001220703126,649.0,682.0,620.0,677.0,-0.6672462274213807
64.70186735399649,34.333532059165904,42.31792866400473,13.496921533353786,-7.228278319789323,-11.796424825790863,-0.4081948822680478,-2.5920001220703126,649.0,682.0,620.0,677.0,-0.6700456565483606
64.7118673539965,34.45265826487824,42.21927966908988,13.414784613860212,-6.602335545180393,-9.692992898938485,-0.4297411589443832,-2.5920001220703126,653.0,674.0,643.0,667.0,-0.674895581125605
64.72186735399649,34.570114135439994,42.12067834175539,13.334492535962822,-7.398638592015144,-5.8485462931237375,-0.4363091054294837,-2.5920001220703126,653.0,674.0,643.0,667.0,-0.679887591191411
64.73186735399648,34.68687231127157,42.05149716597087,13.34383464825444,-6.050892781119885,-2.675111382270062,-0.4378592438982837,-2.979200134277344,640.0,669.0,640.0,657.0,-0.6788500942604189
64.74186735399648,34.80421530003974,41.95355522703137,13.287052009664691,-4.930668073179054,-1.2967895080768364,-0.4472931582550809,-2.979200134277344,640.0,669.0,640.0,657.0,-0.683958997040834
64.75186735399649,34.92162195492142,41.855355354349015,13.235977503168629,-4.366527322623191,-2.230228888447661,-0.4599030071851258,-2.979200134277344,621.0,664.0,632.0,665.0,-0.6891863380720411
64.76186735399648,34.99222305549094,41.79610182900552,13.200720169911175,-5.3602220129615095,-3.0392077126651293,-0.4754078680008295,-2.979200134277344,621.0,664.0,632.0,665.0,-0.6924787997712775
64.77186735399647,35.10716325135704,41.69893321914255,13.1385098350559,-5.6090562842396325,-6.2846673091443845,-0.4882236552243463,-2.979200134277344,603.0,659.0,611.0,663.0,-0.6980335994546101
64.78186735399647,35.222210229236126,41.600521897680224,13.069877063831436,-5.987629825829711,-6.910149438718049,-0.520393990105949,-2.979200134277344,603.0,659.0,611.0,663.0,-0.7039471245055796
64.79186735399648,35.29104176302904,41.540939629883226,13.030576162099164,-5.537089032934302,-8.543432005394726,-0.5278177818278424,-3.4176000976562495,607.0,652.0,609.0,650.0,-0.7076254263457293
64.80186735399647,35.40290067791747,41.44282268334867,12.976437388274604,-4.6474692041289325,-9.894515203416452,-0.5404114768946529,-3.4176000976562495,607.0,652.0,609.0,650.0,-0.713752544134438
64.81186735399646,35.51410292603036,41.343684387655365,12.925746340994811,-3.70171869249367,-7.848148261891325,-0.539957038864058,-3.4176000976562495,607.0,647.0,614.0,640.0,-0.7199960297713789
64.82186735399647,35.58107984108642,41.28330724438264,12.897006417033008,-4.165959934638064,-6.53113039295128,-0.5543770241267605,-3.4176000976562495,607.0,647.0,614.0,640.0,-0.7238472551662999
64.83186735399647,35.749404815455364,41.170819885796526,12.885529812467988,-4.472886539722177,-4.21496340686822,-0.5530181442132942,-3.4176000976562495,607.0,644.0,609.0,637.0,-0.7276346098522446
64.84186735399646,35.8596802290694,41.07144302835564,12.8330432231162,-4.421957231865544,-4.7674699200729,-0.5545089896405824,-3.4176000976562495,607.0,644.0,609.0,637.0,-0.7339902928044852
64.85186735399645,35.925780767458456,41.011363048268656,12.803521978659656,-4.197406781108475,-6.877003506693098,-0.5593366421963291,-3.4176000976562495,585.0,642.0,596.0,640.0,-0.7378791395902917
64.86186735399646,36.03393081715324,40.91198235360295,12.76141488683318,-3.5685426867260377,-9.22174116457643,-0.574368117183927,-3.4176000976562495,585.0,642.0,596.0,640.0,-0.7444197839501407
64.87186735399646,36.14079440298582,40.81214870634983,12.72470441835835,-3.168463883621073,-9.261918367070844,-0.6053531426295636,-3.4176000976562495,585.0,639.0,587.0,641.0,-0.7512545119732017
64.88186735399645,36.20515302014555,40.75116881920693,12.699331270910854,-3.9252904429249056,-10.648370088979307,-0.6305766322909343,-3.4176000976562495,585.0,639.0,587.0,641.0,-0.7556025125496656
64.89186735399645,36.309930477501055,40.65032165142713,12.659583571998358,-2.950025399136734,-10.866625872434632,-0.6596287958720362,-4.614400024414062,583.0,634.0,585.0,636.0,-0.7630583637718751
64.90186735399645,36.41418786922076,40.54795069078077,12.623102907610049,-3.06664964248725,-10.68470110141698,-0.6672393513927972,-4.614400024414062,583.0,634.0,585.0,636.0,-0.7707405434634487
64.91186735399646,36.47631367635181,40.48600465839152,12.604777084042537,-2.37709554481887,-10.69966078678503,-0.6726034430751267,-4.614400024414062,590.0,633.0,586.0,632.0,-0.7753939885875776
64.92186735399645,36.5779100378662,40.38333509563397,12.583158495691317,-1.743849007933543,-7.3422885314029855,-0.6814571321923171,-4.614400024414062,590.0,633.0,586.0,632.0,-0.7832027204587227
64.93186735399644,36.67945578732187,40.27942788497472,12.560469360186511,-2.050104323616298,-7.0433398029457575,-0.6870928960942296,-5.4208001708984375,589.0,632.0,581.0,634.0,-0.7910824861203911
64.94186735399644,36.76266646603237,40.20711455024991,12.60334691571533,-2.156807742939767,-8.321777805085512,-0.7059001279849005,-5.4208001708984375,589.0,632.0,581.0,634.0,-0.7955637092388125
64.95186735399645,36.862521277985785,40.102966129925285,12.580204668746507,-2.1080470938071065,-8.987158234604067,-0.7380223256579456,-5.4208001708984375,583.0,631.0,566.0,634.0,-0.8038872741821375
64.96186735399644,36.96194964899982,39.99755687236436,12.570486347767366,-0.9132665303216244,-8.992184110501036,-0.7675385971063431,-5.4208001708984375,583.0,631.0,566.0,634.0,-0.8126015355404151
64.97186735399643,37.02195810471529,39.93305222414862,12.564058501254348,-0.8984916509050233,-9.462633174183749,-0.7722345088893086,-5.4208001708984375,577.0,631.0,573.0,633.0,-0.8180101294824663
64.98186735399644,37.119405811313406,39.8269086406272,12.561482225832105,-0.4047523246711977,-8.143322874366328,-0.7864430086980413,-5.4208001708984375,577.0,631.0,573.0,633.0,-0.8269756518015206
64.99186735399644,37.21620111363908,39.719491327283386,12.560981624398694,-0.0185570568272556,-10.116062018561816,-0.7961443320031679,-6.26239990234375,578.0,633.0,575.0,633.0,-0.8361357956865713
65.00186735399643,37.27448182746432,39.65376228891348,12.558096277304278,-0.5594547488819999,-10.811222275869191,-0.8109629746248416,-6.26239990234375,578.0,633.0,575.0,633.0,-0.84178084440931
65.01186735399642,37.36932445180226,39.54489996347946,12.560254081141217,0.2375986176524351,-12.921840365444904,-0.8322031480492375,-6.26239990234375,578.0,632.0,575.0,634.0,-0.8512749362713625
65.02186735399643,37.46307776873562,39.43474340612809,12.564349130374932,0.2364706100661611,-11.942790092978717,-0.8621974710606345,-6.26239990234375,578.0,632.0,575.0,634.0,-0.8611138362966877
65.03186735399643,37.55606137694176,39.372219388509855,12.561717342339715,0.8585828099975553,-13.093361692888928,-0.8769794650378163,-7.174400024414062,578.0,632.0,575.0,636.0,-0.8641165401552674
65.04186735399642,37.64899539472957,39.26106230198794,12.567862489762804,0.8333264575725373,-11.751665464310896,-0.8956282649985933,-7.174400024414062,578.0,632.0,575.0,636.0,-0.8743571881826679
65.05186735399641,37.74115056404355,39.148811911131006,12.573571843874662,0.7817684364289006,-8.13468683157716,-0.9076097890334576,-7.174400024414062,577.0,632.0,575.0,637.0,-0.8847648180283423
65.06186735399642,37.79602405907777,39.08110664004087,12.576581980825024,0.5161193111806783,-8.086280282914947,-0.9258130000508852,-7.174400024414062,577.0,632.0,575.0,637.0,-0.8911843165281101
65.07186735399642,37.88637392300614,38.9679936597036,12.583123040822077,0.4069330237056268,-10.56918895149338,-0.9468729125523108,-7.174400024414062,576.0,636.0,574.0,638.0,-0.9019769205515916
65.08186735399642,37.975958961942574,38.853669968587695,12.588271937585109,0.9755379788531962,-11.568368058824406,-0.9258118837751236,-7.174400024414062,576.0,636.0,574.0,638.0,-0.9127389492950931
65.0918673539964,38.02962699834328,38.78402972058243,12.59112345606934,0.494365726432985,-10.492827099716244,-0.9174015693493944,-8.032000122070313,578.0,637.0,573.0,638.0,-0.9191466908583162
65.10186735399641,38.11730735574872,38.66867287199432,12.599600031391478,1.6587656524089844,-10.548758591136847,-0.903539672460946,-8.032000122070313,578.0,637.0,573.0,638.0,-0.9295175747707249
65.11186735399642,38.20419467250456,38.55203008815368,12.607555931339869,0.8245111810631206,-10.548187106257569,-0.9010318611120668,-8.032000122070313,578.0,638.0,573.0,642.0,-0.9398355018574189
65.12186735399641,38.25595267607584,38.48142148497895,12.605917359791151,-0.1261279578561095,-11.464900359813576,-0.9015737717816174,-8.032000122070313,578.0,638.0,573.0,642.0,-0.9460933795676338
65.1318673539964,38.35684935075398,38.34007699119546,12.667967867244684,0.26251502700919,-11.778336730665451,-0.9223593671849222,-8.70719970703125,580.0,636.0,575.0,636.0,-0.954138549627744
65.1418673539964,38.440916912029,38.22076669430591,12.679530822875758,1.5016564895442992,-12.292796573907678,-0.9177532616954296,-8.70719970703125,580.0,636.0,575.0,636.0,-0.9647370427121023
65.15186735399641,38.49127529105412,38.14793443751402,12.68802102070489,1.2391649091163377,-12.736112546402014,-0.90281738862924,-8.70719970703125,578.0,635.0,577.0,636.0,-0.971062225966522
65.1618673539964,38.57325041164206,38.02705195453708,12.697410138980946,0.598098997480431,-11.711021205381968,-0.8650946849392197,-8.70719970703125,578.0,635.0,577.0,636.0,-0.981171568604507
65.17186735399639,38.65411182292846,37.90523710555624,12.69774290598998,-0.4257179115534528,-10.00919768520632,-0.8366721709364512,-8.70719970703125,578.0,637.0,579.0,635.0,-0.9908831589660881
65.1818673539964,38.70276558188696,37.83085417803348,12.69497567396972,-0.5614817320399546,-8.892237801774833,-0.8251516239895353,-8.70719970703125,578.0,637.0,579.0,635.0,-0.9966673558719439
65.1918673539964,38.78169576451535,37.70843849546922,12.68942109972564,-0.0750029382531791,-8.847121363602124,-0.808725714637785,-9.02719970703125,579.0,631.0,575.0,630.0,-1.0059986982733902
65.20186735399639,38.86002018557829,37.58508716490364,12.68210441782002,-0.7408467602623581,-6.201464266915581,-0.7846094283790671,-9.02719970703125,579.0,631.0,575.0,630.0,-1.0151553013923886
65.21186735399638,38.9073000795715,37.50993872852313,12.68157436525008,-0.1202029082121861,-5.003980485301815,-0.7671443130487026,-9.02719970703125,576.0,628.0,575.0,629.0,-1.0205535069525833
65.22186735399639,38.98437818921864,37.38642506773208,12.66875139790716,-1.8565152193423025,-5.992186392482708,-0.7231200739456857,-9.02719970703125,576.0,628.0,575.0,629.0,-1.0290377245096596
65.23186735399639,39.00917684424918,37.255571841003935,12.53326797560461,-0.4516871610964218,-5.145393033174144,-0.6451516370180258,-8.908800048828125,576.0,623.0,572.0,627.0,-1.0313381001408186
65.24186735399638,39.05439078500052,37.18022244070727,12.526341871653134,-1.0805849414306137,-6.210972949534078,-0.5999215959083137,-8.908800048828125,576.0,623.0,572.0,627.0,-1.0356371028934208
65.25186735399637,39.12770709824871,37.05670866935607,12.52188771033129,0.4983246913167878,-6.165332328099481,-0.5106076195952283,-8.908800048828125,579.0,621.0,576.0,624.0,-1.0418023614265406
65.26186735399638,39.200642609144886,36.93191282051059,12.527016952144754,0.6843936592413206,-7.94211114163149,-0.4204404342656864,-8.908800048828125,579.0,621.0,576.0,624.0,-1.0469974467731005
65.27186735399638,39.24422636879448,36.856248881325854,12.5374510114598,1.7943655973581616,-8.032118922869605,-0.3786194407940295,-8.908800048828125,586.0,620.0,579.0,617.0,-1.0496969522435666
65.28186735399638,39.31562862823533,36.7308739914944,12.57043298174962,2.9146167765845967,-4.987331179447331,-0.3082613583390206,-8.908800048828125,586.0,620.0,579.0,617.0,-1.0535309215056519
65.29186735399637,39.38710597874665,36.60425656484631,12.617974874994278,4.571246742053756,-1.835130902824707,-0.2559611367015945,-8.32,599.0,619.0,590.0,614.0,-1.0567290327156844
65.30186735399637,39.430561301898976,36.52717220163717,12.646411274304755,3.978095635149361,-0.0629804068268023,-0.2121566881880255,-8.32,599.0,619.0,590.0,614.0,-1.0582844653061703
65.31186735399638,39.50198276583635,36.40040138017817,12.69299145068208,4.437640674146447,-0.5135043012865285,-0.1517433139933924,-8.32,603.0,615.0,600.0,616.0,-1.0602352578642844
65.32186735399637,39.57412861865888,36.27211117440459,12.742796126914303,4.068161906661968,-0.278527469413623,-0.0867787629989107,-8.32,603.0,615.0,600.0,616.0,-1.0614900272300565
65.33186735399636,39.61757756641863,36.194723084890384,12.772660910917352,4.283495288152963,-0.5877705730357625,-0.0449881823551156,-8.32,611.0,615.0,610.0,616.0,-1.061856623646435
65.34186735399636,39.73880679278,36.09811171841185,12.741140058379012,4.137442227062942,-0.6852905721073942,0.0245044499455443,-8.32,611.0,615.0,610.0,616.0,-1.0385065242508675
65.35186735399637,39.81455671361349,35.971925895253754,12.792295107867366,4.55156559671508,4.586618705316943,0.0846172496835904,-7.22239990234375,619.0,619.0,614.0,619.0,-1.0377685108964394
65.36186735399636,39.86092613030626,35.895274915299616,12.819951959265955,4.217983133570025,5.838418067273908,0.1160887229986651,-7.22239990234375,625.0,616.0,620.0,619.0,-1.0370005117713677
65.37186735399635,39.93786488518789,35.76934158416848,12.853152544675662,2.35660977654628,5.041508913843912,0.1740778870720989,-7.22239990234375,625.0,616.0,620.0,619.0,-1.0351783822738867
65.38186735399636,40.01575977896757,35.64284848289118,12.866384208976214,0.6056196591149788,3.1032146072835314,0.2164938918297189,-5.4879998779296875,628.0,613.0,622.0,608.0,-1.0328052412491695
65.39186735399636,40.0629797997839,35.56648458675161,12.8657087575221,-0.3715762982714297,1.8935207162643424,0.2415105600277054,-5.4879998779296875,628.0,613.0,622.0,608.0,-1.0311343048559685
65.40186735399635,40.14082968295387,35.44114130330011,12.850576774051746,-1.4803920344430683,4.012324312039479,0.2843396101753696,-5.4879998779296875,624.0,607.0,621.0,594.0,-1.028027346775495
65.41186735399634,40.21944776667992,35.31562994373525,12.816566740920129,-2.664287831303193,4.193561395538731,0.3172877596065299,-5.4879998779296875,624.0,607.0,621.0,594.0,-1.0244728417743234
65.42186735399635,40.26687084394536,35.24051265268647,12.790386434990683,-4.492090312744558,6.048922192078973,0.3337248127299215,-5.4879998779296875,620.0,595.0,620.0,583.0,-1.0221907238622938
65.43186735399635,40.32826465492217,35.139930415543915,12.529480033344337,-4.33764449035178,7.660302054866247,0.3789994041315082,-5.4879998779296875,620.0,595.0,620.0,583.0,-1.0251583872311747
65.44186735399634,40.40617741762909,35.018325106650856,12.4817000797268,-4.335409235387624,7.335542068211297,0.416972289142125,-3.52,618.0,592.0,620.0,581.0,-1.0204904501570142
65.45186735399633,40.45325310971168,34.94569683245039,12.455385462120695,-3.331928624449356,7.30373764832061,0.4381646961224156,-3.52,618.0,592.0,620.0,581.0,-1.0174750121256775
65.46186735399634,40.53166097921015,34.826232268037764,12.425161654087884,-3.118479023499159,8.176646106587244,0.4846714237181186,-3.52,618.0,586.0,620.0,584.0,-1.0120794558415922
65.47186735399634,40.61129730047494,34.70672315664086,12.4001873522726,-2.2852179539232287,7.106757817361051,0.5245575300730052,-3.52,618.0,586.0,620.0,584.0,-1.0061162834339517
65.48186735399634,40.65944404968176,34.63525768706226,12.390255438296505,-1.8997902661059016,6.916462348215989,0.5466978702595807,-1.3952000427246094,625.0,583.0,622.0,579.0,-1.0023463003922053
65.49186735399633,40.73942466152276,34.517728853958474,12.371932657132788,-0.8873014098626733,5.86546759030869,0.5715151326201875,-1.3952000427246094,625.0,583.0,622.0,579.0,-0.9958674407862895
65.50186735399633,40.82015405642258,34.40043297332931,12.3612166840442,-1.3555397585196878,6.620700226386155,0.5809836897813199,-1.3952000427246094,623.0,583.0,624.0,577.0,-0.9892336880479361
65.51186735399634,40.86948519459844,34.32956476475825,12.357705124150458,-0.2467710689965673,7.668134544949299,0.5897069949775636,-1.3952000427246094,623.0,583.0,624.0,577.0,-0.9851347633510854
65.52186735399633,40.95141906758288,34.21340459635963,12.35765825856299,-0.5738221916224904,8.772721332672504,0.6115466344457733,-1.3952000427246094,623.0,580.0,624.0,578.0,-0.9781879308039221
65.53186735399632,40.9701753263954,34.08304373925675,12.247773178893109,0.0712803075219298,9.36708915125496,0.6172414692136428,-1.3952000427246094,623.0,580.0,624.0,578.0,-0.9836391159971204
65.54186735399632,41.01891701465073,34.012842637414536,12.246701845659082,-0.3517562321769112,9.23233006524266,0.6187586732702568,0.6687999725341797,624.0,581.0,624.0,579.0,-0.9793293586842168
65.55186735399633,41.0999599415382,33.89774882608476,12.246128851999446,-0.3042089531083664,8.969685760622179,0.6237296020863029,0.6687999725341797,624.0,581.0,624.0,579.0,-0.9722042648823042
65.56186735399632,41.18211504566011,33.78314662125996,12.245137235981236,0.1773856028276265,9.254391026275766,0.6383266620363711,0.6687999725341797,622.0,580.0,623.0,578.0,-0.9649016496838648
65.57186735399631,41.23247642689914,33.713938708841305,12.243713614871742,-0.5406116429377437,8.762060000668,0.6553332011491039,0.6687999725341797,622.0,580.0,623.0,578.0,-0.960348654561792
65.58186735399632,41.31610150321591,33.60058687738535,12.24787680857346,0.1660746463812749,8.613381784543128,0.6889692485654539,2.4832000732421875,626.0,579.0,624.0,576.0,-0.9525505158224203
65.59186735399632,41.4007414063147,33.48763810503036,12.249634046229524,-0.28751303886124,7.534189904587823,0.709438203968505,2.4832000732421875,626.0,579.0,624.0,576.0,-0.9444626007020092
65.60186735399631,41.45262072661023,33.419241153997746,12.252007113593251,0.533504296820018,7.825007195485726,0.730387220622147,2.4832000732421875,627.0,578.0,627.0,574.0,-0.9393862711595935
65.6118673539963,41.538421938957306,33.30768947719384,12.254945810641434,0.1284241700856279,10.686300491468325,0.7499923386972273,2.4832000732421875,627.0,578.0,627.0,574.0,-0.9309149659483607
65.62186735399631,41.62589914245226,33.19642478175428,12.259582814205004,0.430255814599558,11.277303162094904,0.7802633652339036,4.143999938964844,630.0,576.0,630.0,574.0,-0.9220452343514022
65.63186735399631,41.67937231737413,33.129590412536146,12.26365608344818,0.3824661095054614,11.93746014168512,0.7879404441195615,4.143999938964844,630.0,576.0,630.0,574.0,-0.9165809187858573
65.6418673539963,41.76514784362428,33.01069466972554,12.222140507328149,-0.0858574842492757,10.660323050745845,0.8159866704895299,4.143999938964844,630.0,577.0,632.0,575.0,-0.9107298421681074
65.6518673539963,41.855093320366045,32.90151853246375,12.23011283215786,0.2668710727009153,10.37388049627144,0.839276312422961,4.143999938964844,630.0,577.0,632.0,575.0,-0.9010668792461274
65.6618673539963,41.90956878288704,32.83645825442139,12.232282080284422,0.0064569574623933,9.889801681289088,0.8490650792404806,4.143999938964844,631.0,577.0,634.0,574.0,-0.8951899720458721
65.6718673539963,42.00071635364029,32.72916528716936,12.235589556156912,0.5472980658023359,9.060405289144486,0.8539158507576052,4.143999938964844,631.0,577.0,634.0,574.0,-0.8853620047331987
65.6818673539963,42.09302743479748,32.622333366273566,12.2353549386702,-0.5211086336430046,9.08150247887399,0.8592648814788528,5.5903997802734375,634.0,574.0,634.0,570.0,-0.8754681139347059
65.69186735399629,42.14957611231584,32.55779539660637,12.231764059894765,-0.7330913280218128,9.005669342358,0.854250206374991,5.5903997802734375,634.0,574.0,634.0,570.0,-0.8694929655528002
65.70186735399629,42.242684084822095,32.453153585361456,12.228151284634883,-0.6502893868918204,11.30460583196581,0.8470707203668802,5.5903997802734375,634.0,575.0,636.0,566.0,-0.8597866860093827
65.7118673539963,42.33737708551898,32.34909214981805,12.224333196720066,-0.5534409046405954,12.66124276642421,0.8482107938184175,5.5903997802734375,634.0,575.0,636.0,566.0,-0.8500576031050506
65.72186735399629,42.395514202674725,32.28648759433133,12.224553915207556,-0.101675837995805,13.355172034561186,0.8598620623642808,6.915200195312499,635.0,574.0,634.0,567.0,-0.8440754606843082
65.73186735399628,42.48378772557505,32.15394207593798,12.171315182389048,-0.5461532112185552,13.587448790273,0.8710240724215419,6.915200195312499,635.0,574.0,634.0,567.0,-0.8408551449902545
65.74186735399628,42.58047517760636,32.052234228071484,12.17661610618916,0.3328636593214863,12.560059124853204,0.902388016853964,6.915200195312499,633.0,574.0,635.0,571.0,-0.8305957115816598
65.75186735399629,42.63960568181244,31.991199680847945,12.179206029149055,0.3897256443477784,12.652566887126689,0.9274307767387177,6.915200195312499,633.0,574.0,635.0,571.0,-0.8241696639075344
65.76186735399628,42.73790509347805,31.89146871482156,12.18926936195463,0.5967401201215654,11.059512358146597,0.9545335890195648,6.915200195312499,637.0,575.0,636.0,574.0,-0.8133406771840469
65.77186735399627,42.83752682657952,31.79246828085961,12.200528288374924,0.805486012715914,10.407178325527484,0.9672750819805672,6.915200195312499,637.0,575.0,636.0,574.0,-0.8022580278811904
65.78186735399628,42.89860511754773,31.73263757657312,12.205708007872415,0.3232563985658853,9.165039577503508,0.9703970578805312,7.6032000732421885,639.0,574.0,639.0,573.0,-0.795445574054517
65.79186735399628,42.99944417061585,31.635137502537138,12.217663352201306,0.5907186586955506,8.194481185876818,0.9545774498687896,7.6032000732421885,639.0,574.0,639.0,573.0,-0.7844290003004292
65.80186735399627,43.10183987518918,31.5377106621302,12.228875536676334,1.522894364314907,9.057393072647605,0.9375344239050708,7.6032000732421885,642.0,576.0,641.0,574.0,-0.7735073466437488
65.81186735399626,43.16398575367294,31.47942642147607,12.237541206645172,0.6541347154042417,9.148476819867062,0.9367631278251768,7.6032000732421885,642.0,576.0,641.0,574.0,-0.7669802903153546
65.82186735399627,43.2676851238807,31.383798784482995,12.25570910700771,1.860185138566386,12.898733896232718,0.9301592358526763,7.6032000732421885,641.0,578.0,642.0,577.0,-0.7562897634893807
65.83186735399627,43.37797809175255,31.27162285019731,12.295243241250333,1.373778454863586,13.598164439817824,0.9119587057680678,7.6032000732421885,641.0,578.0,642.0,577.0,-0.7469581915226386
65.84186735399626,43.44237428559704,31.21456414837687,12.30454205059745,1.3414088239671158,14.30369702787988,0.9071927750028508,8.166400146484374,641.0,580.0,641.0,580.0,-0.740609914448885
65.85186735399625,43.549354378912064,31.121681994891507,12.325185960096023,1.5999136433927246,12.2606033156095,0.901076702641364,8.166400146484374,641.0,580.0,641.0,580.0,-0.7302225125612553
65.86186735399626,43.65768281145374,31.029726597880096,12.35153325763106,1.9566574948213329,12.242617733296669,0.8948515418940142,8.166400146484374,644.0,583.0,641.0,583.0,-0.7198673733016784
65.87186735399627,43.72420974145212,30.97427809657133,12.368018884988947,2.4152552741572166,11.979994034777024,0.8810281147059869,8.166400146484374,644.0,583.0,641.0,583.0,-0.7136700252021216
65.88186735399626,43.834320881271154,30.88401748869014,12.39344021508157,1.8959366188613036,8.703282103332967,0.8498956019576022,8.195200195312498,645.0,586.0,641.0,585.0,-0.7038010000977967
65.89186735399625,43.94582598174915,30.794148349770584,12.415427876981605,1.8396223534465317,8.575261554641418,0.7935605899078304,8.195200195312498,645.0,586.0,641.0,585.0,-0.6944643859432578
65.90186735399625,44.01833104245958,30.73643644208237,12.43322847746467,2.24074526119458,7.510746015749576,0.7666202875195012,8.195200195312498,647.0,592.0,643.0,591.0,-0.6886898445987301
65.91186735399626,44.12612035540366,30.6516928881885,12.457606441965114,1.689449603909862,8.469774151778,0.7244370916657484,8.195200195312498,647.0,592.0,643.0,591.0,-0.680562747972136
65.92186735399625,44.20488751536022,30.590615972167825,12.476686179682316,2.591886740539999,9.313272826799883,0.6883393504396307,8.195200195312498,646.0,596.0,641.0,603.0,-0.6749343306014828
65.93186735399624,44.32430722979951,30.499458030956607,12.508063456913783,2.582563362023987,8.88305514816857,0.6522091946746919,8.195200195312498,646.0,596.0,641.0,603.0,-0.6668934429746739
65.94186735399624,44.40308412158952,30.403506466480646,12.558570067519431,2.719629362120911,7.9261559224602705,0.5991053529824255,8.060800170898437,646.0,599.0,645.0,609.0,-0.6742105627580828
65.95186735399625,44.5174744215006,30.315922432594537,12.600405873525862,3.987267351071328,7.086095468144313,0.587311029605622,8.060800170898437,646.0,599.0,645.0,609.0,-0.6674302357635838
65.96186735399624,44.63396153770878,30.22779067521349,12.652590336908965,5.256277951680068,6.697298855943825,0.5612126632777396,8.060800170898437,647.0,612.0,643.0,615.0,-0.6608747452986303
65.97186735399623,44.750612738616034,30.14080305042273,12.722160645778755,6.159515795035821,8.668327352286015,0.5422188748890409,8.060800170898437,647.0,612.0,643.0,615.0,-0.6545950865960473
65.98186735399624,44.822799105473,30.087728008274343,12.76392201296372,5.740095891740486,9.917847947350031,0.5217822543701164,7.5423999023437505,653.0,619.0,647.0,617.0,-0.6508810426144329
65.99186735399624,44.94233510803617,30.001160282510718,12.826749660733432,5.112350516371609,8.836041560179748,0.4919289018543305,7.5423999023437505,653.0,619.0,647.0,617.0,-0.6450678162133497
66.00186735399623,45.06275942026232,29.915301762333627,12.88705172527611,4.834988425869491,7.656195913865035,0.4499686225683744,7.5423999023437505,656.0,621.0,651.0,618.0,-0.6397033455606749
66.01186735399622,45.13668892465623,29.86314243054527,12.922724986018736,5.008972168063811,5.4684063426580485,0.4308939492822793,7.5423999023437505,656.0,621.0,651.0,618.0,-0.6366268889766991
66.02186735399623,45.25947188172478,29.77719473157397,12.983196488262884,5.074109704339468,6.297994026995784,0.4152026439864559,7.5423999023437505,657.0,628.0,653.0,629.0,-0.6317235761392714
66.03186735399623,45.38214343030877,29.69242118524649,13.041442194750212,4.679267859802152,6.014668764046391,0.3952282319855986,7.5423999023437505,657.0,628.0,653.0,629.0,-0.6271516415430582
66.04186735399622,45.46700271291736,29.60641493010588,13.13909519903823,4.547456209085802,5.229374499183827,0.3881996081984323,6.854400024414063,664.0,630.0,658.0,634.0,-0.6267304633544136
66.05186735399622,45.59204659118973,29.520229772549445,13.191098865410837,4.299183290489324,4.452051202910744,0.3763508832811031,6.854400024414063,664.0,630.0,658.0,634.0,-0.6222991907793293
66.06186735399622,45.717491170706055,29.434286875993493,13.25050904915233,4.970957549738505,2.408119461701501,0.3769366296690206,6.854400024414063,671.0,642.0,658.0,637.0,-0.6179180128945727
66.07186735399623,45.79407515407885,29.382025688318848,13.281967087918808,4.358613931397179,2.4610817512632424,0.3698066907685851,6.854400024414063,671.0,642.0,658.0,637.0,-0.6153311911885619
66.08186735399622,45.92101469993906,29.29569584776936,13.329816628805675,3.87018478344876,2.4312652069388383,0.339614316119232,5.881599731445313,668.0,645.0,661.0,640.0,-0.6113047224886315
66.09186735399621,46.04818897256942,29.209624994096213,13.37329788516432,3.6126019292410296,3.627752074096181,0.3002491127759072,5.881599731445313,668.0,645.0,661.0,640.0,-0.6076820376895263
66.10186735399621,46.12619636248888,29.157095435787426,13.401913069831574,3.820664000850389,3.3514008803915054,0.2832401386854068,5.881599731445313,669.0,648.0,663.0,645.0,-0.6056694497520566
66.11186735399622,46.25506122420827,29.070979905245235,13.436604457746483,2.9417648252686783,5.456817112397808,0.2378483586405588,5.881599731445313,669.0,648.0,663.0,645.0,-0.6027046419800172
66.12186735399621,46.38355852692955,28.98604272226518,13.472621216011476,2.92588247856762,5.3796447890119135,0.1922367368848485,5.881599731445313,670.0,652.0,663.0,650.0,-0.6003014548526
66.1318673539962,46.46254102807389,28.934186719328544,13.495429472957117,2.948788321730752,3.6420173079394784,0.1633049134635555,5.881599731445313,670.0,652.0,663.0,650.0,-0.5991036709006037
66.1418673539962,46.59854906571754,28.818498120386565,13.511147194102051,3.491018571614265,0.8424502238730924,0.1230368835923028,4.569599914550781,671.0,657.0,664.0,655.0,-0.5956417695326334
66.15186735399621,46.72828661322149,28.732919159506416,13.549399760330068,3.1420229626664504,-1.2250706818538093,0.0842991547805594,4.569599914550781,671.0,657.0,664.0,655.0,-0.5945334041082481
66.1618673539962,46.80770935783097,28.68052795695615,13.570757777361251,2.790161361076403,-0.0292902186370975,0.0617036529667913,4.569599914550781,671.0,662.0,664.0,658.0,-0.5940779423423184
66.17186735399619,46.93831492341009,28.594139264902537,13.607124405413892,3.2045207467004224,-2.233509138039413,0.0242044232072207,4.569599914550781,671.0,662.0,664.0,658.0,-0.593654942519501
66.1818673539962,47.023405425882096,28.537659409740947,13.628858791083868,2.36984646609388,-1.9025377412116984,-0.0039316365917146,3.2607998657226562,670.0,667.0,666.0,660.0,-0.5935632925188189
66.1918673539962,47.14831734920992,28.454533244474685,13.655491142707383,2.1231462653811084,-1.8396597606875436,-0.0199372909282693,3.2607998657226562,670.0,667.0,666.0,660.0,-0.5937061388696837
66.20186735399619,47.27962172694774,28.366959098036546,13.673948626731775,0.9595831060111532,-0.6195604790196089,-0.0466760868921759,3.2607998657226562,668.0,668.0,665.0,664.0,-0.594135240984788
66.21186735399618,47.40992556154536,28.28022610463467,13.671039879222322,-1.0170038559979209,2.150680669342682,-0.0782696110018714,3.2607998657226562,668.0,668.0,665.0,664.0,-0.5948933947158519
66.22186735399619,47.489771293807664,28.227186732076355,13.661652468735856,-1.877535573291063,0.1894905678173634,-0.0951753290191299,3.2607998657226562,668.0,665.0,657.0,661.0,-0.5955173254470116
66.2318673539962,47.62106316356653,28.139957105018507,13.629715358890968,-2.6601718954573688,-1.3268532952617291,-0.1271147804914669,3.2607998657226562,668.0,665.0,657.0,661.0,-0.5968726259524233
66.24186735399618,47.703325984556656,28.05679375928028,13.511850361247088,-4.247309602917933,-3.142828652054113,-0.1477111866620113,1.8272000122070313,663.0,661.0,643.0,661.0,-0.600089068790602
66.25186735399618,47.82575140490411,27.9735429690776,13.458532747183993,-5.235139765537737,-4.362602697054942,-0.172606899754826,1.8272000122070313,663.0,661.0,643.0,661.0,-0.6018402038539035
66.26186735399618,47.95366802461184,27.88571608754359,13.396089988162869,-5.655595864163738,-6.2470171327937445,-0.2116220845167822,1.8272000122070313,652.0,655.0,638.0,656.0,-0.6040875034135957
66.27186735399619,48.035135587211656,27.82921492155043,13.351532637374229,-5.144969532989597,-7.084079726943738,-0.2434241412347315,1.8272000122070313,652.0,655.0,638.0,656.0,-0.6057506986476144
66.28186735399618,48.15498702381427,27.74522104504943,13.296610422824443,-4.731283999569633,-7.14948430504627,-0.2750146437445855,0.5920000076293945,643.0,652.0,638.0,650.0,-0.6086133577186698
66.29186735399617,48.27987960437355,27.65659200239354,13.236467406149371,-5.289494342137584,-6.58941289517036,-0.3228530159722702,0.5920000076293945,643.0,652.0,638.0,650.0,-0.612131196922387
66.30186735399617,48.35977111350149,27.59940974347936,13.204048240440082,-3.4937190664442954,-5.22924345914164,-0.3779408575606299,0.5920000076293945,633.0,649.0,631.0,653.0,-0.6147723536965531
66.31186735399618,48.47733557087183,27.51468924348717,13.166763064754695,-3.1720792784671885,-4.793121576645981,-0.4135712772248642,0.5920000076293945,633.0,649.0,631.0,653.0,-0.6191228682768366
66.32186735399617,48.60032944363173,27.42555086288455,13.133431740857088,-2.2841194670773945,-2.041148897699632,-0.4471540790191993,0.5920000076293945,621.0,653.0,627.0,655.0,-0.6241923669083329
66.33186735399616,48.679226073415286,27.36823640134751,13.113102187240417,-2.973008534825763,-0.9487254022470006,-0.4631064610014349,0.5920000076293945,621.0,653.0,627.0,655.0,-0.6275898851840055
66.34186735399616,48.78401980039654,27.307021821686,12.943012044992932,-3.4956905207500584,-3.1267277322553046,-0.482007081900132,-0.6719999694824219,607.0,654.0,610.0,654.0,-0.6319306678497726
66.35186735399617,48.90465561523692,27.21888631150639,12.906063404644568,-3.664882348287656,-6.649043972674476,-0.4992219514816619,-0.6719999694824219,607.0,654.0,610.0,654.0,-0.6376572511315928
66.36186735399616,48.98169914976702,27.16192734859822,12.885362569953248,-2.272942445413558,-9.350640325493291,-0.5142790170110453,-0.6719999694824219,607.0,654.0,615.0,649.0,-0.6414803800252581
66.37186735399615,49.0947889564038,27.07704153294241,12.869328260357047,-0.3873010429890481,-10.875845434543288,-0.5163789261579784,-0.6719999694824219,607.0,654.0,615.0,649.0,-0.6471342211725969
66.38186735399616,49.21305881410971,26.986681862061683,12.857145071225576,-1.277306617288546,-7.4666781175167936,-0.5069698587630187,-1.8336000061035156,616.0,653.0,619.0,648.0,-0.6530418618722496
66.39186735399616,49.32936104936189,26.89666048384461,12.856844976860534,-0.3199973370444121,-5.670805797819749,-0.5039495898853286,-1.8336000061035156,616.0,653.0,619.0,648.0,-0.6588226222877106
66.40186735399615,49.40042389881842,26.841274623453195,12.855169892039328,-0.5842923726809726,-4.039199585875418,-0.51437567252021,-1.8336000061035156,618.0,650.0,618.0,651.0,-0.6624088424370533
66.41186735399614,49.51714114756831,26.74977260840701,12.851005507777709,-0.2488316001968457,-4.527604200940938,-0.5082792236890038,-1.8336000061035156,618.0,650.0,618.0,651.0,-0.6682904290553514
66.42186735399615,49.632360190098005,26.658514664682723,12.84763506503505,-0.2416539217039424,-6.197065050314539,-0.5085070020260127,-1.8336000061035156,616.0,650.0,615.0,652.0,-0.6741648260036541
66.43186735399615,49.702842735040086,26.60216645532101,12.848661784547929,0.1069445987567847,-6.11711697445008,-0.5082246705657998,-1.8336000061035156,616.0,650.0,615.0,652.0,-0.6777246930531746
66.44186735399614,49.85503362546896,26.52127266212273,12.831795560726016,0.1565601337698074,-7.750307517962638,-0.5049123516764918,-2.995199890136719,616.0,654.0,614.0,649.0,-0.6715570233886998
66.45186735399614,49.92979927030629,26.46198066790708,12.833825772195198,0.2377697590476525,-7.190021534340685,-0.5186566528978939,-2.995199890136719,616.0,654.0,614.0,649.0,-0.6753404685601128
66.46186735399614,50.04010134529888,26.373511389798495,12.83892914191202,0.9357605835467012,-8.847244672454705,-0.5161968835049604,-2.995199890136719,616.0,650.0,617.0,646.0,-0.6810312812768528
66.47186735399615,50.15476854193717,26.2799583348168,12.847046346854034,0.1571129326323706,-10.61733733790124,-0.5311532103200267,-2.995199890136719,616.0,650.0,617.0,646.0,-0.6870968437119991
66.48186735399614,50.26825725624455,26.185718873545884,12.8547517593108,0.2078058712599989,-8.502206041720061,-0.5469579486110514,-4.006400146484375,617.0,650.0,616.0,651.0,-0.693316499359802
66.49186735399613,50.337186630290304,26.127817684784137,12.85790460825898,0.6415626938357084,-7.452603846945514,-0.5568199888656726,-4.006400146484375,617.0,650.0,616.0,651.0,-0.697183578588809
66.50186735399613,50.45070427091679,26.03160109622565,12.864571848619216,0.0329664217684677,-5.976605869510804,-0.5808148747695839,-4.006400146484375,617.0,650.0,614.0,653.0,-0.7037628538634232
66.51186735399614,50.562407109994695,25.935867541295448,12.867602682164849,0.2371323289773963,-5.800923740670815,-0.5991575742107075,-4.006400146484375,617.0,650.0,614.0,653.0,-0.710561621526898
66.52186735399613,50.630519420014494,25.87702215266961,12.87443539469191,1.359978616981122,-5.843252030707942,-0.6138362967521717,-4.006400146484375,617.0,651.0,611.0,654.0,-0.714823505882369
66.53186735399612,50.762934157462304,25.753716879575453,12.845124707376185,0.3701905311849641,-7.946661654700942,-0.6230058643568294,-4.006400146484375,617.0,651.0,611.0,654.0,-0.7226983868480295
66.54186735399612,50.872523534564586,25.656226309855853,12.845220605132589,-0.144329783890655,-7.742717376716044,-0.63174748438293,-4.9504000854492185,614.0,653.0,609.0,651.0,-0.7298931548503206
66.55186735399613,50.939474127160274,25.596034993022343,12.843485538054535,-0.2794237057861694,-7.668322855327727,-0.6317661334217195,-4.9504000854492185,614.0,653.0,609.0,651.0,-0.734315911170632
66.56186735399612,51.04924295546074,25.49604170647607,12.840704002663172,-0.1301214075089682,-9.575284281773786,-0.6309531335545188,-4.9504000854492185,613.0,653.0,607.0,652.0,-0.7416207903357664
66.57186735399611,51.15683957364136,25.39637661154008,12.837681271927458,-0.4111971977012418,-8.654812176428784,-0.6199164746897853,-4.9504000854492185,613.0,653.0,607.0,652.0,-0.7487761684854137
66.58186735399612,51.222379013884,25.33489746400678,12.833663563043142,-0.7227047518532386,-9.07910836632344,-0.6130213176358537,-5.775999755859375,612.0,650.0,606.0,654.0,-0.7530418995053493
66.59186735399612,51.33003479076126,25.23264426664499,12.827391163873818,-0.913599549032927,-7.943397592903599,-0.6042750110914284,-5.775999755859375,612.0,650.0,606.0,654.0,-0.7600736226476857
66.60186735399611,51.43570955978765,25.130979869725856,12.816257251246274,-1.563363290829075,-7.445483421209029,-0.5984471346960616,-5.775999755859375,610.0,649.0,604.0,651.0,-0.7669773939033055
66.6118673539961,51.49995471920782,25.06851028423527,12.811820516368604,-0.4406358492922749,-7.486171851157221,-0.6093102213338439,-5.775999755859375,610.0,649.0,604.0,651.0,-0.7712015240442239
66.62186735399611,51.605610516852025,24.96470419514323,12.80372401368753,-0.6423066234602743,-7.480617029268581,-0.6225234609712248,-5.775999755859375,610.0,652.0,600.0,649.0,-0.7783311705132223
66.63186735399611,51.72289208524856,24.85398859684725,12.8124200498975,-1.161573482878098,-10.373575132453585,-0.6541686594500201,-5.775999755859375,610.0,652.0,600.0,649.0,-0.7798290662553305
66.6418673539961,51.78620870135801,24.790501136248597,12.808281583688236,-0.3474764302498986,-11.069531441506614,-0.6638275464862704,-6.4,605.0,649.0,601.0,647.0,-0.7844755262322345
66.6518673539961,51.88968445324873,24.6849663754914,12.799218065252504,-1.4062742488478002,-12.520160848142456,-0.6916712476291542,-6.4,605.0,649.0,601.0,647.0,-0.7923607171852454
66.6618673539961,51.95594080787513,24.616248324327696,12.797013160761514,-0.0386165641645298,-10.434591977765644,-0.7098154780970283,-6.4,604.0,649.0,603.0,648.0,-0.7975831207624038
66.6718673539961,52.05289663031234,24.51421911700269,12.792407439915,-0.9746222170066714,-9.79402868980356,-0.7148989564824708,-6.4,604.0,649.0,603.0,648.0,-0.8054113836002821
66.6818673539961,52.153705460948615,24.406389957711525,12.786348150155083,-0.7811367811629766,-9.11211690585726,-0.7366305458947491,-6.819199829101563,599.0,646.0,601.0,647.0,-0.8138337380491377
66.69186735399609,52.21827593747624,24.336486350269876,12.780893514816118,-1.0132438811886255,-6.858992322088087,-0.7519801296213622,-6.819199829101563,599.0,646.0,601.0,647.0,-0.8193484090731195
66.7018673539961,52.31316281613931,24.23278149197826,12.770093681319622,-0.8689741966272743,-5.798579704437166,-0.7615477708233044,-6.819199829101563,593.0,645.0,596.0,647.0,-0.8276706680216348
66.7118673539961,52.41215348081833,24.12332467339692,12.756571624444865,-1.583264018728633,-7.0450365771417465,-0.7750184420514488,-6.819199829101563,593.0,645.0,596.0,647.0,-0.8366522306635636
66.72186735399609,52.50912821347608,24.01466157521129,12.739112900205232,-1.8525008451688496,-7.237620847649767,-0.7813614184384959,-6.819199829101563,586.0,646.0,592.0,644.0,-0.8455693836485643
66.73186735399608,52.56815693889467,23.94775050453181,12.726299799616145,-1.8990484535099648,-8.048808309480114,-0.7813273081125972,-6.819199829101563,586.0,646.0,592.0,644.0,-0.8510444385364891
66.74186735399608,52.680027369035045,23.81282341613175,12.69879211343298,-2.6817522286446933,-8.187904679164761,-0.7647972926276805,-7.190399780273436,581.0,644.0,583.0,640.0,-0.8656945923303924
66.75186735399609,52.77461682143993,23.70136673477551,12.65737922016609,-3.868095688587743,-10.72283962897298,-0.7468016662373805,-7.190399780273436,581.0,644.0,583.0,640.0,-0.8743677570041719
66.76186735399608,52.83127115678307,23.63343890865796,12.632314717731116,-3.8022325033675206,-11.67375944762428,-0.7277299654304442,-7.190399780273436,579.0,639.0,581.0,632.0,-0.8795038149738008
66.77186735399607,52.92303524929757,23.521469105405107,12.585852286947656,-4.151995518744298,-11.669626326892594,-0.7085266875353475,-7.190399780273436,579.0,639.0,581.0,632.0,-0.8877624377629842
66.78186735399608,53.013357735172136,23.409104580027545,12.537492349305934,-4.576397260543276,-9.693045234832931,-0.69380927206814,-7.4944000244140625,574.0,631.0,579.0,625.0,-0.8958119733933658
66.79186735399608,53.067900460424674,23.34038738336548,12.508878404340017,-4.136155214766316,-7.61060525374153,-0.6817706887767866,-7.4944000244140625,574.0,631.0,579.0,625.0,-0.9006270560192683
66.80186735399607,53.156255579534346,23.22793487051179,12.455228337394288,-4.0795309050899125,-5.73891062026212,-0.6560782861842486,-7.4944000244140625,557.0,627.0,571.0,615.0,-0.9082897979621615
66.81186735399606,53.243936952304495,23.115098040026496,12.40630633702358,-3.611875059388193,-6.397871903205825,-0.6535839127683178,-7.4944000244140625,557.0,627.0,571.0,615.0,-0.9158282896599403
66.82186735399607,53.29689030783991,23.046219243886256,12.38611370429036,-2.725909130361704,-6.328487884071553,-0.655430736732122,-7.4944000244140625,522.0,621.0,556.0,618.0,-0.9204196776207947
66.83186735399607,53.39024140031964,22.9329213541268,12.193603552816946,-7.65146524942624,-6.979248427523621,-0.6601469048749012,-7.4944000244140625,522.0,621.0,556.0,618.0,-0.9168417706715208
66.84186735399607,53.475080897307535,22.821641381715565,12.114530606795793,-7.067731909985147,-8.628442753240947,-0.7066670040296347,-7.68,498.0,614.0,546.0,608.0,-0.9248409779415865
66.85186735399606,53.525854028485234,22.75403901020175,12.07273801296917,-5.928890929731128,-10.14977152206204,-0.7394539500670091,-7.68,498.0,614.0,546.0,608.0,-0.9299546761903253
66.86186735399606,53.6076103306791,22.643235114881225,12.003364712804032,-6.303840453847251,-11.184050150383172,-0.7837409362660896,-7.68,506.0,602.0,561.0,604.0,-0.9388274144377132
66.87186735399607,53.68827788064526,22.53173095859567,11.931803673626298,-5.580423188307597,-9.330214904115833,-0.8220150722823258,-7.68,506.0,602.0,561.0,604.0,-0.9481738283897738
66.88186735399606,53.73671882119536,22.46392377704502,11.888858212523813,-6.1717550280060935,-6.419008789448285,-0.8263269802367049,-7.779199829101563,506.0,596.0,549.0,604.0,-0.9539605060787345
66.89186735399605,53.81527406163334,22.3527730158618,11.823625069655687,-5.877229035044506,-7.516001838207398,-0.8353803515401199,-7.779199829101563,506.0,596.0,549.0,604.0,-0.9635968249342284
66.90186735399605,53.86591032948449,22.28030875762372,11.783517207835658,-4.729622196154688,-5.884249370176583,-0.8311914443432482,-7.779199829101563,493.0,595.0,533.0,599.0,-0.96987702594059
66.91186735399606,53.93949245830644,22.17403621746549,11.738793471932272,-3.166596304971753,-4.999833573638544,-0.8183382982435304,-7.779199829101563,493.0,595.0,533.0,599.0,-0.978946649544412
66.92186735399605,54.01540905954885,22.06322295531126,11.684094487766655,-4.858382582106717,-5.269190315079335,-0.7920843805955116,-7.779199829101563,493.0,588.0,496.0,591.0,-0.9882297370953116
66.93186735399604,54.09027841922425,21.95239826964685,11.623032575638312,-4.312085865929703,-7.660918078733008,-0.764243467843385,-7.779199829101563,493.0,588.0,496.0,591.0,-0.9971016111926829
66.94186735399605,54.12779618048732,21.884492234305032,11.509188017477836,-6.343383852100265,-9.092374142693885,-0.7430678882045154,-7.795200195312499,455.0,593.0,451.0,582.0,-1.010782559774115
66.95186735399605,54.19938400774986,21.773865311806443,11.43902389091356,-6.66409253553138,-9.073998473343858,-0.7461538718821412,-7.795200195312499,455.0,593.0,451.0,582.0,-1.01936344785037
66.96186735399604,54.24542801955012,21.70173431960432,11.395534653869124,-9.193767038396304,-9.57213045689285,-0.7707324105944682,-7.795200195312499,426.0,576.0,442.0,573.0,-1.0250071478745713
66.97186735399603,54.31141426672392,21.596524176496185,11.283163385057623,-10.38359062526902,-11.207760863946095,-0.7969397617561742,-7.795200195312499,426.0,576.0,442.0,573.0,-1.0336275967463144
66.98186735399604,54.37837632008407,21.486963183973156,11.168175545099633,-9.705509227896895,-11.0633552592869,-0.8539770754001518,-7.747199707031251,400.0,565.0,474.0,564.0,-1.0431482908139824
66.99186735399604,54.443577546780666,21.37705698280456,11.058994934020664,-8.034005950770252,-13.62621103941501,-0.8982937201152997,-7.747199707031251,400.0,565.0,474.0,564.0,-1.053347501410464
67.00186735399603,54.482241764328805,21.31035498974872,11.013890673261738,-6.24916736974559,-11.674240594310984,-0.9184763965124508,-7.747199707031251,440.0,557.0,474.0,559.0,-1.0597243850993014
67.01186735399602,54.54444122807788,21.20091691474328,10.945256726471044,-5.101581105561353,-8.37360587165191,-0.9210390749497894,-7.747199707031251,440.0,557.0,474.0,559.0,-1.0703347012370767
67.02186735399603,54.60555264026995,21.091332827299496,10.895362880950245,-4.222826282961254,-6.854327966612735,-0.9092839901713704,-7.747199707031251,462.0,557.0,487.0,562.0,-1.0808413624049198
67.03186735399603,54.64213890677337,21.02475863212219,10.865610536731303,-3.9250685235632674,-6.971743806574499,-0.8994488379209953,-7.747199707031251,462.0,557.0,487.0,562.0,-1.0871634243465584
67.04186735399603,54.72459551346082,20.92679297870303,10.7424311921538,-4.1575789507253615,-8.047999247554866,-0.875468484382091,-7.68,436.0,561.0,487.0,556.0,-1.0981749894966635
67.05186735399602,54.78289154043625,20.818314234690256,10.69423543682489,-4.042759733595715,-7.668133641091462,-0.8346983161793832,-7.68,436.0,561.0,487.0,556.0,-1.1079393627825922
67.06186735399602,54.81785468058333,20.75219989051629,10.66374522965422,-3.983794647452556,-7.49926142579632,-0.8240495109997249,-7.68,398.0,559.0,421.0,546.0,-1.113727832857878
67.07186735399603,54.874233336461415,20.643797584078065,10.59745942943882,-6.273478233502904,-8.852127091253427,-0.8028340638625208,-7.68,398.0,559.0,421.0,546.0,-1.1230031974260182
67.08186735399602,54.92890094814965,20.53585160570539,10.518535596755273,-6.855036975158758,-11.25118072213261,-0.8013994437061879,-7.68,376.0,550.0,421.0,536.0,-1.1321465175826804
67.09186735399601,54.96140490997011,20.470086698912013,10.473138589276472,-6.496783355471033,-10.89490791238422,-0.8064646050902534,-7.68,376.0,550.0,421.0,536.0,-1.1377803929365788
67.10186735399601,55.013395552553135,20.362097289452347,10.395188234111387,-6.035915004568931,-11.364182045229049,-0.8363525916913177,-7.660800170898438,384.0,543.0,449.0,528.0,-1.1472859928341839
67.11186735399602,55.04625957579098,20.29204515787728,10.352767494495122,-5.214302949985084,-12.016401583012955,-0.8712221727965523,-7.660800170898438,406.0,535.0,449.0,528.0,-1.153670636564337
67.12186735399601,55.093329311588825,20.188852238681047,10.299277590579386,-4.412535437883649,-12.000506015778228,-0.892707716049548,-7.660800170898438,406.0,535.0,449.0,528.0,-1.1633642879368247
67.131867353996,55.14095142222791,20.080691714775817,10.253870020912611,-3.46906378491253,-12.728090060907736,-0.901053959150782,-7.660800170898438,406.0,535.0,449.0,528.0,-1.1736790405483983
67.141867353996,55.21759503412245,19.96243550298332,10.166756451808787,-2.992449732652596,-11.907608678138388,-0.9062333111689816,-7.929600219726563,420.0,533.0,460.0,529.0,-1.1755363677306305
67.15186735399601,55.24542349131495,19.897012016247245,10.144843536439597,-2.965265692943561,-10.901381457516788,-0.8961348172584422,-7.929600219726563,415.0,532.0,460.0,526.0,-1.1818445468758476
67.161867353996,55.28976940307943,19.78971420899913,10.109132002107382,-3.120446231995196,-10.738870242365104,-0.8835094318983971,-7.929600219726563,415.0,532.0,460.0,526.0,-1.1920689665671715
67.17186735399599,55.31805099965675,19.719217447353994,10.087329704583968,-3.2028766980739025,-11.147140804412924,-0.8722748231606627,-7.929600219726563,411.0,530.0,451.0,527.0,-1.1986820001835556
67.181867353996,55.35811946723726,19.61629300370449,10.050921852707551,-3.227701113449751,-11.321082083074904,-0.8765148703187402,-7.929600219726563,411.0,530.0,451.0,527.0,-1.2082829630696126
67.191867353996,55.39872423669463,19.507668548970404,10.012256445666456,-3.3958923522310966,-13.1191498759126,-0.889539238136764,-8.201599731445313,419.0,524.0,444.0,524.0,-1.2185355046375894
67.201867353996,55.43705752094259,19.4001893069272,9.981628791360205,-2.5523686358337083,-13.261022179308,-0.9082026375364164,-8.201599731445313,419.0,524.0,444.0,524.0,-1.2288726116723263
67.21186735399598,55.45975207941351,19.334109518769917,9.96661275323345,-1.8599068925504856,-12.59818559573001,-0.9176053135002554,-8.201599731445313,440.0,521.0,454.0,523.0,-1.2353010636906054
67.22186735399599,55.49578943797073,19.2251915478585,9.948441107767907,-1.015450935619849,-11.589578507965166,-0.9520368196307945,-8.201599731445313,440.0,521.0,454.0,523.0,-1.2461484063114274
67.231867353996,55.51830073011445,19.15441958603236,9.940390091232665,-0.4767178173342935,-11.35974614757608,-0.9648762430916684,-8.70719970703125,450.0,521.0,454.0,523.0,-1.2532790983044582
67.24186735399599,55.55303475002525,19.036219539631297,9.953757906936946,-0.6789354393234213,-10.527488009824364,-0.9581250435384194,-8.70719970703125,450.0,521.0,454.0,523.0,-1.2659573340573471
67.25186735399598,55.58514958386829,18.926214269731734,9.951934506418397,-0.5769134689250894,-10.544145701418444,-0.9578607048702388,-8.70719970703125,453.0,519.0,452.0,523.0,-1.27694730628834
67.26186735399598,55.61587364727744,18.81609471677327,9.953752145119136,0.150466729027642,-10.61352395688957,-0.9647010246197124,-8.70719970703125,453.0,519.0,452.0,523.0,-1.2879987379606799
67.27186735399599,55.6339101716906,18.748874226756783,9.958947302274469,0.8478790419220922,-11.37559856346309,-0.968409534104292,-9.414400024414062,456.0,522.0,452.0,524.0,-1.294778412883238
67.28186735399598,55.6623775518164,18.638275465314965,9.96216895279088,0.0179909483899961,-11.144542367054198,-0.9690647782566802,-9.414400024414062,456.0,522.0,452.0,524.0,-1.3058640495572151
67.29186735399597,55.6895590712772,18.5264691973063,9.971012969116323,0.6202840700776547,-11.689820374332518,-0.9639514565020184,-9.414400024414062,458.0,521.0,455.0,524.0,-1.3169709971478498
67.30186735399597,55.70533690721245,18.45816057931734,9.976599248090151,0.7746267180989327,-13.58956683907328,-0.961538756934241,-9.414400024414062,458.0,521.0,455.0,524.0,-1.3237243342456162
67.31186735399598,55.729657352498215,18.34639859164478,9.981437069756671,0.1657855695265168,-14.346049474197844,-0.967174908361648,-9.414400024414062,460.0,520.0,457.0,523.0,-1.3347257541241244
67.32186735399597,55.75239500430961,18.233477056622696,9.98538699510697,-0.6779308809588284,-13.301406361627771,-0.9617025604759056,-9.414400024414062,460.0,520.0,457.0,523.0,-1.3457957929167437
67.33186735399596,55.76541093549749,18.164822915639228,9.98879415159998,0.3108838020145095,-11.594356089853935,-0.9619802554712692,-10.121599731445313,460.0,520.0,459.0,523.0,-1.3524995886804039
67.34186735399597,55.82085101676263,18.02279197635509,10.060203310007658,0.1424201015688354,-10.98817921697448,-0.9618747268267906,-10.121599731445313,460.0,520.0,459.0,523.0,-1.359855102718719
67.35186735399597,55.84095855442364,17.908860758851198,10.0614114386668,0.091114540664653,-10.904716613338152,-0.9558749218622696,-10.121599731445313,460.0,522.0,457.0,524.0,-1.370871299797454
67.36186735399596,55.85253168111633,17.839060194970518,10.064646481156014,-0.0859435021770068,-11.526588422087531,-0.9525826067749108,-10.121599731445313,460.0,522.0,457.0,524.0,-1.3775643355471257
67.37186735399595,55.8702659996668,17.72484817007006,10.070337598515328,0.1420732840297806,-10.854538922580996,-0.9545090107955324,-10.793599853515625,460.0,520.0,457.0,522.0,-1.3885039223382916
67.38186735399596,55.88666146053368,17.609695832015035,10.077550775151389,0.5199148055291335,-11.143003653023497,-0.9436527846646798,-10.793599853515625,460.0,520.0,457.0,522.0,-1.3994150093188487
67.39186735399596,55.89588233623293,17.539749034529986,10.0840151422536,0.5614984488726233,-11.48746580059932,-0.9515155911221336,-10.793599853515625,459.0,519.0,458.0,521.0,-1.4060562066468485
67.40186735399595,55.90988261706938,17.424666500452744,10.095102895710712,0.7161608081121634,-10.515571528588003,-0.9515922321416478,-10.793599853515625,459.0,519.0,458.0,521.0,-1.4169710318447024
67.41186735399594,55.92269508600892,17.308739681908527,10.107226579721178,0.4670062920682881,-8.957301649232882,-0.9573895109550676,-10.793599853515625,457.0,519.0,460.0,523.0,-1.4279882220406113
67.42186735399595,55.929907145400975,17.238276588359263,10.112689579804153,0.1856835106549824,-8.284471609615686,-0.969135618466928,-10.793599853515625,457.0,519.0,460.0,523.0,-1.4347342520522373
67.43186735399595,55.9524145379743,17.10480429092353,10.068838215314786,0.1030343325843181,-9.03335830177692,-0.9928017482475894,-11.500799560546875,457.0,519.0,460.0,524.0,-1.4453413128211894
67.44186735399595,55.96237453945953,16.9893242906212,10.075191983863045,-0.0832061787277125,-9.404977311832278,-1.006943903179307,-11.500799560546875,457.0,519.0,460.0,524.0,-1.456838121113692
67.45186735399594,55.967850054963534,16.918939163583943,10.077933180259867,0.0338721184137507,-9.816124140093631,-1.0029610892373908,-11.500799560546875,457.0,522.0,457.0,525.0,-1.463877034166054
67.46186735399594,55.97557369175725,16.80304784700372,10.081616570842492,-0.2290168565412467,-12.810971834280524,-1.0116315494653942,-11.500799560546875,457.0,522.0,457.0,525.0,-1.4754723075110552
67.47186735399595,55.98153207300563,16.68730945394176,10.083859075424652,-0.1600370421838252,-13.764140144853188,-1.011549842409294,-11.500799560546875,458.0,520.0,457.0,525.0,-1.4871022040720447
67.48186735399594,55.98427358605097,16.61668368564792,10.084390898481992,-0.2890567469742425,-13.353263161603076,-1.0123344115479886,-11.500799560546875,458.0,520.0,457.0,525.0,-1.4941991922433036
67.49186735399593,55.987428356200525,16.50074726528187,10.086164115760372,-0.2659038358051058,-12.378754491628138,-1.012654999537809,-12.16,459.0,522.0,457.0,523.0,-1.5058506497678759
67.50186735399593,55.98873324612064,16.424807637269378,10.087139905457702,-0.1569616322060553,-9.504932177610664,-1.0110018165966073,-12.16,459.0,522.0,457.0,523.0,-1.5134819086479776
67.51186735399594,55.989696701181934,16.313867351181432,10.087636517994572,-0.636404715076317,-9.332249812158894,-1.0101848780883238,-12.16,456.0,521.0,456.0,523.0,-1.5245759503133975
67.52186735399593,55.989507406328215,16.19798990589203,10.089777812096736,-0.0522246277501468,-9.52363765331784,-1.021648333813078,-12.16,456.0,521.0,456.0,523.0,-1.536291535287591
67.53186735399592,56.040948483705854,16.12157943866887,10.068096813798984,-0.0518926840473272,-10.24372340924473,-1.0333314740497346,-12.681600341796875,454.0,520.0,455.0,525.0,-1.5404154619726003
67.54186735399593,56.04076663956637,16.010916884763617,10.07004128941001,-0.0571928531105995,-10.058617429438382,-1.0383690361685107,-12.681600341796875,454.0,520.0,455.0,525.0,-1.5517877653135155
67.55186735399593,56.03921440489094,15.89505542287772,10.07531434564094,0.0597057786039846,-11.223617477337866,-1.0467597890169127,-12.681600341796875,454.0,518.0,453.0,525.0,-1.5638352709880627
67.56186735399592,56.03741184020271,15.819472839170825,10.078116020864629,0.2224525943775247,-10.452956373134231,-1.0726337200466982,-12.681600341796875,454.0,518.0,453.0,525.0,-1.5718232706380755
67.57186735399591,56.033676322472886,15.708558500969453,10.086922715705755,0.5903367042291383,-11.000520152569386,-1.0774482573025284,-12.681600341796875,454.0,524.0,453.0,527.0,-1.5836413078983285
67.58186735399592,56.02836146567758,15.592464236536284,10.101379167394436,1.4616641166138291,-10.970111587860677,-1.1082821183146356,-12.681600341796875,454.0,524.0,453.0,527.0,-1.5962821493831527
67.59186735399592,56.021635538934376,15.476277225267255,10.11522049373759,1.2767073924146564,-10.070866993105684,-1.132818304717285,-12.681600341796875,454.0,524.0,454.0,530.0,-1.6092390434425528
67.60186735399591,56.016850104910965,15.405617846990138,10.122447097963905,0.7388607767454363,-11.24975411182851,-1.1443564474947985,-12.681600341796875,454.0,524.0,454.0,530.0,-1.6172249801552747
67.6118673539959,56.007964276120205,15.28932870242434,10.134349629898962,0.8589436811922995,-9.18920366152259,-1.1658116918221737,-12.681600341796875,456.0,526.0,454.0,529.0,-1.6305487030024128
67.62186735399591,55.99767985427179,15.17311936671089,10.148487423524951,0.5868292683698058,-11.82423327564117,-1.1567649165683451,-12.681600341796875,456.0,526.0,454.0,529.0,-1.6439413411491517
67.63186735399591,55.97011911262064,15.10211675430588,10.081697698816797,0.6978371455422762,-11.770541698784136,-1.1606011834428411,-14.08,457.0,527.0,455.0,533.0,-1.6636606866731114
67.6418673539959,55.95570086339932,14.987021952565897,10.096149113664117,0.6234468022144224,-12.189409966898715,-1.1487575332231792,-14.08,457.0,527.0,455.0,533.0,-1.6768616729233201
67.6518673539959,55.93954690702981,14.871790768974094,10.108913956222144,0.7016494976857366,-13.028456576347558,-1.1405995241644349,-14.08,456.0,528.0,455.0,538.0,-1.6900184842615749
67.6618673539959,55.92884452407189,14.801741656205357,10.119268372925497,1.0420766795599556,-12.960474562739993,-1.1387553358211493,-14.08,456.0,528.0,455.0,538.0,-1.6980164089174388
67.6718673539959,55.90997860216455,14.6870156599009,10.130774353096532,0.2667272754748704,-12.028056995867566,-1.1369999388368208,-14.08,457.0,527.0,456.0,535.0,-1.7110658679511088
67.6818673539959,55.88951578631043,14.571994368371993,10.142772997959923,0.7570275587378755,-10.535681840515217,-1.1326085314838388,-14.08,457.0,527.0,456.0,535.0,-1.7241159228926408
67.69186735399589,55.87636167614646,14.501790572922753,10.152925850203449,1.2458750850363611,-8.959218942220195,-1.1367891767348584,-14.483199462890624,458.0,528.0,457.0,533.0,-1.7320977210350261
67.7018673539959,55.85383974069133,14.387153753020495,10.164280467142191,0.5077481278593499,-10.469304643936182,-1.1381824208996274,-14.483199462890624,458.0,528.0,457.0,533.0,-1.7451710471380484
67.7118673539959,55.8297313753275,14.272731977081571,10.178691600444989,1.3884901759399155,-13.43002354889846,-1.1391186904461303,-14.483199462890624,458.0,528.0,457.0,532.0,-1.7582256574314357
67.72186735399589,55.81421504967059,14.203205085636704,10.189223033680587,1.2556195772395755,-12.455349997186987,-1.144786458325023,-14.483199462890624,458.0,528.0,457.0,532.0,-1.7662238188421937
67.73186735399588,55.80834382614336,14.084334780465582,10.17292064838016,1.4227309082093265,-11.950915339175475,-1.1433973176203855,-14.751999511718749,459.0,530.0,460.0,533.0,-1.7734589832139358
67.74186735399589,55.78119223477998,13.970133617967154,10.193522862732546,1.3490730336271606,-10.943249414584828,-1.1446075564254974,-14.751999511718749,459.0,530.0,460.0,533.0,-1.7866477677826151
67.75186735399589,55.76404483572557,13.900908665724266,10.206904668574555,1.740938090871098,-9.634981018924911,-1.1413493586361732,-14.751999511718749,462.0,532.0,462.0,535.0,-1.7946337480397423
67.76186735399588,55.73488716565405,13.786990797142712,10.2260788691391,1.546552635121899,-8.53370578367032,-1.1167947153956843,-14.751999511718749,462.0,532.0,462.0,535.0,-1.8076035938593826
67.77186735399587,55.70441661235201,13.673233289219905,10.245196276504192,1.496000946483384,-11.552051842512611,-1.0911935804723811,-14.751999511718749,464.0,532.0,463.0,537.0,-1.8202086068674703
67.78186735399588,55.68503687515843,13.603964545208868,10.2593441202747,2.0307456421753978,-13.656830414934085,-1.083500819034069,-14.751999511718749,464.0,532.0,463.0,537.0,-1.8278123406469111
67.79186735399588,55.65140317678812,13.489574331991024,10.284785102507158,2.181371561093358,-14.620780521774218,-1.0738578511829255,-14.735999755859375,466.0,529.0,466.0,536.0,-1.8402825237524125
67.80186735399587,55.62893024876944,13.416523563500036,10.306391937316496,2.2626795463999563,-11.580636387863484,-1.0684674220588657,-14.735999755859375,466.0,529.0,466.0,536.0,-1.8482216368196456
67.81186735399586,55.594440162822735,13.308281030498415,10.332494570148446,1.967675641028044,-10.759372634423803,-1.0580046855650498,-14.735999755859375,469.0,535.0,469.0,535.0,-1.8599191533989334
67.82186735399587,55.55709510135241,13.195044549348378,10.362752213608193,2.215373726479395,-8.684598035433732,-1.0517883905795968,-14.735999755859375,469.0,535.0,469.0,535.0,-1.8720297789382028
67.83186735399588,55.51866388031699,13.082146177869106,10.39487366305307,2.5025909638695056,-9.28395806466743,-1.0227382492291754,-14.601600341796875,473.0,535.0,472.0,534.0,-1.8838773876865804
67.84186735399587,55.48787426339664,13.010449498567038,10.379589868945404,2.3884517984001907,-8.29738781904136,-1.0071974836657216,-14.601600341796875,473.0,535.0,472.0,534.0,-1.8884694115521345
67.85186735399586,55.44750588140786,12.897619510919034,10.413504977580288,2.8355361193685247,-6.110295636566535,-0.9622813155821732,-14.601600341796875,477.0,536.0,476.0,535.0,-1.8996792945738754
67.86186735399586,55.4064109878084,12.78489694922932,10.449323878346044,3.8473327023006223,-7.0120156625289445,-0.9254459787779472,-14.601600341796875,477.0,536.0,476.0,535.0,-1.910449809348005
67.87186735399587,55.3807169560553,12.716174580553272,10.477483533422363,3.609751696675136,-11.17623712614573,-0.882838014624991,-14.601600341796875,488.0,536.0,478.0,538.0,-1.9166964950678078
67.88186735399586,55.33748099595368,12.603874630200483,10.509672506447956,2.5667324328540664,-9.996072454770308,-0.8228627421340347,-14.601600341796875,488.0,536.0,478.0,538.0,-1.926389358470282
67.89186735399585,55.29254867226887,12.490675897740427,10.549165050306588,3.246180455444126,-7.656493776802336,-0.7419856056418878,-13.926400146484376,484.0,537.0,483.0,538.0,-1.9352547837879177
67.90186735399585,55.2648058740626,12.421986385516938,10.57414521459138,3.3722461088718343,-5.6562743274031,-0.7034981894198262,-13.926400146484376,484.0,537.0,483.0,538.0,-1.9402459561798615
67.91186735399586,55.21891347640106,12.309306965806035,10.619480468368664,3.857167728304766,-1.4607132054042284,-0.6540663209310904,-13.926400146484376,494.0,536.0,491.0,535.0,-1.947918832299933
67.92186735399585,55.1725451817991,12.195582029773496,10.66192571809414,5.153776052498942,-2.5109348383235623,-0.6240455611010113,-13.926400146484376,494.0,536.0,491.0,535.0,-1.9552726058674823
67.93186735399584,55.15432827636874,12.115520017064917,10.654508091126411,5.407403294012124,-7.011058853508543,-0.5826096537796638,-12.950400390625001,514.0,535.0,495.0,533.0,-1.945476772089528
67.94186735399585,55.10816416588568,12.001599654965515,10.702889533487475,4.180124718413771,-6.992260951072668,-0.5415099814210582,-12.950400390625001,514.0,535.0,495.0,533.0,-1.9518623052183024
67.95186735399585,55.06068538189991,11.88736747448821,10.770625897391067,6.288322224965199,-6.538110321190242,-0.4844644907629385,-12.950400390625001,507.0,541.0,501.0,534.0,-1.9576643952377437
67.96186735399584,55.03125247488535,11.81759938182084,10.812377583128235,5.632245931206493,-5.417978594052429,-0.4458678292802523,-12.950400390625001,507.0,541.0,501.0,534.0,-1.9608665197196227
67.97186735399583,54.98233521303492,11.702781084516172,10.888517637088,6.27489530207171,-3.1490283029975763,-0.3934733499984253,-12.950400390625001,515.0,543.0,511.0,541.0,-1.9656025138162112
67.98186735399584,54.93251516742307,11.586739032726642,10.96387119024144,6.348587672392194,-0.8248103792523954,-0.357386913830988,-12.950400390625001,515.0,543.0,511.0,541.0,-1.96983846396241
67.99186735399584,54.90210795041973,11.515950145303432,11.00872118587592,6.617304643937419,0.8229443089014145,-0.340530174282301,-11.449599609375,526.0,546.0,518.0,543.0,-1.9722547494469314
68.00186735399583,54.85194879687529,11.39942815950588,11.0868871064547,6.729072926243438,-1.279233119067152,-0.3274483850847799,-11.449599609375,526.0,546.0,518.0,543.0,-1.9760562580989334
68.01186735399583,54.800839425613205,11.28138124074496,11.162796491166771,6.708063504279976,-2.6963265099381712,-0.3129369297454374,-11.449599609375,539.0,549.0,524.0,546.0,-1.9797431825661609
68.02186735399583,54.76941986993333,11.209270388426864,11.211574023279304,6.615913260076079,-2.2081063653906154,-0.3024847011590544,-11.449599609375,539.0,549.0,524.0,546.0,-1.9818765299238303
68.03186735399584,54.715870869101096,11.063537186164384,11.278393972968482,8.414903880838304,-5.295577048222436,-0.280118973863509,-9.849600219726563,544.0,559.0,544.0,552.0,-1.988823781861714
68.04186735399583,54.66283513107234,10.944296541798408,11.37093705448408,7.923517319762803,-5.588483785646098,-0.267152684067657,-9.849600219726563,544.0,559.0,544.0,552.0,-1.9919578070426254
68.05186735399582,54.63003399487226,10.871336930314436,11.4277054322227,8.528527417140843,-4.754545100533517,-0.2552138068554451,-9.849600219726563,551.0,566.0,542.0,556.0,-1.9937533724116356
68.06186735399582,54.57554232268944,10.750693576903773,11.522440904711752,7.365422757101054,-0.3782687692593744,-0.2423343220910916,-9.849600219726563,551.0,566.0,542.0,556.0,-1.996596034817855
68.07186735399583,54.52082732439298,10.629108357553498,11.60440998946926,7.463592046324468,2.805792295693782,-0.2305725732747789,-9.849600219726563,559.0,572.0,548.0,561.0,-1.9993019809418069
68.08186735399582,54.48750865713242,10.554684222777666,11.655116329702032,7.197545002894573,2.155132551626791,-0.225433092057451,-9.849600219726563,559.0,572.0,548.0,561.0,-2.0008733827843685
68.09186735399581,54.43259266925024,10.431551069323776,11.73293481011018,6.938619939447358,1.2442109276320192,-0.20994640468498,-8.134400024414063,567.0,577.0,555.0,569.0,-2.0033515083717726
68.10186735399581,54.37727188581096,10.307637254342795,11.816774746124745,7.470358024704883,-2.019077947226186,-0.1889996921949353,-8.134400024414063,567.0,577.0,555.0,569.0,-2.005612409176253
68.11186735399582,54.34310328223158,10.231644964830174,11.865064609005683,6.807333443498007,-3.615692230244469,-0.1659862431810827,-8.134400024414063,577.0,581.0,561.0,574.0,-2.0068085540480523
68.12186735399581,54.28671731725019,10.107237507270744,11.94438680123936,7.122130548785999,-3.075385210906481,-0.1305378349341946,-8.134400024414063,577.0,581.0,561.0,574.0,-2.008448939911467
68.1318673539958,54.19153714274054,10.001587294634358,11.985189542560237,7.174898459558683,-1.995656735041908,-0.1030217469172214,-6.4320001220703125,585.0,590.0,570.0,579.0,-2.0214941366659787
68.1418673539958,54.15501066952661,9.925621121174686,12.032629455836174,6.7833770303646,-1.2838438065233844,-0.0868540391183565,-6.4320001220703125,585.0,590.0,570.0,579.0,-2.0221517926949595
68.15186735399581,54.09486803238993,9.800794034003722,12.108492550659946,6.848317538902372,-1.0727191647327343,-0.0723792956936008,-6.4320001220703125,603.0,593.0,579.0,590.0,-2.0230669309005482
68.1618673539958,54.03380549630353,9.674268903802938,12.20406877439412,10.316996634666507,-0.9139635029272732,-0.0567755181421947,-6.4320001220703125,603.0,593.0,579.0,590.0,-2.0237899442774916
68.1718673539958,53.99649761252463,9.596998995369022,12.259171182654429,7.431153167086065,0.6333076570354791,-0.0542903219365125,-6.4320001220703125,603.0,598.0,584.0,605.0,-2.0241833957398914
68.1818673539958,53.93506030140601,9.46968035364308,12.338939676746415,7.177795720964003,0.7427953281570535,-0.0595536173729783,-6.4320001220703125,603.0,598.0,584.0,605.0,-2.0248200543836865
68.1918673539958,53.872890181567854,9.340653587374288,12.4203987743531,6.949632495487013,0.7854121297939695,-0.060916659780457,-4.915199890136718,606.0,607.0,594.0,599.0,-2.02549545576663
68.2018673539958,53.83484355308519,9.261496891915757,12.469905244944858,7.085641870731246,1.8180555824776776,-0.0551787072968135,-4.915199890136718,606.0,607.0,594.0,599.0,-2.025890304292582
68.21186735399579,53.77288280932269,9.132487936048378,12.549093009546787,6.754901278555376,-0.5087556658093177,-0.0358021981874836,-4.915199890136718,614.0,610.0,600.0,603.0,-2.026380040984286
68.22186735399579,53.70982228334394,9.001468637466976,12.624772442946892,6.652244985543311,-0.865929352834334,-0.0233514045699762,-4.915199890136718,614.0,610.0,600.0,603.0,-2.026711028594422
68.2318673539958,53.66161839004271,8.949823573399105,12.502048077910738,6.876583648813638,-0.7105272274723275,-0.0235186327106209,-3.4495999145507814,620.0,620.0,608.0,610.0,-2.030886336253824
68.24186735399579,53.59815576406783,8.820670489432512,12.582031848957412,7.063946482003769,0.6464089572604739,-0.0073512566210687,-3.4495999145507814,620.0,620.0,608.0,610.0,-2.0309899330067864
68.25186735399578,53.53390006408001,8.689736086911248,12.661509248512102,6.90402836684144,0.1769554870668161,0.0089808144333449,-3.4495999145507814,629.0,623.0,614.0,616.0,-2.030937344519691
68.26186735399578,53.494737511314526,8.609868692342825,12.71011957336989,6.764348416447518,0.5893755453436844,0.0059251146693912,-3.4495999145507814,629.0,623.0,614.0,616.0,-2.03088215711231
68.27186735399579,53.430260079923215,8.478285535735932,12.787695089048569,6.869443230222746,-0.0523029190694818,0.0042576169660873,-3.4495999145507814,629.0,633.0,619.0,620.0,-2.0308256901001913
68.28186735399578,53.36505103966248,8.345113532901303,12.873544834664338,8.134636350672164,1.1892124613151749,0.0104843801311886,-3.4495999145507814,629.0,633.0,619.0,620.0,-2.0306774353188852
68.29186735399577,53.32539828620658,8.263807765367138,12.927769344914047,7.411607370208705,3.692811721119525,0.0062882108516833,-2.457599945068359,635.0,639.0,627.0,630.0,-2.030634025102068
68.30186735399577,53.26039422739144,8.129481839740757,13.000265138806668,6.025456156789808,2.8183847291062785,0.0142970993274815,-2.457599945068359,635.0,639.0,627.0,630.0,-2.0305397832703846
68.31186735399578,53.19490553965505,7.994056329476755,13.079259562027657,7.213802966846115,-1.022978382890425,0.0270279435500962,-2.457599945068359,642.0,643.0,632.0,633.0,-2.0303019235921593
68.32186735399577,53.15470616731197,7.911275605560511,13.12641240134186,6.936845898078583,-2.396177634285406,0.0275861803917507,-2.457599945068359,642.0,643.0,632.0,633.0,-2.030109151206921
68.33186735399576,53.08076398949249,7.732891191927286,13.229769268061052,7.223996877766086,-2.5452526644999325,0.0411056883516704,-1.6672000122070312,648.0,650.0,642.0,639.0,-2.0296941965885553
68.34186735399577,53.01404273431355,7.595419512325996,13.31501023095398,7.284431403125225,-0.5576830476704857,0.0575430332100947,-1.6672000122070312,648.0,650.0,642.0,639.0,-2.029112900424171
68.35186735399577,52.97306846152328,7.510960197355498,13.368308569727848,7.783056225440382,1.1059409432959657,0.0528585870590263,-1.6672000122070312,655.0,658.0,648.0,645.0,-2.0287378259487854
68.36186735399576,52.90578727382714,7.371867816149571,13.451553394672322,6.930553308231004,1.9441176185582767,0.0509333640412946,-1.6672000122070312,655.0,658.0,648.0,645.0,-2.0281235479752078
68.37186735399575,52.83841148728615,7.23196455916245,13.531384665091268,7.230500915354189,2.324647260381565,0.0475789726803024,-1.6672000122070312,665.0,664.0,654.0,649.0,-2.0275684595012677
68.38186735399576,52.79732299264912,7.146326117033505,13.582096330162823,7.176527486473924,1.5480175617801584,0.0400398197030611,-1.6672000122070312,665.0,664.0,654.0,649.0,-2.0272845451251986
68.39186735399576,52.72965448741489,7.004755400125116,13.66195207807158,6.84525354774206,2.2186367639451734,0.0275205420346011,-1.1616000366210937,673.0,669.0,662.0,662.0,-2.02691052574168
68.40186735399575,52.68530838263306,6.911653501125183,13.714404978187272,6.702744564366056,1.2373799370585865,0.0241942764644717,-1.1616000366210937,673.0,669.0,662.0,662.0,-2.026737569270261
68.41186735399575,52.620176290887706,6.774728719286438,13.788172710205762,6.765679652145764,-0.5904141264177977,0.0268237296857108,-1.1616000366210937,680.0,669.0,667.0,665.0,-2.0264719552766595
68.42186735399575,52.551812549347055,6.631206169218347,13.868147993866812,6.649378084851359,-0.662331951653451,0.0274816431907633,-1.1616000366210937,680.0,669.0,667.0,665.0,-2.026163239837087
68.43186735399576,52.48297693724018,6.563099311350531,13.809221636905615,6.299704686049303,-1.987131607346448,0.0268337071569712,-1.1616000366210937,683.0,678.0,674.0,670.0,-2.0313399100266327
68.44186735399575,52.41530605073002,6.425526815871136,13.882380952205176,6.86248954949164,-0.7444292600651583,0.0204731211126502,-1.1616000366210937,683.0,678.0,674.0,670.0,-2.031068355452424
68.45186735399574,52.344602645350406,6.281795762396172,13.95511357041871,5.991264388203665,0.7798977861177268,0.0157969926472866,-1.1616000366210937,689.0,681.0,678.0,675.0,-2.030894711890588
68.46186735399574,52.298264228217626,6.18749625805996,14.000872293469332,6.508336234485932,0.2687998127425471,-0.0068894154225428,-1.1616000366210937,689.0,681.0,678.0,675.0,-2.0308581014491827
68.47186735399575,52.23013769783246,6.048670145273395,14.069270865947548,5.77851097488058,0.7578921819000017,-0.0163759112597752,-1.1616000366210937,694.0,688.0,684.0,683.0,-2.030979091889254
68.48186735399574,52.15889391808207,5.903161157690151,14.138146748356627,5.991751983023488,0.8131712467654779,-0.0390707080516794,-1.1616000366210937,694.0,688.0,684.0,683.0,-2.0313903058248775
68.49186735399573,52.08694174969581,5.7561709461349375,14.20205541651219,5.24474390231233,-0.6569455568534099,-0.064766866459694,-0.6208000183105469,699.0,694.0,687.0,691.0,-2.0320817599728267
68.50186735399573,52.0430313015729,5.666549823997533,14.241955829307624,5.984545279036919,-0.3565133582087251,-0.0707954523361801,-0.6208000183105469,699.0,694.0,687.0,691.0,-2.032563465041328
68.51186735399574,51.970522005861824,5.5187788902695925,14.308665123200202,5.8379474498231065,-2.112762340729724,-0.0781872036210072,-0.6208000183105469,704.0,701.0,693.0,696.0,-2.033450353315657
68.52186735399573,51.897552993996975,5.37094068934809,14.37295179611224,5.8748249774839385,-2.908945158890829,-0.088911790054016,-0.6208000183105469,704.0,701.0,693.0,696.0,-2.034411434937349
68.53186735399572,51.84996866697762,5.298767776282719,14.257888584164602,5.773558945856845,-3.1988657896894086,-0.0959816746715181,-0.7072000122070312,708.0,707.0,696.0,701.0,-2.038415903809013
68.54186735399573,51.77601971407449,5.152272208344322,14.318386315901169,5.397606129175494,-3.712248368946472,-0.1111663262062319,-0.7072000122070312,708.0,707.0,696.0,701.0,-2.0396428968086306
68.55186735399573,51.701031698992814,5.004541713878416,14.37744705172718,5.2126839121157005,-1.9009924478653528,-0.1386299169392463,-0.7072000122070312,711.0,713.0,702.0,708.0,-2.041130954183409
68.56186735399572,51.65551905735245,4.91513085526474,14.41159176512337,5.149463773400459,-1.581574759109541,-0.1495234570181704,-0.7072000122070312,711.0,713.0,702.0,708.0,-2.042143639270287
68.57186735399571,51.57985807567062,4.766962572074921,14.464878534625308,4.310893638212909,-2.909054510450395,-0.1848447862495527,-0.7072000122070312,713.0,717.0,704.0,716.0,-2.0441436824091985
68.58186735399572,51.50345794024152,4.61823114164018,14.512376703938074,4.487690608307331,-3.51072283161138,-0.2133153270946369,-0.7072000122070312,713.0,717.0,704.0,716.0,-2.046457162928258
68.59186735399572,51.45680162572793,4.527745791056954,14.542121298929745,3.8897444858560464,-2.01848734249882,-0.2320346012336962,-0.975999984741211,716.0,723.0,707.0,720.0,-2.0480446029254633
68.60186735399571,51.37954877834555,4.378771618002774,14.591348818183702,4.31248121045825,-4.459627549778547,-0.2528651400361837,-0.975999984741211,716.0,723.0,707.0,720.0,-2.05089152270189
68.6118673539957,51.30160256484065,4.229705023910895,14.63934375192653,3.7482547537562128,-4.389736232254164,-0.2705107506285985,-0.975999984741211,719.0,729.0,710.0,723.0,-2.0539275404397137
68.62186735399571,51.25405618282956,4.139392409720438,14.664413967216918,3.5376616510503287,-5.005959713202061,-0.2757007251514564,-0.975999984741211,719.0,729.0,710.0,723.0,-2.055830963799196
68.63186735399572,51.17481032674135,3.990016589572375,14.699513964660854,2.659950820128488,-5.691437702215706,-0.2917413489984304,-1.4144000244140624,720.0,733.0,711.0,727.0,-2.059147441592918
68.6418673539957,51.08387032946295,3.8430077766309454,14.572027519882802,2.132539985618126,-4.100592108219788,-0.3065000581645199,-1.4144000244140624,720.0,733.0,711.0,727.0,-2.063730844906814
68.6518673539957,51.0351728887646,3.753280551784282,14.589681898013206,2.455375438605196,-4.066105422585605,-0.3141102458283344,-1.4144000244140624,719.0,735.0,714.0,734.0,-2.065892911561334
68.6618673539957,50.95466091650231,3.605898938446946,14.60888363021515,1.6628555160852811,-4.632215466631323,-0.3145142843098388,-1.4144000244140624,719.0,735.0,714.0,734.0,-2.0694671646711855
68.67186735399571,50.87373025698946,3.4590717814239125,14.624902712223834,0.9286891702863952,-5.17644999826469,-0.3239190924174123,-1.4144000244140624,721.0,737.0,714.0,734.0,-2.0731338697141943
68.6818673539957,50.823653402806855,3.3690177041591407,14.627474018110147,0.6656464954232418,-6.899861947466102,-0.3212630882174517,-1.4144000244140624,721.0,737.0,714.0,734.0,-2.075391254964485
68.69186735399569,50.74150551038,3.2228145522867844,14.632359146447756,0.4018219637694634,-6.952263391664797,-0.345022395864649,-1.951999969482422,718.0,737.0,712.0,734.0,-2.0792585035239357
68.7018673539957,50.686943139911286,3.126679985692453,14.634782449107805,0.6443062739740364,-7.11760261767042,-0.3784999221893875,-1.951999969482422,718.0,737.0,712.0,734.0,-2.0819829837052075
68.7118673539957,50.60698233986257,2.987228950064963,14.644714551164943,1.3589809373289532,-7.182451636696317,-0.4054933210478629,-1.951999969482422,716.0,739.0,711.0,734.0,-2.0862875759510957
68.72186735399569,50.522561328122,2.841883977194292,14.65574926627453,0.8243976057033279,-7.487409101019021,-0.434636345257656,-1.951999969482422,716.0,739.0,711.0,734.0,-2.091128606120124
68.73186735399568,50.47788184155264,2.677928452734873,14.609676164998357,0.9430598516426916,-6.697337266846418,-0.4566999904004952,-2.540800018310547,714.0,739.0,712.0,740.0,-2.0892126935865645
68.74186735399569,50.42685312824083,2.589310621808009,14.614258296579443,0.4817644471957761,-6.548302820541148,-0.4700721938830923,-2.540800018310547,714.0,739.0,712.0,740.0,-2.0924920952332267
68.75186735399569,50.34255073687869,2.444217455041481,14.627302622169584,1.273788714123813,-6.057519212038415,-0.4915076760839163,-2.540800018310547,715.0,741.0,710.0,742.0,-2.0980563108288863
68.76186735399568,50.257083457927735,2.298698445306484,14.636289253431144,0.9380247941928826,-7.285266409235971,-0.4993134993198704,-2.540800018310547,715.0,741.0,710.0,742.0,-2.103788186035601
68.77186735399567,50.20475186433178,2.2105152974207245,14.645974092406885,1.117780312945023,-8.10740560399602,-0.4993411985169777,-2.540800018310547,715.0,743.0,711.0,742.0,-2.1072742854786917
68.78186735399568,50.11834133940711,2.066454223938652,14.652733553687089,0.3892266174037609,-7.069718690495511,-0.4955210758325024,-2.540800018310547,715.0,743.0,711.0,742.0,-2.1129813908227826
68.79186735399568,50.030747298685256,1.922080550429172,14.65422962305942,-0.3215278890119027,-6.059845743403037,-0.4741388363750416,-3.164800109863281,715.0,744.0,711.0,741.0,-2.1185460833626655
68.80186735399568,49.97717983004677,1.834578036551012,14.65222657460976,-0.3315092242033272,-6.442395868750895,-0.4638712237724105,-3.164800109863281,715.0,744.0,711.0,741.0,-2.1217928598939437
68.81186735399567,49.8884096159708,1.6910643954552476,14.656978821879818,0.4534257908155937,-7.833258780960182,-0.4611880679180313,-3.164800109863281,714.0,744.0,710.0,745.0,-2.1270819322678047
68.82186735399567,49.79896149037304,1.548436005896899,14.656803648737863,-0.1024055102171266,-7.986215946285866,-0.4547671426449906,-3.164800109863281,714.0,744.0,710.0,745.0,-2.132333202143485
68.83186735399568,49.74396019428978,1.4616336343091587,14.662747802704809,0.869906325236575,-6.714109454315292,-0.4598903015589246,-3.164800109863281,715.0,741.0,710.0,741.0,-2.135533161011828
68.84186735399567,49.58986564775426,1.3146160101941822,14.67799013005254,0.8334560665697089,-8.253322003082422,-0.4651783906404889,-3.164800109863281,715.0,741.0,710.0,741.0,-2.1421637041040844
68.85186735399566,49.49590329084536,1.1735499745760962,14.693330093361777,1.2847540099871724,-12.554388552038985,-0.4970974493197515,-3.8207998657226563,713.0,742.0,710.0,741.0,-2.147747345498156
68.86186735399566,49.43827945886611,1.0884501369129915,14.704727237845695,1.8634081598979944,-12.140426006701889,-0.5180850081796754,-3.8207998657226563,713.0,744.0,712.0,740.0,-2.1513231240042
68.87186735399567,49.34237650243327,0.9488355661489258,14.72575550804344,1.3594823219357872,-9.000295438149726,-0.5479036020494541,-3.8207998657226563,713.0,744.0,712.0,740.0,-2.157506506515101
68.88186735399566,49.2454944503453,0.8094723182506401,14.74294650919633,1.5273549165273137,-5.760983112054927,-0.5770051155965501,-4.3776000976562495,711.0,746.0,711.0,748.0,-2.1640118579237195
68.89186735399565,49.18631036260802,0.7249229816094747,14.75506339659728,1.3425578938579226,-4.18302622981096,-0.5899271019682919,-4.3776000976562495,711.0,746.0,711.0,748.0,-2.168122710091774
68.90186735399566,49.088713068563024,0.5862980581735777,14.765477465942253,0.8800965846020259,-5.65828907907379,-0.5979324037311272,-4.3776000976562495,714.0,748.0,709.0,748.0,-2.1749749578442077
68.91186735399566,48.98999451208312,0.4475722826882521,14.77932868500273,0.637258531790275,-7.229931463474024,-0.5974994907247009,-4.3776000976562495,714.0,748.0,709.0,748.0,-2.181901798009004
68.92186735399565,48.92959858600501,0.3635450670125243,14.783303268787693,0.4877570327652343,-7.770291473568233,-0.5962468392747161,-4.832000122070313,714.0,750.0,708.0,748.0,-2.186087736703805
68.93186735399564,48.81074568189849,0.2133249875256141,14.827734355974062,1.340567110205099,-8.387945787310596,-0.5887027978716954,-4.832000122070313,714.0,750.0,708.0,748.0,-2.1932725998213924
68.94186735399565,48.7092391956231,0.0761511856039378,14.83872295524346,1.083070138137992,-9.038832923575482,-0.5576804227992765,-4.832000122070313,715.0,749.0,711.0,746.0,-2.1998194089099625
68.95186735399565,48.64675135630247,-0.0072063482640114,14.848178969378312,0.9237505587841628,-10.724478710271288,-0.5484009313016075,-4.832000122070313,715.0,749.0,711.0,746.0,-2.2036894534796785
68.96186735399564,48.57485402491941,-0.1019489294872962,14.850008386854752,0.701153617754954,-9.472281913046874,-0.5144864291899913,-4.832000122070313,715.0,749.0,711.0,746.0,-2.207901783997272
68.97186735399563,48.47534535610331,-0.2315833449747626,14.859860761445804,0.4767272283012291,-6.453559497635951,-0.4851823246397568,-4.832000122070313,715.0,748.0,712.0,751.0,-2.213404354335092
68.98186735399564,48.375199568737806,-0.3607509756815854,14.86458720303532,0.2667361216526334,-5.520450014423134,-0.4800079109358313,-5.167999877929687,716.0,748.0,712.0,748.0,-2.2187105726349796
68.99186735399564,48.26971401699444,-0.4955868701424124,14.882307205761474,1.637008221620316,-5.326341191032953,-0.4893619345994215,-5.167999877929687,716.0,748.0,712.0,748.0,-2.2242856609641146
69.00186735399564,48.16356816657315,-0.630054408350889,14.90227803947289,2.6853173640844843,-6.61287632184508,-0.4945340373913246,-5.167999877929687,718.0,748.0,714.0,744.0,-2.229932511388155
69.01186735399563,48.09850328836654,-0.7117053276025274,14.920152888373494,2.2431658919555586,-8.083798497437625,-0.4900989532083242,-5.167999877929687,718.0,748.0,714.0,744.0,-2.2333720096801857
69.02186735399563,47.99070117163507,-0.8454688986466744,14.94214525492566,2.207981276541507,-9.889168114875966,-0.4945664452902163,-5.167999877929687,719.0,749.0,716.0,744.0,-2.2390321339950527
69.03186735399564,47.919738924898006,-0.9324343440338408,14.962500617090935,1.696719949881364,-9.029765281266911,-0.4856565583991288,-5.167999877929687,719.0,749.0,716.0,744.0,-2.2427420904664848
69.04186735399563,47.87899684725633,-1.1595094899996448,14.96037199100834,1.9717782305750544,-7.604349869902174,-0.4859395189619187,-5.270399780273437,720.0,750.0,717.0,751.0,-2.231986268564757
69.05186735399562,47.7731558717236,-1.2945708214748797,14.991987805749398,2.3613157075698576,-6.618133044024972,-0.4748609114830936,-5.270399780273437,720.0,750.0,717.0,751.0,-2.237453015046025
69.06186735399562,47.70342602833189,-1.3828820439566822,15.007463470385444,1.9609315160962533,-4.6897004642458295,-0.477881888395174,-5.270399780273437,721.0,750.0,720.0,751.0,-2.240983224143911
69.07186735399563,47.6005877013512,-1.512335752659363,15.034601793861388,2.376398673752091,-4.557887319580813,-0.4778652120065897,-5.270399780273437,721.0,750.0,720.0,751.0,-2.2462172401168488
69.08186735399562,47.492598271882486,-1.647905064802869,15.053280646171087,1.6257257374069745,0.3318913054053726,-0.4691829965819337,-5.219199829101562,726.0,753.0,725.0,752.0,-2.2516612593532104
69.09186735399561,47.38463590227966,-1.7829772206933734,15.06807960439793,1.2236539997437732,-3.84689661815727,-0.4425302379567501,-5.219199829101562,726.0,753.0,725.0,752.0,-2.25681772824141
69.10186735399562,47.318461896617634,-1.865217761092703,15.072370833694483,0.6777475505093785,-5.9178522920187095,-0.427033321877746,-5.219199829101562,729.0,755.0,739.0,751.0,-2.2598578490836068
69.11186735399562,47.20846398769112,-2.0006837633987358,15.088964616628262,1.401631857042002,-7.509397130342589,-0.3883603596212968,-5.219199829101562,729.0,755.0,739.0,751.0,-2.264501275424834
69.12186735399561,47.09863398207063,-2.134100980902192,15.115848984454905,3.749486273075248,-9.81823990088929,-0.344068239386019,-5.270399780273437,732.0,755.0,751.0,763.0,-2.2685679350483428
69.1318673539956,46.992798961849765,-2.191732798774856,15.06890530585544,3.869335977844429,-9.810119990811398,-0.3250733634358023,-5.270399780273437,732.0,755.0,751.0,763.0,-2.2791389096455434
69.14186735399561,46.87888363992872,-2.3233421963362018,15.114696744090404,3.8936829076211,-7.988604971809092,-0.3226118459363231,-5.270399780273437,735.0,754.0,753.0,759.0,-2.28282963850895
69.15186735399561,46.76439466161451,-2.454206086851906,15.16119797409489,4.131673184887719,-6.852891495036701,-0.3362966639735317,-5.270399780273437,735.0,754.0,753.0,759.0,-2.2866434597677046
69.1618673539956,46.69358409405102,-2.534506259955065,15.188596721364071,4.003895832234761,-6.639726850630491,-0.3475632250003007,-5.270399780273437,739.0,758.0,753.0,758.0,-2.289086249727283
69.1718673539956,46.57769694282835,-2.6651008352036625,15.24563781367355,5.666903992766503,-4.726251426184578,-0.3697965492432129,-5.270399780273437,739.0,758.0,753.0,758.0,-2.29323717018653
69.1818673539956,46.46018877232723,-2.79680741976884,15.308413612358128,6.637766396740232,-4.260949400036544,-0.4011565117827815,-5.18719970703125,745.0,762.0,760.0,761.0,-2.2977362080387924
69.1918673539956,46.38890534810628,-2.8763294031367845,15.35166370768889,5.963796230594677,-4.3675872359258205,-0.4142083286059804,-5.18719970703125,745.0,762.0,760.0,761.0,-2.300573982244963
69.2018673539956,46.26999177059872,-3.008299467071879,15.419653669688358,6.498730424811713,-4.985353438729451,-0.4301994447932779,-5.18719970703125,752.0,770.0,765.0,772.0,-2.3054705320352564
69.21186735399559,46.15015269145095,-3.1402788456838766,15.494325554454791,6.358134241352515,-5.922334031884574,-0.4300902986522462,-5.18719970703125,752.0,770.0,765.0,772.0,-2.3104021537724586
69.22186735399559,46.07718512453607,-3.2200612795440886,15.5373431636601,5.4383788709274965,-6.258949655892939,-0.4237446146321655,-5.068800048828125,757.0,778.0,763.0,780.0,-2.3133472428049147
69.2318673539956,45.928605268354985,-3.3371495076117235,15.469236631198203,5.558396246114948,-4.820700628247495,-0.4156953629204424,-5.068800048828125,757.0,778.0,763.0,780.0,-2.3242932556834144
69.24186735399559,45.8056734255352,-3.4672544067407167,15.530899293165698,5.161885953476276,-5.085859382053974,-0.406836475627288,-5.068800048828125,765.0,785.0,761.0,784.0,-2.329050673906325
69.25186735399558,45.73115664680809,-3.545632879310265,15.565370164976809,5.291189076504562,-5.055976690455394,-0.3951917333311074,-5.068800048828125,765.0,785.0,761.0,784.0,-2.331816224458207
69.26186735399558,45.60667240947578,-3.675536825960145,15.625644417096888,5.241078025409389,-8.52632838756012,-0.3825115773900331,-5.068800048828125,770.0,788.0,764.0,784.0,-2.3363166163160343
69.27186735399559,45.4809529712604,-3.8052604683372415,15.676346769145663,4.22744812245053,-7.124046708916586,-0.3717918895464857,-5.068800048828125,770.0,788.0,764.0,784.0,-2.340662237000152
69.28186735399558,45.40411319327936,-3.883792077599563,15.712332729805132,4.795564930401192,-8.818242738626752,-0.3603808286166302,-4.8992001342773435,773.0,791.0,764.0,797.0,-2.34320187780418
69.29186735399557,45.27686186074069,-4.012677000677391,15.764646024127863,4.52911917185063,-5.905405848488449,-0.3471112350529228,-4.8992001342773435,773.0,791.0,764.0,797.0,-2.3472178349292476
69.30186735399558,45.14900457648477,-4.141003778896587,15.809090535984849,4.580420558010339,-5.664432066520348,-0.3490410653973739,-4.8992001342773435,773.0,790.0,768.0,796.0,-2.3512003520663542
69.31186735399558,45.07051977048853,-4.2193418690512265,15.84290062618508,4.733347681658094,-3.1921230901667506,-0.3471736162093717,-4.8992001342773435,773.0,790.0,768.0,796.0,-2.3536599306306236
69.32186735399557,44.94098948431309,-4.348438120940918,15.889534075083432,4.062982863355789,-0.2720998405642701,-0.3543820164407088,-4.8992001342773435,781.0,797.0,772.0,793.0,-2.357773410048353
69.33186735399556,44.86723228276061,-4.592989291365614,16.008881489861174,3.251942450857162,-2.483187089410813,-0.3637767081682089,-4.8992001342773435,781.0,797.0,772.0,793.0,-2.3525842158899475
69.34186735399557,44.7893415678997,-4.6745309469461205,16.029449291988094,2.985078495298191,-4.3027560264812,-0.3678006882491467,-4.662399902343751,784.0,801.0,786.0,795.0,-2.3551614408650554
69.35186735399557,44.66171870359443,-4.8073815117265015,16.057729389152293,2.400042319260004,-6.754118183947026,-0.3471325906713851,-4.662399902343751,784.0,801.0,786.0,795.0,-2.359262761000729
69.36186735399556,44.53285732294706,-4.940084780287768,16.08900689161878,2.777100034467828,-7.329901027182188,-0.3221890130628232,-4.662399902343751,783.0,803.0,798.0,803.0,-2.3630316658329713
69.37186735399555,44.453968824591406,-5.020617584461113,16.107664822075037,2.736382119804719,-7.670076709413205,-0.3217492068244936,-4.662399902343751,783.0,803.0,798.0,803.0,-2.3652762132272174
69.38186735399556,44.323210534932834,-5.15264943827482,16.146081063522697,4.457275673476243,-8.172189672074804,-0.3217403477978118,-4.547200012207031,784.0,804.0,795.0,805.0,-2.3688974826823794
69.39186735399556,44.19127000459664,-5.284685961381648,16.19315868059871,3.926549613996563,-5.275819675349055,-0.3319588207121625,-4.547200012207031,784.0,804.0,795.0,805.0,-2.372721589276929
69.40186735399556,44.11088191516883,-5.364646646184929,16.218058893340295,3.9569442362270686,-4.670946731464509,-0.3370240211186988,-4.547200012207031,789.0,808.0,790.0,803.0,-2.375060477310233
69.41186735399555,43.97801704132887,-5.496324608355501,16.2499599255703,2.777887783349774,-3.925592695851361,-0.3587463220197888,-4.547200012207031,789.0,808.0,790.0,803.0,-2.3790820550235017
69.42186735399555,43.844811053314494,-5.627671988441207,16.277269522734805,2.764046885993221,-3.491691951273989,-0.3833801938038181,-4.547200012207031,792.0,810.0,799.0,808.0,-2.3834310030758004
69.43186735399556,43.70194066423335,-5.635575317814523,16.173101045721477,2.750215214421146,-6.454458103984428,-0.394262449055901,-4.547200012207031,792.0,810.0,799.0,808.0,-2.39764088529921
69.44186735399555,43.56577342901419,-5.762157449248565,16.21522391460055,3.7443037840862985,-6.837632500119715,-0.4100880904466341,-4.595199890136719,795.0,812.0,798.0,813.0,-2.4023079846354896
69.45186735399554,43.42789331447178,-5.888714474420295,16.24412972909142,2.8605270892318546,-9.44492647421043,-0.4242234403928821,-4.595199890136719,795.0,812.0,798.0,813.0,-2.40713230317661
69.46186735399554,43.34384780644661,-5.965135913469462,16.264179532789218,2.5020369898925203,-7.7593632230333585,-0.441216972966947,-4.595199890136719,794.0,818.0,788.0,815.0,-2.410191869649685
69.47186735399555,43.20492134822444,-6.090268088277842,16.28089406845123,1.414143451473514,-7.704569910199489,-0.4412638903393702,-4.595199890136719,794.0,818.0,788.0,815.0,-2.4153038819166
69.48186735399554,43.06456170386678,-6.215151955560295,16.29229209666862,0.2215012686027273,-8.167789302772682,-0.4579389314951088,-4.780799865722656,793.0,819.0,785.0,814.0,-2.420554913198784
69.49186735399553,42.97881288732492,-6.2906488143663255,16.29386630840557,0.8052133890437696,-10.586320227222542,-0.4747517582320716,-4.780799865722656,793.0,819.0,785.0,814.0,-2.4238617621623586
69.50186735399554,42.83780715024426,-6.413292129791997,16.29996732064818,0.6213424855001742,-10.520150271728763,-0.5061577321308133,-4.780799865722656,791.0,818.0,786.0,817.0,-2.4295121857188673
69.51186735399554,42.69519923281053,-6.535721398995413,16.31905556668359,1.62856360711159,-8.29157636521625,-0.5240124360634848,-4.780799865722656,791.0,818.0,786.0,817.0,-2.4354900639269466
69.52186735399553,42.60811004911756,-6.60982739710315,16.323630325072006,0.2768860271561043,-8.526914672885182,-0.5355857334254462,-4.780799865722656,789.0,820.0,786.0,821.0,-2.439202727128928
69.53186735399552,42.42514337712661,-6.699184022273951,16.195248215768565,0.98510724608341,-5.353226173608027,-0.5586780771254996,-4.780799865722656,789.0,820.0,786.0,821.0,-2.4476890145495434
69.54186735399553,42.33146531913509,-6.776025994473791,16.197839325633172,0.0416745429216593,-6.471692148269219,-0.5658046917471119,-4.764800109863281,792.0,825.0,784.0,822.0,-2.4519033224112996
69.55186735399553,42.19270859324011,-6.888963559883545,16.201450564333552,0.2139583326432315,-7.136875525418013,-0.5608450551047274,-4.764800109863281,792.0,825.0,784.0,822.0,-2.4581314567546384
69.56186735399552,42.0473684314591,-7.005836885329591,16.19747469289373,0.0425713729246301,-9.38961883321542,-0.56377748504275,-4.764800109863281,792.0,825.0,782.0,821.0,-2.4646048403630654
69.57186735399551,41.90128945192816,-7.1213624166329526,16.199125903347305,0.1230799369082255,-13.754417282901509,-0.573064728257429,-4.764800109863281,792.0,825.0,782.0,821.0,-2.47114470919502
69.58186735399552,41.81228899667607,-7.190649080153757,16.20394259595007,0.7750498666020633,-12.353967924258365,-0.571950392260927,-4.9504000854492185,789.0,824.0,785.0,825.0,-2.475115064014802
69.59186735399553,41.66462303351412,-7.30398040888876,16.206523267108615,-0.7707004485658655,-11.425072761769444,-0.5714520940618172,-4.9504000854492185,789.0,824.0,785.0,825.0,-2.4816985536284606
69.60186735399552,41.56712498136096,-7.3778352682284,16.206375202298723,0.8379471384570821,-7.314389570432533,-0.5705787119355756,-4.9504000854492185,788.0,827.0,784.0,824.0,-2.4859824144016343
69.6118673539955,41.424645177697904,-7.484942796257073,16.205799705400754,-1.5199422055599587,-5.445960214426492,-0.5802773479484177,-4.9504000854492185,788.0,827.0,784.0,824.0,-2.4922972922794777
69.62186735399551,41.27592102769592,-7.5959300726416705,16.207782645193355,0.2396845416645683,-4.927597252928878,-0.589100006177563,-4.9504000854492185,788.0,826.0,782.0,822.0,-2.499008952584173
69.63186735399552,41.12546078110609,-7.707237804038931,16.204601297024958,-0.0689673412368394,-5.690224195946259,-0.5857994374658541,-4.9504000854492185,788.0,826.0,782.0,822.0,-2.5057577644125
69.64186735399551,41.05612982072721,-7.821800075042757,16.1994556136514,0.7807853580496502,-7.749011973795729,-0.5866104792661226,-5.12,788.0,824.0,783.0,822.0,-2.5011921738388585
69.6518673539955,40.90741117298638,-7.932585224330227,16.205051901282857,1.438272190529071,-12.64299557255567,-0.5899735583518793,-5.12,788.0,824.0,783.0,822.0,-2.5078684878067867
69.6618673539955,40.75655331130197,-8.042713985552133,16.218951999047224,0.7301344835687996,-14.2502470390876,-0.5915867557264574,-5.12,788.0,822.0,783.0,827.0,-2.514686283390531
69.67186735399551,40.663771467710376,-8.109272497782275,16.221992845648586,0.8676652210573936,-14.580625933325315,-0.5867981694934142,-5.12,788.0,822.0,783.0,827.0,-2.518802583497889
69.6818673539955,40.511574091916806,-8.216789605720729,16.228490217375278,-0.0677657459502029,-10.200843425370932,-0.5933430139958182,-5.369600219726562,789.0,825.0,783.0,824.0,-2.525576051263102
69.69186735399549,40.35907656844349,-8.323269473431925,16.23209073223703,0.6194058265137508,-6.764724945477294,-0.6161123352691472,-5.369600219726562,789.0,825.0,783.0,824.0,-2.532532159216616
69.7018673539955,40.26540190525132,-8.388142862371335,16.234625759539615,0.2364867826273401,-6.2875245986121495,-0.625119152160415,-5.369600219726562,789.0,828.0,780.0,821.0,-2.536901054951614
69.7118673539955,40.111276479515766,-8.49420601489738,16.244641156755552,0.6019608922026609,-6.4099278748371145,-0.6695170239407596,-5.369600219726562,789.0,828.0,780.0,821.0,-2.54447973863685
69.72186735399549,39.95705315774146,-8.599163884972011,16.255020985785865,1.596449509739268,-9.911808279712828,-0.7037409697092579,-5.369600219726562,787.0,827.0,780.0,827.0,-2.5524344055768124
69.73186735399548,39.862639802611405,-8.662585091236089,16.26406222029586,1.3173302710684958,-11.538780538657672,-0.7207947451358608,-5.369600219726562,787.0,827.0,780.0,827.0,-2.557444835419837
69.74186735399549,39.69545339530575,-8.778291677689204,16.174351069080764,-0.1457601769537586,-14.25385779037278,-0.7190561704418531,-5.708800048828125,786.0,828.0,778.0,828.0,-2.563776506296685
69.7518673539955,39.53944032282662,-8.879298870012661,16.1790939988535,-0.1982104202133242,-16.41772413882043,-0.7090617873056135,-5.708800048828125,786.0,828.0,778.0,828.0,-2.571920108844796
69.76186735399548,39.444037677770886,-8.939959147311127,16.173007951027436,-0.7384395073643266,-12.75527462783872,-0.6964718138204586,-5.708800048828125,783.0,828.0,779.0,828.0,-2.5768013784345527
69.77186735399548,39.28640836692425,-9.03880175797678,16.165902200709525,-1.3409692825831747,-9.586506683843218,-0.6682447618020743,-5.708800048828125,783.0,828.0,779.0,828.0,-2.584568900532936
69.78186735399548,39.12849555988684,-9.136646634655069,16.151591772409095,-1.4941178957475467,-5.425727209167224,-0.6546265847186246,-5.859199829101563,783.0,826.0,775.0,820.0,-2.5921663411948335
69.79186735399549,39.032324293826335,-9.195794819761456,16.138682302557296,-1.6981665530836414,-5.846903177772819,-0.6419366945038331,-5.859199829101563,783.0,826.0,775.0,820.0,-2.5966882083109177
69.80186735399548,38.87370244898399,-9.292417254521943,16.11914353563453,-1.689683979579251,-10.318576572229084,-0.6171120607786924,-5.859199829101563,781.0,827.0,771.0,821.0,-2.603885761707138
69.81186735399547,38.71497491926473,-9.387339211512357,16.100552360302324,-1.5631018926518938,-11.921242426472588,-0.5892978950640005,-5.859199829101563,781.0,827.0,771.0,821.0,-2.610753437010228
69.82186735399547,38.61787724023754,-9.444446847263416,16.091189897612967,-1.048313394358036,-13.057585717416444,-0.571880048516854,-5.859199829101563,780.0,821.0,772.0,816.0,-2.6147823509758124
69.83186735399548,38.44324822372367,-9.570316439412872,16.00690174628611,-0.8317907851010948,-12.893713175731571,-0.5591723267764149,-5.859199829101563,780.0,821.0,772.0,816.0,-2.6146111612995724
69.84186735399547,38.28351743504208,-9.662451908191027,15.99085670422152,-1.2929559190825384,-11.30895834179056,-0.5468723559236973,-5.94239990234375,777.0,818.0,777.0,809.0,-2.6209386283929836
69.85186735399546,38.18708272400405,-9.717333066178282,15.98285313078176,-1.18513888781665,-9.581327801154362,-0.5565865760227857,-5.94239990234375,777.0,818.0,777.0,809.0,-2.6247598569540544
69.86186735399546,38.026776188919925,-9.80766026361766,15.966355586861615,-1.8459874855216465,-5.517102896543912,-0.5540306242785917,-5.94239990234375,778.0,813.0,775.0,808.0,-2.6311445936411078
69.87186735399547,37.86686961575353,-9.897062984258858,15.950225055905786,-1.4078040160571696,-3.488423248655496,-0.5289919404538087,-5.94239990234375,778.0,813.0,775.0,808.0,-2.6373342779556537
69.88186735399546,37.7694341752811,-9.951202111352815,15.93428245849727,-1.747541119972016,-5.191990368322899,-0.5109275176525571,-5.740800170898438,773.0,810.0,775.0,809.0,-2.6409301385269623
69.89186735399545,37.608540196613305,-10.039906688439515,15.910331338158542,-2.6488373951199087,-6.784748240039045,-0.4734043154383398,-5.740800170898438,773.0,810.0,775.0,809.0,-2.6465294181123316
69.90186735399546,37.44848839304892,-10.12690553193748,15.88257435641843,-2.4143254325964305,-9.578432684463667,-0.4689782129347069,-5.740800170898438,771.0,805.0,769.0,802.0,-2.6519084452256507
69.91186735399546,37.35065290832114,-10.17936249927696,15.86717945635588,-1.9605399689412704,-10.460964820630888,-0.4515511727408234,-5.740800170898438,771.0,805.0,769.0,802.0,-2.655122397368013
69.92186735399545,37.18930628872173,-10.264554172820857,15.843489161496672,-1.5416428922001402,-10.27669328818763,-0.4379480264985529,-5.740800170898438,771.0,801.0,764.0,795.0,-2.660241458791496
69.93186735399544,37.06671280331705,-10.35421869854039,15.857377903897117,-1.8498927526088365,-7.981033787009289,-0.4366846303692796,-5.740800170898438,771.0,801.0,764.0,795.0,-2.6607513870302038
69.94186735399545,36.91279527848959,-10.434617147017471,15.842726472009865,-0.8735397134124749,-5.657998742258621,-0.4322297512792135,-5.606400146484375,774.0,800.0,769.0,797.0,-2.6655258862742097
69.95186735399545,36.75090216475572,-10.51845488298506,15.829838467498831,-1.198191836070043,-4.29109885510043,-0.4185899674302358,-5.606400146484375,774.0,800.0,769.0,797.0,-2.670417718750968
69.96186735399544,36.588749816933934,-10.601789206965984,15.812039262724587,-2.2040094662256875,-5.6885019834307045,-0.3989746989047309,-5.606400146484375,772.0,800.0,769.0,795.0,-2.675136284768363
69.97186735399544,36.49081417251864,-10.651712664428816,15.792307377121537,-2.755679601184444,-5.815892354097615,-0.3791447355989761,-5.606400146484375,772.0,800.0,769.0,795.0,-2.677823169399452
69.98186735399544,36.328853869498815,-10.733632322756732,15.765948658472473,-1.63878841918409,-5.701611286470332,-0.3578071911981698,-5.270399780273437,766.0,794.0,765.0,791.0,-2.6820619848849407
69.99186735399545,36.16649772600521,-10.814778379336191,15.743297331032444,-0.923718915993585,-7.961752654991336,-0.3539490874581161,-5.270399780273437,766.0,794.0,765.0,791.0,-2.6861965099953786
70.00186735399544,36.06764438906522,-10.863562501513792,15.741774767022616,0.0095547173972675,-8.912652952207436,-0.3645327806088162,-5.270399780273437,767.0,792.0,762.0,789.0,-2.688743292087974
70.01186735399543,35.90479566066736,-10.942965699350484,15.753525977986213,1.524604393918908,-7.584814718365187,-0.3537233980241072,-5.270399780273437,767.0,792.0,762.0,789.0,-2.6928653521966006
70.02186735399543,35.74129436707498,-11.021720213614184,15.786297672192267,3.211412817866249,-5.943334786704125,-0.341589296153706,-5.270399780273437,774.0,795.0,768.0,803.0,-2.696840622568902
70.03186735399544,35.64145349939675,-11.0694433139355,15.8143073243372,4.179748256108646,-4.197849242149076,-0.3385189770671282,-5.270399780273437,774.0,795.0,768.0,803.0,-2.699217934771807
70.04186735399543,35.43401770612822,-11.151298457556488,15.903611175026766,3.99895465151248,-2.9436425579739165,-0.3343272329153273,-4.8992001342773435,779.0,796.0,773.0,806.0,-2.7082168022315756
70.05186735399542,35.26785122928206,-11.228642660001444,15.957004628747477,4.682710172286279,-0.8582205650517579,-0.3246816970011255,-4.8992001342773435,779.0,796.0,773.0,806.0,-2.711988398179804
70.06186735399542,35.16697291116428,-11.27544795917582,15.978547745166818,2.7818941845228924,-3.080015573941592,-0.3136275266552372,-4.8992001342773435,782.0,801.0,780.0,801.0,-2.714220534917635
70.07186735399543,34.999797671586926,-11.352512601391007,15.993637654789936,1.2414318203140784,-5.316630756398867,-0.3119287435525874,-4.8992001342773435,782.0,801.0,780.0,801.0,-2.7178499761634387
70.08186735399542,34.8319254278291,-11.42901457414606,15.985580474311703,-1.4015143908927836,-6.637845567966831,-0.2933976073240713,-4.48,781.0,800.0,784.0,794.0,-2.7212893899736232
70.09186735399541,34.730122055869174,-11.474962886053603,15.976702455295458,-0.8900611196215504,-6.741561881262414,-0.2772874298788933,-4.48,781.0,800.0,784.0,794.0,-2.723266417844586
70.10186735399542,34.56292451013044,-11.54963514935953,15.956156335096091,-2.1391146195899053,-5.51831885212512,-0.2570651810766968,-4.48,781.0,796.0,777.0,789.0,-2.726305749861071
70.11186735399542,34.39474279549575,-11.62405432759373,15.93781193381941,-1.642076130451872,-4.480335902281253,-0.2344384706690869,-4.48,781.0,796.0,777.0,789.0,-2.729069284363656
70.12186735399541,34.292768913237964,-11.668893189270728,15.924995096496318,-1.94394654528998,-3.444867786786913,-0.2244060148887598,-4.48,781.0,791.0,774.0,787.0,-2.7306514391151495
70.1318673539954,34.06600227615755,-11.73170167686067,15.90878968016239,-2.185638190863787,-0.9944825671378582,-0.2118142762153178,-4.48,781.0,791.0,774.0,787.0,-2.736317830093803
70.14186735399541,33.956791726908186,-11.778324110750104,15.892980784787351,-1.932548356698784,-1.5555868674427031,-0.2006413093804153,-3.939200134277344,776.0,790.0,773.0,783.0,-2.737867680825393
70.15186735399541,33.795491100276166,-11.8469882049313,15.870247609410969,-2.0413101502162547,-1.8248686586386995,-0.193850830776064,-3.939200134277344,776.0,790.0,773.0,783.0,-2.740047388573429
70.1618673539954,33.62814951571268,-11.917957438179982,15.843517621884146,-2.1066528604532277,-2.7572769444907363,-0.2001899132978108,-3.939200134277344,775.0,788.0,773.0,783.0,-2.742322913446452
70.1718673539954,33.460155434076576,-11.988608771002632,15.797157784922211,-5.3596333318192295,-5.546743887236141,-0.1973007776943138,-3.939200134277344,775.0,788.0,773.0,783.0,-2.74459664556704
70.1818673539954,33.359118693897365,-12.030790111948477,15.756931200996192,-5.620397928142413,-4.240540491110418,-0.1888267123598132,-3.433599853515625,768.0,777.0,768.0,778.0,-2.7459277682798424
70.1918673539954,33.19209630910632,-12.100051401265551,15.677620622749114,-7.923085840599146,-4.121955199366688,-0.1815804376940099,-3.433599853515625,768.0,777.0,768.0,778.0,-2.7480594849763924
70.2018673539954,33.083274534240566,-12.144885808348636,15.618698759469703,-8.050823986328151,-2.427267751107862,-0.170378842449254,-3.433599853515625,759.0,768.0,764.0,772.0,-2.7493580402983797
70.21186735399539,32.92591115137663,-12.209521729343846,15.528619603869576,-8.222658537420381,-0.7198863620990725,-0.1481927743995286,-3.433599853515625,759.0,768.0,764.0,772.0,-2.75111424778893
70.22186735399539,32.76124812231727,-12.277060573498842,15.43113476729959,-7.852993838047313,-1.6923674944421674,-0.1392762380688444,-3.433599853515625,747.0,761.0,756.0,759.0,-2.7527495650483695
70.2318673539954,32.62903452772736,-12.308045440438644,15.370027568154732,-9.38049148806531,-1.152325438170916,-0.131425499488163,-3.433599853515625,747.0,761.0,756.0,759.0,-2.754704655568937
70.24186735399539,32.473945250303174,-12.370601530720204,15.274642005791502,-8.337535505731237,-1.333625054552142,-0.1282959300066664,-2.9120001220703133,740.0,749.0,744.0,747.0,-2.756122403644317
70.25186735399538,32.31196322225967,-12.43572643567285,15.170182428574345,-9.464417389450809,-2.1568673354339616,-0.1146776300228401,-2.9120001220703133,740.0,749.0,744.0,747.0,-2.7575112447313757
70.26186735399538,32.150709800603025,-12.500256145854964,15.072100385559631,-8.1251480911874,-2.6630240443037207,-0.1057884689819541,-2.9120001220703133,734.0,743.0,731.0,735.0,-2.7587478198631286
70.27186735399539,32.052344058404465,-12.53937386360304,15.008894301021762,-9.081658309754603,-3.8196941068938814,-0.0960587295627092,-2.9120001220703133,734.0,743.0,731.0,735.0,-2.759433342161626
70.28186735399538,31.893276539368145,-12.60228678909773,14.913281071024274,-7.914170245657867,-2.3715464823044066,-0.0892694413484295,-2.540800018310547,732.0,734.0,727.0,727.0,-2.7604863152731363
70.29186735399537,31.73462694504995,-12.664847921986825,14.824129482443512,-8.016190762395997,-0.6863504778411257,-0.0675277240406826,-2.540800018310547,732.0,734.0,727.0,727.0,-2.7613493012512857
70.30186735399538,31.638344863782912,-12.702756773018384,14.77508301645158,-6.764442139542416,-0.7353159695988811,-0.0599889245833451,-2.540800018310547,723.0,727.0,723.0,722.0,-2.7618079521270884
70.31186735399538,31.48101708827661,-12.764621894396267,14.68966502659173,-6.661208879083187,-0.4928504968093757,-0.0553342995190578,-2.540800018310547,723.0,727.0,723.0,722.0,-2.7624218645912597
70.32186735399537,31.324581276469864,-12.826025569823775,14.60726462145361,-7.037503052365606,-1.3858154523482775,-0.0514527984088732,-2.540800018310547,723.0,715.0,718.0,715.0,-2.763035257575363
70.33186735399536,31.229810393825268,-12.863157676556872,14.556861684297116,-7.60366016575133,-0.4658947025053779,-0.0571234080105547,-2.540800018310547,723.0,715.0,718.0,715.0,-2.763416285577768
70.34186735399537,31.05764654287472,-12.93961505641853,14.429794407842063,-7.825954792585247,-0.2766458856903755,-0.0529697427818085,-2.1216000366210936,715.0,707.0,707.0,703.0,-2.7603285404753115
70.35186735399537,30.904643143750715,-13.000177551414222,14.333220277497816,-9.258846974199638,-0.9632001513778684,-0.0522739970604744,-2.1216000366210936,715.0,707.0,707.0,703.0,-2.760957629831906
70.36186735399536,30.81171547675917,-13.036895146091886,14.271705889903878,-8.72804567140578,0.1719762783346526,-0.0504796607606926,-2.1216000366210936,706.0,699.0,692.0,686.0,-2.7613158356274723
70.37186735399536,30.659615773168195,-13.096928411681665,14.173928005919148,-9.056164885857784,0.1061048586357395,-0.0528276341774158,-2.1216000366210936,706.0,699.0,692.0,686.0,-2.7619173355283073
70.38186735399536,30.509223376700746,-13.15620269127267,14.06008530969719,-9.569281490935968,-0.4152968798379698,-0.038247644012245,-1.8016000366210938,699.0,691.0,676.0,675.0,-2.7623858354494795
70.39186735399537,30.41810318620536,-13.192054904233562,13.996485831711697,-9.144007903314728,-1.014114950145033,-0.0347160824428845,-1.8016000366210938,699.0,691.0,676.0,675.0,-2.762621539145781
70.40186735399536,30.268660496483697,-13.250702070797075,13.891876537049328,-8.403371440633636,-2.0908163751277096,-0.0402837310920946,-1.8016000366210938,688.0,682.0,674.0,670.0,-2.763046896943676
70.41186735399535,30.13404039783374,-13.303319001871804,13.804781847787876,-8.38811644691758,-1.8746224136599148,-0.0388669527059403,-1.8016000366210938,688.0,682.0,674.0,670.0,-2.763455958852117
70.42186735399535,30.02501856306478,-13.345781451070858,13.737652741169969,-7.403902454628562,-0.6725919597854525,-0.0377048555825369,-1.8016000366210938,681.0,674.0,674.0,670.0,-2.7637769788057622
70.43186735399536,29.87885065582708,-13.402661059724284,13.648737031561293,-7.663381964103785,0.2055921703466068,-0.0262353409383444,-1.8016000366210938,681.0,674.0,674.0,670.0,-2.764104847341243
70.44186735399535,29.77248333652697,-13.472315262474313,13.469486845304823,-8.36720437549487,-0.2332834545347739,-0.0359337358092065,-1.5136000061035157,673.0,664.0,669.0,660.0,-2.7648984431770103
70.45186735399534,29.62318019028083,-13.531364066023691,13.376668808606398,-7.418849690540799,0.2448325449100633,-0.0282853445432995,-1.5136000061035157,673.0,664.0,669.0,660.0,-2.765282444624694
70.46186735399534,29.51764372272532,-13.57314422078185,13.311146145294492,-8.120309739052828,0.8856587579478237,-0.0214129671214602,-1.5136000061035157,663.0,664.0,657.0,652.0,-2.765495171535381
70.47186735399535,29.376450215961977,-13.629067585656635,13.22340057614948,-7.878230982940482,-0.223283950641395,-0.0172579877208185,-1.5136000061035157,663.0,664.0,657.0,652.0,-2.765669444220234
70.48186735399534,29.272214693420672,-13.6703501166382,13.154478577790304,-8.50164738684389,-0.5289950445880454,-0.020623088024676,-1.2448000335693359,651.0,659.0,652.0,643.0,-2.7658266136966416
70.49186735399533,29.13257911453387,-13.725597938526418,13.059857417295474,-7.620089892705227,-0.4089749104507681,-0.0231413232822482,-1.2448000335693359,651.0,659.0,652.0,643.0,-2.766078911880772
70.50186735399534,29.02952809472342,-13.766248224961018,13.000294928877414,-6.8326920870906,-1.6601603248833257,-0.0273600554852451,-1.2448000335693359,643.0,649.0,642.0,629.0,-2.766276831130782
70.51186735399534,28.89127390307461,-13.82058847074345,12.934512276093638,-5.042231928465107,-1.1473995028648598,-0.0299291706702019,-1.2448000335693359,643.0,649.0,642.0,629.0,-2.7665966649787688
70.52186735399533,28.789040497422697,-13.860671630235649,12.897303071521169,-4.112112326168192,-0.9133375746483862,-0.0298623014262079,-1.2448000335693359,642.0,643.0,638.0,619.0,-2.766841804811993
70.53186735399532,28.61398972888623,-13.92794484468677,12.809226791004884,-3.215870923415357,-0.0267594747776598,-0.0225569950688084,-1.2448000335693359,642.0,643.0,638.0,619.0,-2.7700717216829682
70.54186735399533,28.513072800329567,-13.967241456733602,12.791765938794876,-1.8992267639282887,0.4891899368827144,-0.0255356493982097,-1.059199981689453,640.0,642.0,638.0,620.0,-2.7702676084757814
70.55186735399533,28.375846318169653,-14.020788325463736,12.774082073241628,-1.78138430183911,1.60394457164072,-0.0150371972180895,-1.059199981689453,636.0,637.0,637.0,635.0,-2.7704750053125804
70.56186735399532,28.275138989273387,-14.060240127984624,12.76140674107128,-1.2920159349457985,1.6471934043281122,-0.0174958420685306,-1.059199981689453,636.0,637.0,637.0,635.0,-2.7706330115601947
70.57186735399532,28.138384821154872,-14.113919641417349,12.74084724212755,-2.0654261582532376,0.5253130181230753,-0.0176352297161058,-1.059199981689453,636.0,637.0,637.0,635.0,-2.770843961967627
70.58186735399532,28.038275176197796,-14.153221427891484,12.721956477806865,-2.13593296366531,-0.0021143709990274,-0.0185275778249098,-0.8895999908447266,635.0,635.0,634.0,634.0,-2.7709780129713093
70.59186735399533,27.90175519849649,-14.206770400950123,12.702139752754585,-1.6516457945570704,-0.9521360401806616,-0.0187833900406942,-0.8895999908447266,633.0,636.0,631.0,629.0,-2.7711930431381857
70.60186735399532,27.81344767455048,-14.241314121339478,12.68343439890982,-2.810412089569087,-1.4082179520931668,-0.0285358290262039,-0.8895999908447266,633.0,636.0,631.0,629.0,-2.771390330682553
70.61186735399531,27.68359639832346,-14.292003531425168,12.65714773237108,-2.035666671471516,-0.6755408296260437,-0.0234010725315956,-0.8895999908447266,632.0,630.0,628.0,625.0,-2.77165924358537
70.62186735399531,27.54805945607121,-14.34479858201053,12.624988064226494,-3.049737673586244,-0.2968630288490485,-0.0182906714598612,-0.8895999908447266,632.0,630.0,628.0,625.0,-2.771910386232564
70.63186735399532,27.46033865219833,-14.378964948071532,12.603821609723491,-2.814539602114112,0.5161450124643537,-0.0172791037795999,-0.7744000244140625,629.0,626.0,626.0,621.0,-2.7720532282802286
70.64186735399531,27.283581253137108,-14.43350891867659,12.680757866324273,-2.134420886545086,-0.2031139178852062,-0.0173290114794463,-0.7744000244140625,629.0,626.0,626.0,621.0,-2.774377657918246
70.6518673539953,27.147672187044133,-14.485803068544271,12.653868979474172,-2.2069515530587918,0.5603926441822481,-0.0137859959959318,-0.7744000244140625,624.0,625.0,624.0,622.0,-2.7745419175771815
70.6618673539953,27.05942969149652,-14.51982967106274,12.636260236198517,-2.8723613656325155,1.1811093065675775,-0.0045614132515861,-0.7744000244140625,624.0,625.0,624.0,622.0,-2.7746013062919195
70.67186735399531,26.930161130974454,-14.569674264782948,12.606741010450904,-2.749626124205439,-0.3172828754817773,-0.0047822663208949,-0.7744000244140625,623.0,622.0,621.0,619.0,-2.7746483822168195
70.6818673539953,26.79529753647323,-14.621659598469568,12.576707603195873,-2.2861613817210977,-0.1030829361211327,-0.0034206964875112,-0.7744000244140625,623.0,622.0,621.0,619.0,-2.7747166140458215
70.69186735399529,26.665961158591863,-14.67145689787289,12.546043908801057,-2.9303774240694693,-1.1734748499889414,-0.0067212446449668,-0.7231999969482422,620.0,619.0,619.0,615.0,-2.7747844207280354
70.7018673539953,26.57840336802205,-14.70508945369156,12.522128655519564,-3.178463188374845,-0.7679910826709174,-0.0024892424971332,-0.7231999969482422,620.0,619.0,619.0,615.0,-2.774788783388635
70.7118673539953,26.444021573682267,-14.75671400736433,12.48374207130996,-3.9382532969439694,-0.1449822884670103,-0.0028458022971478,-0.7231999969482422,616.0,615.0,614.0,610.0,-2.7747885543321678
70.7218673539953,26.345369465744675,-14.794624528251529,12.451601290060053,-3.815504349466439,0.4752623297247551,0.0051024623875022,-0.7231999969482422,616.0,615.0,614.0,610.0,-2.7747479249260167
70.73186735399528,26.15175073946513,-14.82402325723158,12.448396242583575,-3.750111281823032,0.653826425498202,0.0015524076430582,-0.6719999694824219,612.0,609.0,609.0,608.0,-2.775021694998234
70.74186735399529,26.064839088200216,-14.856440101435364,12.418504614958133,-3.821741028860429,0.1834011518065605,0.0085728117893017,-0.6719999694824219,612.0,609.0,609.0,608.0,-2.7749737824914176
70.7518673539953,25.93698764375381,-14.904109432465397,12.377076556446475,-3.752826608162185,-0.1396457831800285,0.006417108443579,-0.6719999694824219,607.0,608.0,608.0,604.0,-2.7748856250947673
70.76186735399529,25.80394468493745,-14.953711174033227,12.32784144976987,-4.510682781484439,-0.5725691667937671,0.0125614886973353,-0.6719999694824219,607.0,608.0,608.0,604.0,-2.774737422750964
70.77186735399528,25.71783895864309,-14.985770918885162,12.295526923394595,-4.356498649954389,-0.4596631856558607,0.016670784637179,-0.6047999954223633,605.0,602.0,603.0,598.0,-2.774622780346033
70.78186735399528,25.59152128173069,-15.032823297402382,12.252841127761268,-4.0344681235826325,0.5586081317415775,0.0163267757422306,-0.6047999954223633,605.0,602.0,603.0,598.0,-2.77441937134722
70.79186735399529,25.45955536784914,-15.082085994130244,12.206524805911243,-3.553485778648407,0.4745161324410387,0.0145052766502887,-0.6047999954223633,600.0,598.0,600.0,593.0,-2.7742243178930424
70.80186735399528,25.374701282936982,-15.113788070976742,12.17402220886061,-4.376968947366563,0.3192467013054706,0.0147954817603443,-0.6047999954223633,600.0,598.0,600.0,593.0,-2.774106103291005
70.81186735399527,25.249474773357534,-15.160616570412474,12.12143162461232,-5.052196180419341,0.238581405960001,0.0139552080731351,-0.6047999954223633,596.0,592.0,594.0,588.0,-2.773948798823405
70.82186735399527,25.119499080667477,-15.209232720349746,12.064512926704916,-4.917626512981669,0.7105700051415286,0.0154669557642842,-0.6047999954223633,596.0,592.0,594.0,588.0,-2.7737274433416816
70.83186735399528,25.03486994577456,-15.240936996958077,12.029914617461795,-4.568113871623979,0.4805947575747439,0.0235238145906886,-0.5215999984741211,591.0,587.0,591.0,586.0,-2.7735724388380216
70.84186735399527,24.89356963692489,-15.2989021831471,11.985574349899569,-4.8082177564432005,1.3399454978797718,0.0297885496732961,-0.5215999984741211,591.0,587.0,591.0,586.0,-2.770234843027583
70.85186735399526,24.76469639761027,-15.347944744529906,11.93282856797218,-4.8627777649679045,1.2836223498705674,0.0300546291914945,-0.5215999984741211,583.0,584.0,586.0,581.0,-2.769858902416764
70.86186735399527,24.68183996287187,-15.37954178365919,11.894437090376284,-5.1945019794344125,0.0019174313379293,0.0335629093773862,-0.5215999984741211,583.0,584.0,586.0,581.0,-2.7695957427994435
70.87186735399527,24.560052768977503,-15.425908107248858,11.835566277741728,-5.106554385371089,-0.4690381262367912,0.0348948563543104,-0.45439998626708983,581.0,579.0,580.0,575.0,-2.7692128163618532
70.88186735399526,24.433008881566977,-15.474150950717943,11.7760221974563,-5.604949699151878,-1.4169137872675084,0.0344363676426505,-0.45439998626708983,581.0,579.0,580.0,575.0,-2.7688034607815326
70.89186735399525,24.350992706003005,-15.505221513574522,11.73845400059805,-5.332365713964523,-0.3823324948010553,0.0377627335375468,-0.45439998626708983,576.0,571.0,573.0,565.0,-2.768528858105478
70.90186735399526,24.23075913292549,-15.550713907935792,11.6838423421879,-5.471306829978243,-0.3215437339648425,0.0324108879091477,-0.45439998626708983,576.0,571.0,573.0,565.0,-2.7681828547074696
70.91186735399526,24.105692955063624,-15.598044032525294,11.621502946509604,-5.4505106615278,0.3749994811323012,0.0318590112970283,-0.45439998626708983,570.0,564.0,567.0,558.0,-2.767778162536517
70.92186735399525,24.02458031401378,-15.628783596175484,11.578378993304558,-5.677142440843998,0.7427814129857021,0.0384350074988227,-0.45439998626708983,570.0,564.0,567.0,558.0,-2.767487943498923
70.93186735399524,23.90586824651921,-15.673936396117195,11.515926478725666,-5.4313816683585925,1.3354347444180543,0.0326375479558772,-0.3679999923706055,565.0,558.0,560.0,555.0,-2.767123495819938
70.94186735399525,23.759377232968266,-15.745268786485244,11.430149132764456,-5.698033929139896,1.853398149521476,0.0292314358196574,-0.3679999923706055,565.0,558.0,560.0,555.0,-2.765269629210631
70.95186735399525,23.680221086249745,-15.775981102548895,11.38805071950709,-5.446809156805162,1.415375266768523,0.0313683038209695,-0.3679999923706055,558.0,556.0,554.0,553.0,-2.765056005247311
70.96186735399525,23.56392318266315,-15.821178139416448,11.320925196507536,-6.145702520846824,1.0978511968055764,0.0333658351241984,-0.3679999923706055,558.0,556.0,554.0,553.0,-2.7647664367210267
70.97186735399524,23.44282773655148,-15.868270541807554,11.250396011675202,-5.887720863687576,-0.0440419221347121,0.0370401522595644,-0.3007999992370606,558.0,549.0,549.0,546.0,-2.764382739977488
70.98186735399524,23.364983227712223,-15.89855571587343,11.204954680933218,-6.191989207344645,0.2932644681511345,0.0430179501005265,-0.3007999992370606,558.0,549.0,549.0,546.0,-2.764075818601525
70.99186735399525,23.250727366374143,-15.943034898376167,11.146116640250822,-5.286643278411394,-0.0295495151349662,0.0397593286253972,-0.3007999992370606,549.0,543.0,544.0,542.0,-2.7636343731349156
71.00186735399524,23.131386632828164,-15.989453366214748,11.104126472837716,-2.9691189992209197,-0.8978393976693572,0.0390849585471883,-0.3007999992370606,549.0,543.0,544.0,542.0,-2.763192659071914
71.01186735399523,23.05404291962371,-16.01949810883863,11.087437505903935,-2.1736984488886653,-0.2913792748345737,0.0413636974190333,-0.3007999992370606,549.0,543.0,543.0,538.0,-2.76289670700038
71.02186735399523,22.940498691995483,-16.063622326383904,11.06898923178471,-1.2609601380101618,-0.1373099393794007,0.0426932157971139,-0.3007999992370606,549.0,543.0,543.0,538.0,-2.7624525451000057
71.03186735399524,22.801096294802345,-16.13623032707423,11.018626094549589,-0.6050411282909967,1.275015630070192,0.037376801572039,-0.23360000610351564,549.0,539.0,544.0,540.0,-2.7613909056244026
71.04186735399523,22.724585562519053,-16.166572822235853,11.018654967479527,0.270197577288107,0.9402393167231292,0.0317910419872411,-0.23360000610351564,549.0,539.0,544.0,540.0,-2.76112553136548
71.05186735399522,22.61194540928305,-16.21132771992276,11.021938361583016,0.6284592435301545,0.6904189534897228,0.0352527065471658,-0.23360000610351564,545.0,543.0,546.0,543.0,-2.7607375986796217
71.06186735399523,22.493714318174824,-16.258457392666664,11.032084257157864,0.724678878866246,1.4583062724248328,0.0292336982999516,-0.23360000610351564,545.0,543.0,546.0,543.0,-2.7603993817037935
71.07186735399523,22.417462295389942,-16.288939664276718,11.03397708915944,0.1352447267849119,1.002445401018617,0.0366911626000696,-0.23360000610351564,546.0,543.0,545.0,543.0,-2.760142113097679
71.08186735399522,22.30458918775274,-16.33414163928327,11.037272720124262,0.5846874195084415,0.3844430963627923,0.0297441400730611,-0.23360000610351564,546.0,543.0,545.0,543.0,-2.7597924281235278
71.09186735399521,22.18640412874299,-16.38149022439181,11.040600590377366,0.0860677751372075,0.5168871068154692,0.0292846352551775,-0.18239999771118165,546.0,542.0,545.0,541.0,-2.759449571340065
71.10186735399522,22.109889534699107,-16.41216752055013,11.038351111575864,-0.3851238744661848,0.2661170677813476,0.0284465861901399,-0.18239999771118165,546.0,542.0,545.0,541.0,-2.759223830819682
71.11186735399522,21.997210940644123,-16.457363397672133,11.039576137260756,0.424552982337911,0.351615155146719,0.0311460063536063,-0.18239999771118165,546.0,541.0,545.0,538.0,-2.758880538858324
71.12186735399521,21.87904264481193,-16.50482317932105,11.036110211063484,-0.4283178351721128,0.7415463955997965,0.0281133387199653,-0.18239999771118165,546.0,541.0,545.0,538.0,-2.758567499320095
71.1318673539952,21.802640751535,-16.53554335835649,11.034278504641518,-0.3043621513704362,0.4657548847955203,0.0243101205971707,-0.1503999996185303,547.0,541.0,543.0,538.0,-2.7583802821993104
71.14186735399521,21.66803893043946,-16.590110281267894,10.97910719905304,-0.667141370645455,0.335053843677555,0.0245935003241364,-0.1503999996185303,547.0,541.0,543.0,538.0,-2.758201795141458
71.15186735399521,21.55071590280358,-16.637423704575568,10.96947601341981,-0.7213398273718777,0.8041270530801671,0.0254202555708023,-0.1503999996185303,544.0,541.0,542.0,539.0,-2.757931104532913
71.1618673539952,21.474756976517835,-16.668109610013477,10.962721067070753,-0.8129961580272962,0.8969311240765581,0.0201235998077326,-0.1503999996185303,544.0,541.0,542.0,539.0,-2.7577697323365036
71.1718673539952,21.36304913906851,-16.713357901823528,10.957360131585697,-0.6787184304361218,0.8983813087328665,0.0171976948027838,-0.1503999996185303,543.0,539.0,541.0,540.0,-2.7575677337802507
71.1818673539952,21.246121697155196,-16.76087275683334,10.941112886638471,-1.5042997253341277,0.7284517899495516,0.0229592228624836,-0.1503999996185303,543.0,539.0,541.0,540.0,-2.7573464353512516
71.1918673539952,21.170536975914423,-16.791608665665002,10.930025126176176,-1.3677045585291767,0.143938828577746,0.0207141531797589,-0.1503999996185303,540.0,539.0,539.0,537.0,-2.757194424354676
71.2018673539952,21.059365429811297,-16.836824199761605,10.913124349931763,-1.5003718519559923,0.0986651262937273,0.0186976957969709,-0.1503999996185303,540.0,539.0,539.0,537.0,-2.7569794076481497
71.21186735399519,20.9427753706302,-16.884216037828843,10.890220704357416,-2.670960479975064,-0.4942498297821703,0.0181974180672284,-0.1503999996185303,536.0,536.0,539.0,534.0,-2.756785414961031
71.2218673539952,20.86766938936533,-16.91474029774516,10.876303891948076,-1.7403614888800265,-0.0175160207244439,0.0264030191524563,-0.1503999996185303,536.0,536.0,539.0,534.0,-2.7565891648407317
71.2318673539952,20.756877620028064,-16.95982549338168,10.85704762889769,-1.939324265674312,1.0944682735931055,0.0312716373851894,-0.16639999389648438,538.0,537.0,536.0,529.0,-2.75627943316196
71.24186735399519,20.63607084511789,-17.03471887743939,10.785958268085748,-1.6793074199187406,1.093516522643001,0.0256656494479139,-0.16639999389648438,538.0,537.0,536.0,529.0,-2.756169200806288
71.25186735399518,20.561776234069423,-17.065624130781075,10.76721169430452,-2.7389318692920006,0.1170483160460303,0.0312374909809381,-0.16639999389648438,534.0,529.0,534.0,524.0,-2.7559458566149595
71.26186735399519,20.45267314390281,-17.111050221116784,10.736036679193258,-3.024902966865957,0.9580859127706088,0.0316862232272662,-0.16639999389648438,534.0,529.0,534.0,524.0,-2.7556098252392034
71.27186735399519,20.33923130663712,-17.158376818332215,10.709495669370694,-2.1390594877737623,0.8589687288979788,0.0309599850082765,-0.16639999389648438,533.0,530.0,532.0,525.0,-2.755236409068926
71.28186735399518,20.26515856587383,-17.1892917472971,10.69531001727267,-1.8664425307469448,0.8152053539128593,0.0285184293343605,-0.16639999389648438,533.0,530.0,532.0,525.0,-2.755006883811627
71.29186735399517,20.15668349235125,-17.234661729924536,10.670339772639148,-2.376358701492012,0.4238254367041314,0.0334825773580391,-0.1503999996185303,527.0,527.0,529.0,523.0,-2.7546510196889376
71.30186735399518,20.043861006315016,-17.2818712283451,10.644585710305035,-2.050907946267381,-0.2420086831154507,0.0399773545838678,-0.1503999996185303,527.0,527.0,529.0,523.0,-2.7542136604057004
71.31186735399518,19.96997000135539,-17.31276566444243,10.628149887347467,-2.303996863449599,0.294015161271922,0.0381780547139538,-0.1503999996185303,524.0,526.0,526.0,519.0,-2.7539200821070486
71.32186735399517,19.86254785001713,-17.35770928565206,10.60067615847725,-2.47234563619488,0.1451521154126788,0.0414763205594364,-0.1503999996185303,524.0,526.0,526.0,519.0,-2.753479340306801
71.33186735399516,19.718549089804718,-17.406973251404615,10.54293317130125,-2.755369313942716,0.0821654588248638,0.0405732578405833,-0.2015999984741211,520.0,522.0,525.0,515.0,-2.7538824703777287
71.34186735399517,19.6456017336927,-17.437188947571222,10.522579071307216,-2.5854330054069377,0.1395812688181063,0.037861678072519,-0.2015999984741211,520.0,522.0,525.0,515.0,-2.7535999446338795
71.35186735399517,19.539252838273026,-17.481206716704172,10.488670932175108,-3.1484107970961634,-0.1107525912994499,0.035420200402233,-0.2015999984741211,518.0,518.0,521.0,509.0,-2.7532087940808276
71.36186735399517,19.42783765431273,-17.52735132772622,10.452866583770742,-3.240257252308955,0.3516309097022957,0.0318421586734204,-0.2015999984741211,518.0,518.0,521.0,509.0,-2.75282035385631
71.37186735399516,19.356014850388405,-17.557156686037633,10.426036090452174,-3.9270588632853465,1.0148301575225898,0.0314662467413687,-0.2015999984741211,514.0,515.0,517.0,505.0,-2.7526035019208166
71.38186735399516,19.25086398817574,-17.60090050091003,10.379955412751396,-3.888998645989261,0.7048731480727052,0.0282691838581807,-0.2015999984741211,514.0,515.0,517.0,505.0,-2.7523027494638352
71.39186735399517,19.140672072167103,-17.646822695367053,10.34437196036082,-2.193842625135197,0.8914883081572769,0.0261370582305587,-0.24959999084472656,511.0,512.0,515.0,505.0,-2.752018265660898
71.40186735399516,19.069051316297728,-17.6767558378415,10.332183343278654,-1.5656074378665812,1.5167815243571072,0.0222134354536729,-0.24959999084472656,511.0,512.0,515.0,505.0,-2.751856926370207
71.41186735399515,18.964734586213027,-17.72051244019884,10.32172088376521,-0.6424351192336665,1.8358924771026333,0.0240714267592233,-0.24959999084472656,512.0,513.0,515.0,513.0,-2.7516223691288038
71.42186735399515,18.854903001803685,-17.766575595601324,10.344557633007032,2.901953986012869,-1.3970454466566,0.0063366654346819,-0.24959999084472656,512.0,513.0,515.0,513.0,-2.751505466679357
71.43186735399516,18.783118720519568,-17.796576438345436,10.366627874441397,3.037333544861395,-1.43984812562677,0.0098330886432313,-0.33599998474121096,515.0,515.0,517.0,515.0,-2.7514189886209133
71.44186735399515,18.65879596862803,-17.853342106325,10.422407469222074,3.3348841588167124,-1.381192044396404,0.0110494596841678,-0.33599998474121096,515.0,515.0,517.0,515.0,-2.7538410773584916
71.45186735399514,18.547417689201843,-17.899667807619988,10.459987341170518,3.035702244518456,0.0716995344026412,0.0002610697117686,-0.33599998474121096,520.0,517.0,518.0,517.0,-2.7537754174883426
71.46186735399515,18.475437306297188,-17.929683142576085,10.476844903874486,1.9290176295963304,1.4557176223942565,0.0010852054506479,-0.33599998474121096,520.0,517.0,518.0,517.0,-2.7537665611841926
71.47186735399515,18.368747355426805,-17.97432764147512,10.49997348415588,2.204811353554759,0.9019861734862512,-0.0032904250582727,-0.33599998474121096,522.0,519.0,519.0,519.0,-2.7538056809229037
71.48186735399514,18.257344260669186,-18.02105443619685,10.520203914853385,1.641654839177979,0.6538479437448884,-0.0114429110388947,-0.33599998474121096,522.0,519.0,519.0,519.0,-2.753906858384476
71.49186735399513,18.184582626543477,-18.05161583440639,10.52763940941195,1.0853427307058154,0.2167280430549059,-0.0131409090841885,-0.3679999923706055,523.0,520.0,520.0,523.0,-2.754000835696244
71.50186735399514,18.077488892839817,-18.0966140013222,10.54169837605736,1.4770788699122224,-0.1251151208204819,-0.0174324316706818,-0.3679999923706055,523.0,520.0,520.0,523.0,-2.754198339056163
71.51186735399514,17.965183631536583,-18.143761959755345,10.557414865819773,1.3843219389694386,-0.4927378958691418,-0.0169046636497535,-0.3679999923706055,523.0,522.0,518.0,521.0,-2.7543989509282345
71.52186735399513,17.89241708354726,-18.174300847103524,10.56366317742063,0.926064395465784,-0.0594109588788047,-0.0171230382332758,-0.3679999923706055,523.0,522.0,518.0,521.0,-2.7545243543170668
71.53186735399512,17.785279129978488,-18.2192321135994,10.575215588264022,1.048971129423247,-0.440234804550466,-0.0095045748993272,-0.45439998626708983,523.0,523.0,520.0,520.0,-2.754689721627476
71.54186735399513,17.63015619497446,-18.2575468745849,10.641151170025337,0.8643352461084263,-0.0335508503413034,-0.0118426633762406,-0.45439998626708983,523.0,523.0,520.0,520.0,-2.7567529570190454
71.55186735399514,17.556747460339686,-18.287612345842035,10.648751865130832,1.2597282104276122,0.4204102519643599,-0.0072532056794831,-0.45439998626708983,522.0,522.0,521.0,520.0,-2.7568300960034557
71.56186735399513,17.44827927896236,-18.33206961897513,10.66293210405967,1.479731514923397,-0.5451356271851175,-0.0052376213921099,-0.45439998626708983,522.0,522.0,521.0,520.0,-2.7569168470902925
71.57186735399512,17.334020639729246,-18.378638984417176,10.67063733550083,0.3117824836094581,-2.4278849909203126,-0.0046402326556705,-0.45439998626708983,524.0,522.0,523.0,520.0,-2.7569684834230435
71.58186735399512,17.26027152085127,-18.408555119443733,10.674436616277056,0.7865455104376768,-1.5113046402656254,-0.0020080133953947,-0.45439998626708983,524.0,522.0,523.0,520.0,-2.756994634356849
71.59186735399513,17.1515200242508,-18.45258825411517,10.681753836957656,0.5915614634995768,0.0362634070483935,0.0016430868288012,-0.48639999389648436,524.0,524.0,523.0,520.0,-2.7570035643894544
71.60186735399512,17.037180980176032,-18.498937760504408,10.682240033494528,-0.0148145603765283,0.6560115538148988,0.0028180184765216,-0.48639999389648436,524.0,524.0,523.0,520.0,-2.7569913107655535
71.61186735399511,16.963173352430555,-18.52904016765237,10.683445980751388,0.406881268281981,1.4088707096658124,0.0002077893011492,-0.48639999389648436,525.0,523.0,524.0,522.0,-2.7569856780282076
71.62186735399511,16.854485503503206,-18.57335271067664,10.680186768492586,-0.3869219347235865,1.185170130850694,0.0009202447216736,-0.48639999389648436,525.0,523.0,524.0,522.0,-2.756981139493644
71.63186735399512,16.718026241712035,-18.62684953917413,10.752853918415845,-1.0895319529982126,0.372186640246548,-0.0055344928485459,-0.5215999984741211,523.0,522.0,521.0,522.0,-2.7534841128941583
71.64186735399511,16.643811583103982,-18.657358040460032,10.747724737015384,-0.4827776360235009,0.1178220372597894,-0.0033268285707097,-0.5215999984741211,523.0,522.0,521.0,522.0,-2.753517815093943
71.6518673539951,16.534717714807222,-18.702148168872935,10.738312107859937,-0.5418297846726527,-0.7932024776622916,-0.0010243209338806,-0.5215999984741211,520.0,519.0,519.0,519.0,-2.7534976482253266
71.6618673539951,16.420103081441184,-18.749077466258026,10.722284000832248,-1.5229681629014664,-0.5326043091589391,0.00181020307002,-0.5215999984741211,520.0,519.0,519.0,519.0,-2.753474878131268
71.67186735399511,16.345979170631747,-18.779353588997164,10.716458126203593,-0.5909634780374957,-1.11082697116823,0.0026658017169273,-0.5215999984741211,520.0,519.0,518.0,515.0,-2.7534400236309624
71.6818673539951,16.236963901095685,-18.823802652909905,10.70277331733734,-1.088655263417121,-0.0685508440668342,0.0056323130387261,-0.5215999984741211,520.0,519.0,518.0,515.0,-2.7534102030220833
71.6918673539951,16.122773871909274,-18.87034162398591,10.694353259506636,-0.145141902687362,0.1824636670586797,-0.002404808832233,-0.5888000106811524,518.0,518.0,518.0,513.0,-2.7534405079094624
71.7018673539951,16.04865777128836,-18.90055430272881,10.701282750167913,1.291815454309425,0.0933623686199605,-0.0057070104133753,-0.5888000106811524,518.0,518.0,518.0,513.0,-2.7534801927655743
71.7118673539951,15.93990775882886,-18.94488862804501,10.72269011037818,2.166688359207833,0.1995243569604395,-0.000953176220646,-0.5888000106811524,521.0,521.0,520.0,520.0,-2.7535235427085323
71.7218673539951,15.824738889525012,-18.991868958327043,10.7609427187689,3.673223549161383,0.8311332717716882,-0.0117916292803468,-0.5888000106811524,521.0,521.0,520.0,520.0,-2.7535906584763508
71.73186735399509,15.749901202553035,-19.022431507011643,10.787788980118194,3.2667027201284684,0.5822086183729992,-0.0141640811717379,-0.5888000106811524,524.0,523.0,525.0,528.0,-2.7537003793037513
71.74186735399509,15.640863300931208,-19.105105910334167,10.806358546545171,3.348848339420156,0.6199908817719391,-0.007779838518018,-0.5888000106811524,524.0,523.0,525.0,528.0,-2.753163572640627
71.7518673539951,15.525702582802856,-19.153652902108444,10.84468201219968,2.987493880643308,1.4282286403536035,-0.0085222386424041,-0.5888000106811524,526.0,528.0,527.0,528.0,-2.7532899142996445
71.76186735399509,15.451153343738858,-19.185204630838527,10.867365930519592,3.0454961040201303,1.778086576008796,-0.0044489003112466,-0.5888000106811524,526.0,528.0,527.0,528.0,-2.753308062528343
71.77186735399508,15.340856169643777,-19.232012367156457,10.902414314767658,3.086115197928126,0.8157309602815601,0.0008307368145847,-0.5888000106811524,528.0,530.0,529.0,530.0,-2.7533159203014304
71.78186735399508,15.224967583187176,-19.281175875951792,10.94274636436958,3.658437522221589,-0.7800694038134091,-0.0038408448476856,-0.5888000106811524,528.0,530.0,529.0,530.0,-2.7533269853411113
71.79186735399509,15.149187302154946,-19.313236927053925,10.97001856132452,3.633610134750409,-0.8583664824307662,0.0007256635124133,-0.5695999908447266,531.0,533.0,531.0,531.0,-2.753325737424015
71.80186735399508,15.037594782779678,-19.36033626329008,11.001076834311762,2.434877491379144,-1.3359065760596758,0.0109050536739994,-0.5695999908447266,531.0,533.0,531.0,531.0,-2.7532284495557358
71.81186735399507,14.920437849399384,-19.409633889992307,11.030840398660413,2.4344114745468834,-1.1403083501530416,0.0142703135961188,-0.5695999908447266,537.0,533.0,532.0,530.0,-2.7530860203398833
71.82186735399507,14.844389245832684,-19.441589625919317,11.04579934929659,1.90000130550513,-0.5561931373824608,0.0038714831525658,-0.5695999908447266,537.0,533.0,532.0,530.0,-2.7530607780158634
71.83186735399508,14.732149705318353,-19.488745136352687,11.063578113142832,1.589931416106472,0.1509023523116254,0.0064553967209544,-0.5536000061035157,538.0,535.0,534.0,533.0,-2.7530050558459864
71.84186735399507,14.588715206131576,-19.53359437180414,11.057850157119482,1.5595486227975697,0.342459640178293,0.0066331449575137,-0.5536000061035157,538.0,535.0,534.0,533.0,-2.7540082953773175
71.85186735399506,14.512492325607043,-19.565300568982657,11.066628232376202,1.235435069603332,0.949579966731186,-0.0015065048509086,-0.5536000061035157,540.0,536.0,535.0,535.0,-2.75401617170792
71.86186735399507,14.399943461821676,-19.61223696017085,11.082832034720496,1.6870860071187264,1.2048928195243864,-0.0008123701137713,-0.5536000061035157,540.0,536.0,535.0,535.0,-2.754036652005816
71.87186735399507,14.282364849797643,-19.66143035540348,11.09509320162402,0.9123347772126024,0.4439714453987747,0.00017713513131,-0.5536000061035157,540.0,539.0,534.0,537.0,-2.7540374603784867
71.88186735399506,14.205170739603997,-19.693723605543305,11.10004986756567,0.6284491361716698,-0.1701201667168961,0.0006932335390588,-0.5536000061035157,540.0,539.0,534.0,537.0,-2.7540407381421375
71.89186735399505,14.092720429678003,-19.740734869407834,11.105738955260277,0.4914848442429748,-0.207848983572796,0.0003188924370955,-0.5375999832153321,539.0,536.0,535.0,537.0,-2.7540103662522384
71.90186735399506,13.9749949095518,-19.790000822585704,11.108346873802311,-0.0193280567252998,0.8857489967357094,-0.0012290960636858,-0.5375999832153321,539.0,536.0,535.0,537.0,-2.754013093212924
71.91186735399506,13.898088881707084,-19.8222546798331,11.104268958302857,-0.5079866449246269,0.7952071826620212,-0.0025824249827828,-0.5375999832153321,539.0,537.0,536.0,535.0,-2.7540090568540485
71.92186735399505,13.785428252856036,-19.86953501165519,11.101445270206682,-0.1245968903392649,0.112742266716613,0.0046695972846332,-0.5375999832153321,539.0,537.0,536.0,535.0,-2.7539991704699665
71.93186735399505,13.67081565302442,-19.89913242276576,10.92478889963576,-1.3316605251943037,-1.7488832525730482,0.0023803359045301,-0.5215999984741211,542.0,537.0,533.0,535.0,-2.7558638389926737
71.94186735399505,13.594800512083058,-19.9302630078054,10.92180715455846,-0.2249135610109836,-1.8952677265731697,-0.0070874449298741,-0.5215999984741211,542.0,537.0,533.0,535.0,-2.755911455970812
71.95186735399506,13.483543771400248,-19.97564585983348,10.92014637111276,-0.6426776358956233,-1.2658868942362989,-0.0065024134634649,-0.5215999984741211,539.0,535.0,535.0,537.0,-2.7559655794855873
71.96186735399505,13.367495718589598,-20.022883087666447,10.915683314036835,-0.3959843126348499,-0.2350289678440595,-0.0061150249231651,-0.5215999984741211,539.0,535.0,535.0,537.0,-2.75604560031303
71.97186735399504,13.291806689575909,-20.05373396086149,10.914416529100954,-0.3552845097321864,1.010753306052672,-0.0031523367084409,-0.5215999984741211,538.0,532.0,533.0,534.0,-2.756067098149374
71.98186735399504,13.180399108775951,-20.099338567970293,10.910712675342582,-0.3002739648287664,1.9521648940672227,0.0069949976563974,-0.5215999984741211,538.0,532.0,533.0,534.0,-2.7560389773915674
71.99186735399505,13.064539091274863,-20.146988715540573,10.913113698508775,0.9333606250319544,1.162151816752519,-0.0023404047524699,-0.5215999984741211,534.0,533.0,533.0,535.0,-2.7560197280460783
72.00186735399504,12.988733268100008,-20.178237071671887,10.92520635812492,1.6600225617051827,0.782871210684183,-0.0045915398353145,-0.5215999984741211,534.0,533.0,533.0,535.0,-2.75604573445644
72.01186735399503,12.877367710426752,-20.22418821609789,10.96146142074559,3.606289257300108,-0.1089568424799734,-0.0089977871706653,-0.5215999984741211,538.0,535.0,539.0,538.0,-2.7561271308572297
72.02186735399503,12.75992423217134,-20.272613395471765,11.01130399638598,4.861151210572904,-0.5394443676400464,-0.0091424482571137,-0.5215999984741211,538.0,535.0,539.0,538.0,-2.756220532237439
72.03186735399504,12.686720998508186,-20.305203037963373,10.957369076593515,3.482022452102893,-0.6079799721072885,-0.008349652310239,-0.5215999984741211,545.0,541.0,549.0,540.0,-2.755278484747582
72.04186735399503,12.57494649110424,-20.351390390535965,11.002663924714865,4.377071529717133,-0.7433940098790215,-0.0018594708774712,-0.5215999984741211,545.0,541.0,549.0,540.0,-2.7553255841718927
72.05186735399502,12.457664115379448,-20.39967848887591,11.049853343413496,3.742654061389552,-1.425314928566891,-0.0030569100833683,-0.5215999984741211,547.0,544.0,554.0,544.0,-2.7553068935174236
72.06186735399503,12.380670076085014,-20.431282321136603,11.07631392651916,3.5538465803053816,-1.1679353925578193,0.0023738673281467,-0.5215999984741211,547.0,544.0,554.0,544.0,-2.7552762310961416
72.07186735399503,12.267646317779212,-20.477596860534067,11.11055333824678,3.0447946062581983,-0.3979584375465131,0.0117643422196409,-0.5215999984741211,550.0,544.0,549.0,548.0,-2.755167329298046
72.08186735399502,12.148688647932708,-20.52647937600443,11.149113758667784,3.476357249321146,1.7288164823687746,0.0124540413524965,-0.5215999984741211,550.0,544.0,549.0,548.0,-2.755012047592453
72.09186735399501,12.071916710477074,-20.55823237118686,11.171499269618614,2.750873277318869,3.395733525219522,0.0103160563655013,-0.5375999832153321,553.0,551.0,548.0,548.0,-2.754945806763021
72.10186735399502,11.957819263865812,-20.605688350706256,11.20165767432605,2.6751247410871986,2.1514566687397387,0.0033161340489186,-0.5375999832153321,553.0,551.0,548.0,548.0,-2.7548753015375014
72.11186735399502,11.83846414931288,-20.65546923730336,11.234490952693736,2.561533365578492,-0.0653548232110151,-0.0101564147362135,-0.5375999832153321,555.0,552.0,550.0,551.0,-2.754958979986627
72.12186735399501,11.76064044067687,-20.687921743327436,11.25636140558697,2.846901016711062,-0.1765377782405099,-0.0059327136670123,-0.5375999832153321,555.0,552.0,550.0,551.0,-2.755009407700325
72.131867353995,11.63277614368799,-20.73208051010517,11.243690702767145,2.640711182143909,-1.0231554463641332,-0.0077132873049136,-0.5375999832153321,559.0,555.0,554.0,551.0,-2.754658658304758
72.14186735399501,11.51229336996139,-20.781928416174956,11.274751688917274,2.9040129586639223,-0.8824835722296006,-0.0078374415508779,-0.5375999832153321,559.0,555.0,554.0,551.0,-2.7547458021995705
72.15186735399502,11.434337715114788,-20.81414247986761,11.29191707073874,2.1958612872455627,-0.752632226272016,-0.012174938861414,-0.5375999832153321,560.0,556.0,555.0,553.0,-2.7548184704019127
72.161867353995,11.319244110158566,-20.86159192233175,11.319785738501892,2.669480576439436,-1.2322228895981395,-0.0119193229508385,-0.5375999832153321,560.0,556.0,555.0,553.0,-2.7549639151562446
72.171867353995,11.198394344492709,-20.911440054079414,11.338687895045602,0.9740972740409024,2.9121871661893595,-0.0099756798910332,-0.5375999832153321,562.0,559.0,557.0,558.0,-2.7550818405938626
72.181867353995,11.120250398492876,-20.94377666799174,11.346232169501851,0.9972122791697048,0.5473543598738083,-0.0187407693308054,-0.5375999832153321,562.0,559.0,557.0,558.0,-2.7552010704225687
72.19186735399501,11.00488336131085,-20.99158134605419,11.35858926214417,0.4346984310601435,1.9267524863142136,-0.0174038418986845,-0.5536000061035157,563.0,560.0,558.0,558.0,-2.75536582852407
72.201867353995,10.884160754930804,-21.04187700364368,11.362087088440962,0.3627363086891705,1.186374930520396,-0.0159249912424917,-0.5536000061035157,563.0,560.0,558.0,558.0,-2.755601862982134
72.21186735399499,10.805430750672295,-21.07474176312926,11.363085126471471,0.041289004057943,0.2761732973035872,-0.0168379766552434,-0.5536000061035157,561.0,560.0,558.0,558.0,-2.755721370850492
72.221867353995,10.689911053863778,-21.122991601347977,11.366195537250611,0.316187079454682,0.3687036427208451,-0.0233537803282726,-0.5536000061035157,561.0,560.0,558.0,558.0,-2.7559375993675252
72.231867353995,10.567489447522012,-21.17494906258164,11.36916519781906,0.3276855744535836,-0.867818607435264,-0.0223086220153976,-0.5536000061035157,561.0,560.0,559.0,558.0,-2.7566825981498293
72.24186735399499,10.489051716829076,-21.20762366502892,11.376206718675231,1.042666439283172,-1.060549189232606,-0.0192407018014626,-0.5536000061035157,561.0,560.0,559.0,558.0,-2.7568353175497355
72.25186735399498,10.373454653281891,-21.25571280599803,11.38251775469115,0.2113086984229996,-1.2717906312947145,-0.0201692455344141,-0.5536000061035157,561.0,559.0,558.0,557.0,-2.7570684623144173
72.26186735399499,10.252489426642809,-21.305861437417025,11.3851539717007,0.5721387904882976,-0.1940801945611051,-0.0167269341185434,-0.5536000061035157,561.0,559.0,558.0,557.0,-2.7572667426862316
72.27186735399499,10.1736408403469,-21.33853062107272,11.38352198673287,-0.1889674329503998,-0.33003198934156,-0.0195064349829273,-0.5536000061035157,560.0,559.0,557.0,557.0,-2.757435689221362
72.28186735399498,10.058099852556758,-21.38644438567859,11.377584472848534,-0.603421127813567,0.4221395453654991,-0.0186189502060569,-0.5536000061035157,560.0,559.0,557.0,557.0,-2.757630312827221
72.29186735399497,9.936767861777833,-21.436933411809797,11.391871428468214,1.9584593178254135,1.0048539387493989,-0.0282711199348813,-0.5695999908447266,562.0,559.0,560.0,561.0,-2.75788266247192
72.30186735399498,9.85800730004069,-21.469809362892946,11.41894537494528,3.965883209444879,1.5968567994119771,-0.0218914122537019,-0.5695999908447266,562.0,559.0,560.0,561.0,-2.758040084726029
72.31186735399498,9.74215471456103,-21.518348750252397,11.469607543895815,5.396132201465523,1.8880482929616191,-0.0349105962840878,-0.5695999908447266,566.0,565.0,566.0,567.0,-2.7583952259689792
72.32186735399497,9.61916184442317,-21.570045099212347,11.548082862335695,7.202682740087752,0.2767010854169886,-0.0265139493480344,-0.5695999908447266,566.0,565.0,566.0,567.0,-2.7587341211739695
72.33186735399497,9.539636527755432,-21.60347081534483,11.603986445202574,7.609460630415754,-0.4796481679349784,-0.02854848745289,-0.5695999908447266,575.0,572.0,566.0,577.0,-2.758950154846852
72.34186735399497,9.40769470950241,-21.63473996503911,11.657930539331062,8.63138102854675,-0.5680991524631835,-0.0241128784473578,-0.5695999908447266,575.0,572.0,566.0,577.0,-2.7599873787116227
72.35186735399498,9.282248380538263,-21.686378538229693,11.73750979299126,5.517278932035759,-0.7688099134873952,-0.0196050681350175,-0.5888000106811524,582.0,580.0,576.0,590.0,-2.7601817420167745
72.36186735399497,9.20107392756917,-21.71971449007872,11.765628850029197,3.64791945628109,-0.6651505626699662,-0.006738027274024,-0.5888000106811524,582.0,581.0,580.0,611.0,-2.7602376499003465
72.37186735399496,9.080950023582636,-21.768955049156457,11.792176089749924,1.5244930846242009,-0.2245981920225379,0.0055111029139674,-0.5888000106811524,582.0,581.0,580.0,611.0,-2.7602106625673017
72.38186735399496,8.955069911820424,-21.82050242233105,11.814087786188988,1.7447229473506287,-0.4787493925433183,-0.0047208093491859,-0.5888000106811524,583.0,583.0,584.0,620.0,-2.7602199510288523
72.39186735399497,8.87319286646738,-21.854035722908524,11.842878999938918,4.625596009605397,0.0806150846043652,-0.0100534429753005,-0.5888000106811524,583.0,583.0,584.0,620.0,-2.760279568557098
72.40186735399496,8.752049216966235,-21.9037588306318,11.91271527367518,7.248930769959169,1.1974191344695897,-0.0244388364529568,-0.5888000106811524,588.0,593.0,584.0,600.0,-2.760497976984646
72.41186735399495,8.625044776609958,-21.9561705764576,11.990687393332443,7.31579857519884,3.0137102223397845,-0.0340130725458079,-0.5888000106811524,588.0,593.0,584.0,600.0,-2.7608423200304
72.42186735399495,8.541588151393032,-21.9908046882809,12.051416621127988,8.611957554636989,1.983321701229089,-0.037380893814033,-0.5888000106811524,597.0,603.0,596.0,597.0,-2.7611093380716896
72.43186735399496,8.417877414073892,-22.04215757240072,12.151442301247084,9.209534245991875,-0.1095955990149353,-0.03262389540994,-0.5888000106811524,597.0,603.0,596.0,597.0,-2.7614656164721456
72.44186735399495,8.246380547759037,-22.106476345768527,12.352059255081857,11.404764850904575,-1.1981347661201476,-0.0365865982605845,-0.64,606.0,614.0,596.0,610.0,-2.760226889912805
72.45186735399494,8.159937779212061,-22.14220299813051,12.436523304924789,10.563562781700748,-1.2024925942206652,-0.0304891408174031,-0.64,606.0,614.0,596.0,610.0,-2.7604604929646452
72.46186735399495,8.032497091384853,-22.194751643528623,12.547977532725218,9.950591665363024,-0.6474568262489938,-0.0204596658468666,-0.64,618.0,627.0,610.0,639.0,-2.7607102726283834
72.47186735399495,7.898282495466772,-22.25002514261245,12.657311937219625,9.376301827102528,0.3673577207035347,-0.0137142734685093,-0.64,618.0,627.0,610.0,639.0,-2.7608702778963656
72.48186735399494,7.809812570402557,-22.286472909251003,12.72708166741182,8.983752053439025,0.4194794299778586,-0.0136346204816807,-0.64,628.0,634.0,619.0,661.0,-2.760969041254921
72.49186735399493,7.679529823391885,-22.34023702068651,12.831304656462075,9.999545150793065,1.2140542497441278,-0.0217144693597077,-0.64,628.0,634.0,619.0,661.0,-2.761165706898464
72.50186735399494,7.54219715127071,-22.39715984741429,12.95199311300708,10.441016081195151,2.3431958597957245,-0.0240732829793394,-0.64,641.0,644.0,631.0,646.0,-2.7614461727280277
72.51186735399494,7.452175545326277,-22.43462888495717,13.020568766934574,9.015779008256844,1.4675710432217883,-0.0377343684430813,-0.64,641.0,644.0,631.0,646.0,-2.761726829096368
72.52186735399494,7.319126677508755,-22.49005056084501,13.120917620227358,8.75900354247,-0.4840699797569842,-0.0362424613747524,-0.6559999847412109,650.0,652.0,633.0,641.0,-2.7621492298636388
72.53186735399493,7.158373921909552,-22.57363504793182,13.203754593071608,9.638479282764596,-0.8273239383295884,-0.0325947877381678,-0.6559999847412109,650.0,652.0,633.0,641.0,-2.7605727373634332
72.54186735399493,7.067236580093796,-22.61202898493315,13.274649539378157,9.610817078674392,-1.2684905927568004,-0.0314409646455382,-0.6559999847412109,660.0,662.0,641.0,647.0,-2.760806491345216
72.55186735399494,6.931738554583085,-22.66896307575589,13.371511657121236,8.55992284122766,-1.0782115050961012,-0.0315116285658423,-0.6559999847412109,660.0,662.0,641.0,647.0,-2.761129306924331
72.56186735399493,6.788383533383628,-22.72900863090265,13.476094931032051,8.94203245626185,-0.8039531317503269,-0.0330070843792165,-0.6559999847412109,667.0,668.0,648.0,658.0,-2.76148947105834
72.57186735399492,6.694461552465001,-22.76832535647192,13.536947894820328,7.82622051135312,-0.1784925644156239,-0.0265429472791799,-0.6559999847412109,667.0,668.0,648.0,658.0,-2.7616938760450083
72.58186735399492,6.557133777570623,-22.82587419511314,13.622603238754383,7.861683463504528,1.4872784781400663,-0.0321812374874873,-0.6559999847412109,672.0,676.0,656.0,665.0,-2.761996197456913
72.59186735399493,6.411622512987151,-22.887099581128226,13.713525868125435,7.888605500679041,2.076610216626084,-0.0370282070267978,-0.6559999847412109,672.0,676.0,656.0,665.0,-2.7623903597301918
72.60186735399492,6.316848914261434,-22.927180876222245,13.7702224533909,7.209344666981672,2.384145039193224,-0.0350079942386786,-0.6559999847412109,682.0,680.0,664.0,671.0,-2.762640732230637
72.61186735399491,6.1759375297132095,-22.98688486944234,13.849397434416822,7.050470008152935,0.7097903464298182,-0.0314796598619487,-0.6559999847412109,682.0,680.0,664.0,671.0,-2.76302485801439
72.62186735399492,6.028507700032638,-23.04926862707945,13.928349019237936,7.030362236323498,-1.0970406271602593,-0.0308849841694783,-0.6719999694824219,684.0,680.0,671.0,676.0,-2.7633923211499214
72.63186735399492,5.932419140478247,-23.089772605165816,13.978489206717107,6.59046969081141,-1.851396640205032,-0.0268193997906362,-0.6719999694824219,684.0,680.0,671.0,676.0,-2.763594740412394
72.64186735399491,5.778268957643401,-23.1233851927164,13.992869795214617,6.732208862374531,-2.204474947423696,-0.0182853581834379,-0.6719999694824219,690.0,694.0,677.0,683.0,-2.7667817907333703
72.6518673539949,5.628381057556896,-23.184750673174232,14.070214701115182,6.731561553517433,-1.109524020357628,-0.014172887419353,-0.6719999694824219,690.0,694.0,677.0,683.0,-2.7670108261036055
72.66186735399491,5.530020109266706,-23.22491564637026,14.117586867280917,6.210652651474499,-1.209924719826539,-0.0204646331361099,-0.6719999694824219,696.0,697.0,681.0,692.0,-2.767144457729696
72.67186735399491,5.386156418927383,-23.2836334898893,14.181440828982964,5.592821788575049,1.219765528301476,-0.0167036047436802,-0.6719999694824219,696.0,697.0,681.0,692.0,-2.7673539636156863
72.6818673539949,5.234399010721643,-23.34592079876138,14.245075713352898,5.694007082142879,4.254588063822959,-0.0233649004071617,-0.6719999694824219,701.0,701.0,689.0,695.0,-2.767601184942057
72.6918673539949,5.135278065628905,-23.386936807311,14.28149617426106,4.607082833956078,3.558063767605721,-0.0289742416875004,-0.6719999694824219,701.0,701.0,689.0,695.0,-2.76780514438045
72.7018673539949,4.989865462261573,-23.44740502361852,14.334801977713193,4.91880408257543,2.211443156429167,-0.0296826345963186,-0.6719999694824219,703.0,706.0,694.0,699.0,-2.768131409813668
72.7118673539949,4.837275910362647,-23.510936748420555,14.390609181863274,5.028122755307086,-0.5549140814846378,-0.0283716505378608,-0.6719999694824219,703.0,706.0,694.0,699.0,-2.7684711435921354
72.7218673539949,4.737059177749395,-23.5525042613584,14.429436861952388,5.302387134843936,-2.282821790658049,-0.024847099658815,-0.6719999694824219,710.0,706.0,699.0,701.0,-2.7686599400580754
72.73186735399489,4.590026736083349,-23.61311462898938,14.480662742441323,4.448897377413489,-3.328597783173319,-0.01793862978572,-0.6719999694824219,710.0,706.0,699.0,701.0,-2.768874845535242
72.74186735399489,4.448756039019287,-23.64197470097215,14.390642097356311,3.9424120271543375,-1.3883802987747451,-0.0194136589330498,-0.6719999694824219,712.0,711.0,704.0,708.0,-2.770133369721686
72.7518673539949,4.348161208737593,-23.682465214621903,14.41828866277442,3.510861810215248,-1.4798021803545318,-0.0158740440161826,-0.6719999694824219,712.0,711.0,704.0,708.0,-2.770251066094598
72.76186735399489,4.200701455257073,-23.74177459141975,14.45545909877661,3.573251575118499,0.3663366230703808,-0.0122386726779415,-0.6719999694824219,716.0,711.0,709.0,711.0,-2.770374230646705
72.77186735399488,4.046475605786853,-23.80399922372673,14.48679676324187,2.391108883721532,2.482985605189891,-0.0171717708515809,-0.6719999694824219,716.0,711.0,709.0,711.0,-2.770539766519761
72.78186735399488,3.946055307417228,-23.844719015719686,14.501809533400008,1.767833935330687,2.76239831091172,-0.0166399171835912,-0.6559999847412109,717.0,716.0,712.0,712.0,-2.7706507082120555
72.79186735399489,3.7975854059289422,-23.90526567325796,14.520522794176731,1.4324008185502717,3.179340860649819,-0.014048744435286,-0.6559999847412109,717.0,716.0,712.0,712.0,-2.7708231949066855
72.80186735399488,3.643078366143976,-23.96853140749255,14.54133091477784,1.847375344517515,0.6346919703085803,-0.0155110261047619,-0.6559999847412109,718.0,718.0,712.0,711.0,-2.771018417179893
72.81186735399487,3.542374473992931,-24.009737837571425,14.554751491997555,1.8895231183378731,-1.1984079202156588,-0.0202853154151916,-0.6559999847412109,718.0,718.0,712.0,711.0,-2.7711767634535485
72.82186735399488,3.393585838758538,-24.07039296367825,14.572935165830543,1.1303866430100855,-2.522895438838169,-0.0184064099840257,-0.6559999847412109,719.0,718.0,713.0,714.0,-2.7713930733282783
72.83186735399488,3.2379951717443536,-24.1334474171572,14.588940801488558,1.4374473486512276,-2.9645306983527147,-0.0165475234996438,-0.6559999847412109,719.0,718.0,713.0,714.0,-2.7715992146126065
72.84186735399487,3.1247152239711933,-24.17894596177466,14.479581899040053,0.740207746542496,-0.9234621734771338,-0.0116028398119617,-0.6047999954223633,719.0,718.0,715.0,713.0,-2.7696580695912
72.85186735399486,2.9768644146484253,-24.239068734310585,14.481339974393382,-0.1881959973400791,1.558676382220262,-0.0108615232514845,-0.6047999954223633,719.0,718.0,715.0,713.0,-2.7697557724560444
72.86186735399487,2.8230480305106997,-24.30198266739853,14.457727436785838,-2.9012538791348392,1.8948814969877887,0.0020089768376095,-0.6047999954223633,716.0,718.0,714.0,705.0,-2.769780126218123
72.87186735399487,2.7229098164580505,-24.343052290426822,14.43615236268646,-3.279193017814721,0.8210212889590197,0.0002388581285187,-0.6047999954223633,716.0,718.0,714.0,705.0,-2.7697846608618715
72.88186735399486,2.576159388550088,-24.40335675604868,14.402731840261511,-3.060475720231284,0.3683181679247538,-0.0106840337124431,-0.6047999954223633,710.0,713.0,708.0,705.0,-2.7698169644175357
72.89186735399485,2.4228514718359886,-24.466387128054706,14.356928834744371,-4.414799130688567,-0.064126175999187,-0.0085678324302024,-0.6047999954223633,710.0,713.0,708.0,705.0,-2.7699149004507735
72.90186735399486,2.3237459879944184,-24.507059541568623,14.329741679211793,-3.663109992944118,-1.0860182076355187,-0.0155421816811073,-0.6047999954223633,703.0,704.0,706.0,703.0,-2.770020383848087
72.91186735399486,2.178312555721916,-24.566577634234157,14.29338684293534,-2.726927669427855,-2.149511075649424,-0.024074765592915,-0.6047999954223633,703.0,704.0,706.0,703.0,-2.770264795830254
72.92186735399486,2.0257793519486595,-24.628765695618767,14.274227425384964,-1.3292102875082676,-1.1726998894578318,-0.0267427842625283,-0.6047999954223633,702.0,699.0,706.0,703.0,-2.770575966866728
72.93186735399485,1.9272495288344589,-24.66889978674596,14.277840251419684,1.1469604719190751,-0.2189587904113428,-0.0329239643584701,-0.6047999954223633,702.0,699.0,706.0,703.0,-2.770831234769212
72.94186735399485,1.7718068764588892,-24.728153549355824,14.26111619468452,3.037616190456128,1.6282324814143387,-0.0374951084512448,-0.6208000183105469,706.0,705.0,708.0,711.0,-2.7723899496345097
72.95186735399486,1.619416509118386,-24.790195009316463,14.30022164993752,4.155078195791514,1.0926106909204956,-0.0439577716566764,-0.6208000183105469,706.0,705.0,708.0,711.0,-2.7728802697936303
72.96186735399485,1.519852605266338,-24.83080682846304,14.328269511465445,4.024751328139926,1.2445281052624146,-0.0504900408837986,-0.6208000183105469,709.0,711.0,709.0,711.0,-2.773238282132906
72.97186735399484,1.373658825435628,-24.890426572482816,14.365008386006158,3.092806213194991,-0.9604939061487426,-0.0543339484457258,-0.6208000183105469,709.0,711.0,709.0,711.0,-2.7738227041977797
72.98186735399484,1.2202351966135967,-24.95284707737109,14.39701784214414,2.922699507512481,-1.0055992116119394,-0.056192729342496,-0.6559999847412109,713.0,712.0,713.0,713.0,-2.7744430471086545
72.99186735399485,1.1197293228940008,-24.993620272698305,14.415822548691452,2.374597981933445,-1.555247040605241,-0.0577099981975133,-0.6559999847412109,713.0,712.0,713.0,713.0,-2.7748652003342347
73.00186735399484,0.9726473930828607,-25.05309855268005,14.43833298159992,1.4426344241026263,-1.7720848229133062,-0.0550653545502114,-0.6559999847412109,718.0,718.0,713.0,715.0,-2.7754591304435143
73.01186735399483,0.8189017237589895,-25.115044039234373,14.437207772859765,-0.4441990578857142,-0.3432434764703909,-0.0486049522005329,-0.6559999847412109,718.0,718.0,713.0,715.0,-2.7760503107133467
73.02186735399484,0.718550361851259,-25.15547096518596,14.43142933739886,-1.2006750753418989,-0.0481670840951367,-0.0539647791835631,-0.6559999847412109,714.0,714.0,711.0,721.0,-2.7764440577326734
73.03186735399484,0.5717199221749083,-25.214623127801296,14.399060873408157,-3.4644562350178862,-0.1378721533659276,-0.0582848218225571,-0.6559999847412109,714.0,714.0,711.0,721.0,-2.7770648241669975
73.04186735399483,0.4048700725845015,-25.246044373350387,14.314159653110874,-4.094818973761497,-0.7951525877325225,-0.0649571211093434,-0.7231999969482422,706.0,712.0,704.0,709.0,-2.781160477967302
73.05186735399482,0.3048852307267138,-25.28525238821324,14.27839733203905,-4.612501424081826,-1.067342244559199,-0.0605940852241303,-0.7231999969482422,706.0,712.0,704.0,709.0,-2.7816333488748777
73.06186735399483,0.1589610095007613,-25.342330279117192,14.234468781989037,-3.8582147533253344,-1.899745986255588,-0.0777788276474245,-0.7231999969482422,700.0,704.0,700.0,704.0,-2.78243199901671
73.07186735399483,0.007044188192634,-25.401458512972702,14.182467500774896,-4.655450284929071,-2.6381592614187923,-0.0895188370417718,-0.7231999969482422,700.0,704.0,700.0,704.0,-2.7834232734167466
73.08186735399482,-0.0922321184167271,-25.43990408256634,14.14963152518684,-3.98295676115972,-2.36305948792776,-0.0922949620024205,-0.8223999786376953,695.0,698.0,698.0,699.0,-2.7841172935715153
73.09186735399481,-0.2368162418461733,-25.49572413273918,14.09460061799822,-5.200799011087319,-1.997327886222405,-0.1069087910170697,-0.8223999786376953,695.0,698.0,698.0,699.0,-2.785245606564677
73.10186735399482,-0.3874229911945454,-25.55376027245373,14.04305348337795,-4.019028669895029,0.5488892837253786,-0.11277296712071,-0.8223999786376953,690.0,693.0,691.0,699.0,-2.7864900312627467
73.11186735399482,-0.4858177435462458,-25.591667408985447,14.006678788591996,-4.749214711109567,0.1073338104338905,-0.1210317138927625,-0.8223999786376953,690.0,693.0,691.0,699.0,-2.7873978985988868
73.12186735399482,-0.629020984670207,-25.646821457190317,13.9541524187882,-4.66519353066906,-0.1217071085765177,-0.1248534770385258,-0.8223999786376953,682.0,692.0,684.0,695.0,-2.7887535678191466
73.1318673539948,-0.7779900593246117,-25.70407982942085,13.894759506865084,-5.492537868723827,-1.8845741863552783,-0.120890035260901,-0.8223999786376953,682.0,692.0,684.0,695.0,-2.7901732886979955
73.14186735399481,-0.8750354609093041,-25.74124600782345,13.855094572136316,-5.207265300991058,-2.3332642456966317,-0.1283306526883721,-0.96,677.0,686.0,675.0,689.0,-2.7911218483162195
73.15186735399482,-1.0590410647150472,-25.758466480420072,13.718443529070576,-5.402703864130265,-3.8257881665311926,-0.1364178623560424,-0.96,677.0,686.0,675.0,689.0,-2.795877405347239
73.16186735399481,-1.20689223350643,-25.812219721007367,13.661839723008365,-5.289824894904761,-3.782690707169012,-0.1385664732790449,-0.96,675.0,680.0,672.0,680.0,-2.797487033297906
73.1718673539948,-1.3033107288320969,-25.847006728329205,13.620222818526251,-5.596542534038848,-3.424110763470712,-0.1356925981492072,-0.96,675.0,680.0,672.0,680.0,-2.7985241778153314
73.1818673539948,-1.443115253237532,-25.89712660808472,13.556351023725687,-5.845985275724291,-1.6231689656809725,-0.1336709878028893,-1.1104000091552733,670.0,674.0,666.0,672.0,-2.7999920418673385
73.19186735399481,-1.5898096108030155,-25.94960740550487,13.495554527454372,-4.866617947347448,-0.3250637497652045,-0.1363293647188454,-1.1104000091552733,670.0,674.0,666.0,672.0,-2.801542596528387
73.2018673539948,-1.6850776656577051,-25.98367483882761,13.455319607675513,-5.260887765863138,-0.3078789838608359,-0.1365740269685034,-1.1104000091552733,660.0,671.0,661.0,670.0,-2.8025813188874347
73.21186735399479,-1.823281090939334,-26.03305457404811,13.39810666786075,-4.9203871491962605,0.0196768606745642,-0.141213993433221,-1.1104000091552733,660.0,671.0,661.0,670.0,-2.8040919699912035
73.2218673539948,-1.968189064168648,-26.084721009958397,13.340876806671648,-4.683619171112928,-2.140540926211995,-0.1345939927698465,-1.1104000091552733,653.0,667.0,657.0,666.0,-2.8056290443261234
73.2318673539948,-2.062525024785341,-26.118208695400348,13.305699860941344,-4.641211430333706,-2.012223776028784,-0.1450106305074264,-1.1104000091552733,653.0,667.0,657.0,666.0,-2.8066747288868843
73.24186735399479,-2.19981739984929,-26.16666834292521,13.256741054087488,-4.46012201722318,-3.165784897438709,-0.1508000410868174,-1.28,647.0,660.0,652.0,661.0,-2.8083031398587526
73.25186735399478,-2.359533772833556,-26.218307009014488,13.1977430628882,-5.353189242221609,-3.4315807609214235,-0.1620757840160736,-1.28,647.0,660.0,652.0,661.0,-2.804225259921561
73.26186735399479,-2.4521182067610114,-26.250689851218088,13.1601435328771,-5.044452706361728,-3.8680965565563055,-0.1650167428616105,-1.28,643.0,655.0,647.0,653.0,-2.8054465792709475
73.27186735399479,-2.587999497887905,-26.297839159965587,13.10144966669527,-5.308903997678813,-2.939468299284509,-0.1714943577491949,-1.28,643.0,655.0,647.0,653.0,-2.807259935703413
73.28186735399478,-2.7301366819225352,-26.34687312040658,13.035324526285097,-5.5150563509089485,-0.2204476281348736,-0.1685401703272908,-1.4816000366210937,638.0,649.0,640.0,646.0,-2.809213294357964
73.29186735399477,-2.822309147900821,-26.37861127171929,12.992777212640435,-5.858274761930868,-0.3745555242671129,-0.1710169639600647,-1.4816000366210937,638.0,649.0,640.0,646.0,-2.8104715846007253
73.30186735399478,-2.9567546216971485,-26.42485502422886,12.928840682273655,-5.460816556691571,-1.1710344933803187,-0.174405772269557,-1.4816000366210937,631.0,646.0,634.0,641.0,-2.8123449028541767
73.31186735399478,-3.097041221986386,-26.47296168926777,12.865477738153666,-5.508386427375982,-1.3799417325510122,-0.1798522524480129,-1.4816000366210937,631.0,646.0,634.0,641.0,-2.8143749097395325
73.32186735399478,-3.187788677930495,-26.50390068886561,12.826582777428628,-5.163321205371793,-2.789202452115758,-0.1905299453079983,-1.4816000366210937,624.0,640.0,626.0,640.0,-2.8157831883398625
73.33186735399477,-3.321206659268188,-26.54905139516566,12.768625760997669,-5.167606667089933,-3.5160150985022924,-0.2071142497944974,-1.4816000366210937,624.0,640.0,626.0,640.0,-2.818011036377893
73.34186735399477,-3.488072655304613,-26.603873748521416,12.683124424104337,-5.002786663423909,-4.507961213735113,-0.2115877118834287,-1.7152000427246095,620.0,633.0,621.0,632.0,-2.8191914707176444
73.35186735399478,-3.5783034300834533,-26.633819513388183,12.642860153574302,-5.378823546364238,-4.070662380141576,-0.227112742709835,-1.7152000427246095,620.0,633.0,621.0,632.0,-2.8208817715341796
73.36186735399477,-3.7092748444447774,-26.676868341393355,12.580589843109442,-5.6622713991244025,-3.509576987222889,-0.2338194465086811,-1.7152000427246095,613.0,627.0,611.0,626.0,-2.8234082555941127
73.37186735399476,-3.846548694393833,-26.72154283456203,12.515420140794426,-5.699914939146631,-2.644429290427128,-0.2409716877591187,-1.7152000427246095,613.0,627.0,611.0,626.0,-2.8261566476589355
73.38186735399476,-3.935781022709276,-26.750399847255345,12.474205835093716,-5.600070196524356,-1.7201471611307264,-0.2426248379800448,-2.0032000732421875,604.0,622.0,607.0,621.0,-2.827972029534114
73.39186735399477,-4.06591982001296,-26.792243426187586,12.415479072980029,-4.925757807386979,-3.043340795625185,-0.2512989440679628,-2.0032000732421875,604.0,622.0,607.0,621.0,-2.830732504561245
73.40186735399476,-4.201200706305392,-26.835346321552684,12.353297178428832,-5.466956200188172,-2.854722230435864,-0.2651934055741269,-2.0032000732421875,598.0,616.0,601.0,618.0,-2.8337235713246893
73.41186735399475,-4.289368657096178,-26.8632122553705,12.308578770540452,-5.366489935713775,-3.0305037360668137,-0.2568742850514138,-2.0032000732421875,598.0,616.0,601.0,618.0,-2.8356678842137404
73.42186735399476,-4.417946818376637,-26.90361007816013,12.260218585414805,-4.301517990654606,-1.7533290387700602,-0.262752937897273,-2.0032000732421875,592.0,614.0,594.0,611.0,-2.838540030597234
73.43186735399476,-4.599290828245807,-26.955094844835862,12.223255226362625,-4.1919807363806525,-5.558052227602104,-0.2927916304639718,-2.0032000732421875,592.0,614.0,594.0,611.0,-2.843149607471045
73.44186735399475,-4.68678248114792,-26.98161540748908,12.193271728414336,-3.8076132908615983,-5.797187221011356,-0.3003792674041402,-2.288000030517578,592.0,608.0,591.0,609.0,-2.8453954450347663
73.45186735399474,-4.814701503345771,-27.01968974786397,12.15255793634529,-3.79515077694654,-5.601293818892297,-0.300928560778136,-2.288000030517578,592.0,608.0,591.0,609.0,-2.8487371402341273
73.46186735399475,-4.948703604482772,-27.05898110808669,12.10439148128338,-4.314511202268785,-3.872803646674329,-0.3081588653781058,-2.288000030517578,585.0,604.0,590.0,605.0,-2.8522298594796487
73.47186735399475,-5.035346675565536,-27.08417457213175,12.072340478003408,-4.541358498127166,-2.136141869308175,-0.3163193021561815,-2.288000030517578,585.0,604.0,590.0,605.0,-2.8545870122523525
73.48186735399474,-5.162777056053871,-27.121079818138483,12.020991125185478,-4.639623234656503,-2.16221573987569,-0.3181294780540781,-2.56,585.0,602.0,582.0,602.0,-2.85806590736884
73.49186735399473,-5.295093329317099,-27.15906254393566,11.96535930128913,-4.775204014722987,-3.400327197307622,-0.320019999916656,-2.56,585.0,602.0,582.0,602.0,-2.8617707809834956
73.50186735399474,-5.381045833963017,-27.18344913509324,11.930020560187067,-4.86804357346381,-3.734682548362272,-0.3214935280085796,-2.56,573.0,596.0,574.0,595.0,-2.864183044034398
73.51186735399475,-5.506764222154676,-27.21859957855139,11.88162175324808,-4.39894279824571,-5.472176152098136,-0.3234973746637921,-2.56,573.0,596.0,574.0,595.0,-2.867737629148474
73.52186735399474,-5.638329947790507,-27.25469040146604,11.826954354896086,-4.794273667781043,-4.701086114823154,-0.3225761977843401,-2.56,568.0,590.0,570.0,584.0,-2.8714792862137775
73.53186735399473,-5.740162839817862,-27.282317077877853,11.786675481375925,-4.547582772652421,-2.8562811754884563,-0.3158623373433986,-2.56,568.0,590.0,570.0,584.0,-2.874320721874981
73.54186735399473,-5.90020673576393,-27.33460296916204,11.79469658184684,-3.7701610685430977,-2.7178282252731845,-0.3230540562475066,-2.8448001098632814,563.0,587.0,565.0,581.0,-2.8762714735532153
73.55186735399474,-5.9855152512702405,-27.357606090387197,11.759427373100907,-5.031527947752387,-3.795529518192163,-0.341998908537987,-2.8448001098632814,563.0,587.0,565.0,581.0,-2.878793821297583
73.56186735399473,-6.110107416567834,-27.39072344984185,11.702457979700394,-5.326343864441909,-6.110469045641106,-0.3444546163318387,-2.8448001098632814,557.0,580.0,560.0,579.0,-2.8825285319373015
73.57186735399472,-6.239491623608594,-27.42426806512351,11.638453624198617,-5.215602957728247,-5.841628518297289,-0.3404834438858825,-2.8448001098632814,557.0,580.0,560.0,579.0,-2.886451181856827
73.58186735399472,-6.324004998158928,-27.44583519326938,11.60016979841344,-5.126175792302138,-3.6007505514314544,-0.3302875356458762,-3.129599914550781,558.0,580.0,552.0,575.0,-2.8889435830275105
73.59186735399473,-6.446942897257982,-27.47683494973937,11.537684397897,-5.522188294873503,-3.952847644419157,-0.3211464673705284,-3.129599914550781,558.0,580.0,552.0,575.0,-2.892485537343183
73.60186735399472,-6.57510292540842,-27.508547139935448,11.469956678100631,-5.8765288553760655,-3.855751951388499,-0.310133363862423,-3.129599914550781,552.0,567.0,544.0,563.0,-2.8961300497906146
73.61186735399471,-6.658257571161853,-27.528868866481957,11.431575600374504,-5.057879284074216,-3.4722868087293293,-0.300746017812575,-3.129599914550781,552.0,567.0,544.0,563.0,-2.8983842295828945
73.62186735399472,-6.779857545657513,-27.55834650970828,11.380033935231245,-4.726452039920812,-2.157785089414704,-0.3099377235939657,-3.129599914550781,545.0,567.0,539.0,559.0,-2.9017623409294404
73.63186735399472,-6.934912054166022,-27.599031953263538,11.284044873956216,-3.703400521644363,-3.4129836259329203,-0.3345971174277082,-3.129599914550781,545.0,567.0,539.0,559.0,-2.9030220783944607
73.64186735399471,-7.017135820144513,-27.61871722504717,11.251149346710406,-4.700886179144243,-2.743688898506337,-0.353321143321035,-3.4176000976562495,534.0,561.0,538.0,560.0,-2.905642080012161
73.6518673539947,-7.13715902285822,-27.6470551936096,11.195050216971016,-5.811158125750493,-3.443500990805449,-0.3579763126773794,-3.4176000976562495,534.0,561.0,538.0,560.0,-2.9095546862764907
73.66186735399471,-7.261781236084205,-27.67604381324766,11.137531347205508,-4.58724542795238,-4.55029635521915,-0.3613451931043111,-3.4176000976562495,530.0,551.0,531.0,555.0,-2.9136687657709452
73.67186735399471,-7.343154074347804,-27.694643512930654,11.099942382248662,-4.879138294261574,-4.524926893029759,-0.3700873064584533,-3.4176000976562495,530.0,551.0,531.0,555.0,-2.916422336040744
73.6818673539947,-7.461585274647771,-27.721175091020825,11.040238102759538,-5.654450420034793,-5.039289295686339,-0.3784326711683165,-3.654400024414062,527.0,553.0,524.0,554.0,-2.9205572774920108
73.6918673539947,-7.588593960400042,-27.74902412517131,10.979405175857556,-5.141937628979032,-4.406090184393573,-0.3762243767319299,-3.654400024414062,527.0,553.0,524.0,554.0,-2.92502840451075
73.7018673539947,-7.675768348597677,-27.767793794788112,10.936703231103175,-5.021819701005359,-4.645181767701306,-0.3665989708381951,-3.654400024414062,521.0,547.0,519.0,547.0,-2.928030512235063
73.7118673539947,-7.798538344384521,-27.793736960120853,10.884176738851473,-4.244454518197814,-4.968779266512193,-0.3800213678359199,-3.654400024414062,521.0,547.0,519.0,547.0,-2.9323201447641365
73.7218673539947,-7.87790646764953,-27.810159667918757,10.851364323502375,-4.512335281411407,-5.396722050654131,-0.3936182605753947,-3.654400024414062,513.0,539.0,515.0,542.0,-2.9352249138728963
73.73186735399469,-7.99443023920288,-27.833777408770946,10.80340045613067,-4.856364227396627,-5.767707002147822,-0.4150683654044386,-3.654400024414062,513.0,539.0,515.0,542.0,-2.9396863867428817
73.74186735399469,-8.130635585136309,-27.856154309619505,10.71262336627924,-4.055164793805493,-3.5017441524329738,-0.4112392907820885,-3.9232000732421874,507.0,532.0,510.0,536.0,-2.946360044557045
73.7518673539947,-8.209186075603252,-27.871228649206547,10.676368958346009,-5.127345714495251,-3.845409281997805,-0.4274485548492104,-3.9232000732421874,507.0,532.0,510.0,536.0,-2.94953860561948
73.76186735399469,-8.323798883130603,-27.89278966801213,10.619879395833186,-5.272307647746388,-4.985412133251121,-0.4419052611934269,-3.9232000732421874,501.0,533.0,502.0,532.0,-2.95432152829175
73.77186735399468,-8.44370953814045,-27.914649785487168,10.558863831794431,-5.054637213918163,-6.371165606590786,-0.4370103587350367,-3.9232000732421874,501.0,533.0,502.0,532.0,-2.9593901356817036
73.78186735399468,-8.521279847210591,-27.928328837795192,10.519048259979895,-5.525850676036512,-6.4871303425271645,-0.436960194004366,-4.243200073242187,499.0,530.0,495.0,527.0,-2.9626822256258367
73.79186735399469,-8.634543746948209,-27.9476523182069,10.4590321355791,-6.148637319863482,-6.047914487658602,-0.4423248698874729,-4.243200073242187,499.0,530.0,495.0,527.0,-2.9675248384556614
73.80186735399468,-8.753096886207686,-27.967150966577197,10.395028157042152,-5.461501644577869,-5.838503645790899,-0.457853792861378,-4.243200073242187,492.0,523.0,491.0,523.0,-2.9727663062642486
73.81186735399467,-8.829454247500676,-27.979345861868723,10.35584563597813,-5.516261877960984,-4.405541067890891,-0.4591365316910622,-4.243200073242187,492.0,523.0,491.0,523.0,-2.9761840310608383
73.82186735399468,-8.941662949989256,-27.99675583578982,10.299933429388831,-5.20452467325605,-5.051723537894987,-0.4566234621153286,-4.243200073242187,486.0,522.0,485.0,517.0,-2.981234908917737
73.83186735399468,-9.05832695942644,-28.014110875033246,10.240796860283726,-5.209377643660754,-6.332126105596097,-0.4718761079331991,-4.243200073242187,486.0,522.0,485.0,517.0,-2.986638890945713
73.84186735399467,-9.154012807033425,-28.0263624396531,10.134721865249512,-5.305946171620975,-6.571091090885733,-0.4832161693225753,-4.595199890136719,477.0,514.0,480.0,510.0,-2.990463764274472
73.85186735399466,-9.26397386080714,-28.04120105759048,10.083323159412018,-4.663548291479756,-5.8774992960823065,-0.5000945079549987,-4.595199890136719,477.0,514.0,480.0,510.0,-2.995890484517955
73.86186735399467,-9.378746396512405,-28.055927541309615,10.034727964687068,-4.065946466165632,-5.177093518176232,-0.5117048077476654,-4.595199890136719,473.0,510.0,476.0,505.0,-3.0017298937497388
73.87186735399467,-9.45290480937081,-28.06507910006593,10.003980191397984,-4.280423663189782,-5.017403673988671,-0.5287364187078236,-4.595199890136719,473.0,510.0,476.0,505.0,-3.005632117470943
73.88186735399466,-9.561683253250647,-28.077908617404017,9.95337351777657,-4.787274609231179,-5.07747589820606,-0.5458397025137762,-5.033599853515625,465.0,504.0,471.0,503.0,-3.011582756384846
73.89186735399466,-9.675295909541658,-28.090555764547364,9.904659217573364,-4.23405870763327,-4.940317053160184,-0.5618339891477016,-5.033599853515625,465.0,504.0,471.0,503.0,-3.018047614332472
73.90186735399466,-9.74889196469028,-28.09833883731372,9.873099378174766,-4.068243207697407,-5.463741954298775,-0.5711830542246641,-5.033599853515625,461.0,503.0,466.0,501.0,-3.0222973735915692
73.91186735399467,-9.856253370584165,-28.10914192071022,9.824137646617446,-4.420666289529274,-5.061213657856079,-0.5776867485068535,-5.033599853515625,461.0,503.0,466.0,501.0,-3.0285661265591974
73.92186735399466,-9.968719346930378,-28.119819848151963,9.77772769764699,-3.796713183632761,-4.960006735164059,-0.5859933612878561,-5.033599853515625,455.0,497.0,460.0,499.0,-3.0353081678415177
73.93186735399465,-10.041336270217782,-28.126311920515835,9.744948783148606,-4.709144199513969,-5.92313151154485,-0.5866703676939797,-5.033599853515625,455.0,497.0,460.0,499.0,-3.0397045257836766
73.94186735399465,-10.164787591385409,-28.12884158231004,9.655114388289295,-4.567465169184235,-6.882098784490076,-0.5982271639382954,-5.44,451.0,495.0,453.0,495.0,-3.0482439921105238
73.95186735399466,-10.275244884919218,-28.13666544882799,9.607395645875243,-4.481179813919193,-7.243788387676765,-0.610459199635618,-5.44,451.0,495.0,453.0,495.0,-3.0552261384188033
73.96186735399465,-10.346970109653212,-28.141258730526232,9.578491880879405,-3.939933587132985,-6.422514574540546,-0.6112304024384112,-5.44,448.0,489.0,450.0,490.0,-3.059801282822944
73.97186735399464,-10.451899556077793,-28.14734386382383,9.541508870465744,-3.319252959851776,-5.7065870104822665,-0.6151582912017282,-5.44,448.0,489.0,450.0,490.0,-3.0665326106917967
73.98186735399464,-10.561180828114123,-28.15288260022209,9.505435586723832,-3.088517624109417,-5.259343919487159,-0.6345982774417919,-5.44,444.0,486.0,445.0,487.0,-3.0737143722716094
73.99186735399465,-10.631887540915514,-28.15604169911995,9.479727349420878,-3.699811024998796,-5.914254646502863,-0.6370205077597125,-5.44,444.0,486.0,445.0,487.0,-3.078453546597632
74.00186735399464,-10.735946390063908,-28.160132633236007,9.441763549418916,-3.669602198576957,-5.529341593566213,-0.6519340616508955,-5.94239990234375,437.0,481.0,441.0,483.0,-3.0855687121356454
74.01186735399463,-10.84415456604676,-28.16361002742133,9.398309957402263,-3.732460727547236,-6.9691880283832965,-0.6499646041560396,-5.94239990234375,437.0,481.0,441.0,483.0,-3.093040405353533
74.02186735399464,-10.914336363661231,-28.16538089272673,9.3695829498998,-3.847604149169314,-7.056879149250931,-0.6542478458504218,-5.94239990234375,435.0,479.0,436.0,481.0,-3.0979315167762493
74.03186735399464,-11.016830278840642,-28.16726134005825,9.330253379320723,-3.966442580061001,-7.427919869395682,-0.6494209993203006,-6.4991998291015625,432.0,475.0,433.0,480.0,-3.1050954108186195
74.04186735399463,-11.133312669672817,-28.18243069621328,9.255809695774902,-3.837795891085512,-6.433458396797128,-0.651121307130064,-6.4991998291015625,432.0,475.0,433.0,480.0,-3.1089834884947067
74.05186735399462,-11.202534593847972,-28.18310504806665,9.228725051668214,-3.804254719930687,-6.068072333022134,-0.6543964173676476,-6.4991998291015625,432.0,475.0,433.0,480.0,-3.1139056417906064
74.06186735399463,-11.303413965060988,-28.183460648646644,9.185362913917327,-3.2980454989009105,-5.906429019968545,-0.6538233969054561,-6.4991998291015625,428.0,472.0,428.0,475.0,-3.121083144289366
74.07186735399463,-11.408915266288323,-28.18301462076958,9.143322519232813,-3.7456369604311406,-6.1534931852406185,-0.6523401937517072,-7.072000122070313,425.0,468.0,421.0,471.0,-3.128571573383847
74.08186735399462,-11.477097123456492,-28.18225220648284,9.114996088034276,-3.9119211883113296,-6.4988627955214175,-0.6543750733965815,-7.072000122070313,425.0,468.0,421.0,471.0,-3.133470938887297
74.09186735399462,-11.577302185472268,-28.18047734238315,9.077525461850696,-3.605719777123108,-6.8620638194357175,-0.6592009848093185,-7.072000122070313,419.0,465.0,418.0,467.0,-3.1407230932385324
74.10186735399462,-11.681202264937758,-28.17769392273276,9.037846761239258,-3.2983167016337385,-8.1749678640421,-0.6688077644619023,-7.072000122070313,419.0,465.0,418.0,467.0,-3.1483645414339447
74.11186735399463,-11.748714810868089,-28.1753144394106,9.013327728935488,-3.3890304584155704,-7.833082416368989,-0.676587060252138,-7.072000122070313,417.0,458.0,416.0,460.0,-3.1534269797942276
74.12186735399462,-11.847460343577966,-28.17108412917276,8.975062551555295,-3.514278867864768,-6.932314828412637,-0.6882616638374338,-7.072000122070313,417.0,458.0,416.0,460.0,-3.160953351358339
74.13186735399461,-11.950203694424454,-28.165847349307104,8.936375883311449,-3.535442906272597,-5.68080500077266,-0.6968423948966145,-7.68,417.0,457.0,411.0,459.0,-3.1689347617835493
74.14186735399461,-12.03891074162671,-28.16740812455329,8.8688043701193,-3.172568183879871,-5.757835327222308,-0.7043160511053231,-7.68,417.0,457.0,411.0,459.0,-3.1725111126912298
74.15186735399462,-12.136217198162532,-28.16148295236481,8.83376472591095,-3.3582471373380645,-6.073903303050895,-0.7217469718335271,-7.68,411.0,453.0,403.0,460.0,-3.1804095049555494
74.16186735399461,-12.237068301176516,-28.15452936469669,8.795695727390084,-3.771679316411056,-6.394851329907271,-0.7439770189009894,-7.68,411.0,453.0,403.0,460.0,-3.1888542322122464
74.1718673539946,-12.302645409752472,-28.14952598085368,8.771233763568278,-3.25657666591896,-6.84053160533388,-0.7488334571015433,-8.268800048828124,406.0,452.0,402.0,457.0,-3.194454623462726
74.1818673539946,-12.398649848847004,-28.141415432477125,8.731985339063732,-3.346757254637561,-8.538033849292734,-0.7570245248961078,-8.268800048828124,406.0,452.0,402.0,457.0,-3.2027818365051157
74.19186735399461,-12.498105658913756,-28.131960136731024,8.693613241634525,-3.0499433867137213,-8.440939331715597,-0.7660865968398908,-8.268800048828124,403.0,450.0,401.0,453.0,-3.2115648372696546
74.2018673539946,-12.563067342573513,-28.125221336551704,8.668265355118574,-3.754704571597191,-7.165524451555773,-0.7743075880319303,-8.268800048828124,403.0,450.0,401.0,453.0,-3.2173796814916322
74.21186735399459,-12.65745919840688,-28.11468548676332,8.63149742564683,-3.782230291475326,-6.417886467202781,-0.7707222189573244,-8.268800048828124,400.0,447.0,395.0,449.0,-3.225881029733156
74.2218673539946,-12.75562044353209,-28.10292445008232,8.594188748190122,-3.393213057403218,-5.567675066425404,-0.7709097738258541,-8.268800048828124,400.0,447.0,395.0,449.0,-3.2347625178487056
74.2318673539946,-12.819496055429578,-28.09486745253637,8.56752456422832,-3.9474031314484983,-5.739962734843727,-0.772983052338944,-8.85760009765625,395.0,440.0,390.0,444.0,-3.2405664529385523
74.24186735399459,-12.929816085809245,-28.08737807656357,8.548016847302016,-3.3850848671578,-6.267315184336288,-0.7754423269946747,-8.85760009765625,395.0,440.0,390.0,444.0,-3.25038335626582
74.25186735399458,-13.02700228526283,-28.07367962028608,8.511227468952626,-3.426422877168993,-7.548906850310049,-0.7805485710454815,-8.85760009765625,390.0,438.0,387.0,441.0,-3.259385432395137
74.26186735399459,-13.0902063535621,-28.064232207116586,8.490445471294478,-2.797668187253884,-7.173213085905608,-0.7895301137578046,-8.85760009765625,390.0,438.0,387.0,441.0,-3.2653300588288268
74.2718673539946,-13.181775386418812,-28.0498056146174,8.459104083368363,-2.7693842653344904,-6.69018878351832,-0.7973636191415291,-9.379199829101562,384.0,438.0,388.0,438.0,-3.274057271045831
74.28186735399458,-13.27779574411204,-28.0338315029336,8.428186975109472,-3.037262468714521,-5.984519442432838,-0.8069752054182068,-9.379199829101562,384.0,438.0,388.0,438.0,-3.283301937499092
74.29186735399458,-13.33989263513621,-28.02307736077137,8.40895300524977,-2.647881277235108,-5.540301857890855,-0.8114250135836152,-9.379199829101562,380.0,433.0,381.0,437.0,-3.2893579951365064
74.30186735399458,-13.430808966780686,-28.00676216253833,8.377196082676194,-3.3599379430960963,-5.5403101968828254,-0.8091722638522943,-9.379199829101562,380.0,433.0,381.0,437.0,-3.2982773459590993
74.31186735399459,-13.525294932676594,-27.98900342985445,8.345348179905063,-3.230143969893109,-6.95393920092763,-0.8197888072186167,-9.379199829101562,374.0,434.0,380.0,436.0,-3.307694079946765
74.32186735399458,-13.586104535252886,-27.97704866777128,8.324199403422805,-2.862583587920629,-7.876557168532746,-0.8308251913727868,-9.379199829101562,374.0,434.0,380.0,436.0,-3.313851585996324
74.33186735399457,-13.67791010934039,-27.975193350647608,8.224162679666724,-2.0769074890554657,-8.129947769099346,-0.8374172758089257,-9.900800170898437,374.0,431.0,379.0,433.0,-3.319324822587497
74.34186735399457,-13.770002356836144,-27.955970493826158,8.195846830712625,-2.5446013308415534,-8.579678267293593,-0.8445154746759903,-9.900800170898437,374.0,431.0,379.0,433.0,-3.3289318506441705
74.35186735399458,-13.829950753930294,-27.94287407158724,8.176021790672278,-2.754077529339141,-7.814625126995702,-0.8491385616325364,-9.900800170898437,371.0,429.0,378.0,430.0,-3.335302557738516
74.36186735399457,-13.9173697710015,-27.92289323594417,8.147181089947445,-2.914392982411566,-8.688864452533732,-0.8478006899673004,-9.900800170898437,371.0,429.0,378.0,430.0,-3.3446064521050274
74.37186735399456,-14.008261313802844,-27.90093871427948,8.121058516326437,-2.474695870419765,-8.398579323185476,-0.853584818982311,-9.900800170898437,370.0,428.0,375.0,427.0,-3.3543808206440993
74.38186735399456,-14.067054817208106,-27.886186365470618,8.103284354096447,-2.491901453577065,-7.045296794092733,-0.8530032432013083,-9.900800170898437,370.0,428.0,375.0,427.0,-3.360740667217674
74.39186735399457,-14.153321855957632,-27.863947723471643,8.079240327019777,-2.4390194434172203,-5.781267746983173,-0.8559571971940514,-10.441600341796875,367.0,425.0,373.0,425.0,-3.370133797018008
74.40186735399456,-14.243068208794654,-27.84010611896132,8.053518838165786,-2.0032547093800077,-5.685432233209257,-0.8649224632507828,-10.441600341796875,367.0,425.0,373.0,425.0,-3.380060232833416
74.41186735399455,-14.300910366247448,-27.82431348353718,8.0369015790285,-2.577379657590342,-6.099509993365095,-0.8645164101406928,-10.441600341796875,359.0,420.0,369.0,426.0,-3.3864980344580213
74.42186735399456,-14.386154942527932,-27.800305777823567,8.022554676709175,-1.0121713573043367,-7.719671092684904,-0.876020756850647,-10.441600341796875,359.0,420.0,369.0,426.0,-3.396095651928871
74.43186735399456,-14.497300353934312,-27.764409226575808,8.017405733235481,0.4503803309159923,-8.622688807225593,-0.8860535579560151,-10.979200439453125,363.0,424.0,371.0,429.0,-3.4071411715475537
74.44186735399455,-14.554571096696344,-27.746788450751243,8.03147558658376,2.051978697955824,-8.589784334676379,-0.8939069395907837,-10.979200439453125,363.0,424.0,371.0,429.0,-3.413780853042011
74.45186735399454,-14.639351838630482,-27.719742685314305,8.065297003884618,2.78587883601012,-9.509272727253297,-0.9165933191695048,-10.979200439453125,370.0,427.0,374.0,436.0,-3.4238067150489178
74.46186735399455,-14.72772744369065,-27.690313461832133,8.09738855650427,2.550424377660504,-9.517100780445023,-0.9486740359947946,-10.979200439453125,370.0,427.0,374.0,436.0,-3.434590547477134
74.47186735399455,-14.785125847820291,-27.670500788380497,8.116795557760197,2.112802204047703,-9.077097927243427,-0.9775827995736056,-10.979200439453125,373.0,429.0,378.0,437.0,-3.4418400426697393
74.48186735399455,-14.86957902786818,-27.64035923848638,8.14436212820539,2.26395124650656,-8.798605351597088,-1.034622338712307,-10.979200439453125,373.0,429.0,378.0,437.0,-3.4530497361843047
74.49186735399454,-14.957838207526825,-27.60758734761401,8.170985134765196,1.8120823642561663,-9.047026157491157,-1.088151567346044,-11.939200439453126,375.0,434.0,378.0,441.0,-3.4654237219884205
74.50186735399454,-15.0152393329998,-27.585548264300137,8.188874564788103,2.095413136623866,-10.001413393607502,-1.1171870593456923,-11.939200439453126,375.0,434.0,378.0,441.0,-3.473753128392938
74.51186735399455,-15.099235905188245,-27.55221382663723,8.21296888942,1.7510106805707983,-10.1628923559305,-1.1340083536244874,-11.939200439453126,375.0,442.0,376.0,445.0,-3.4861718500579975
74.52186735399454,-15.186855076212035,-27.515904518230037,8.242829144669816,1.6775441501820028,-11.41025382477964,-1.150167514223872,-11.939200439453126,375.0,442.0,376.0,445.0,-3.499348162239073
74.53186735399453,-15.243553636132162,-27.49164681161284,8.256527990996071,1.56113069849882,-9.222805034975266,-1.1489862067666794,-12.966400146484375,376.0,443.0,375.0,450.0,-3.5079209173209644
74.54186735399453,-15.351782627776846,-27.43344225300018,8.365542556144947,1.8738896008750383,-8.784914444909948,-1.1354037498701988,-12.966400146484375,376.0,443.0,375.0,450.0,-3.5298959185748795
74.55186735399454,-15.439357846707743,-27.392614468786707,8.385103909984704,1.1769817225376775,-9.044901497345998,-1.120897532940096,-12.966400146484375,376.0,444.0,378.0,457.0,-3.542802165510563
74.56186735399453,-15.49587550594802,-27.36549220706976,8.398847258210822,1.3964180698301123,-9.974069613627856,-1.1126475602020276,-12.966400146484375,376.0,444.0,378.0,457.0,-3.5511242492691277
74.57186735399452,-15.579027271564852,-27.32431490461793,8.421213357740918,1.2646001573685532,-11.275086306367928,-1.1344989044047302,-12.966400146484375,379.0,444.0,380.0,457.0,-3.5635441623098583
74.58186735399453,-15.665741568382128,-27.279906472274003,8.439176959660939,1.2677070617942907,-8.171540280894554,-1.1586338702067551,-12.966400146484375,379.0,444.0,380.0,457.0,-3.5768544652698555
74.59186735399453,-15.721620100262744,-27.250618916983115,8.450815809827485,1.1487860435870558,-8.90892056705175,-1.1667250375242653,-14.111999511718748,379.0,449.0,382.0,456.0,-3.5855240857822355
74.60186735399452,-15.804021063909538,-27.206546221832028,8.469678466693619,1.233170321280899,-8.528676408983467,-1.190330724144696,-14.111999511718748,379.0,449.0,382.0,456.0,-3.598536472899103
74.61186735399451,-15.889629721986193,-27.159492109430527,8.484795277356863,1.1236372202449671,-8.807543775268387,-1.2031780389125442,-14.111999511718748,382.0,450.0,380.0,458.0,-3.612336923132596
74.62186735399452,-15.94509839750948,-27.12830709823853,8.499510268305352,1.5129871721965005,-8.902520217359312,-1.2188872532340616,-14.111999511718748,382.0,450.0,380.0,458.0,-3.621439119466893
74.63186735399452,-16.036015007066226,-27.097120384057195,8.456081591125402,1.6961020453699065,-9.123447879651636,-1.237921945723474,-15.241600341796875,383.0,453.0,381.0,461.0,-3.625286406125931
74.64186735399451,-16.1204139854661,-27.04835921597605,8.465219212931917,0.9620837900021324,-12.051737931014271,-1.239641347872681,-15.241600341796875,383.0,453.0,381.0,461.0,-3.6395666598607703
74.6518673539945,-16.17495749954786,-27.015802901523344,8.478874157629635,1.3788813396945592,-13.4113871847291,-1.2401340243186647,-15.241600341796875,381.0,456.0,381.0,463.0,-3.6488610304735243
74.66186735399451,-16.254271658168346,-26.966702741514705,8.489504607654302,0.3915003520475265,-16.119553446957887,-1.2461582482480928,-15.241600341796875,381.0,456.0,381.0,463.0,-3.6624833373593217
74.67186735399451,-16.336744081584687,-26.91336322186713,8.509023471758452,1.2227388323903463,-13.814168857529856,-1.261863600971488,-15.241600341796875,380.0,455.0,385.0,465.0,-3.6769728268935715
74.6818673539945,-16.38984171914057,-26.87791592287104,8.51931692650809,1.0912403650196034,-12.563418424814706,-1.2712939491168875,-15.241600341796875,380.0,455.0,385.0,465.0,-3.6864463575889026
74.6918673539945,-16.467188235065972,-26.82501877073277,8.530301833126062,0.2381126182623641,-9.206163850539935,-1.2976629202259442,-16.300799560546874,381.0,456.0,384.0,466.0,-3.700567200845577
74.7018673539945,-16.54787806571234,-26.768515708645666,8.542110365552174,0.4402155645082638,-8.624993645193664,-1.3320585625590655,-16.300799560546874,381.0,456.0,384.0,466.0,-3.715715084554446
74.7118673539945,-16.599953070744334,-26.7313430210726,8.548801112384288,0.3890271149075484,-8.78423947066812,-1.3573622815103406,-16.300799560546874,389.0,460.0,383.0,469.0,-3.7258099334538834
74.7218673539945,-16.67621399771963,-26.67567613210806,8.565657405188544,1.4290548522941546,-11.532076456169568,-1.3949334267961906,-16.300799560546874,389.0,460.0,383.0,469.0,-3.741069798955241
74.73186735399449,-16.758843656906954,-26.60895080893336,8.608354690626546,0.9600024833988274,-13.332189811711247,-1.4260566615928087,-17.363199462890627,393.0,465.0,384.0,472.0,-3.7573916550722224
74.7418673539945,-16.80983860341672,-26.569301157387,8.624812167789909,1.801266780270372,-12.544726108140546,-1.4337928551476082,-17.363199462890627,393.0,465.0,384.0,472.0,-3.7681181259614283
74.7518673539945,-16.884139362925538,-26.50977810107525,8.64998579718077,1.5353709783439162,-14.06578236183597,-1.4487890596650264,-17.363199462890627,384.0,467.0,386.0,477.0,-3.78399035670597
74.76186735399449,-16.961076212378607,-26.446065230925683,8.672131005782871,1.422061689244456,-13.129338465691797,-1.4617640782832262,-17.363199462890627,384.0,467.0,386.0,477.0,-3.800781085579314
74.77186735399448,-17.010638439907368,-26.404046842866272,8.68706278344055,1.3682505799742342,-9.266607771691636,-1.4623517183257528,-17.363199462890627,382.0,473.0,386.0,480.0,-3.811721295250156
74.78186735399449,-17.083193523169527,-26.341485146614477,8.706776609603146,1.2499670434593977,-7.675029984262811,-1.4607697013824517,-17.363199462890627,382.0,473.0,386.0,480.0,-3.8278184938300903
74.79186735399449,-17.158711459719658,-26.275116040070497,8.723915989718929,1.0121225439086532,-8.637908083779624,-1.4419629484958116,-18.355200195312502,382.0,472.0,386.0,484.0,-3.844467405071424
74.80186735399448,-17.207465331972497,-26.231294793026176,8.735139435634604,1.4539424506176384,-10.837785378622415,-1.4245284479983695,-18.355200195312502,382.0,472.0,386.0,484.0,-3.8551867540618145
74.81186735399447,-17.278233615946668,-26.166011650972383,8.75021253660773,0.965322655724286,-13.255355067483228,-1.421404246938828,-18.355200195312502,385.0,473.0,387.0,484.0,-3.870815673933597
74.82186735399448,-17.351053123901597,-26.096295793209134,8.763731562315995,1.292477448024494,-15.211068336517302,-1.4331052900575367,-18.355200195312502,385.0,473.0,387.0,484.0,-3.8871658047532236
74.83186735399448,-17.397845506409883,-26.049930858389573,8.773365720477338,0.9105523033599464,-15.98857931842214,-1.449961521484496,-19.283199462890625,387.0,472.0,387.0,483.0,-3.897998961651664
74.84186735399447,-17.48028940453466,-25.98307298235961,8.779629475849628,-0.1913464287040978,-14.636587676152192,-1.483460717378816,-19.283199462890625,387.0,472.0,387.0,483.0,-3.908062391595623
74.85186735399446,-17.550269337027835,-25.91001402213621,8.789294260021434,0.2545064086028032,-12.962274274257387,-1.501321786523906,-19.283199462890625,390.0,479.0,392.0,485.0,-3.9253405064478857
74.86186735399447,-17.595396040162885,-25.86159841427972,8.797318542817154,0.4913502682920261,-11.397770635519228,-1.5178186386725712,-19.283199462890625,390.0,479.0,392.0,485.0,-3.936744713415303
74.87186735399447,-17.660470375803204,-25.790164354701705,8.802740061684714,0.1046445213448857,-9.921528694605906,-1.5050454881069604,-19.283199462890625,393.0,477.0,393.0,486.0,-3.9533093101374384
74.88186735399447,-17.72770735659844,-25.714194169029533,8.809190424953863,0.4059717237600237,-12.856055750045751,-1.4830853671263176,-19.283199462890625,393.0,477.0,393.0,486.0,-3.9704771906055223
74.89186735399446,-17.770800432781563,-25.66407071868784,8.814508209502444,0.0460623212661869,-13.49935961570788,-1.4959154083327744,-19.619200439453124,396.0,481.0,391.0,483.0,-3.9816769912260948
74.90186735399446,-17.832959998899796,-25.589275720192266,8.831655671828177,1.2356647628874762,-17.35777495403059,-1.5281442868875248,-19.619200439453124,396.0,481.0,391.0,483.0,-3.998378468556315
74.91186735399447,-17.896403151213793,-25.509817633942344,8.848258698610431,1.2146719345809789,-15.411879210598707,-1.5618573864243035,-19.619200439453124,402.0,483.0,393.0,486.0,-4.016202175422178
74.92186735399446,-17.937237814170878,-25.45712843436598,8.865338425643158,1.7170690983667112,-12.169120712434404,-1.5752385032940186,-19.619200439453124,402.0,483.0,393.0,486.0,-4.028011068380717
74.93186735399445,-17.99587801046309,-25.379567645908217,8.88056799996719,1.3688705839722115,-10.445523792943344,-1.595043965376182,-19.753599853515624,403.0,485.0,395.0,493.0,-4.0454513536440855
74.94186735399445,-18.056747444035786,-25.277280945602406,8.880593331487374,0.877740384032587,-9.532352401711922,-1.5903731536939567,-19.753599853515624,403.0,485.0,395.0,493.0,-4.06763979395965
74.95186735399446,-18.098078395414333,-25.218937235802542,8.89084676553535,0.6909826851903211,-8.641860891676862,-1.5902457323377612,-19.753599853515624,409.0,487.0,395.0,500.0,-4.080410977216701
74.96186735399445,-18.159316408331254,-25.13078476781642,8.906859481724627,1.091136473478271,-8.706459238444731,-1.5795529155753187,-19.753599853515624,409.0,487.0,395.0,500.0,-4.099454547679179
74.97186735399444,-18.201616719209028,-25.06863810127683,8.916979347680071,0.8521863327165975,-8.811510582046091,-1.5668719367301274,-19.753599853515624,416.0,487.0,392.0,500.0,-4.112692637801867
74.98186735399445,-18.25880023414283,-24.982615862429785,8.933449664923879,1.650329651288033,-11.572143177589018,-1.562525693657642,-19.753599853515624,416.0,487.0,392.0,500.0,-4.130821901882744
74.99186735399445,-18.299869407890384,-24.918820978092757,8.950143971963135,2.205174090411371,-13.926978595601486,-1.535539498813234,-19.686400146484374,423.0,491.0,390.0,498.0,-4.1439133362351
75.00186735399444,-18.35416722981417,-24.8310359310404,8.96941765493712,1.5082552780297296,-16.723343942083822,-1.5016117825490083,-19.686400146484374,423.0,491.0,390.0,498.0,-4.161333559752854
75.01186735399443,-18.392670355061217,-24.765663910118946,8.97616278745297,0.71855163835616,-19.277960535977236,-1.4784995893773203,-19.686400146484374,404.0,489.0,391.0,495.0,-4.173867680743568
75.02186735399444,-18.44329698578002,-24.67538473696656,8.983447577627084,0.3499533883182391,-17.98610035000247,-1.4468373506140049,-19.686400146484374,404.0,489.0,391.0,495.0,-4.1906143133567415
75.03186735399444,-18.49223648863363,-24.628225897932797,8.87583413280154,0.2442751440368581,-15.115055164208783,-1.4181221744986547,-19.535999755859375,395.0,488.0,396.0,488.0,-4.193521791987006
75.04186735399443,-18.54034400805826,-24.538173590328945,8.880295233242153,-0.9995381398654928,-12.158053054571845,-1.3862309717837569,-19.535999755859375,395.0,488.0,396.0,488.0,-4.209617332667409
75.05186735399442,-18.57510911359944,-24.471151940671632,8.876594466265352,-0.2945031430022694,-10.622014511570203,-1.36999965328112,-19.535999755859375,395.0,485.0,397.0,487.0,-4.221302252278635
75.06186735399443,-18.62084731549476,-24.37994583337853,8.88401956187129,1.5970520302681892,-13.224591850787158,-1.3222697431676167,-19.535999755859375,395.0,485.0,397.0,487.0,-4.236707975284602
75.07186735399443,-18.653413065939564,-24.31202816943491,8.888733831811457,-0.0848622851091043,-17.66457052639041,-1.2939624932375198,-19.535999755859375,397.0,486.0,393.0,487.0,-4.247748379015478
75.08186735399443,-18.696101428730728,-24.21877167193581,8.89080398419825,0.3830338455400955,-14.437832641160682,-1.2498845124317148,-19.535999755859375,397.0,486.0,393.0,487.0,-4.262318834221444
75.09186735399442,-18.72641667329817,-24.14968020366756,8.894338377152929,0.0376347996134141,-14.033550718939066,-1.2279455965054376,-19.081600341796875,397.0,479.0,388.0,485.0,-4.272766855194986
75.10186735399442,-18.766455085110017,-24.05486308245912,8.907857520418098,1.4249433315226625,-13.760590393876734,-1.2104015941324993,-19.081600341796875,397.0,479.0,388.0,485.0,-4.286727970339976
75.11186735399443,-18.79493596979381,-23.984675890228896,8.92181358343903,1.210258849233923,-10.971919925730512,-1.2121188745210074,-19.081600341796875,401.0,482.0,395.0,484.0,-4.296998016877813
75.12186735399442,-18.83256412309503,-23.88896345286313,8.942951866693281,1.7300521697299738,-10.353230161694247,-1.2201188763130624,-19.081600341796875,401.0,482.0,395.0,484.0,-4.310969018347937
75.13186735399441,-18.848447728432248,-23.80476256612125,8.906846963212354,0.9631096659428487,-9.558571227148668,-1.2457290899599194,-18.60800048828125,401.0,481.0,404.0,486.0,-4.317939261933555
75.14186735399441,-18.88366688178518,-23.70824144137073,8.937415051226406,2.490556533386324,-9.393156871906593,-1.2930247244033564,-18.60800048828125,401.0,481.0,404.0,486.0,-4.332606988342083
75.15186735399442,-18.909224210543144,-23.6364676300873,8.953966675988223,1.394065606443117,-6.030838831790662,-1.3125082112852955,-18.60800048828125,402.0,481.0,408.0,483.0,-4.343730967051053
75.16186735399441,-18.94325350181145,-23.538847746400396,8.970387970758297,0.5464517653586844,-5.294263512995221,-1.322508382117343,-18.60800048828125,402.0,481.0,408.0,483.0,-4.358933597110671
75.1718673539944,-18.967834264820286,-23.46678828151825,8.982647646510756,1.8438808198575536,-8.000161177681747,-1.3279304616870262,-18.60800048828125,406.0,484.0,408.0,492.0,-4.370143920223034
75.1818673539944,-19.000072915056208,-23.368211425395437,9.003342348804312,2.057198480667752,-11.587766832200664,-1.3335716015540493,-18.60800048828125,406.0,484.0,408.0,492.0,-4.385506553814501
75.19186735399441,-19.02278293906254,-23.29510205666263,9.019791231647952,1.4806768043638403,-14.9235941712999,-1.308673604786773,-17.8847998046875,410.0,486.0,405.0,493.0,-4.396699846483868
75.2018673539944,-19.05190415018344,-23.195152577192268,9.034073956992207,0.4844453297585562,-15.22452375729965,-1.2425738647733282,-17.8847998046875,410.0,486.0,405.0,493.0,-4.411249793228872
75.21186735399439,-19.069806243904495,-23.12997860581537,9.045458873386623,1.696901767806661,-14.153739603871434,-1.195077617706495,-17.8847998046875,406.0,488.0,406.0,493.0,-4.420238957448267
75.2218673539944,-19.094949668922364,-23.03354680842542,9.057941060845986,1.1661153469331444,-12.186374520466876,-1.1337846452075302,-17.8847998046875,406.0,488.0,406.0,493.0,-4.432925777545142
75.2318673539944,-19.119972396256426,-22.93182411435837,9.07696935849175,1.2094890858226284,-10.090567198159732,-1.0718515038407372,-17.0943994140625,411.0,485.0,407.0,488.0,-4.44549761735024
75.2418673539944,-19.10221484788296,-22.848317542135817,9.11369351010756,0.8716334294107009,-8.802532802229315,-1.0413179065652287,-17.0943994140625,411.0,485.0,407.0,488.0,-4.46099129109535
75.25186735399438,-19.12288803292613,-22.74997775299609,9.132880249898356,1.1949480304266191,-6.196637186057044,-1.0331291568161225,-17.0943994140625,418.0,481.0,410.0,479.0,-4.4723295959199625
75.26186735399439,-19.14393794085877,-22.646410558094527,9.159194547943756,1.9954364493336811,-6.083537281935503,-1.028677198553883,-17.0943994140625,418.0,481.0,410.0,479.0,-4.484174282697321
75.2718673539944,-19.157121821626003,-22.579182258115583,9.176457160421018,2.252138303568825,-7.056226540151893,-1.0375427878876882,-17.0943994140625,425.0,481.0,412.0,479.0,-4.491871521485663
75.28186735399439,-19.17575968955316,-22.479597128593586,9.213798190463368,3.1580286333760768,-11.14422165364146,-1.0422465409077528,-17.0943994140625,425.0,481.0,412.0,479.0,-4.503329462015077
75.29186735399438,-19.19382160478305,-22.37435258168964,9.250659011439236,2.7950521105440225,-13.422171136422016,-1.0298828187022964,-16.099200439453124,422.0,488.0,415.0,484.0,-4.515283917302517
75.30186735399438,-19.20454515907198,-22.30602043422681,9.26996504257492,2.7872430822203924,-14.298039988873178,-1.025019076769537,-16.099200439453124,422.0,488.0,415.0,484.0,-4.522943898816409
75.31186735399439,-19.21902634708489,-22.20471660112735,9.292795959654947,2.120649269362432,-12.49369127805354,-0.9941312855541558,-16.099200439453124,421.0,487.0,421.0,488.0,-4.534026781686119
75.32186735399438,-19.2328045571821,-22.098272623377635,9.310002830945765,-0.2190249731538545,-9.263880474177054,-0.9218105957025946,-16.099200439453124,421.0,487.0,421.0,488.0,-4.544978012210305
75.33186735399437,-19.24141203192729,-22.029026002114648,9.317953352549775,1.1886652757482254,-1.1756403530520303,-0.8809194971327149,-15.020799560546873,425.0,482.0,426.0,485.0,-4.55164541679207
75.34186735399437,-19.27656921432252,-21.916276599593065,9.333448613791523,1.6291633874210023,-8.295246637455133,-0.8181213972788162,-15.020799560546873,425.0,482.0,426.0,485.0,-4.5571837627673535
75.35186735399438,-19.28925016501837,-21.809145743768152,9.363868242247118,3.4031404496029034,-7.356023421774733,-0.7877837878762589,-15.020799560546873,432.0,481.0,428.0,480.0,-4.566400530169233
75.36186735399437,-19.296928782475725,-21.73933335798638,9.3824214844296,1.688057323747387,-8.10777301167739,-0.7506416649300383,-15.020799560546873,432.0,481.0,428.0,480.0,-4.572073245054666
75.37186735399436,-19.307472249239936,-21.63626194785705,9.415747771908483,2.7648255362991376,-9.225137357704202,-0.7117567237924198,-15.020799560546873,436.0,482.0,432.0,480.0,-4.580053913876471
75.38186735399437,-19.3175329742905,-21.52791587150845,9.454365582142838,3.29143846381983,-5.874452346762896,-0.6890968656780527,-15.020799560546873,436.0,482.0,432.0,480.0,-4.588057712241583
75.39186735399437,-19.32366985674125,-21.45714551660264,9.48328393979922,3.761328085085627,-6.720695543511414,-0.6718986072980997,-13.689599609375003,441.0,487.0,435.0,482.0,-4.593114100727645
75.40186735399436,-19.33204958091638,-21.352716644444467,9.53234831686959,4.111787532722547,-7.133187879512767,-0.6632046566810196,-13.689599609375003,441.0,487.0,435.0,482.0,-4.600438044944695
75.41186735399435,-19.340040294797863,-21.242701995769,9.588034257702905,4.957742360502334,-4.7158391226195855,-0.6555952355064465,-13.689599609375003,445.0,488.0,442.0,482.0,-4.608006765668587
75.42186735399436,-19.34494646345592,-21.17067555885396,9.628841934226244,5.253753172872872,-4.811346776258413,-0.6434304487860236,-13.689599609375003,445.0,488.0,442.0,482.0,-4.612844133849331
75.43186735399436,-19.35185269684769,-21.064285025156696,9.688934431361991,5.359534400951922,-2.210861412429596,-0.6324348880327303,-12.326400146484374,454.0,491.0,445.0,486.0,-4.619852040246445
75.44186735399435,-19.40239118361112,-20.937483463139625,9.79784495699346,4.271952301417734,-3.25730464550755,-0.6205212887900267,-12.326400146484374,454.0,491.0,445.0,486.0,-4.619847087710925
75.45186735399434,-19.407977090702712,-20.864025857412,9.828804239920096,3.8735923941104766,-4.32459352012303,-0.6012913364254107,-12.326400146484374,461.0,491.0,452.0,491.0,-4.624382229528441
75.46186735399435,-19.415579786759928,-20.756406658256832,9.877272418358915,4.3693806685996766,-5.870433179879873,-0.5753752648261037,-12.326400146484374,461.0,491.0,452.0,491.0,-4.630780791202711
75.47186735399436,-19.422793223585945,-20.641723565615365,9.92763101741106,4.36604790445605,-7.1773453624009775,-0.5386088539947064,-12.326400146484374,463.0,497.0,468.0,494.0,-4.637167816933083
75.48186735399435,-19.426915729672995,-20.567882114210672,9.96208593864561,4.63668889043277,-6.917146007695194,-0.5058313521733029,-12.326400146484374,463.0,497.0,468.0,494.0,-4.64100193245128
75.49186735399434,-19.432344948374872,-20.457876107768318,10.021675328768987,5.668237357070874,-6.651567370711426,-0.4675075485723953,-11.200000000000001,463.0,500.0,486.0,497.0,-4.6463134439233436
75.50186735399434,-19.43721214085536,-20.34150826226593,10.08823392866157,5.629092136970484,-5.358183430800687,-0.4439727736996419,-11.200000000000001,463.0,500.0,486.0,497.0,-4.651524897091129
75.51186735399435,-19.43999194905905,-20.266076526094228,10.132545830125968,6.1370367383277005,-5.091106251357651,-0.4402969544818854,-11.200000000000001,478.0,501.0,484.0,499.0,-4.654796102681613
75.52186735399434,-19.44367383547931,-20.154125495388133,10.198668463713007,6.270805166901165,-4.123305895118397,-0.4499969979289331,-11.200000000000001,478.0,501.0,484.0,499.0,-4.659718952917069
75.53186735399433,-19.447068652494856,-20.03598009634194,10.268831241359203,6.181883878672056,-3.48595728689078,-0.4736195476015885,-10.054400024414063,478.0,507.0,478.0,500.0,-4.665115419739091
75.54186735399433,-19.45091003032621,-19.955091298081637,10.316865952484282,5.638924637983253,-3.18121546074102,-0.4910056498757799,-10.054400024414063,478.0,507.0,478.0,500.0,-4.670211493442454
75.55186735399434,-19.453455064925475,-19.84113207060856,10.379549915981626,5.943337292513796,-4.328319772359009,-0.508070656510892,-10.054400024414063,485.0,515.0,479.0,504.0,-4.675711437139617
75.56186735399433,-19.455495186979405,-19.720908399919853,10.449532292930328,6.0590079560764645,-6.131634457739325,-0.529121769126339,-10.054400024414063,485.0,515.0,479.0,504.0,-4.681745521218728
75.57186735399432,-19.456379392743475,-19.64191822329017,10.489596090979417,5.14664977203242,-6.410334785668831,-0.5389650226739939,-10.054400024414063,493.0,519.0,482.0,514.0,-4.68577265154794
75.58186735399433,-19.45709080243492,-19.52644715144377,10.547378250407537,5.418465735028117,-6.167954756064491,-0.5531056029292533,-10.054400024414063,493.0,519.0,482.0,514.0,-4.691735727428403
75.59186735399433,-19.457126451613178,-19.40391207324707,10.612920304365446,5.829151848932477,-4.946235086479852,-0.5706024690654398,-9.161599731445312,494.0,528.0,486.0,520.0,-4.6982165005755965
75.60186735399432,-19.456803369319744,-19.324572814379923,10.652935064919932,5.141092944081207,-4.824005641205625,-0.574482156900509,-9.161599731445312,494.0,528.0,486.0,520.0,-4.702477344703285
75.61186735399431,-19.45586765713486,-19.20684757146301,10.712151404965264,5.187061016732244,-4.568035536446702,-0.5844075264294053,-9.161599731445312,498.0,532.0,490.0,524.0,-4.708893524096104
75.62186735399432,-19.45435029381557,-19.08241172889611,10.767747427113065,4.866753160524194,-3.6439363889466136,-0.6051195364879094,-9.161599731445312,498.0,532.0,490.0,524.0,-4.715836623740236
75.63186735399432,-19.45312830839342,-19.001636003053648,10.804567420510176,4.907048545739142,-3.912951991231508,-0.5988924824174646,-8.335999755859374,509.0,532.0,495.0,530.0,-4.720312999024237
75.64186735399431,-19.275808148082884,-18.945269010467506,10.597990928760323,4.937223803954075,-5.101867130328592,-0.5940977929543271,-8.335999755859374,509.0,532.0,495.0,530.0,-4.740637818474688
75.6518673539943,-19.26547747524773,-18.82234589482549,10.66305068174305,5.265727200492795,-6.569680731833497,-0.5699425307624028,-8.335999755859374,527.0,545.0,499.0,534.0,-4.747330464119283
75.66186735399431,-19.258343754414444,-18.742955097384836,10.70546771527886,5.310636996822544,-6.6366652257407015,-0.5543278452149019,-8.335999755859374,527.0,545.0,499.0,534.0,-4.751478395089622
75.67186735399432,-19.24700638755893,-18.625012998814185,10.766651863533202,4.8407299212198245,-7.905650879536376,-0.5536599131570079,-8.335999755859374,524.0,545.0,503.0,543.0,-4.757524536527304
75.6818673539943,-19.234047103889417,-18.50054681448144,10.827594611990165,4.739776309878102,-7.183597363451059,-0.5616254404346492,-8.335999755859374,524.0,545.0,503.0,543.0,-4.7639587230352785
75.6918673539943,-19.22521862698573,-18.41988893273173,10.865735050460144,4.639699629957268,-5.846672697164045,-0.5739792705221789,-7.846400146484375,518.0,547.0,508.0,549.0,-4.76820534269817
75.7018673539943,-19.211627303497604,-18.300052447418203,10.917677245917083,3.963795751247765,-4.288153796899736,-0.5705010188904378,-7.846400146484375,518.0,547.0,508.0,549.0,-4.774475212497043
75.71186735399431,-19.19686574095513,-18.17498159208831,10.970814733401554,4.233032414687745,-5.310233458233862,-0.5629293730432364,-7.846400146484375,523.0,551.0,515.0,550.0,-4.780937625055073
75.7218673539943,-19.186766644631707,-18.092637058820305,11.004611861577926,3.948213041405339,-5.778503494815782,-0.5596530270739826,-7.846400146484375,526.0,556.0,519.0,554.0,-4.785168081892214
75.73186735399429,-19.274404805349352,-17.96191312944026,10.96496851429167,4.506205799301965,-7.347179328941859,-0.5518696135243825,-7.846400146484375,526.0,556.0,519.0,554.0,-4.77664939859684
75.7418673539943,-19.262142322240155,-17.835415490770014,11.024443217417666,5.105942064792197,-8.493620019496687,-0.5338435683247663,-7.443200073242188,530.0,561.0,523.0,556.0,-4.782882585624886
75.7518673539943,-19.25363778175527,-17.753233313159544,11.059439085438916,4.464461205158329,-7.273861211722685,-0.5211575372891516,-7.443200073242188,530.0,561.0,523.0,556.0,-4.786804186572846
75.76186735399429,-19.24031674686243,-17.631295097281875,11.11528017244382,5.08865271018317,-6.63961334905968,-0.5068929589042769,-7.443200073242188,535.0,563.0,528.0,558.0,-4.792432847879403
75.77186735399428,-19.22567104610369,-17.50343640550006,11.17313863382199,5.003438709985002,-4.410785500079894,-0.4933792130179841,-7.443200073242188,535.0,563.0,528.0,558.0,-4.798145516523902
75.78186735399429,-19.2158529886639,-17.420019603656907,11.2125962139146,5.057614482229994,-3.891400415449447,-0.4980690393286526,-7.443200073242188,535.0,563.0,528.0,558.0,-4.801858672464908
75.79186735399429,-19.201103831185375,-17.297126655107842,11.265827630101985,4.783195422973845,-3.220400834732257,-0.5074747194021756,-7.123200073242189,543.0,567.0,532.0,565.0,-4.807398468626877
75.80186735399428,-19.185122310923145,-17.167543628905175,11.322249725867318,4.759968286820746,-3.1147734630418915,-0.5158935906607958,-7.123200073242189,552.0,571.0,536.0,570.0,-4.813289535456623
75.81186735399427,-19.174464748065983,-17.083364681692675,11.357836423576089,4.677599886859079,-4.725047786788232,-0.5150297482764932,-7.123200073242189,552.0,571.0,536.0,570.0,-4.817143034267318
75.82186735399428,-19.158063666311502,-16.95895622709763,11.41190103765408,4.946691553401191,-7.153445123351549,-0.5205747825767362,-7.123200073242189,550.0,577.0,542.0,574.0,-4.822820904254227
75.83186735399428,-19.213654468909784,-16.83053136145455,11.40615584152821,4.061649986266292,-8.304658216880961,-0.5241843636393424,-7.123200073242189,550.0,577.0,542.0,574.0,-4.828693878312686
75.84186735399427,-19.202903361034533,-16.745731177519154,11.442516167034826,4.929320457857845,-6.648025023615997,-0.525221309498897,-6.969600219726563,552.0,582.0,545.0,577.0,-4.832600241884167
75.85186735399427,-19.18638403602996,-16.6207469923036,11.495693006125537,4.841111240318622,-6.7924604078788,-0.5412174475606468,-6.969600219726563,552.0,582.0,545.0,577.0,-4.838488413291956
75.86186735399427,-19.16804207519888,-16.488972582565083,11.548749325019154,4.466086595261223,-8.518002131734557,-0.5577887970272751,-6.969600219726563,558.0,587.0,548.0,580.0,-4.844833533770458
75.87186735399428,-19.15561654413846,-16.403005535467273,11.58434543898659,4.103660300279526,-4.953493308820241,-0.5484265295903865,-6.969600219726563,558.0,587.0,548.0,580.0,-4.848970793851521
75.88186735399427,-19.13675811966291,-16.276448468824356,11.628889553707063,3.5494892688047464,-5.011601285750747,-0.5439147057124243,-6.886400146484375,561.0,591.0,553.0,587.0,-4.854995466233218
75.89186735399426,-19.1164030162924,-16.14357690869057,11.673025445425314,4.083381598466561,-4.53792758413238,-0.5381252429353427,-6.886400146484375,561.0,591.0,553.0,587.0,-4.861201940638754
75.90186735399426,-19.1028093742121,-16.057041075711346,11.70054357234268,3.5505654695491424,-5.062299992929956,-0.544709085087662,-6.886400146484375,567.0,592.0,556.0,593.0,-4.865251189561169
75.91186735399427,-19.0822690615946,-15.929824400963057,11.73802679807193,3.706162590637364,-5.596451316296134,-0.5440472115507465,-6.886400146484375,567.0,592.0,556.0,593.0,-4.871171686250949
75.92186735399426,-19.059952102638483,-15.79615797655245,11.779109989118911,3.367698918282602,-5.719005779902066,-0.5302628902817803,-6.854400024414063,572.0,598.0,561.0,596.0,-4.877318986259145
75.93186735399425,-19.04489301568096,-15.708993291868929,11.801927344785176,2.9988039247134304,-8.152425998282542,-0.5132523515760213,-6.854400024414063,572.0,598.0,561.0,596.0,-4.881184283135772
75.94186735399425,-19.044455749774805,-15.552316991384965,11.855541238183385,3.5134013094739656,-6.6050597780178135,-0.5064076742499672,-6.854400024414063,570.0,600.0,563.0,600.0,-4.893168804372338
75.95186735399426,-19.019957597484986,-15.4179281490575,11.889338768877575,2.864867394851847,-4.858080819304471,-0.5064652409019065,-6.854400024414063,570.0,600.0,563.0,600.0,-4.898974284940831
75.96186735399425,-19.00365000106854,-15.330145131474328,11.909812624241171,2.716760790298649,-4.325198362200169,-0.5076356006194856,-6.854400024414063,575.0,601.0,567.0,601.0,-4.90275678172941
75.97186735399424,-18.97903495152322,-15.201079411618986,11.94500893490352,3.2785953337013,-7.205511583438182,-0.5230990741568184,-6.854400024414063,575.0,601.0,567.0,601.0,-4.908413758270887
75.98186735399425,-18.95206072370231,-15.065550522492815,11.992197582024987,4.259012779799579,-10.57937242581417,-0.5330767171268953,-6.819199829101563,578.0,604.0,570.0,602.0,-4.914531436048811
75.99186735399425,-18.93376567108133,-14.977639109251507,12.017417618467766,3.1617071056072183,-11.38620634121322,-0.5539580995498857,-6.819199829101563,578.0,604.0,570.0,602.0,-4.91864053541428
76.00186735399424,-18.905710000678443,-14.847885671652609,12.06196901928185,3.814050314110794,-8.679603745432813,-0.5709940720976211,-6.819199829101563,578.0,609.0,572.0,608.0,-4.924874063134708
76.01186735399423,-18.87538009654005,-14.71211397148661,12.101663543492975,3.74184283793318,-6.220926980369427,-0.6183715923112492,-6.819199829101563,578.0,609.0,572.0,608.0,-4.931752559401252
76.02186735399424,-18.85523403334183,-14.6236707801945,12.131079286733591,3.653077719335643,-5.067015793954163,-0.6231080720689052,-6.819199829101563,584.0,614.0,575.0,612.0,-4.9364147001911585
76.03186735399424,-18.825234816213214,-14.493973623911414,12.165087043408729,3.003542462874094,-4.332436431862681,-0.6438099822126814,-6.819199829101563,584.0,614.0,575.0,612.0,-4.943376188308114
76.04186735399423,-18.78593137229158,-14.350351955054112,12.121724309379076,3.882302293202154,-8.06142094961746,-0.6573449031468206,-6.767999877929689,587.0,620.0,576.0,616.0,-4.958675937510357
76.05186735399423,-18.76362532240185,-14.261827624775314,12.14506878905939,3.0550484675364675,-6.948846397637161,-0.6681437771141759,-6.767999877929689,587.0,620.0,576.0,616.0,-4.963671757192039
76.06186735399423,-18.7304506080918,-14.132762718175655,12.179350453006156,3.1441433898541296,-5.651459444463319,-0.6613158940683133,-6.767999877929689,587.0,625.0,578.0,617.0,-4.970911559057313
76.07186735399424,-18.694698321445177,-13.99669769133412,12.213466415530554,2.9842927787100813,-5.52502874957099,-0.6460413660013982,-6.767999877929689,587.0,625.0,578.0,617.0,-4.978415881082723
76.08186735399423,-18.671076605347988,-13.908337178941252,12.23311443695675,2.7538532064762262,-5.211089305027476,-0.6457891707383353,-6.72,592.0,625.0,581.0,622.0,-4.983246361612321
76.09186735399422,-18.63562949355994,-13.778118492382696,12.262126508599565,2.792993224389759,-6.278309605025002,-0.6362419046287194,-6.72,592.0,625.0,581.0,622.0,-4.990245748850052
76.10186735399422,-18.597429137984268,-13.641733236032447,12.288555166075565,2.023103651703713,-8.772709864875987,-0.6308251423439557,-6.72,593.0,627.0,583.0,625.0,-4.997516326132591
76.11186735399423,-18.572030694395217,-13.55338489546284,12.303925399179576,2.105651293581181,-8.780387851207104,-0.6244149517799168,-6.72,593.0,627.0,583.0,625.0,-5.00219517453904
76.12186735399422,-18.533711232666604,-13.42347008502508,12.32538601462157,1.6949939480566172,-8.792827391878076,-0.6028560887299236,-6.668800048828125,593.0,628.0,584.0,626.0,-5.008931004580411
76.13186735399421,-18.492237551384964,-13.287042814520609,12.345089941091024,1.966208158296044,-9.316252527735248,-0.5758601521383093,-6.668800048828125,593.0,628.0,584.0,626.0,-5.015717678105421
76.14186735399421,-18.478087180436923,-13.20940124862208,12.307400815843147,2.2979916707366064,-10.343193107090215,-0.5749490759503507,-6.668800048828125,594.0,629.0,589.0,627.0,-5.015849837661579
76.15186735399422,-18.437128559107915,-13.079308113163568,12.330579924641665,2.2019623163012016,-8.465400287211995,-0.5664289997248908,-6.668800048828125,594.0,629.0,589.0,627.0,-5.02214907320384
76.16186735399421,-18.39346052845795,-12.943945786408657,12.358535891277784,2.114385219692801,-6.499288121976465,-0.5631791463593825,-6.668800048828125,594.0,629.0,591.0,626.0,-5.028660656942577
76.1718673539942,-18.364813665853685,-12.856659052271016,12.373788705657152,2.083664820365948,-6.128495930015915,-0.5646145457431685,-6.668800048828125,594.0,629.0,591.0,626.0,-5.032834616412501
76.1818673539942,-18.321644172733983,-12.727015059247275,12.401029735267498,2.5703308176755675,-5.583525692021951,-0.5724936427733573,-6.752000122070313,597.0,629.0,592.0,630.0,-5.039118010575043
76.19186735399421,-18.275521801527727,-12.59114184207135,12.429661633320189,2.412656502695077,-6.914146797878426,-0.5781130759558288,-6.752000122070313,597.0,629.0,592.0,630.0,-5.045766047127273
76.2018673539942,-18.24526120025925,-12.503612121439057,12.44565602484526,2.11723190393018,-7.880690014904151,-0.5917609054882523,-6.752000122070313,599.0,635.0,594.0,633.0,-5.050142672455632
76.2118673539942,-18.19970152433396,-12.374354203601277,12.474934186264102,2.716866301617081,-8.58001157898982,-0.6085955233347704,-6.752000122070313,599.0,635.0,594.0,633.0,-5.056764643683005
76.2218673539942,-18.150726432676457,-12.238903747875751,12.495346390894982,1.452841724785736,-9.746885771646433,-0.6191455482664203,-6.752000122070313,601.0,636.0,595.0,635.0,-5.063831030144884
76.2318673539942,-18.11833666012461,-12.151282548095764,12.51109365068315,2.252103416417848,-9.326544014775562,-0.6278102562610766,-6.752000122070313,601.0,636.0,595.0,635.0,-5.068512873188363
76.2418673539942,-18.06965289674158,-12.02222212332912,12.536849419069643,1.9676315626294003,-9.295105070106263,-0.6371038274960915,-6.752000122070313,601.0,640.0,598.0,636.0,-5.075450474170639
76.25186735399419,-18.010498170673145,-11.859561554665266,12.59506649649592,1.9795452923188672,-7.705703744695688,-0.6438462442171315,-6.752000122070313,601.0,640.0,598.0,636.0,-5.085171236689046
76.26186735399419,-17.975721659882026,-11.771220895397969,12.60625065321955,1.3001946747045947,-6.562978914196121,-0.6390353259101453,-6.752000122070313,601.0,640.0,598.0,638.0,-5.089995154592186
76.2718673539942,-17.924608950329272,-11.642888116053712,12.615501894883533,0.8607443346221362,-5.455006629486344,-0.6295394899279473,-6.752000122070313,601.0,640.0,598.0,638.0,-5.096927598827929
76.28186735399419,-17.870010810765226,-11.507626001269491,12.625146482565832,0.2779467906520048,-5.104129457941854,-0.6139195581795318,-6.767999877929689,603.0,638.0,596.0,642.0,-5.104085846519214
76.29186735399418,-17.834448709989555,-11.420637092655216,12.624076473672776,-0.1251673373436694,-5.998689022608016,-0.6123803666414886,-6.767999877929689,603.0,638.0,596.0,642.0,-5.1086377559667415
76.30186735399418,-17.78124074178604,-11.292182904181516,12.622828099927052,-0.0312765121710916,-6.819770518951318,-0.5902801677266751,-6.767999877929689,601.0,638.0,595.0,640.0,-5.11518712374931
76.31186735399419,-17.72470330405552,-11.158356111971177,12.617313120773929,-0.2609997033582044,-8.549715921235128,-0.5703159034937328,-6.767999877929689,601.0,638.0,595.0,640.0,-5.121833479007611
76.32186735399418,-17.68743182171955,-11.07175036375513,12.614523534203288,-0.4032749741078865,-8.879697692428932,-0.5643480787532881,-6.767999877929689,601.0,639.0,596.0,638.0,-5.126072317614604
76.33186735399417,-17.63172205481637,-10.944615026873857,12.611539144520911,-0.2860776191279583,-9.30830391676866,-0.566980380383152,-6.767999877929689,601.0,639.0,596.0,638.0,-5.132306566320742
76.34186735399418,-17.543748725550177,-10.797615246598394,12.591762266774536,-0.3104205937564827,-9.1329400886707,-0.5713751406042017,-6.752000122070313,600.0,637.0,597.0,634.0,-5.139883828803365
76.35186735399418,-17.504170233914873,-10.712120678712871,12.590461302687563,-0.1395229056228172,-10.34843720765513,-0.5692807157593276,-6.752000122070313,600.0,637.0,597.0,634.0,-5.144148832139001
76.36186735399417,-17.444993026350208,-10.586893633370211,12.590024853676516,0.3908391376304053,-10.33616180561728,-0.5884544923840831,-6.752000122070313,600.0,636.0,597.0,634.0,-5.150562107382614
76.37186735399416,-17.381718560186172,-10.45618795729126,12.601592866197745,1.3374006071924105,-10.144557402362205,-0.617327717538286,-6.752000122070313,600.0,636.0,597.0,634.0,-5.157570927900569
76.38186735399417,-17.34007488471869,-10.371685835146732,12.60618053536125,0.4388749499574192,-9.19993785914621,-0.6252400313384416,-6.735999755859375,600.0,636.0,598.0,639.0,-5.162224368241074
76.39186735399417,-17.278045977031624,-10.247538415957584,12.615230014909343,0.8087176060026025,-7.056495614832073,-0.6465052725148694,-6.735999755859375,600.0,636.0,598.0,639.0,-5.169283520287765
76.40186735399416,-17.212297723538725,-10.117694347874538,12.624479890784691,0.3607607852192727,-5.587399857597624,-0.6685222882676535,-6.735999755859375,599.0,639.0,597.0,640.0,-5.176914389260011
76.41186735399415,-17.169070934860738,-10.033147515533884,12.6267054019308,0.2721527990856097,-5.217593047901225,-0.6691963151737241,-6.735999755859375,599.0,639.0,597.0,640.0,-5.181935343479413
76.42186735399416,-17.1052515574245,-9.909835197798303,12.627727910196867,0.1488996511796069,-7.7034825693135955,-0.680865857037371,-6.735999755859375,597.0,639.0,593.0,641.0,-5.1893649604920435
76.43186735399416,-17.037587334706092,-9.781191311055416,12.63555136991691,0.6576771167210752,-6.3267412119757935,-0.6942160985869469,-6.735999755859375,597.0,639.0,593.0,641.0,-5.197314450238247
76.44186735399416,-16.963237747164886,-9.674497008258513,12.756080132141795,0.5997878885576902,-6.970368262597298,-0.694850432789163,-6.767999877929689,597.0,641.0,596.0,639.0,-5.20652719004605
76.45186735399415,-16.895958368577208,-9.551420358202533,12.756258577661502,-0.0180883942328785,-7.259635232960123,-0.6857974288830806,-6.767999877929689,597.0,641.0,596.0,639.0,-5.214121396916751
76.46186735399415,-16.824597526708775,-9.42275300023348,12.760088672820364,-0.1511506494870164,-6.9563688980422125,-0.6854959010251203,-6.767999877929689,597.0,641.0,591.0,642.0,-5.22201112475279
76.47186735399416,-16.777957868691686,-9.339671868501815,12.759741852966762,-0.2660783561280366,-7.704142863724647,-0.6769728307076482,-6.767999877929689,597.0,641.0,591.0,642.0,-5.227077934528336
76.48186735399415,-16.708378080031558,-9.217667743930477,12.760399666645029,-0.0006052588310516,-10.170532394969149,-0.6729712000531343,-6.767999877929689,598.0,638.0,591.0,643.0,-5.2345458583224165
76.49186735399414,-16.634281451704187,-9.090828257220007,12.759749924109244,0.2481307528499644,-13.402029950797488,-0.662723896321525,-6.767999877929689,598.0,638.0,591.0,643.0,-5.242238653742864
76.50186735399414,-16.58537073508187,-9.008796729558629,12.760533562585998,0.1029339922511136,-11.370646523266252,-0.6626105110096101,-6.767999877929689,599.0,641.0,595.0,641.0,-5.247218883084962
76.51186735399415,-16.512574873733286,-8.888766094792693,12.764729840089313,0.2719414184980996,-9.989472599465977,-0.6608828782076701,-6.767999877929689,599.0,641.0,595.0,641.0,-5.254460211365143
76.52186735399414,-16.459007687548652,-8.801869564662784,12.767517176603882,0.567603373213529,-8.044581972534003,-0.6643501936959546,-6.767999877929689,598.0,639.0,596.0,639.0,-5.259711933518132
76.53186735399413,-16.384903467502077,-8.683169044884895,12.77458983695676,0.4387940468624605,-7.145000103841151,-0.6688411797362127,-6.767999877929689,598.0,639.0,596.0,639.0,-5.267010634195248
76.54186735399414,-16.309432022573056,-8.563868714351898,12.774042375448454,-0.5564762018188864,-6.629532865638913,-0.6660181155888256,-6.819199829101563,595.0,639.0,596.0,637.0,-5.274398887831319
76.55186735399414,-16.23050235757464,-8.411024483108225,12.774085141889303,-0.3554753336980384,-6.2765401788769735,-0.6368470719123888,-6.819199829101563,595.0,639.0,596.0,637.0,-5.276443082498943
76.56186735399413,-16.17950414576633,-8.330938960370077,12.774279159612725,-0.0200278024058679,-3.982311065704596,-0.6301365482379069,-6.819199829101563,596.0,639.0,592.0,640.0,-5.281148720303596
76.57186735399412,-16.103171058558665,-8.212126740612502,12.77628178680561,0.6332387233450277,-8.115090695407646,-0.6413483643318296,-6.819199829101563,596.0,639.0,592.0,640.0,-5.288177798150284
76.58186735399413,-16.022713359706824,-8.089544696634908,12.781350263976814,1.0858379001578229,-12.155900933024489,-0.676359381135783,-6.870399780273437,596.0,638.0,592.0,641.0,-5.2958256217701525
76.59186735399413,-15.969087772818186,-8.009624938058765,12.790009119722397,0.5537024053546823,-15.267812399210966,-0.6996545489574125,-6.870399780273437,596.0,638.0,592.0,641.0,-5.301038138096171
76.60186735399412,-15.889743359756572,-7.893973654328276,12.805930224503662,1.767477593408478,-14.01885542346616,-0.7180978225387482,-6.870399780273437,598.0,639.0,599.0,644.0,-5.308865994461309
76.61186735399411,-15.804637624575095,-7.77270517376184,12.81895284412758,0.6712696761995643,-9.581825115253997,-0.7382113671206826,-6.870399780273437,598.0,639.0,599.0,644.0,-5.317323491619836
76.62186735399412,-15.749360194034551,-7.694897898774063,12.82617130398538,0.9468266316726996,-6.977431421614395,-0.7379831871502566,-6.870399780273437,599.0,642.0,599.0,644.0,-5.322809904783778
76.63186735399412,-15.667142430316469,-7.580347111637663,12.831534516869208,0.2534246311075682,-6.054239224890605,-0.7353869643740651,-6.870399780273437,599.0,642.0,599.0,644.0,-5.330888047382165
76.64186735399412,-15.561340240105856,-7.480175865480052,12.68035449121868,-0.3501796107658884,-6.804667737596508,-0.7084966385587971,-6.886400146484375,597.0,644.0,593.0,645.0,-5.343328184096167
76.6518673539941,-15.50455431534284,-7.404434833639341,12.677059941309375,-0.7609259835232351,-7.407476427460122,-0.6808271275024285,-6.886400146484375,597.0,644.0,593.0,645.0,-5.348464794095091
76.66186735399411,-15.420305307813186,-7.293281979974936,12.666880596716672,-1.6403985631335956,-4.418736882301708,-0.6342004378602756,-6.886400146484375,597.0,641.0,588.0,646.0,-5.355594667142999
76.67186735399412,-15.332083219346751,-7.177293730055586,12.648774350361204,-1.5960672553162365,1.2600823184761374,-0.5763734558472979,-6.886400146484375,597.0,641.0,588.0,646.0,-5.362455189667135
76.68186735399411,-15.27483112553382,-7.10195215199279,12.641528320903308,-0.45757006337812,-0.2052225906378503,-0.5432428642452393,-6.90239990234375,598.0,640.0,582.0,651.0,-5.366600430104567
76.6918673539941,-15.190116166427613,-6.991774728813132,12.646057460918929,-0.3110756916396073,-10.594979667163525,-0.5427181317666945,-6.90239990234375,598.0,640.0,582.0,651.0,-5.37251788548735
76.7018673539941,-15.099417250498632,-6.87723342385722,12.629540025635388,-1.3909683401913202,-17.94935386455552,-0.5615685311869014,-6.90239990234375,599.0,633.0,586.0,639.0,-5.379000450850753
76.71186735399411,-15.040154706263245,-6.804144439404196,12.634965568587146,1.214688790025924,-11.32398483764649,-0.5759441014493791,-6.90239990234375,599.0,633.0,586.0,639.0,-5.383310968290704
76.7218673539941,-14.951478978774905,-6.697160835275282,12.642563442294987,0.4618058236457209,-15.156892084462289,-0.5680672742075653,-6.90239990234375,598.0,635.0,602.0,635.0,-5.389648745780174
76.73186735399409,-14.857024434843083,-6.58570148544344,12.643226116197516,-0.1086798341023355,-8.876212877056988,-0.5578111485482711,-6.90239990234375,598.0,635.0,602.0,635.0,-5.3961574705794515
76.7418673539941,-14.84477156672852,-6.494366966287707,12.581347412168109,-0.3395995385977488,-8.432030649778136,-0.5504074093279152,-6.78719970703125,600.0,634.0,600.0,635.0,-5.385192411589778
76.7518673539941,-14.756419398554767,-6.387960238413839,12.58648338734288,0.3977883243971125,-6.809036477250711,-0.5427990821693148,-6.78719970703125,600.0,634.0,600.0,635.0,-5.391168298216262
76.76186735399409,-14.663313059140116,-6.276756196404033,12.593498716035464,0.6911819536691647,-3.3154769498626107,-0.5567235938557819,-6.78719970703125,597.0,634.0,597.0,636.0,-5.3974863529479356
76.77186735399408,-14.60269170371402,-6.204627914839162,12.59859889163448,0.4935253125560579,-2.4964740786919064,-0.5606315545056006,-6.78719970703125,597.0,634.0,597.0,636.0,-5.401659202826994
76.78186735399409,-14.51320627087829,-6.0986534119048095,12.611932432661234,1.644273447360461,-2.1114872277441443,-0.5997219233311659,-6.668800048828125,596.0,640.0,595.0,636.0,-5.4080906147266825
76.79186735399409,-14.41878392119252,-5.987798336669186,12.630679312009322,2.7881894443023048,-8.058018620572737,-0.6273202098180731,-6.668800048828125,596.0,640.0,595.0,636.0,-5.415230213285447
76.80186735399408,-14.357017359532632,-5.9161785783928975,12.650875177710695,2.178330861390786,-7.388292723254739,-0.6483772038213014,-6.668800048828125,596.0,652.0,601.0,637.0,-5.420025384222946
76.81186735399407,-14.26573675363744,-5.811204710788882,12.652585940514372,-1.3236512630137691,-5.568528550713672,-0.6523679514796852,-6.668800048828125,596.0,652.0,601.0,637.0,-5.427247083223717
76.82186735399408,-14.169718116416412,-5.701055708942783,12.639778124796136,-0.9613687599418992,-4.783278714936872,-0.6352661235087698,-6.668800048828125,601.0,642.0,594.0,639.0,-5.434747770854499
76.83186735399408,-14.107486004634408,-5.6305278751173,12.632235414550834,-1.1085738982530589,-8.97114759433185,-0.6209704511478469,-6.668800048828125,601.0,642.0,594.0,639.0,-5.439406942698211
76.84186735399408,-14.015009670294257,-5.527151744346343,12.616202446011476,-0.5179902820271286,-9.15869542193717,-0.5940377152173799,-6.617600097656251,597.0,637.0,589.0,640.0,-5.446064351817543
76.85186735399407,-13.892069699649234,-5.436752934209469,12.566523789940048,-0.3534476695796097,-10.07068653023349,-0.5640038500906962,-6.617600097656251,597.0,637.0,589.0,640.0,-5.463863079071889
76.86186735399407,-13.827284550018325,-5.368765058028528,12.56896030050052,0.0839381663036428,-12.919311215329042,-0.5644333474785469,-6.617600097656251,597.0,636.0,591.0,637.0,-5.468066555017342
76.87186735399408,-13.731091413477223,-5.269405015691377,12.57337838929782,0.6042348575740116,-10.059402019905365,-0.5711791979612387,-6.617600097656251,597.0,636.0,591.0,637.0,-5.474327099209146
76.88186735399407,-13.62921435914306,-5.166122441211357,12.578575032041668,0.3927340509524946,-9.145363525741978,-0.5969597452727934,-6.700800170898438,597.0,633.0,595.0,633.0,-5.4811345498095045
76.89186735399406,-13.562756516854792,-5.099614216115709,12.583679566606875,0.4762757880592122,-8.177864152177554,-0.6251853772805936,-6.700800170898438,597.0,633.0,595.0,633.0,-5.485753196947231
76.90186735399406,-13.464235725584942,-5.002122903996428,12.594785937628163,1.4487587748404342,-7.81518169557508,-0.6631745032814763,-6.700800170898438,597.0,636.0,595.0,634.0,-5.492941866643201
76.91186735399407,-13.360032426939403,-4.900477402871853,12.594114221812363,-0.3145520704440725,-9.99431385729852,-0.7057384023758696,-6.700800170898438,597.0,636.0,595.0,634.0,-5.500965428429408
76.92186735399406,-13.292469065691174,-4.835588236987107,12.595769537398189,0.1822783219052953,-10.42205065638131,-0.7062229650304186,-6.700800170898438,593.0,638.0,591.0,637.0,-5.506219935284835
76.93186735399405,-13.191806359054183,-4.740214367107879,12.598595931816384,0.0078843176263149,-8.103737999869827,-0.7045173708261819,-6.700800170898438,593.0,638.0,591.0,637.0,-5.513979457432193
76.94186735399406,-13.085433978834155,-4.640803833830073,12.604207005116727,0.4085073470574255,-6.964278299138395,-0.6926583517372552,-6.78719970703125,594.0,636.0,591.0,640.0,-5.522026031218516
76.95186735399406,-13.004578829473818,-4.558614459578191,12.551107696292132,0.55050866589704,-6.901082384942332,-0.7036760728443138,-6.78719970703125,594.0,636.0,591.0,640.0,-5.5268561302677135
76.96186735399405,-12.90288432258455,-4.4653951024403495,12.55767944024958,0.7107849233338668,-6.407295710504802,-0.7229863831331501,-6.78719970703125,593.0,639.0,590.0,639.0,-5.534744976080417
76.97186735399404,-12.795266152057875,-4.367908226205528,12.566198688958428,0.2905610777100278,-7.47939718864122,-0.7256384399577659,-6.78719970703125,593.0,639.0,590.0,639.0,-5.543139391331215
76.98186735399405,-12.725450194339668,-4.30541957267739,12.57085338120089,0.6949411361741247,-8.149209018294567,-0.7256651640749563,-6.870399780273437,591.0,639.0,588.0,639.0,-5.548561380281959
76.99186735399405,-12.621827284069443,-4.21384685224811,12.57830506003828,0.6171613201495357,-8.629965236942331,-0.7317547458641934,-6.870399780273437,591.0,639.0,588.0,639.0,-5.556592029241054
77.00186735399404,-12.512141308701745,-4.118518099515982,12.582710887404684,0.1195939414671251,-9.114558603335343,-0.7266845042107087,-6.870399780273437,592.0,640.0,589.0,637.0,-5.5649978780031955
77.01186735399403,-12.440950276847326,-4.057597968074112,12.586489154270025,0.4244358927963652,-10.356705580550642,-0.7171678923064836,-6.870399780273437,592.0,640.0,589.0,637.0,-5.570358756275559
77.02186735399404,-12.335142615886983,-3.9683669151608174,12.587079828034229,0.5467543201929042,-10.576312764065245,-0.7087706992939065,-6.870399780273437,594.0,640.0,589.0,639.0,-5.578129597396713
77.03186735399404,-12.22293811612405,-3.875394366322432,12.591212832588536,0.4762866880680491,-8.79032352957891,-0.7083548897781913,-6.870399780273437,594.0,640.0,589.0,639.0,-5.586297710528746
77.04186735399404,-12.144817156925578,-3.811587650060025,12.520317895175078,0.2776127614568757,-8.89578202507215,-0.716634731487167,-7.020800170898438,593.0,639.0,590.0,640.0,-5.589167849689689
77.05186735399403,-12.03767189436347,-3.7249511475247967,12.52712120854284,0.3003682016833104,-9.237626997697038,-0.7276747563784324,-7.020800170898438,593.0,639.0,590.0,640.0,-5.597118056683677
77.06186735399403,-11.92409798423314,-3.634728368275657,12.535130933875529,0.2641339587888006,-9.731438344878365,-0.7437917266505174,-7.020800170898438,593.0,639.0,590.0,642.0,-5.60569036033504
77.07186735399404,-11.850169374318549,-3.576895930407133,12.53867507379091,0.4206499240679517,-10.248131012154186,-0.7561535750574131,-7.020800170898438,593.0,639.0,590.0,642.0,-5.611327339447579
77.08186735399403,-11.741306508163204,-3.493090625277879,12.548266295850553,0.9236704488566476,-11.173221369704144,-0.771355090216774,-7.174400024414062,592.0,641.0,589.0,643.0,-5.619721782190089
77.09186735399402,-11.625352179147102,-3.405626893640548,12.55819073919683,1.0554566052467087,-11.58465636373526,-0.7843739744742216,-7.174400024414062,592.0,641.0,589.0,643.0,-5.628758426812431
77.10186735399402,-11.550275445064877,-3.349995717178515,12.563874135884124,0.7602002120143703,-11.219930447226515,-0.7940499266299903,-7.174400024414062,592.0,642.0,588.0,641.0,-5.634647314777714
77.11186735399403,-11.438055370631584,-3.2682686443866333,12.571947682515422,0.2239466423087539,-10.864002933852058,-0.8086533879089056,-7.174400024414062,592.0,642.0,588.0,641.0,-5.643521988216164
77.12186735399402,-11.320336760276367,-3.184134855170556,12.579118943067131,0.3831345688462519,-9.416285889364955,-0.8068246988091663,-7.174400024414062,593.0,642.0,588.0,645.0,-5.652823644250897
77.13186735399401,-11.243191712251036,-3.1297996576743343,12.585454633594928,0.2916944746721834,-8.888423818820545,-0.8117334050351753,-7.174400024414062,593.0,642.0,588.0,645.0,-5.6589064542700545
77.14186735399402,-11.140103017791924,-3.0240484925399875,12.549170657287965,0.4593374730973721,-7.942611849953042,-0.8124957487642559,-7.510399780273437,593.0,642.0,586.0,646.0,-5.666443526077147
77.15186735399402,-11.020857703730265,-2.9412860301975523,12.550109689219466,-0.1412873141297058,-9.51325755027234,-0.8094174514896366,-7.510399780273437,593.0,642.0,586.0,646.0,-5.675785800073979
77.16186735399401,-10.943813956756426,-2.888671726095004,12.54862060359141,-0.4886551079007912,-10.570491781581534,-0.7993491625279348,-7.510399780273437,592.0,646.0,584.0,645.0,-5.681750354470874
77.171867353994,-10.829176527461929,-2.811688048466071,12.55098800665535,0.4060098336585154,-10.994614633658813,-0.8014877378043431,-7.510399780273437,592.0,646.0,584.0,645.0,-5.690532776104273
77.18186735399401,-10.707838482415172,-2.7320642974812626,12.552827195477873,0.2090189492466706,-12.645954753326857,-0.7973986858985986,-7.814400024414063,591.0,644.0,584.0,642.0,-5.699724477589422
77.19186735399401,-10.628835409161304,-2.6813054150509874,12.555319189760125,0.3040867288491209,-12.686205407267217,-0.8065415235329794,-7.814400024414063,591.0,644.0,584.0,642.0,-5.705726279746564
77.201867353994,-10.512241372213214,-2.60799435775328,12.565304477490374,0.124102677439608,-12.733082556996331,-0.8104955556371866,-7.814400024414063,592.0,645.0,590.0,642.0,-5.714621418058997
77.211867353994,-10.388756483702972,-2.5322102570133627,12.572855715655631,0.6410023706626685,-11.947651914596449,-0.8200217937569313,-7.814400024414063,592.0,645.0,590.0,642.0,-5.724019840804372
77.221867353994,-10.308225201721216,-2.483730580149184,12.578951904658055,0.8394119224365266,-11.284644642806578,-0.8132414466888801,-7.814400024414063,592.0,644.0,591.0,646.0,-5.7301232955358765
77.231867353994,-10.188624342963235,-2.4129780840284,12.58192378461374,-0.0650107643423322,-9.62790741411306,-0.8232503327599788,-7.814400024414063,592.0,644.0,591.0,646.0,-5.7391747541865925
77.241867353994,-10.04995171731852,-2.3287365354824887,12.548017832048291,0.1448381357590089,-7.972065060575041,-0.8275580780312962,-8.047999877929689,591.0,643.0,589.0,645.0,-5.748243952584749
77.25186735399399,-9.967841090955943,-2.281717932977058,12.549741586599495,0.0723055535925939,-8.466876228520626,-0.8348824186210738,-8.047999877929689,591.0,643.0,589.0,645.0,-5.754520874666418
77.26186735399399,-9.84762244449382,-2.214024784211861,12.551575855486488,0.2952614476251545,-9.721535326023211,-0.840819188738923,-8.047999877929689,589.0,645.0,589.0,645.0,-5.7637215286084045
77.271867353994,-9.72137472029603,-2.144496519782976,12.561343174431707,0.9236966295784136,-10.444407139919653,-0.8520843482388277,-8.047999877929689,589.0,645.0,589.0,645.0,-5.77341289834527
77.28186735399399,-9.638193587348397,-2.099552879477907,12.56715636379447,0.6447591227865039,-10.606992983939865,-0.8545310288414572,-8.134400024414063,588.0,645.0,590.0,641.0,-5.7798381189048245
77.29186735399398,-9.515965160418082,-2.0346836747227277,12.580772348971566,1.177915705498699,-8.918436372145477,-0.8653827727129676,-8.134400024414063,588.0,645.0,590.0,641.0,-5.789303251975791
77.30186735399398,-9.387843959006169,-1.9679279929016409,12.59638567483565,0.947982517704449,-8.863151086695465,-0.8450178677244162,-8.134400024414063,589.0,645.0,589.0,633.0,-5.799071759248105
77.31186735399399,-9.303206702352096,-1.9248168122720697,12.59457889862272,-0.9457056769200962,-14.151969017816803,-0.8313457258045813,-8.134400024414063,589.0,645.0,589.0,633.0,-5.805365597858566
77.32186735399398,-9.179349442923575,-1.863174682973223,12.576599283923557,-1.2441728002210275,-11.584815608350103,-0.7892006986239074,-8.134400024414063,591.0,645.0,592.0,637.0,-5.814142820095393
77.33186735399397,-9.049085268368886,-1.8005208503255974,12.578938700181991,1.7350543459969952,-15.367924194058896,-0.7626333699843836,-8.134400024414063,591.0,645.0,592.0,637.0,-5.822956993225598
77.34186735399398,-8.941009414984636,-1.7508155833987662,12.63984956188975,-0.9219578980446734,-10.55970649815327,-0.7559807917976648,-8.249600219726563,594.0,644.0,589.0,642.0,-5.829435685498946
77.35186735399398,-8.814771203152862,-1.6923899329716523,12.645078404297037,-0.8784815425876158,-7.921270129726378,-0.7553693162624716,-8.249600219726563,594.0,644.0,589.0,642.0,-5.837686535003822
77.36186735399397,-8.682147866452492,-1.6322818567392343,12.648242860281632,0.2998682884668189,-9.39660079499447,-0.7762960053128694,-8.249600219726563,591.0,641.0,588.0,640.0,-5.846482769995099
77.37186735399396,-8.595597071484375,-1.593710177412415,12.65369894126851,0.9267877119832816,-7.1935521472393305,-0.7854852277431866,-8.249600219726563,591.0,641.0,588.0,640.0,-5.852356542952757
77.38186735399397,-8.467885114560675,-1.537840044153457,12.6617268725712,0.7622820353042697,-11.19919617537508,-0.7889501380547268,-8.435200195312499,590.0,642.0,587.0,640.0,-5.861044281361174
77.39186735399397,-8.334033103745156,-1.4808667059388405,12.666140704899226,0.420617157315367,-11.05978550766649,-0.7988219446278146,-8.435200195312499,590.0,642.0,587.0,640.0,-5.870202590985506
77.40186735399396,-8.246117186186423,-1.4442309793335826,12.671485240973116,0.4619321449998322,-10.471113564116973,-0.7930785822253477,-8.435200195312499,590.0,642.0,586.0,644.0,-5.876205200315281
77.41186735399396,-8.117022157470108,-1.391785144569157,12.674236888128618,0.2762473091595556,-13.073241413912628,-0.7965471409249244,-8.435200195312499,590.0,642.0,586.0,644.0,-5.884944669290983
77.42186735399396,-7.981441732566076,-1.338448432554374,12.676918273977732,0.0988989209848283,-11.99514235671067,-0.7886763495899601,-8.435200195312499,591.0,641.0,586.0,644.0,-5.8940302723144535
77.43186735399397,-7.892604608654459,-1.3043962962055646,12.67782477599301,-0.1884871578484566,-11.923637436617676,-0.785116730329305,-8.435200195312499,591.0,641.0,586.0,644.0,-5.899931127227706
77.44186735399396,-7.756042564744462,-1.24336620894367,12.638761054293202,-0.0313420104431061,-9.398868843621154,-0.7897993542104043,-8.588800048828125,592.0,642.0,585.0,642.0,-5.906090256330095
77.45186735399395,-7.6197198043936,-1.1931405800814336,12.639335791354354,-0.4027757310612425,-9.517165563522246,-0.7784060912230316,-8.588800048828125,592.0,642.0,585.0,642.0,-5.915087518753071
77.46186735399395,-7.530495363083471,-1.1609824573302006,12.638753855729588,-0.2145870110516103,-9.374114999172225,-0.7794981246407663,-8.588800048828125,589.0,640.0,585.0,639.0,-5.9209321188011605
77.47186735399396,-7.399293149677198,-1.1147777193666812,12.6447283123153,0.675259578588503,-10.07879165904602,-0.7912541744508448,-8.6047998046875,588.0,639.0,584.0,637.0,-5.9295908206541705
77.48186735399395,-7.261881187500445,-1.067802846207378,12.64907225280076,0.1125735111472158,-10.254172600745726,-0.8017349086753383,-8.6047998046875,588.0,639.0,584.0,637.0,-5.938757178259993
77.49186735399394,-7.171460892474397,-1.0376732917598206,12.655221761758089,0.9244828532618352,-10.317113205964258,-0.8083997691918995,-8.6047998046875,587.0,638.0,584.0,641.0,-5.944812815400542
77.50186735399394,-7.038908697212414,-0.9945573459562916,12.667132011632592,0.9293941119663032,-9.507566207405562,-0.8107646905031052,-8.6047998046875,587.0,638.0,584.0,641.0,-5.953681206015047
77.51186735399395,-6.900182395517204,-0.9507181683839148,12.675940953444329,0.977760001276094,-8.635962377232126,-0.831472013451404,-8.6047998046875,587.0,640.0,585.0,642.0,-5.963136114742111
77.52186735399394,-6.809029476861166,-0.9225825019500744,12.684475340227335,0.6395742843905534,-8.52761980859795,-0.8361403878844906,-8.6047998046875,587.0,640.0,585.0,642.0,-5.969414245791922
77.53186735399393,-6.675481388942394,-0.8823024267066742,12.691918166488769,0.3777208483547456,-9.416535241333984,-0.8428895075315888,-8.588800048828125,587.0,641.0,585.0,641.0,-5.978695519143554
77.54186735399394,-6.519185888272969,-0.8189106699125797,12.669921355808432,0.6234543072901956,-10.261748359456613,-0.836142807977393,-8.588800048828125,587.0,641.0,585.0,641.0,-5.987370198009564
77.55186735399394,-6.4278193856125325,-0.7925486273600209,12.67352546426964,0.5717765099450505,-9.835655206967894,-0.8255752045799943,-8.588800048828125,588.0,642.0,585.0,640.0,-5.993599156462297
77.56186735399393,-6.293468198127384,-0.7547943543402419,12.68139464085574,0.4249501812585207,-9.695124301116604,-0.8194185960184456,-8.588800048828125,588.0,642.0,585.0,640.0,-6.002648314798935
77.57186735399392,-6.153061232747444,-0.7167689487826576,12.691822357331398,0.8557770440825023,-10.883986635347796,-0.8031000388324586,-8.588800048828125,588.0,641.0,585.0,640.0,-6.011885366130726
77.58186735399393,-6.060599006330054,-0.6925227270579525,12.696390239994296,0.3018119046328288,-11.04491809710121,-0.7873831292331134,-8.588800048828125,588.0,641.0,585.0,640.0,-6.017857562019377
77.59186735399393,-5.9249924639708045,-0.6580942996268612,12.709040846700518,1.0118532402468152,-10.89417081413593,-0.7766471434809573,-8.470399780273436,590.0,639.0,587.0,643.0,-6.026417022512488
77.60186735399392,-5.783303840669039,-0.62346827639027,12.722259999545122,0.926286621577645,-10.05642907288038,-0.750780160457646,-8.470399780273436,590.0,639.0,587.0,643.0,-6.035115385844786
77.61186735399392,-5.690037322754185,-0.6014082422027595,12.729260135575856,0.8831820592494137,-10.04588829787335,-0.7421743978601115,-8.470399780273436,592.0,642.0,587.0,640.0,-6.04071539325182
77.62186735399392,-5.55346468148389,-0.570123839526699,12.7430964992572,1.2579949311388725,-9.42657225843085,-0.718355462252727,-8.470399780273436,592.0,642.0,587.0,640.0,-6.048709737930537
77.63186735399393,-5.410054506737283,-0.5385556697668145,12.75535703910242,0.9299772070255172,-9.54907332278885,-0.6928152499531222,-8.249600219726563,593.0,639.0,588.0,638.0,-6.056771825971985
77.64186735399392,-5.329200599531333,-0.4988146420018624,12.736053909833217,1.0406429304197762,-9.538907482873338,-0.6741733109057872,-8.249600219726563,593.0,639.0,588.0,638.0,-6.056018486333935
77.65186735399391,-5.1918526260039695,-0.4692340124872222,12.75161955257573,1.4406579777363802,-8.708883651882736,-0.6629917687660197,-8.249600219726563,595.0,639.0,590.0,635.0,-6.063358221498423
77.66186735399391,-5.048375653533044,-0.4394913109032174,12.765724572552855,1.2724937944296744,-8.651738941762552,-0.6451031959390553,-8.249600219726563,595.0,639.0,590.0,635.0,-6.070836086383066
77.67186735399392,-4.953841453204534,-0.4205533779591473,12.777530773960487,1.5614253873633237,-9.226536410806888,-0.6389737087975288,-8.0,597.0,639.0,594.0,638.0,-6.075681276835687
77.68186735399391,-4.815963783135375,-0.393816562540842,12.79406497030067,1.24018363561177,-8.099273290402184,-0.628421032013568,-8.0,597.0,639.0,594.0,638.0,-6.082629686372421
77.6918673539939,-4.671450934281292,-0.3668759410246384,12.813448033140617,1.4653728917350253,-8.001165618215682,-0.6173990108993718,-8.0,599.0,638.0,595.0,640.0,-6.089754090650437
77.7018673539939,-4.5763007166926055,-0.3496997864172346,12.826492165568022,1.4512989794843756,-7.605522361851965,-0.6122634157346591,-8.0,599.0,638.0,595.0,640.0,-6.0943559409721315
77.71186735399391,-4.437353187642528,-0.3254141211990026,12.84379287758855,1.4300668881085448,-6.996396482812035,-0.6002572928281827,-8.0,602.0,638.0,597.0,640.0,-6.10097528125368
77.7218673539939,-4.291584457271296,-0.3008783866600053,12.863322856834406,1.5764732265090584,-7.398751135666346,-0.5949965392754327,-8.0,602.0,638.0,597.0,640.0,-6.107825106013097
77.73186735399389,-4.196174100878511,-0.2853847061651374,12.874654049166857,1.281511670312842,-8.404623454053736,-0.586749815605257,-7.68,603.0,640.0,598.0,639.0,-6.112237160603259
77.7418673539939,-4.055977439871243,-0.263538272699683,12.900042743510376,2.671516574281497,-8.908082338804812,-0.5826445843411487,-7.68,603.0,640.0,598.0,639.0,-6.118682926286363
77.7518673539939,-3.9309085350008655,-0.2192052378815005,12.785765886538584,1.846856960097078,-9.020817136836312,-0.5771870787130624,-7.68,606.0,642.0,600.0,639.0,-6.1232231984495815
77.76186735399389,-3.836294695893877,-0.2051467306865448,12.805338350891851,2.636023838619774,-7.25619767407568,-0.5692798811609896,-7.68,606.0,642.0,600.0,639.0,-6.127508090016318
77.77186735399388,-3.696404965495168,-0.1851494801824488,12.840230174961697,2.930811855049388,-7.619772778171334,-0.5549576091899304,-7.289600219726562,609.0,644.0,605.0,640.0,-6.13366827794459
77.78186735399389,-3.549973644711101,-0.1651318884411899,12.875077770828126,3.0902968451010664,-6.451029454690793,-0.543463419802049,-7.289600219726562,609.0,644.0,605.0,640.0,-6.139983716494614
77.7918673539939,-3.453968770721391,-0.1524697551824557,12.89881427809422,3.1990069757785,-6.253605018847641,-0.540368822377089,-7.289600219726562,615.0,644.0,608.0,645.0,-6.144044578824431
77.80186735399388,-3.3128807799219504,-0.1344905257532598,12.937465058937644,3.520994535745245,-5.400300768778735,-0.5336397087738494,-7.289600219726562,615.0,644.0,608.0,645.0,-6.14989100257505
77.81186735399388,-3.16510203420339,-0.1163764558165038,12.98215062597036,3.504953953291615,-5.897863150793212,-0.5272458505813629,-7.289600219726562,619.0,650.0,613.0,649.0,-6.1559801554004
77.82186735399388,-3.06781736829274,-0.1048910374150561,13.014501495984216,4.362590697105885,-6.576160875661649,-0.5259832897261284,-7.289600219726562,619.0,650.0,613.0,649.0,-6.159956022380737
77.83186735399389,-2.928471505527121,-0.0951908705136524,12.943824877814968,4.398378495243866,-7.631378078275459,-0.51834391838658,-6.870399780273437,627.0,652.0,617.0,649.0,-6.168589586448483
77.84186735399388,-2.780267758412664,-0.0799893077880817,12.996560339743205,4.232443178171467,-7.983195234144532,-0.5078136651376346,-6.870399780273437,627.0,652.0,617.0,649.0,-6.174445858211197
77.85186735399387,-2.682610216506209,-0.0705391407648446,13.028032936060423,4.030022571663056,-7.246132116016144,-0.5072446193150018,-6.870399780273437,629.0,656.0,619.0,655.0,-6.1782858113088315
77.86186735399387,-2.5394665227927447,-0.0574783995966503,13.07352377456036,4.105454881785629,-7.787233666558095,-0.4985654113849695,-6.870399780273437,629.0,656.0,619.0,655.0,-6.1838165714536935
77.87186735399388,-2.389160260795839,-0.0447757266182848,13.123865655149924,4.336214781570185,-7.395528990267514,-0.4938049746527392,-6.870399780273437,631.0,658.0,625.0,655.0,-6.189479340320512
77.88186735399387,-2.2907776556495425,-0.0369149635265338,13.157198052974518,4.301968474167813,-6.221535248475652,-0.4863815540418367,-6.870399780273437,631.0,658.0,625.0,655.0,-6.193134042620607
77.89186735399386,-2.145760756258395,-0.0258427830314682,13.207537909164616,4.521651512374926,-4.3434918782554695,-0.4756021797411854,-6.515200195312499,640.0,662.0,628.0,661.0,-6.1984003130613905
77.90186735399386,-1.9943584665329368,-0.0148297051400984,13.259431008913015,4.130752978249141,-4.585252504367316,-0.4909045379035958,-6.515200195312499,640.0,662.0,628.0,661.0,-6.203978604528271
77.91186735399387,-1.8945543134674077,-0.007891704664912,13.293870754662258,4.349225469550133,-5.418184228484662,-0.4918530563827668,-6.515200195312499,647.0,665.0,633.0,663.0,-6.207689693441726
77.92186735399386,-1.7481130901999025,0.0016438033030257,13.349593999217731,5.402644543882584,-6.3743761957881295,-0.4821856965769449,-6.515200195312499,647.0,665.0,633.0,663.0,-6.213043314260292
77.93186735399385,-1.5918072005988086,0.0321781460764154,13.403432153557183,4.787681189824489,-6.808611627453901,-0.4760279356060968,-6.112000122070313,648.0,671.0,637.0,666.0,-6.218000686334322
77.94186735399386,-1.4905848034084606,0.0382225886239482,13.439630365191109,4.561368537871632,-5.9395176713960725,-0.4640653725866468,-6.112000122070313,648.0,671.0,637.0,666.0,-6.221527214683719
77.95186735399386,-1.3424149514116182,0.0463518445972652,13.493672024948845,4.60602104601933,-6.497883907412131,-0.4469955409973993,-6.112000122070313,651.0,675.0,641.0,668.0,-6.2265201054510655
77.96186735399385,-1.1873499370397722,0.0539850334410226,13.549692600902135,4.9456349177850365,-6.95805997556018,-0.4351345509410519,-6.112000122070313,651.0,675.0,641.0,668.0,-6.231583558626931
77.97186735399384,-1.08496560875946,0.0585613856032458,13.58598121329388,4.696031155668872,-5.936732110841078,-0.4311919162386369,-6.112000122070313,656.0,676.0,646.0,675.0,-6.234842856179183
77.98186735399385,-0.9352278165347898,0.0646945563007726,13.639927012341373,5.093527609843596,-4.894355096907775,-0.4208911987800925,-6.112000122070313,656.0,676.0,646.0,675.0,-6.2395189979208405
77.99186735399385,-0.7782182951820227,0.0706338920330804,13.697875592734473,4.669391361393808,-4.081104456852337,-0.4172438796221784,-5.775999755859375,665.0,683.0,651.0,678.0,-6.244362584941443
78.00186735399384,-0.6750718468420152,0.0742689675347397,13.73124694090077,4.391898849709083,-3.683184265427443,-0.4165551991702532,-5.775999755859375,665.0,683.0,651.0,678.0,-6.247514213928663
78.01186735399384,-0.5235778091702323,0.0791859368676818,13.78838475702181,5.468177776257434,-4.573570751161168,-0.4091036486133015,-5.775999755859375,674.0,687.0,656.0,680.0,-6.25202187336186
78.02186735399384,-0.364927689073643,0.0836040700669501,13.850880257429663,5.610009326899565,-6.299146489340711,-0.3983193358599911,-5.775999755859375,674.0,687.0,656.0,680.0,-6.256607848290628
78.03186735399385,-0.2586657129799053,0.0938304996408315,13.818556734833926,5.620354881428356,-7.023861693459415,-0.393460442331791,-5.4879998779296875,676.0,691.0,661.0,683.0,-6.260269763597759
78.04186735399384,-0.1061162637046638,0.0968930529266257,13.87653003334067,5.334715142463295,-5.964089635241277,-0.3807363716789234,-5.4879998779296875,676.0,691.0,661.0,683.0,-6.264517951906267
78.05186735399383,0.0539654374367228,0.0993322969331263,13.93852770333283,5.775414482034918,-6.53883442711208,-0.371250270725044,-5.4879998779296875,678.0,696.0,666.0,690.0,-6.268819273033982
78.06186735399383,0.158777211775645,0.1005057789771692,13.979806746279392,5.502751732963914,-5.400512652507008,-0.3661775859276978,-5.4879998779296875,678.0,696.0,666.0,690.0,-6.271580275312081
78.07186735399384,0.3131866777874962,0.1018031969849774,14.039379627059857,5.275019175150178,-3.708271536869197,-0.367699256857021,-5.4879998779296875,689.0,701.0,671.0,698.0,-6.2756140812614065
78.08186735399383,0.4747053971045999,0.1027794359002462,14.099964893704154,5.470239448336166,-3.099294386617092,-0.3670409262741191,-5.4879998779296875,689.0,701.0,671.0,698.0,-6.279815276848394
78.09186735399382,0.581238507081857,0.1032138838654607,14.139661693094354,5.43742400825535,-2.9556956178562945,-0.368001975574993,-5.203200073242187,705.0,705.0,675.0,698.0,-6.2825922582817055
78.10186735399382,0.7373769401291825,0.1034638915057474,14.202035475047309,5.637852112306145,-4.552869067383145,-0.3717445710201627,-5.203200073242187,705.0,705.0,675.0,698.0,-6.286682598508298
78.11186735399383,0.9009565029829748,0.1031679810563152,14.27085065087032,5.710009285467358,-4.403551683163474,-0.3724353289698849,-5.203200073242187,716.0,711.0,681.0,701.0,-6.290933963555119
78.12186735399382,1.008612682201026,0.1025847405730531,14.31570281690768,6.547377946846078,-5.766971916650723,-0.3652229368500074,-5.203200073242187,716.0,711.0,681.0,701.0,-6.2936992180775535
78.13186735399381,1.178609764894787,0.1198181413389737,14.311372532131884,6.357842148608287,-5.51483366425405,-0.3617996132272891,-4.915199890136718,718.0,718.0,685.0,706.0,-6.299405879118435
78.14186735399382,1.343535531049545,0.1179276767704759,14.38458072035875,6.559855631144986,-6.277699730345638,-0.3541043709020631,-4.915199890136718,718.0,718.0,685.0,706.0,-6.303458067945103
78.15186735399382,1.4521683369426264,0.1162446956566809,14.433424557499134,6.700777653936764,-5.306742050438642,-0.3546275721849522,-4.915199890136718,721.0,724.0,692.0,717.0,-6.306120599401372
78.16186735399381,1.6116240881491644,0.113326563874506,14.500026870481832,5.7809991952623445,-3.4051171949745576,-0.3516770525267268,-4.915199890136718,721.0,724.0,692.0,717.0,-6.30999848394232
78.1718673539938,1.7786320550069246,0.1098020038116063,14.570672764217782,6.096839589111529,-3.364449371478263,-0.3490749058810533,-4.915199890136718,733.0,728.0,698.0,721.0,-6.313990639868753
78.18186735399381,1.888654719815591,0.1072768465988729,14.616076898007844,5.950435344648221,-2.811906492757404,-0.3433274024686179,-4.915199890136718,733.0,728.0,698.0,721.0,-6.316587593512742
78.19186735399381,2.0498545748920494,0.1032266590482106,14.68602345539182,6.590854134960951,-3.6222783167160606,-0.3361202559917255,-4.646400146484375,743.0,734.0,705.0,724.0,-6.320316173310956
78.2018673539938,2.219473647248375,0.0983835597052233,14.758951064957431,6.401949999423419,-5.10416246905604,-0.3253146241393009,-4.646400146484375,743.0,734.0,705.0,724.0,-6.324143518321886
78.2118673539938,2.3306257463615894,0.0948033551056644,14.806801765598218,6.29940978905811,-5.19168931548659,-0.3198297251639339,-4.646400146484375,743.0,741.0,708.0,726.0,-6.3265491468400485
78.2218673539938,2.493833143247128,0.0889608162288312,14.879976082598189,6.718173803935294,-6.877865562526062,-0.3040757715839114,-4.646400146484375,743.0,741.0,708.0,726.0,-6.329931301887976
78.2318673539938,2.66934319069958,0.0762714309631664,14.815015612818613,6.968227351069075,-6.053314459002225,-0.2949237387116316,-4.34239990234375,744.0,747.0,716.0,737.0,-6.335239441073006
78.2418673539938,2.7807994282123434,0.0711269239774222,14.8674331074689,6.804324878347023,-4.802874247302692,-0.2942402697227689,-4.34239990234375,744.0,747.0,716.0,737.0,-6.337455034152773
78.25186735399379,2.9448270659735125,0.0632208619429415,14.94007075954538,6.751978276586772,-3.184124829096349,-0.2893415996538091,-4.34239990234375,746.0,751.0,721.0,741.0,-6.340646503772648
78.2618673539938,3.1172224727602,0.0544967447809848,15.016923638440758,6.820095947757396,-2.9639933083911942,-0.2807095367383186,-4.34239990234375,746.0,751.0,721.0,741.0,-6.343890486050496
78.2718673539938,3.230089252823579,0.0485495798714959,15.069594841367396,7.305229292900663,-3.851755008622953,-0.280333834060987,-4.34239990234375,756.0,757.0,728.0,745.0,-6.345989044431483
78.28186735399379,3.396364693349495,0.0393675032794912,15.143752598623742,6.232383804015866,-4.61371109159263,-0.2687563219630861,-4.34239990234375,756.0,757.0,728.0,745.0,-6.349028987738409
78.29186735399378,3.5707973775973105,0.0290813659164759,15.22332627242701,6.818330215209252,-5.000206140712705,-0.2639396973362437,-4.006400146484375,764.0,765.0,734.0,748.0,-6.352089323932184
78.30186735399379,3.6853848351549385,0.0219266285136803,15.27089345910268,6.134597377554907,-5.437610346041801,-0.2447727570443326,-4.006400146484375,764.0,765.0,734.0,748.0,-6.353951403149815
78.31186735399379,3.853545740767223,0.0109072041678703,15.337473589523288,6.253906984673971,-4.59266746361024,-0.2204938194266566,-4.006400146484375,765.0,772.0,743.0,760.0,-6.356488752218169
78.32186735399378,4.030084820143314,-0.0011734381282925,15.416229464928064,6.850886380557703,-2.792176280804197,-0.2063177675255802,-4.006400146484375,765.0,772.0,743.0,760.0,-6.358928592301275
78.33186735399377,4.145668345632766,0.0048114452472032,15.457386938607476,6.902648947396116,-1.5792214504079678,-0.1970689829301438,-3.6704000854492187,768.0,774.0,750.0,772.0,-6.358741449592323
78.34186735399378,4.3160594960173135,-0.0065564041940463,15.533628637592246,7.5233081785156495,-1.7105790771765763,-0.185842816117617,-3.6704000854492187,768.0,774.0,750.0,772.0,-6.360855563337199
78.35186735399378,4.495234651398596,-0.0186648451442959,15.61746908668323,7.57614611699033,-1.7025226304137455,-0.1898872613161969,-3.6704000854492187,777.0,774.0,758.0,773.0,-6.363076648463371
78.36186735399377,4.612427419380135,-0.0267808632635513,15.668825682111972,7.009924908764067,-3.5803653178797994,-0.1925308230059575,-3.6704000854492187,777.0,774.0,758.0,773.0,-6.3645009303567885
78.37186735399376,4.785086245110808,-0.0391798678422488,15.750138218716495,7.204388636437464,-5.04971168372717,-0.1853675483880189,-3.6704000854492187,787.0,781.0,763.0,770.0,-6.3665545901907
78.38186735399377,4.965582939051757,-0.0528616927165056,15.830518473129349,7.325081463073272,-5.3883184525547065,-0.1726210254776475,-3.6704000854492187,787.0,781.0,763.0,770.0,-6.368570300275743
78.39186735399377,5.0851309505597895,-0.0622913370752644,15.88626380257159,7.639948074817482,-4.887331962134771,-0.1796536662846558,-3.334400024414062,787.0,786.0,772.0,783.0,-6.369901309270843
78.40186735399377,5.259514266784419,-0.0763900532858815,15.970790644651387,7.440128792287755,-1.7798058748084928,-0.1811996449145589,-3.334400024414062,787.0,786.0,772.0,783.0,-6.371825362008376
78.41186735399376,5.4434635027763445,-0.0914025962126985,16.05235574282776,6.875201993424168,-0.332300531468423,-0.1761383477481821,-3.334400024414062,798.0,800.0,777.0,787.0,-6.373900662796905
78.42186735399376,5.564591646479738,-0.1012987276737078,16.107412592177194,7.44226025306796,-0.0657692631822026,-0.1850626957802748,-3.334400024414062,798.0,800.0,777.0,787.0,-6.375295896851971
78.43186735399377,5.752302994139322,-0.1459325001265083,16.117203074505287,6.809117066614745,-1.0466737600980258,-0.1872298327946594,-2.979200134277344,823.0,805.0,784.0,792.0,-6.3823389549157135
78.44186735399376,5.93831624438756,-0.1630055458513654,16.198734031039336,7.089811838417809,-2.158900361962488,-0.180284667572011,-2.979200134277344,823.0,805.0,784.0,792.0,-6.384413278993523
78.45186735399375,6.058890961040551,-0.174288051676254,16.24848508901711,6.6333467315798655,-3.331577460307213,-0.1657276046756405,-2.979200134277344,842.0,811.0,789.0,798.0,-6.385658789255073
78.46186735399375,6.237510908265817,-0.1914802793304401,16.32041161892893,6.230106973250669,-4.871694953246571,-0.1313602720387155,-2.979200134277344,842.0,811.0,789.0,798.0,-6.387205683079384
78.47186735399376,6.425688704759524,-0.2101247334801177,16.3967677426593,6.221599084527249,-1.928043107752469,-0.1141829982805518,-2.979200134277344,830.0,813.0,797.0,813.0,-6.388592871341074
78.48186735399375,6.547745024555067,-0.222383337126414,16.44719510997749,6.686258627607456,-2.299736252639436,-0.109009555286331,-2.979200134277344,830.0,813.0,797.0,813.0,-6.389396730699762
78.49186735399374,6.729275431971236,-0.2407868379912107,16.513662593100847,6.0089240806203925,-0.8551290559661884,-0.1017364064446839,-2.6592001342773437,819.0,819.0,803.0,820.0,-6.390514156411525
78.50186735399375,6.918343590620382,-0.2600198997419281,16.58887540218044,6.737507201418909,-0.3662417749925956,-0.0957282647587504,-2.6592001342773437,819.0,819.0,803.0,820.0,-6.3916585957631185
78.51186735399375,7.042197105563573,-0.2726284653430111,16.63446396559228,5.967963801974088,0.260292626379167,-0.1024227544691612,-2.6592001342773437,824.0,823.0,810.0,815.0,-6.3924277114742
78.52186735399374,7.22641374714379,-0.2915309903162367,16.703907236063245,6.495787687619122,-2.416459555437429,-0.0897977774128989,-2.6592001342773437,824.0,823.0,810.0,815.0,-6.393470983333913
78.53186735399373,7.436182556575334,-0.3313792939791807,16.66001113556728,5.124384827315756,-2.8891021443241094,-0.083284353909601,-2.288000030517578,832.0,830.0,815.0,817.0,-6.391660387306966
78.54186735399374,7.559750033059997,-0.3445789531614585,16.70233338182242,6.377953534403559,-2.4415508191134383,-0.0753593286652185,-2.288000030517578,832.0,830.0,815.0,817.0,-6.392211697566448
78.55186735399374,7.743071297524215,-0.3642970804437895,16.769661904854544,5.722018988355492,-0.5249329326618393,-0.0621014223636659,-2.288000030517578,838.0,837.0,821.0,826.0,-6.392929199601785
78.56186735399373,7.936181126405119,-0.3850738610298723,16.82832203053045,5.504536699691188,0.6042803721825969,-0.0440047810951752,-2.288000030517578,838.0,837.0,821.0,826.0,-6.393482875105621
78.57186735399372,8.061203004285362,-0.3985235326744542,16.864672786600526,4.739603534953832,0.2888604053961304,-0.0362134232194647,-2.288000030517578,843.0,837.0,825.0,829.0,-6.393783949869545
78.58186735399373,8.24600518263453,-0.4183524774902165,16.909979593103003,4.238133961580037,0.5650927196677499,-0.0316877584096812,-2.288000030517578,843.0,837.0,825.0,829.0,-6.394181214748333
78.59186735399373,8.440136267474998,-0.4392963818957388,16.953242924536845,3.502364483033558,-1.564029743050099,-0.0269201810303149,-1.92,843.0,839.0,830.0,829.0,-6.394540687157111
78.60186735399373,8.566693949167403,-0.4530879631717412,16.97260785431001,2.844452473344662,-2.006718702951067,-0.0246380602278011,-1.92,843.0,839.0,830.0,829.0,-6.394728374486679
78.61186735399372,8.753162412175866,-0.4737036225679685,17.002769451836624,3.045708701615072,-2.238431293107012,-0.019277329451091,-1.92,842.0,839.0,835.0,835.0,-6.39495840130526
78.62186735399372,8.960658712515578,-0.5047012998097726,17.000927709719715,3.279247196762287,-0.656393668024654,-0.0090822680014948,-1.92,842.0,839.0,835.0,835.0,-6.394560704502865
78.63186735399373,9.0871749249186,-0.518973475567753,17.020492871731907,2.420168611400304,-0.4588806670523414,0.0047163480701148,-1.6,845.0,843.0,837.0,837.0,-6.3945346205566995
78.64186735399372,9.274387474247783,-0.5400370865693088,17.04627637606979,2.6858340966382723,0.8053154389770822,0.0091884236702815,-1.6,845.0,843.0,837.0,837.0,-6.394456463995647
78.65186735399371,9.46974640929938,-0.561834547779428,17.076472421481995,2.6217262416385223,0.8390793392671201,0.0101177550766541,-1.6,847.0,844.0,840.0,838.0,-6.394355337899412
78.66186735399371,9.595909790039878,-0.5759041445374314,17.09365786408558,2.371096392270063,-0.6939125640642269,0.001327034295472,-1.6,847.0,844.0,840.0,838.0,-6.394342890387369
78.67186735399372,9.784707243040348,-0.5969813794425074,17.107214764197057,0.6289269839154285,-0.3736860443074082,0.0055783206266048,-1.6,847.0,846.0,841.0,838.0,-6.394278539636456
78.68186735399371,9.978786654331872,-0.6188214340456722,17.102865149634038,-0.4269594451706262,-0.8658183087035336,0.0138510507862384,-1.6,847.0,846.0,841.0,838.0,-6.394168697868074
78.6918673539937,10.106892668135426,-0.6332516735895909,17.098235027812628,-0.5973175948594779,-0.0008272790057495,0.0085217528479627,-1.3119999694824218,846.0,844.0,838.0,839.0,-6.394088223081624
78.7018673539937,10.29249806437526,-0.6542010105617111,17.07411757743281,-2.380926896422216,-0.3641309969800024,0.0258999716719256,-1.3119999694824218,846.0,844.0,838.0,839.0,-6.393809824967677
78.71186735399371,10.487809438782548,-0.6762920012892247,17.04260996037429,-3.157564300632162,-0.7502051210771014,0.0389235729010188,-1.3119999694824218,838.0,835.0,836.0,836.0,-6.393435302848568
78.7218673539937,10.615962015518122,-0.6907956748222696,17.015354989509486,-3.113472051786949,0.663545870019964,0.0390309216351692,-1.3119999694824218,838.0,835.0,836.0,836.0,-6.393133282541785
78.73186735399369,10.802152460761404,-0.7135421670171329,16.822935318001054,-4.706677620486664,-0.4667504604080996,0.040212483474943,-1.0431999969482422,834.0,828.0,835.0,832.0,-6.392521617762339
78.7418673539937,10.993292101597897,-0.7351917402349932,16.760887968328383,-5.60191320929165,-0.1303248945993498,0.0339448872824239,-1.0431999969482422,834.0,828.0,835.0,832.0,-6.392106042407158
78.7518673539937,11.117678364363998,-0.7492601004291312,16.72320327389589,-5.269160041597113,0.3932186264882927,0.0376860205587994,-1.0431999969482422,826.0,820.0,833.0,829.0,-6.391837130655175
78.7618673539937,11.299930301855955,-0.7697139182370478,16.645930405977055,-8.086353908330562,1.828063404266532,0.0449149403919725,-1.0431999969482422,826.0,820.0,833.0,829.0,-6.3913516836477635
78.77186735399368,11.489433535167528,-0.7908042225385562,16.55501612664876,-8.328641043895665,1.7684728397355778,0.052290867298344,-1.0431999969482422,810.0,810.0,822.0,824.0,-6.390759858285802
78.78186735399369,11.611555099820825,-0.8043154154263882,16.49170796948521,-8.66666633009568,1.094725871145291,0.056815903802217,-1.0431999969482422,810.0,810.0,822.0,824.0,-6.390345392024222
78.7918673539937,11.790721922527908,-0.824145090817689,16.399883369876747,-8.319377115023453,0.3568133669489621,0.0546436725569427,-0.7904000091552733,804.0,803.0,812.0,813.0,-6.389725965257478
78.80186735399369,11.97808208307501,-0.8450155410513136,16.300984644276628,-8.578361155621804,-2.470336827443784,0.0415280342930732,-0.7904000091552733,804.0,803.0,812.0,813.0,-6.389205008587437
78.81186735399368,12.098130574217528,-0.8585282369239745,16.233577943298524,-9.285609146876345,-1.4540859362395548,0.0358453149870344,-0.7904000091552733,799.0,790.0,803.0,801.0,-6.38893542224388
78.82186735399368,12.274687957190624,-0.8785906528644234,16.1357059846213,-9.142265458920576,-1.9536107618634784,0.0387721003857271,-0.7904000091552733,799.0,790.0,803.0,801.0,-6.388536182933537
78.83186735399369,12.47049432551044,-0.8648751578595711,16.042023166932406,-8.35489620724131,1.4565241543399416,0.0519594969683155,-0.5695999908447266,796.0,782.0,795.0,788.0,-6.38681656836777
78.84186735399368,12.590365499841472,-0.87757570721317,15.97951872301557,-8.29737671722862,2.5957322342465994,0.0614089256849052,-0.5695999908447266,796.0,782.0,795.0,788.0,-6.386391822346713
78.85186735399367,12.763366218436698,-0.8956153206975715,15.891773035526723,-7.780459801147737,2.9842382210658807,0.0726708873116037,-0.5695999908447266,783.0,783.0,785.0,783.0,-6.385640673754677
78.86186735399367,12.945086067892872,-0.9141993256564406,15.79683322376508,-8.3172005677998,2.474662006674541,0.0704882982664871,-0.5695999908447266,783.0,783.0,785.0,783.0,-6.3848008720529545
78.87186735399368,13.06182392351514,-0.9260390125775764,15.741782730938606,-7.665936509375172,0.5992376885798534,0.0615491754198388,-0.5695999908447266,775.0,774.0,770.0,778.0,-6.384318665028058
78.88186735399367,13.233317994785097,-0.9435340460929368,15.659299483784713,-8.106566090297807,-1.0552194505279748,0.0512420857944695,-0.5695999908447266,775.0,774.0,770.0,778.0,-6.3836953715809726
78.89186735399366,13.41187186665227,-0.9620050378880496,15.572063857138742,-7.032915252371185,-1.9168635738098825,0.0423559368608361,-0.41919998168945316,766.0,760.0,765.0,764.0,-6.383189136329773
78.90186735399367,13.527940964793762,-0.9741764194137028,15.515941533727515,-7.699143479477335,-1.916787822004319,0.0350231298450389,-0.41919998168945316,766.0,760.0,765.0,764.0,-6.382898400834937
78.91186735399367,13.69640922930119,-0.9919193003601088,15.436905102384436,-6.977143201096544,-0.6099113469047915,0.0375452614316277,-0.41919998168945316,766.0,742.0,764.0,754.0,-6.382546902675133
78.92186735399366,13.89576413386063,-1.0475175638602976,15.430993754663858,-7.883251982512821,1.533155563862345,0.055539935048697,-0.41919998168945316,766.0,742.0,764.0,754.0,-6.389101731083399
78.93186735399365,14.009554413378751,-1.060614371055843,15.3752800665845,-7.300840772159361,2.267711487807858,0.0567519129701114,-0.35200000762939454,759.0,737.0,758.0,750.0,-6.388688279561092
78.94186735399366,14.176799333568884,-1.0795834576030392,15.286835562286658,-7.96915324742878,2.723872709569056,0.068848060975703,-0.35200000762939454,759.0,737.0,758.0,750.0,-6.387921850879312
78.95186735399366,14.351614414669257,-1.099092263408967,15.20057823518193,-7.272218291288953,1.609542896258951,0.0685608813750679,-0.35200000762939454,744.0,737.0,746.0,743.0,-6.387120499981756
78.96186735399365,14.463701651883534,-1.1115338657999103,15.14252715352982,-7.83071971034905,0.5593513949191604,0.0661216093401823,-0.35200000762939454,744.0,737.0,746.0,743.0,-6.38662738924513
78.97186735399364,14.628423360958248,-1.1298151516583617,15.052466864030224,-8.245803022125996,-0.3182895089042006,0.0469596590591761,-0.35200000762939454,730.0,730.0,735.0,735.0,-6.386043002609221
78.98186735399365,14.79973420581564,-1.1490323016788249,14.95144147698946,-9.34764952668415,-1.678829977870452,0.0327414142293187,-0.35200000762939454,730.0,730.0,735.0,735.0,-6.38563701989464
78.99186735399365,14.910360282076908,-1.161558663587572,14.887951678303263,-8.449928353531083,-1.4492149199064817,0.0274891864985651,-0.32,719.0,715.0,730.0,721.0,-6.385424963922587
79.00186735399365,15.072386395562296,-1.1800123636026416,14.79291588539226,-8.375806020337018,-0.0686356657499605,0.0250683545425581,-0.32,719.0,715.0,730.0,721.0,-6.385154872812659
79.01186735399364,15.240606577505057,-1.199204846210292,14.688040542240664,-9.26141962710527,2.0622585195778584,0.0269829336958771,-0.32,718.0,712.0,725.0,711.0,-6.384883543508528
79.02186735399364,15.349259634487778,-1.2115030931303492,14.622087352017337,-9.153615369401049,1.2286414634128946,0.0436900640125162,-0.32,718.0,712.0,725.0,711.0,-6.384583152370597
79.03186735399365,15.561768172584094,-1.2233510780325187,14.539034186685663,-7.852128582508646,2.8804157823379697,0.0388285222496089,-0.3007999992370606,712.0,712.0,714.0,704.0,-6.382210234776758
79.04186735399364,15.726167436767533,-1.2409925988749266,14.448977074283638,-8.23705961076666,0.5793210257325261,0.0425587199242782,-0.3007999992370606,712.0,712.0,714.0,704.0,-6.381763905543138
79.05186735399363,15.832979142909572,-1.252424439393972,14.392354475180436,-7.245044671346722,0.5305875619907765,0.0262047883760494,-0.3007999992370606,700.0,698.0,707.0,702.0,-6.381543070991351
79.06186735399363,15.98967034722976,-1.2692591131095232,14.303492776481589,-8.370801561426381,-0.919667522926403,0.027744894117241,-0.3007999992370606,700.0,698.0,707.0,702.0,-6.38125616559943
79.07186735399364,16.152977772757257,-1.2868890400675597,14.214464385826323,-7.862980790749456,-0.6306485076535945,0.0232456962560591,-0.3007999992370606,692.0,698.0,698.0,692.0,-6.380966295226409
79.08186735399363,16.25785005348979,-1.2982694403232036,14.155857260779426,-7.9039811720638,-0.5292811988939273,0.029732287533304,-0.3007999992370606,692.0,698.0,698.0,692.0,-6.380753288797018
79.09186735399362,16.41191610448136,-1.3149051274028185,14.073459246481056,-7.105800499642078,1.2706085043844275,0.0403080121605804,-0.26879999160766604,682.0,685.0,693.0,684.0,-6.380382886071265
79.10186735399363,16.57229371846585,-1.3319988463198622,13.980684238541006,-8.495993757900838,2.36272303762816,0.0556444660967356,-0.26879999160766604,682.0,685.0,693.0,684.0,-6.379783309728269
79.11186735399363,16.675775046421908,-1.34290607301479,13.916271643977533,-8.034185433741872,1.689786837171498,0.0630597977631108,-0.26879999160766604,671.0,679.0,678.0,673.0,-6.379339427662069
79.12186735399362,16.827223240397583,-1.3587439418417389,13.82259218816445,-8.617050606072025,1.8871134117438864,0.0842418550339444,-0.26879999160766604,671.0,679.0,678.0,673.0,-6.37852775408686
79.13186735399361,17.028890772781896,-1.3585441395271711,13.774504510294989,-8.254782052553475,1.2840505865169902,0.1067229167760709,-0.1503999996185303,666.0,666.0,678.0,662.0,-6.372669828212289
79.14186735399362,17.13127303880983,-1.3683032339030068,13.712298362754469,-8.10525213184283,0.5351499121366657,0.1179212946503025,-0.1503999996185303,666.0,666.0,678.0,662.0,-6.371801727206319
79.15186735399362,17.280492637501542,-1.3824624219948616,13.620289677761171,-7.784373449874175,0.7281796693869513,0.1288546783241274,-0.1503999996185303,665.0,660.0,669.0,648.0,-6.370454078744966
79.16186735399361,17.436256900350898,-1.3971347427228142,13.522561253001216,-8.00238525722712,0.8809460640019411,0.1440147962630645,-0.1503999996185303,657.0,649.0,661.0,629.0,-6.368820340499719
79.1718673539936,17.536070546862355,-1.4064208383432883,13.454445182527726,-9.098634294469202,2.9290596274214438,0.1653516581648564,-0.1503999996185303,657.0,649.0,661.0,629.0,-6.367642048946664
79.18186735399361,17.682583824053708,-1.4196522587661669,13.35744824698836,-8.89308831585589,5.428736130503419,0.1955457169606425,0.060799999237060545,649.0,640.0,653.0,627.0,-6.365607292744118
79.19186735399362,17.834831692476822,-1.4327854840908505,13.255145360898592,-8.323653310975955,4.828458715028795,0.2331461553491609,0.060799999237060545,649.0,640.0,653.0,627.0,-6.363073588947771
79.2018673539936,17.93326842489632,-1.4409306886655424,13.199872469907028,-7.280054962163484,5.115130821983877,0.269408510356002,0.060799999237060545,649.0,640.0,653.0,627.0,-6.361145543492119
79.2118673539936,18.077203938858137,-1.4523785544006953,13.114337495725913,-8.258603068154422,4.2600400253106505,0.304136369665192,0.060799999237060545,642.0,633.0,647.0,624.0,-6.357958559443729
79.2218673539936,18.226910040801545,-1.4639706422995973,13.015634770173564,-8.578202279420656,1.4703980710591755,0.3179882624924487,0.3808000183105469,632.0,618.0,644.0,611.0,-6.354347795544372
79.23186735399361,18.356307708235125,-1.444712463518387,12.970670434326149,-7.56344485643119,1.3581670663539274,0.3228501024541536,0.3808000183105469,632.0,618.0,644.0,611.0,-6.343084467661055
79.2418673539936,18.49778104764946,-1.4535456704170584,12.883540644535216,-8.56841441265022,1.9484785330242007,0.333740615989182,0.3808000183105469,635.0,600.0,637.0,587.0,-6.339444106354586
79.25186735399359,18.64509374443577,-1.4623497528403815,12.787031401330438,-9.13005620941542,3.7054165451735246,0.3569166328845712,0.3808000183105469,635.0,600.0,637.0,587.0,-6.335437179526775
79.2618673539936,18.740058907796573,-1.4677710180948678,12.724026951673984,-8.577364471623245,4.391529115840895,0.366454457435059,0.3808000183105469,627.0,589.0,625.0,572.0,-6.332714196996128
79.2718673539936,18.878986897321585,-1.4751605802262258,12.62462545219836,-8.764433383659469,5.590134449775333,0.3959709467636201,0.3808000183105469,627.0,589.0,625.0,572.0,-6.328455343316831
79.28186735399359,19.023360889221607,-1.4820456008196985,12.521257757929828,-8.882855662594727,6.1583279837994604,0.4285065454398121,0.8351999664306641,611.0,581.0,616.0,576.0,-6.32359676452413
79.29186735399358,19.11630760137402,-1.486028082890758,12.455296803617507,-8.70378927850699,6.885601262237799,0.4685721312837665,0.8351999664306641,611.0,581.0,616.0,576.0,-6.320150924473445
79.30186735399359,19.25226609023719,-1.491197927283593,12.354321924030272,-8.90669403616927,5.729513466489864,0.4875476420860652,0.8351999664306641,602.0,575.0,609.0,570.0,-6.314861728585862
79.31186735399359,19.39367599757471,-1.4958949591302078,12.2522392412717,-9.168418127370328,5.527031280123078,0.4951653612742495,0.8351999664306641,602.0,575.0,609.0,570.0,-6.3091592959825675
79.32186735399358,19.484625669438056,-1.4985549427413285,12.18321223596939,-9.351900906765026,5.020371344080688,0.4871556619369274,1.3855999755859376,603.0,564.0,599.0,554.0,-6.305492430994814
79.33186735399357,19.64807928143525,-1.4992336397949764,12.08549476925843,-7.899200025738881,3.405312054321781,0.4879042899632191,1.3855999755859376,603.0,564.0,599.0,554.0,-6.30068702632269
79.34186735399358,19.786357466130937,-1.5021625486459822,11.989101509625574,-8.505197258280498,5.359298406887636,0.4880669153940296,1.3855999755859376,599.0,544.0,597.0,532.0,-6.2950476783912
79.35186735399358,19.87560346225504,-1.5037118264443836,11.924708648724335,-8.337078480736361,5.044509024624358,0.4943312564767858,1.3855999755859376,599.0,544.0,597.0,532.0,-6.291341625766748
79.36186735399357,20.0059109473176,-1.5054686677685325,11.833444343259243,-8.799573922851778,5.96908130053341,0.5074304663730151,1.3855999755859376,592.0,527.0,589.0,514.0,-6.285815802885516
79.37186735399357,20.141299985466112,-1.5064940413858372,11.73355318760209,-9.275988721266412,6.8542659633814855,0.5417925137471057,1.3855999755859376,592.0,527.0,589.0,514.0,-6.2797259395133045
79.38186735399357,20.22851290487869,-1.5066134310981525,11.66121961251059,-9.731288865212928,8.333473041771876,0.5718050302658475,1.9936000061035157,579.0,518.0,579.0,519.0,-6.275500689874703
79.39186735399358,20.355822175913517,-1.5058933315856236,11.556846170381377,-9.900226555355228,8.702046781894438,0.6060915996113977,1.9936000061035157,579.0,518.0,579.0,519.0,-6.268962494871947
79.40186735399357,20.487930232361443,-1.504045348232387,11.4467485892025,-9.335877973568156,8.270761268613704,0.6278069487373465,1.9936000061035157,573.0,523.0,568.0,520.0,-6.261776339642011
79.41186735399356,20.578906381771866,-1.5021885245164597,11.380283318932207,-8.091945880939829,7.301431647052076,0.6475328152776584,1.9936000061035157,573.0,523.0,568.0,520.0,-6.256645450425636
79.42186735399356,20.7032066502839,-1.4990066099075978,11.286948449342232,-7.667429150746373,6.765193121613291,0.6552708259430823,1.9936000061035157,566.0,506.0,565.0,502.0,-6.2494579106943515
79.43186735399357,20.850603579835106,-1.4991636554521142,11.108328368031463,-6.697798420017436,5.235666210784445,0.6690282436122179,1.9936000061035157,566.0,506.0,565.0,502.0,-6.244726983586433
79.44186735399356,20.927957099267797,-1.496518972896768,11.054720689462991,-7.487425043957947,5.946135177967793,0.6903253991205602,2.7872000122070313,554.0,477.0,558.0,480.0,-6.2399305993693055
79.45186735399355,21.054361030386644,-1.4916465048638323,10.96500309041485,-7.958552294705316,5.824060377332514,0.6986303541763317,2.7872000122070313,554.0,477.0,558.0,480.0,-6.231931156293326
79.46186735399355,21.17926644771722,-1.486106022119553,10.872558076148188,-8.013886852155661,6.547806039800552,0.7048995411380531,2.7872000122070313,553.0,458.0,546.0,451.0,-6.223857565829461
79.47186735399356,21.26024329116445,-1.4820602086737862,10.808979957249583,-8.459959898430132,6.381100092789482,0.7070888070510745,2.7872000122070313,553.0,458.0,546.0,451.0,-6.218554086995064
79.48186735399355,21.37804418631328,-1.4755096161433094,10.708729219592303,-8.619652789476804,6.4261102780706345,0.7166482710167116,3.6704000854492187,544.0,459.0,534.0,420.0,-6.210700753417554
79.49186735399354,21.499858445595684,-1.4678180675916186,10.595295105978606,-10.033851602781372,7.218575827164177,0.7163774084386288,3.6704000854492187,544.0,459.0,534.0,420.0,-6.202458785132939
79.50186735399355,21.57880337443048,-1.462271371300391,10.51384432877498,-11.110051369315084,7.9444815399332125,0.7224237111068366,3.6704000854492187,533.0,458.0,516.0,405.0,-6.197019177968657
79.51186735399355,21.69278954633977,-1.45339592760575,10.396015103407168,-10.874003346860988,10.026551192965682,0.7349488515487302,3.6704000854492187,533.0,458.0,516.0,405.0,-6.18899797551282
79.52186735399354,21.83131885087815,-1.451204887154396,10.256848277246766,-9.667585286623387,9.376000888526264,0.7545028718029079,3.6704000854492187,524.0,452.0,511.0,395.0,-6.186364439092597
79.53186735399353,21.90705299570732,-1.4445030634765743,10.181496633232268,-9.875527706124409,7.240415520087599,0.7565526980251097,3.6704000854492187,524.0,452.0,511.0,395.0,-6.180698498746187
79.54186735399354,22.017940563797517,-1.4339150060446453,10.078275680008453,-9.024588574449986,6.844865641391189,0.7712844482422015,4.707200012207031,516.0,425.0,507.0,385.0,-6.172220025564145
79.55186735399354,22.132294771138007,-1.422084680566938,9.980054687597091,-7.939527069154707,7.494277410083513,0.7890351966971169,4.707200012207031,516.0,425.0,507.0,385.0,-6.163275656213782
79.56186735399353,22.205891064391725,-1.413983532840433,9.919993365496229,-8.173064588397343,7.146774833400411,0.7911048167958998,4.707200012207031,510.0,391.0,499.0,358.0,-6.157392776038852
79.57186735399353,22.31374584012328,-1.4014676733110538,9.83446205330622,-7.214483117442727,6.579746747182501,0.7863976276106177,4.707200012207031,510.0,391.0,499.0,358.0,-6.148701645468321
79.58186735399353,22.425204735482552,-1.3876569115803286,9.743803163625708,-7.549783595582186,6.722503503347839,0.7865129354544136,5.77280029296875,510.0,365.0,482.0,321.0,-6.139614522823921
79.59186735399354,22.49695891068169,-1.3783255383374775,9.680889545051922,-8.751856435466227,6.416991724344423,0.7987492470532693,5.77280029296875,510.0,365.0,482.0,321.0,-6.133669694871083
79.60186735399353,22.601730340266485,-1.3640907299439424,9.588585634115995,-9.117723698890428,6.623589712688775,0.8050273943082743,5.77280029296875,491.0,361.0,456.0,281.0,-6.1248679086129
79.61186735399352,22.71026157312785,-1.3486433712929036,9.483938624936584,-9.571879260391556,6.633004380794564,0.8036705673589469,5.77280029296875,491.0,361.0,456.0,281.0,-6.1155959127263095
79.62186735399352,22.779780294743464,-1.3383489427955626,9.416483371957268,-8.807917740066992,5.323018693356227,0.7983636736049099,5.77280029296875,491.0,364.0,426.0,242.0,-6.109605624033579
79.63186735399353,22.90552622244595,-1.314710271154608,9.280830819524429,-9.100476223977614,5.270031653903592,0.7904129829780673,5.77280029296875,491.0,364.0,426.0,242.0,-6.102861396107508
79.64186735399352,23.010079054594005,-1.2978757395460605,9.162434834305415,-9.655249121179546,5.766771786536686,0.7894931302060165,6.975999755859375,480.0,360.0,418.0,200.0,-6.093745867329459
79.65186735399351,23.077239852883334,-1.286637128486637,9.07783420868585,-11.072262087901327,6.786753402464092,0.7814207487584701,6.975999755859375,480.0,360.0,418.0,200.0,-6.087852650220306
79.66186735399351,23.174834836164575,-1.269617091804218,8.961284325790011,-10.841306868151262,6.71989315919019,0.7813055288998072,6.975999755859375,470.0,349.0,427.0,169.0,-6.079224493690136
79.67186735399352,23.274902882147234,-1.2512483080643118,8.843399612378896,-10.39084202545378,6.273794403857689,0.784682702653917,6.975999755859375,470.0,349.0,427.0,169.0,-6.0702318626642855
79.68186735399351,23.339291850230587,-1.2389560347888282,8.771461904358908,-9.45833163852785,7.172949415737848,0.7884933150228802,8.243200073242189,459.0,336.0,422.0,139.0,-6.064340821625349
79.6918673539935,23.43347936796404,-1.220350838195064,8.667568204828076,-8.9980549435446,6.40307618837122,0.7983353268458411,8.243200073242189,459.0,336.0,422.0,139.0,-6.055522257466302
79.7018673539935,23.529952384765608,-1.2004819924187755,8.555302648047704,-9.243601971254105,6.003794692709701,0.8021024262316849,8.243200073242189,452.0,324.0,401.0,109.0,-6.046350634080098
79.71186735399351,23.592096611580253,-1.1872918226249196,8.489569853887945,-8.475754575543085,5.65898387607409,0.8012550797571026,8.243200073242189,452.0,324.0,401.0,109.0,-6.0403514437147185
79.7218673539935,23.68263185742248,-1.1675293730868206,8.39050535969129,-9.009579728018458,6.1629883697930445,0.7917867890226635,8.243200073242189,446.0,324.0,377.0,92.0,-6.031566668645341
79.7318673539935,23.79235676501582,-1.1465702036592382,8.341332507264433,-8.050201368037193,5.610068286206593,0.774001737576586,8.243200073242189,446.0,324.0,377.0,92.0,-6.024408681587946
79.7418673539935,23.853132303653528,-1.1326689323687236,8.28088578032491,-7.400422172046787,4.479549272134281,0.7591199558396754,9.660800170898439,436.0,294.0,355.0,81.0,-6.018657297329241
79.7518673539935,23.94097466187348,-1.112132453177473,8.192172404601349,-8.012490448450253,3.927176724393134,0.7366415695229338,9.660800170898439,436.0,294.0,355.0,81.0,-6.010467591014797
79.7618673539935,24.03219622713912,-1.0902880815238831,8.098638275512503,-8.43548364648733,4.429804352425951,0.7098518649600245,9.660800170898439,426.0,294.0,329.0,68.0,-6.002179555826975
79.77186735399349,24.09035501199104,-1.0760466143524916,8.034160267686026,-8.348021081774975,4.811522009121667,0.6871066898037417,9.660800170898439,426.0,294.0,329.0,68.0,-5.997031914651288
79.78186735399349,24.175446759427373,-1.054765593492101,7.933293423055672,-9.280729772340214,5.135877162822236,0.6652171498434579,10.83199951171875,417.0,278.0,303.0,66.0,-5.989615730450272
79.7918673539935,24.236240678993237,-1.0391883260999717,7.853894889560258,-9.258969855011966,5.46008026992399,0.6427460626915931,10.83199951171875,417.0,278.0,303.0,66.0,-5.984404896244538
79.80186735399349,24.31910300240133,-1.0174416629147407,7.7440828062772225,-10.221277951087163,4.99857865206842,0.6271701284160448,10.83199951171875,404.0,282.0,280.0,77.0,-5.9774087913375515
79.81186735399348,24.40017881555657,-0.99557102750221,7.631874552737966,-10.163181069220972,4.771409171411311,0.5954929995294606,10.83199951171875,404.0,282.0,280.0,77.0,-5.970767042994073
79.82186735399348,24.483980638329584,-0.9723918745385588,7.512991791135437,-10.55988612846063,4.276241501910561,0.5621069269955804,10.83199951171875,394.0,289.0,274.0,83.0,-5.9641727938949165
79.83186735399349,24.578452537192238,-0.9562727499182504,7.49232040621751,-9.732538231404655,5.138126939240764,0.5278279047560658,10.83199951171875,394.0,289.0,274.0,83.0,-5.966783564171123
79.84186735399348,24.65677509702031,-0.9343394876231116,7.381524056186989,-9.796792330700685,4.784851511797332,0.496628338577221,11.929599609375002,383.0,282.0,276.0,85.0,-5.961241356836121
79.85186735399347,24.737417260130805,-0.91116696254129,7.271276433872385,-8.970577500267453,4.6778463021169205,0.464366187104853,11.929599609375002,383.0,282.0,276.0,85.0,-5.955789389945887
79.86186735399347,24.789406845705656,-0.8959192515122033,7.197944758102354,-9.90434218510934,4.703383243508139,0.4537597512155488,11.929599609375002,374.0,262.0,272.0,86.0,-5.9523679971611925
79.87186735399348,24.864419936441696,-0.8734602606925765,7.095447347151421,-9.167780026379123,4.734620186064354,0.4395094399386998,11.929599609375002,374.0,262.0,272.0,86.0,-5.947460822051442
79.88186735399347,24.941360655461573,-0.8498919072657007,6.986517851336251,-9.1362498880175,4.1035207837320185,0.4261305184850746,13.055999755859375,362.0,248.0,259.0,84.0,-5.94253156475936
79.89186735399346,24.99078271879959,-0.8344720633023598,6.916554363937946,-9.375444420393729,4.232261456840926,0.4226362256490907,13.055999755859375,362.0,248.0,259.0,84.0,-5.939367867895346
79.90186735399347,25.062738137710884,-0.8116486210307506,6.8155902129689085,-9.100311583543895,2.7839166518332634,0.4168990780192766,13.055999755859375,351.0,242.0,238.0,80.0,-5.934747581480989
79.91186735399347,25.136291858622773,-0.7878845027000815,6.712607956065407,-8.984990881980668,3.588102766843525,0.410547256770736,13.055999755859375,351.0,242.0,238.0,80.0,-5.930017270190584
79.92186735399346,25.18366330589003,-0.7723616356881963,6.639922192120376,-9.487392256564728,3.2212953743430885,0.3987626160139836,13.055999755859375,341.0,240.0,213.0,74.0,-5.926995814899892
79.93186735399345,25.271390920379297,-0.7170714220856912,6.541402459338893,-9.321741559785188,2.7073839923016183,0.3938890367705343,13.055999755859375,341.0,240.0,213.0,74.0,-5.920865112181977
79.94186735399346,25.34125252213911,-0.692329701486273,6.433714316915867,-8.881802455068929,2.7389110162438066,0.3771569927579478,14.140799560546872,333.0,241.0,199.0,74.0,-5.916456148380142
79.95186735399346,25.386262463256735,-0.6761890341412367,6.3599399265643175,-10.133265217772667,2.47289494803929,0.3707891764120494,14.140799560546872,333.0,241.0,199.0,74.0,-5.913650324908995
79.96186735399345,25.451157803864117,-0.6526255819082759,6.252296495248256,-9.605786399164195,3.3121164560444454,0.352085954433415,14.140799560546872,323.0,236.0,194.0,73.0,-5.909738182961235
79.97186735399345,25.517406073722565,-0.6281792498511001,6.1370780037794015,-10.37861634305907,3.4451050990684795,0.3366473678579074,14.140799560546872,323.0,236.0,194.0,73.0,-5.905825347150055
79.98186735399345,25.559959679621688,-0.6122455291304656,6.066414740920822,-9.34057575541039,3.5119641646603137,0.3255998982521518,15.32800048828125,312.0,227.0,190.0,76.0,-5.903368887040492
79.99186735399346,25.62163150654715,-0.588835043623431,5.960111873301365,-9.65469958003467,2.7878870161899627,0.3290184782403776,15.32800048828125,312.0,227.0,190.0,76.0,-5.899776694049113
80.00186735399345,25.68450199884942,-0.5645938279720032,5.847654330026264,-9.576838515038174,2.3357377644935884,0.334510129584957,15.32800048828125,302.0,221.0,172.0,79.0,-5.895990047170113
80.01186735399344,25.72491628102812,-0.5488292830665323,5.773096716068747,-9.81965454601264,2.6373486093036327,0.3380490796138003,15.32800048828125,302.0,221.0,172.0,79.0,-5.893467988458483
80.02186735399344,25.78309720943973,-0.5258732719075064,5.665928298245186,-9.781049639333398,2.123411491741549,0.3347164691585241,15.32800048828125,293.0,226.0,148.0,79.0,-5.889782332110827
80.03186735399345,25.85867753869333,-0.4869822133291584,5.619550057153049,-9.23841346981596,1.7992832319100045,0.3379148266899316,15.32800048828125,293.0,226.0,148.0,79.0,-5.8833711348862865
80.04186735399344,25.89731114860159,-0.4711487110806039,5.550544493028749,-8.950531649451962,0.8244675067331826,0.3308072431717541,16.380799560546873,283.0,236.0,127.0,68.0,-5.8808504646166915
80.05186735399343,25.952879510534157,-0.4482102317177516,5.448969767409,-9.100051354262389,1.64979843273176,0.3136669826522075,16.380799560546873,283.0,236.0,127.0,68.0,-5.877339167631861
80.06186735399343,26.009706861231688,-0.4245945240618086,5.341059917928964,-9.401589115313303,1.0081645858393509,0.2958136106626729,16.380799560546873,274.0,240.0,118.0,55.0,-5.873856508304228
80.07186735399344,26.04621045057892,-0.4093363679535949,5.273405264526611,-9.245395677557342,1.2731207763759418,0.2801484575556094,16.380799560546873,274.0,240.0,118.0,55.0,-5.871746215480955
80.08186735399343,26.098931853831736,-0.387170193491323,5.171753152165312,-9.523983825984107,1.8019393993350088,0.2714530193431791,17.340799560546873,263.0,236.0,116.0,53.0,-5.8687230553800145
80.09186735399342,26.152659115481462,-0.3643560870881244,5.063948339988164,-9.556557746883415,1.465652617980458,0.2575684325688166,17.340799560546873,263.0,236.0,116.0,53.0,-5.865711358690618
80.10186735399343,26.187118026963116,-0.349596919013582,4.990045534151034,-9.895065991441992,1.992875631341636,0.2535776948943735,17.340799560546873,253.0,232.0,116.0,61.0,-5.863794739818712
80.11186735399343,26.236401849366118,-0.3283005441189905,4.883403795124288,-9.867295181744696,1.670839879183904,0.2493439497372193,17.340799560546873,253.0,232.0,116.0,61.0,-5.861021249587016
80.12186735399342,26.287005525158538,-0.3062145309784722,4.7706108299997245,-9.694427195401916,1.512574941967159,0.2557552086295079,17.340799560546873,243.0,227.0,107.0,71.0,-5.858112473547114
80.13186735399341,26.33562455333694,-0.2613261554459615,4.739377288851381,-9.59432977421794,1.1005861462100297,0.2539092407051759,17.340799560546873,243.0,227.0,107.0,71.0,-5.857004531316542
80.14186735399342,26.38189799928461,-0.2399344874476563,4.636032942610533,-9.232132025108676,0.9509938791835442,0.2630267670323136,18.163199462890624,235.0,217.0,107.0,73.0,-5.854119346332633
80.15186735399342,26.42946417780177,-0.2178554264326311,4.529056378546536,-9.233743917409102,0.5738700276484675,0.2624591644798215,18.163199462890624,235.0,217.0,107.0,73.0,-5.85106425972166
80.16186735399342,26.45965518867544,-0.2038022134894009,4.461605751597984,-8.741231160604721,0.4460660555986779,0.2657728213224885,18.163199462890624,224.0,205.0,98.0,66.0,-5.849086270024698
80.1718673539934,26.503345125512705,-0.1834211027397873,4.363256150097856,-8.932987475033046,0.6228704370033038,0.2630958427798439,18.163199462890624,224.0,205.0,98.0,66.0,-5.846142673262306
80.18186735399341,26.547946739780414,-0.162534319478844,4.257447515969528,-9.031450297031563,1.2661669436598393,0.2686605920343388,19.3343994140625,215.0,193.0,98.0,62.0,-5.843060062610687
80.19186735399342,26.5747049046566,-0.1499374678702867,4.193361058175887,-9.055935958629316,0.3159156488925366,0.27645398972687,19.3343994140625,215.0,193.0,98.0,62.0,-5.841124940367386
80.2018673539934,26.61719405838477,-0.129820430863833,4.088776053131928,-9.198315047799577,0.3273535877147395,0.2752728007827139,19.3343994140625,207.0,185.0,85.0,59.0,-5.837955502729412
80.2118673539934,26.65873764593677,-0.109995046918788,3.9846160462320497,-8.880282555508135,1.2259400610084532,0.2844611175797866,19.3343994140625,207.0,185.0,85.0,59.0,-5.834728097406149
80.2218673539934,26.703500543873567,-0.0851806453037197,3.9409229986420287,-9.3605874394242,1.5549735116253462,0.2901467810154505,19.3343994140625,198.0,178.0,85.0,61.0,-5.82644511947688
80.23186735399341,26.74149847682474,-0.066548215259184,3.835742140449309,-9.540510347584284,0.5401269840185069,0.2846967119026468,19.3343994140625,198.0,178.0,85.0,61.0,-5.823306927909648
80.2418673539934,26.78014651931738,-0.0474660378601325,3.7236048122113456,-9.80345357811675,0.7845596374820574,0.2845095422528535,20.601599121093752,187.0,169.0,76.0,63.0,-5.819999444787405
80.25186735399339,26.8046183286618,-0.0353379315741065,3.649886740107423,-9.74246351644388,0.5984955594983877,0.2885307098150895,20.601599121093752,187.0,169.0,76.0,63.0,-5.817849741003904
80.2618673539934,26.839659420222933,-0.0179209467508546,3.54253769251561,-9.681812757660746,0.7125935102684587,0.2848859498476735,20.601599121093752,187.0,158.0,82.0,59.0,-5.814736052741844
80.2718673539934,26.87523213250141,-0.0001040033294922,3.432742864836104,-8.95009028715713,1.135843170321381,0.2824517129513757,20.601599121093752,187.0,158.0,82.0,59.0,-5.811488652321443
80.28186735399339,26.897650193533053,0.0112065731650703,3.363710761704177,-9.567825569139144,1.4736222674648938,0.2809224610062154,21.849599609375,179.0,149.0,94.0,54.0,-5.809381981833711
80.29186735399338,26.929861567350784,0.0275780956958858,3.258355494763712,-9.841771915454984,1.6524307092820127,0.278493299442863,21.849599609375,179.0,149.0,94.0,54.0,-5.806278296086935
80.30186735399339,26.96228829358619,0.0441950115387215,3.1496656488923063,-9.453531586601695,1.0537665711766908,0.2767110839812768,21.849599609375,169.0,141.0,88.0,52.0,-5.80307058047292
80.31186735399339,26.982831226929527,0.0547963247545067,3.08067001448344,-9.027803290081152,0.9890714903552442,0.2825680448502058,21.849599609375,169.0,141.0,88.0,52.0,-5.800959093940048
80.32186735399338,27.01199039763528,0.0699201196484264,2.979684766570172,-8.99295141918491,0.696636600201852,0.2779020494460818,21.849599609375,158.0,132.0,82.0,52.0,-5.7978736598631855
80.33186735399337,27.045265591168118,0.0972368171599455,2.901801436354482,-8.866340761546583,0.0003553204845882,0.2861112633491877,21.849599609375,158.0,132.0,82.0,52.0,-5.795130219077787
80.34186735399338,27.063927545913323,0.1072166590564811,2.835070491200522,-8.774679705058308,0.1787298153286542,0.2864261368686153,22.99199951171875,148.0,123.0,76.0,44.0,-5.7930180165913825
80.35186735399338,27.09069055005736,0.1215329183473909,2.7419696424103632,-8.249502163747104,0.1233608120342862,0.2816287602046374,22.99199951171875,148.0,123.0,76.0,44.0,-5.789919915119552
80.36186735399338,27.11774804045011,0.1359725482079781,2.646115803235108,-8.007339574568253,-0.0896034167089993,0.2781845339898711,22.99199951171875,140.0,114.0,75.0,35.0,-5.786730874226111
80.37186735399337,27.134814552035127,0.1450641691698348,2.580995948643534,-8.840279650687135,-0.1150379599928231,0.2786956326647413,22.99199951171875,140.0,114.0,75.0,35.0,-5.7846528054216915
80.38186735399337,27.159134530919676,0.1580328169199121,2.4869266808400416,-8.890291687159552,0.3886597998758601,0.2742884001701002,24.105600585937502,130.0,114.0,71.0,32.0,-5.781636171958489
80.39186735399338,27.183541643133825,0.1710694486808539,2.3897620874953,-8.632590128318464,0.13011706876906,0.2720124054470038,24.105600585937502,130.0,114.0,71.0,32.0,-5.7785446770065665
80.40186735399337,27.198950352697413,0.1793066671749931,2.3246877766349394,-8.784184819078643,0.2450063168254428,0.2706906870481564,24.105600585937502,122.0,106.0,65.0,35.0,-5.776495733255568
80.41186735399336,27.220732917392294,0.1909495329753968,2.22755252792212,-8.763287794643933,0.6850689824078392,0.2674664498036905,24.105600585937502,122.0,106.0,65.0,35.0,-5.773528402172548
80.42186735399336,27.24472565392562,0.209646049353189,2.1117466185725347,-8.999665956782357,0.26639342507674,0.2720577590232638,24.105600585937502,113.0,98.0,58.0,38.0,-5.770480381307954
80.43186735399337,27.258079358892964,0.2169368194728461,2.043929602808209,-9.113206091711714,0.0134614694945314,0.2600958930727139,24.105600585937502,113.0,98.0,58.0,38.0,-5.768525625372327
80.44186735399336,27.271398135365096,0.2242160793470823,1.9725611062062536,-9.37951319726924,0.4458554172108241,0.2663344011453966,25.20320068359375,104.0,89.0,62.0,41.0,-5.766504859542003
80.45186735399335,27.291680460456952,0.2353358419057794,1.8572435723782237,-9.584194903403874,0.3287799254783246,0.2688894394885529,25.20320068359375,104.0,89.0,62.0,41.0,-5.763197189355568
80.46186735399336,27.308771803050877,0.2447552300626889,1.754287328131069,-9.740532158934322,0.4698573152054443,0.2799970236189986,25.20320068359375,93.0,80.0,67.0,43.0,-5.760164912327432
80.47186735399336,27.32553314038965,0.2540318926881192,1.6463966162810848,-9.80471061843076,0.8853742909854136,0.2863411051676946,25.20320068359375,93.0,80.0,67.0,43.0,-5.756868932712077
80.48186735399335,27.33584845874901,0.2597695496750551,1.5786662878099154,-8.958420741293812,0.4776273522281872,0.2942294999601278,26.52800048828125,85.0,70.0,64.0,44.0,-5.75467730160719
80.49186735399334,27.35023981812851,0.2678297542942565,1.47787200224994,-8.955706489736897,0.6417821059614889,0.3070016776447793,26.52800048828125,85.0,70.0,64.0,44.0,-5.751351193165815
80.50186735399335,27.36417863044624,0.2756532130483289,1.3744088357638675,-8.938716662358155,0.430921890286344,0.3099365045135759,26.52800048828125,77.0,60.0,59.0,43.0,-5.747801197428884
80.51186735399335,27.37274592882653,0.2804485987824937,1.3090678538620946,-8.768784244527463,-0.3710634144698632,0.3081044461266548,26.52800048828125,77.0,60.0,59.0,43.0,-5.745487365755609
80.52186735399334,27.38456319116736,0.2870189692466477,1.2129681837386814,-8.73770193038167,-0.2970766620902706,0.3032395648003297,26.52800048828125,68.0,51.0,54.0,43.0,-5.74214337840171
80.53186735399333,27.38382213108256,0.3129440563124269,1.1001404239765311,-8.459048172865014,-0.3150946156715331,0.291050129920282,26.52800048828125,68.0,51.0,54.0,43.0,-5.736069144739593
80.54186735399334,27.390368257748595,0.3171435781060057,1.0387312098362789,-8.105205647007848,-0.6765434089959925,0.2790409497277611,27.84,58.0,42.0,50.0,39.0,-5.733939980705248
80.55186735399334,27.39936529929085,0.3228184178663289,0.9494275721529316,-8.047080555666978,-1.171031187991313,0.260653760558989,27.84,58.0,42.0,50.0,39.0,-5.730965682752375
80.56186735399334,27.407961029950457,0.328080504033191,0.8638497703121614,-7.4434536064911105,-1.2730438423715904,0.2360051071501014,27.84,49.0,34.0,48.0,39.0,-5.728160951770764
80.57186735399333,27.413173912843863,0.331157390337052,0.8086834426204044,-7.307154999854025,-1.6156571188624154,0.2193598467381631,27.84,49.0,34.0,48.0,39.0,-5.72648689778883
80.58186735399333,27.420351898966477,0.3351958453919857,0.7331913271067697,-6.719464769886587,-1.4041590820755163,0.1902937404292574,28.98239990234375,40.0,28.0,43.0,27.0,-5.724275309932494
80.59186735399334,27.427205940191964,0.3387480271622632,0.6584629469874369,-6.269497065492812,-1.837968575555765,0.1701609380347378,28.98239990234375,40.0,28.0,43.0,27.0,-5.72227575597596
80.60186735399333,27.431378444507445,0.3407294145422761,0.6111603432820155,-6.280971462326009,-2.041550741478233,0.1444497371065846,28.98239990234375,33.0,22.0,37.0,27.0,-5.721163511308416
80.61186735399332,27.437093224520723,0.3431518024032388,0.5466269518175002,-5.577292328075488,-2.108548273438007,0.1144430446964701,28.98239990234375,33.0,22.0,37.0,27.0,-5.71976590850212
80.62186735399332,27.427831296733693,0.3755750388347293,0.4785759350901188,-5.408370849427877,-1.7526713427380356,0.0976408224538909,28.98239990234375,24.0,18.0,29.0,22.0,-5.729155666194442
80.63186735399333,27.43065303101052,0.3773077164365594,0.44334726346343,-4.735034428465853,-2.095082203398096,0.0742111603532038,28.98239990234375,24.0,18.0,29.0,22.0,-5.728582719329753
80.64186735399332,27.434516241329824,0.3794208461935079,0.3891406915835048,-4.834471705701674,-2.123116441937044,0.0519366937458918,29.94239990234375,17.0,14.0,21.0,15.0,-5.727915368037599
80.65186735399331,27.4381598103012,0.3810961333992613,0.3368219273913273,-5.084878772796444,-2.100220253230904,0.0393203773472957,29.94239990234375,17.0,14.0,21.0,15.0,-5.727420157467596
80.66186735399332,27.440317189794666,0.3819063838309375,0.3023433312239003,-4.2307847853003615,-1.4388720382887354,0.0328747007806732,29.94239990234375,11.0,8.0,14.0,11.0,-5.727180168374732
80.67186735399332,27.443237139229524,0.3827894534535865,0.2589321736480698,-4.259165804604537,-0.8576749375146483,0.0197970444671849,29.94239990234375,11.0,8.0,14.0,11.0,-5.726911383030697
80.68186735399331,27.44585804889242,0.3833392851741283,0.2125527389171118,-3.6205109674735927,-0.9316015577613695,0.0115384873216398,30.764799804687502,5.0,4.0,8.0,6.0,-5.726748553039418
80.6918673539933,27.447395267421506,0.3835382851672833,0.1883481630596226,-3.2131413496343133,-0.3826306237756017,0.0030279095700152,30.764799804687502,5.0,4.0,8.0,6.0,-5.72670685153353
80.70186735399331,27.44945536417393,0.3836925331322576,0.162949564789574,-1.9216721275710185,0.0782905773021162,-4.34798582218e-05,30.764799804687502,2.0,0.0,2.0,3.0,-5.726694096945208
80.71186735399331,27.451425990635748,0.3837679635381212,0.1482479077420414,-0.7285231038719402,0.2175234457324748,-0.0087593408480832,30.764799804687502,2.0,0.0,2.0,3.0,-5.726776929312151
80.7218673539933,27.452672560188542,0.3838152107174181,0.1447040037878693,-0.4634252663348673,0.2497370045999892,-0.0045431996189601,30.764799804687502,-2.0,-1.0,0.0,0.0,-5.72679641369302
80.7318673539933,27.44843932613364,0.3950986169656624,0.1404604384957346,1.0656075732106198,0.1569690183522966,0.0023378703328085,30.764799804687502,-2.0,-1.0,0.0,0.0,-5.723100098820236
80.7418673539933,27.45021680284609,0.395740859290303,0.1660843913379228,2.793130387691715,0.1891438184241542,0.0031551941572549,31.481599121093748,-2.0,-1.0,0.0,0.0,-5.723036662251886
80.7518673539933,27.451514199820014,0.3962621368061154,0.1831740817688751,2.149426818954785,0.1151118580894842,0.012222944759476,31.481599121093748,-2.0,-1.0,0.0,0.0,-5.722953555229244
80.7618673539933,27.45364532809193,0.3971816571078321,0.2147400409117588,3.025685334497119,-0.0745468457828892,0.0140402293368412,31.481599121093748,-1.0,-2.0,0.0,0.0,-5.722807525602712
80.77186735399329,27.45617469498545,0.3983060261724057,0.240927285639989,1.824306366596938,-0.2145915224705294,0.0114030253884773,31.481599121093748,-1.0,-2.0,0.0,0.0,-5.722684935373565
80.78186735399329,27.457934793445794,0.3990790286054522,0.2545515166221697,1.7830085514854412,-0.4860934000348887,0.00284059421866,31.968000488281252,0.0,0.0,0.0,0.0,-5.72265833601664
80.7918673539933,27.46061783033878,0.4002235887114614,0.2619825522475497,0.3198945818928502,-0.4230335007006947,-0.007323817160565,31.968000488281252,0.0,0.0,0.0,0.0,-5.722717284884043
80.80186735399329,27.463477663697734,0.4013993205478728,0.263581457540492,-0.2010611681088331,-0.3049384163204286,-0.0033895711819533,31.968000488281252,0.0,0.0,0.0,0.0,-5.722819292835521
